ISO-10303-21;
HEADER;
FILE_DESCRIPTION(('FreeCAD Model'),'2;1');
FILE_NAME('Open CASCADE Shape Model','2026-01-26T21:10:33',(''),(''),
  'Open CASCADE STEP processor 7.8','FreeCAD','Unknown');
FILE_SCHEMA(('AUTOMOTIVE_DESIGN { 1 0 10303 214 1 1 1 1 }'));
ENDSEC;
DATA;
#1 = APPLICATION_PROTOCOL_DEFINITION('international standard',
  'automotive_design',2000,#2);
#2 = APPLICATION_CONTEXT(
  'core data for automotive mechanical design processes');
#3 = SHAPE_DEFINITION_REPRESENTATION(#4,#10);
#4 = PRODUCT_DEFINITION_SHAPE('','',#5);
#5 = PRODUCT_DEFINITION('design','',#6,#9);
#6 = PRODUCT_DEFINITION_FORMATION('','',#7);
#7 = PRODUCT('Assembly','Assembly','',(#8));
#8 = PRODUCT_CONTEXT('',#2,'mechanical');
#9 = PRODUCT_DEFINITION_CONTEXT('part definition',#2,'design');
#10 = SHAPE_REPRESENTATION('',(#11,#15,#19,#23,#27,#31,#35),#39);
#11 = AXIS2_PLACEMENT_3D('',#12,#13,#14);
#12 = CARTESIAN_POINT('',(0.,0.,0.));
#13 = DIRECTION('',(0.,0.,1.));
#14 = DIRECTION('',(1.,0.,-0.));
#15 = AXIS2_PLACEMENT_3D('',#16,#17,#18);
#16 = CARTESIAN_POINT('',(0.,0.,0.));
#17 = DIRECTION('',(0.,0.,1.));
#18 = DIRECTION('',(1.,0.,0.));
#19 = AXIS2_PLACEMENT_3D('',#20,#21,#22);
#20 = CARTESIAN_POINT('',(0.,0.,-1.6));
#21 = DIRECTION('',(0.,0.,1.));
#22 = DIRECTION('',(1.,0.,0.));
#23 = AXIS2_PLACEMENT_3D('',#24,#25,#26);
#24 = CARTESIAN_POINT('',(13.95,1.44,-2.85));
#25 = DIRECTION('',(-2.719262146894E-32,-1.224646799147E-16,-1.));
#26 = DIRECTION('',(-1.,2.22044604925E-16,0.));
#27 = AXIS2_PLACEMENT_3D('',#28,#29,#30);
#28 = CARTESIAN_POINT('',(-11.45,1.44,-2.85));
#29 = DIRECTION('',(-2.719262146894E-32,-1.224646799147E-16,-1.));
#30 = DIRECTION('',(-1.,2.22044604925E-16,0.));
#31 = AXIS2_PLACEMENT_3D('',#32,#33,#34);
#32 = CARTESIAN_POINT('',(11.45,1.44,-8.35));
#33 = DIRECTION('',(1.224646799147E-16,1.224646799147E-16,1.));
#34 = DIRECTION('',(1.,-3.445092848398E-16,-1.224646799147E-16));
#35 = AXIS2_PLACEMENT_3D('',#36,#37,#38);
#36 = CARTESIAN_POINT('',(-13.95,1.44,-8.35));
#37 = DIRECTION('',(1.224646799147E-16,1.224646799147E-16,1.));
#38 = DIRECTION('',(1.,-3.445092848398E-16,-1.224646799147E-16));
#39 = ( GEOMETRIC_REPRESENTATION_CONTEXT(3) 
GLOBAL_UNCERTAINTY_ASSIGNED_CONTEXT((#43)) GLOBAL_UNIT_ASSIGNED_CONTEXT(
(#40,#41,#42)) REPRESENTATION_CONTEXT('Context #1',
  '3D Context with UNIT and UNCERTAINTY') );
#40 = ( LENGTH_UNIT() NAMED_UNIT(*) SI_UNIT(.MILLI.,.METRE.) );
#41 = ( NAMED_UNIT(*) PLANE_ANGLE_UNIT() SI_UNIT($,.RADIAN.) );
#42 = ( NAMED_UNIT(*) SI_UNIT($,.STERADIAN.) SOLID_ANGLE_UNIT() );
#43 = UNCERTAINTY_MEASURE_WITH_UNIT(LENGTH_MEASURE(5.E-06),#40,
  'distance_accuracy_value','confusion accuracy');
#44 = PRODUCT_RELATED_PRODUCT_CATEGORY('part',$,(#7));
#45 = SHAPE_DEFINITION_REPRESENTATION(#46,#52);
#46 = PRODUCT_DEFINITION_SHAPE('','',#47);
#47 = PRODUCT_DEFINITION('design','',#48,#51);
#48 = PRODUCT_DEFINITION_FORMATION('','',#49);
#49 = PRODUCT('LCS_Origin','LCS_Origin','',(#50));
#50 = PRODUCT_CONTEXT('',#2,'mechanical');
#51 = PRODUCT_DEFINITION_CONTEXT('part definition',#2,'design');
#52 = MANIFOLD_SURFACE_SHAPE_REPRESENTATION('',(#11),#53);
#53 = ( GEOMETRIC_REPRESENTATION_CONTEXT(3) 
GLOBAL_UNCERTAINTY_ASSIGNED_CONTEXT((#57)) GLOBAL_UNIT_ASSIGNED_CONTEXT(
(#54,#55,#56)) REPRESENTATION_CONTEXT('Context #1',
  '3D Context with UNIT and UNCERTAINTY') );
#54 = ( LENGTH_UNIT() NAMED_UNIT(*) SI_UNIT(.MILLI.,.METRE.) );
#55 = ( NAMED_UNIT(*) PLANE_ANGLE_UNIT() SI_UNIT($,.RADIAN.) );
#56 = ( NAMED_UNIT(*) SI_UNIT($,.STERADIAN.) SOLID_ANGLE_UNIT() );
#57 = UNCERTAINTY_MEASURE_WITH_UNIT(LENGTH_MEASURE(1.E-07),#54,
  'distance_accuracy_value','confusion accuracy');
#58 = CONTEXT_DEPENDENT_SHAPE_REPRESENTATION(#59,#61);
#59 = ( REPRESENTATION_RELATIONSHIP('','',#52,#10) 
REPRESENTATION_RELATIONSHIP_WITH_TRANSFORMATION(#60) 
SHAPE_REPRESENTATION_RELATIONSHIP() );
#60 = ITEM_DEFINED_TRANSFORMATION('','',#11,#15);
#61 = PRODUCT_DEFINITION_SHAPE('Placement','Placement of an item',#62);
#62 = NEXT_ASSEMBLY_USAGE_OCCURRENCE('1','LCS_Origin','',#5,#47,$);
#63 = PRODUCT_RELATED_PRODUCT_CATEGORY('part',$,(#49));
#64 = SHAPE_DEFINITION_REPRESENTATION(#65,#71);
#65 = PRODUCT_DEFINITION_SHAPE('','',#66);
#66 = PRODUCT_DEFINITION('design','',#67,#70);
#67 = PRODUCT_DEFINITION_FORMATION('','',#68);
#68 = PRODUCT('ESP32','ESP32','',(#69));
#69 = PRODUCT_CONTEXT('',#2,'mechanical');
#70 = PRODUCT_DEFINITION_CONTEXT('part definition',#2,'design');
#71 = ADVANCED_BREP_SHAPE_REPRESENTATION('',(#11,#72),#1704);
#72 = MANIFOLD_SOLID_BREP('',#73);
#73 = CLOSED_SHELL('',(#74,#114,#145,#176,#198,#231,#264,#297,#330,#363,
    #396,#429,#462,#495,#528,#561,#594,#627,#660,#693,#726,#759,#792,
    #825,#858,#891,#924,#957,#990,#1023,#1056,#1089,#1122,#1155,#1188,
    #1221,#1254,#1287,#1320,#1353,#1386,#1419,#1452,#1578));
#74 = ADVANCED_FACE('',(#75),#109,.F.);
#75 = FACE_BOUND('',#76,.F.);
#76 = EDGE_LOOP('',(#77,#87,#95,#103));
#77 = ORIENTED_EDGE('',*,*,#78,.T.);
#78 = EDGE_CURVE('',#79,#81,#83,.T.);
#79 = VERTEX_POINT('',#80);
#80 = CARTESIAN_POINT('',(-13.6,-27.5,0.));
#81 = VERTEX_POINT('',#82);
#82 = CARTESIAN_POINT('',(-13.6,-27.5,1.6));
#83 = LINE('',#84,#85);
#84 = CARTESIAN_POINT('',(-13.6,-27.5,0.));
#85 = VECTOR('',#86,1.);
#86 = DIRECTION('',(0.,0.,1.));
#87 = ORIENTED_EDGE('',*,*,#88,.T.);
#88 = EDGE_CURVE('',#81,#89,#91,.T.);
#89 = VERTEX_POINT('',#90);
#90 = CARTESIAN_POINT('',(13.6,-27.5,1.6));
#91 = LINE('',#92,#93);
#92 = CARTESIAN_POINT('',(-13.6,-27.5,1.6));
#93 = VECTOR('',#94,1.);
#94 = DIRECTION('',(1.,0.,0.));
#95 = ORIENTED_EDGE('',*,*,#96,.F.);
#96 = EDGE_CURVE('',#97,#89,#99,.T.);
#97 = VERTEX_POINT('',#98);
#98 = CARTESIAN_POINT('',(13.6,-27.5,0.));
#99 = LINE('',#100,#101);
#100 = CARTESIAN_POINT('',(13.6,-27.5,0.));
#101 = VECTOR('',#102,1.);
#102 = DIRECTION('',(0.,0.,1.));
#103 = ORIENTED_EDGE('',*,*,#104,.F.);
#104 = EDGE_CURVE('',#79,#97,#105,.T.);
#105 = LINE('',#106,#107);
#106 = CARTESIAN_POINT('',(-13.6,-27.5,0.));
#107 = VECTOR('',#108,1.);
#108 = DIRECTION('',(1.,0.,0.));
#109 = PLANE('',#110);
#110 = AXIS2_PLACEMENT_3D('',#111,#112,#113);
#111 = CARTESIAN_POINT('',(-13.6,-27.5,0.));
#112 = DIRECTION('',(0.,1.,0.));
#113 = DIRECTION('',(1.,0.,0.));
#114 = ADVANCED_FACE('',(#115),#140,.F.);
#115 = FACE_BOUND('',#116,.F.);
#116 = EDGE_LOOP('',(#117,#118,#126,#134));
#117 = ORIENTED_EDGE('',*,*,#96,.T.);
#118 = ORIENTED_EDGE('',*,*,#119,.T.);
#119 = EDGE_CURVE('',#89,#120,#122,.T.);
#120 = VERTEX_POINT('',#121);
#121 = CARTESIAN_POINT('',(13.6,27.5,1.6));
#122 = LINE('',#123,#124);
#123 = CARTESIAN_POINT('',(13.6,-27.5,1.6));
#124 = VECTOR('',#125,1.);
#125 = DIRECTION('',(0.,1.,0.));
#126 = ORIENTED_EDGE('',*,*,#127,.F.);
#127 = EDGE_CURVE('',#128,#120,#130,.T.);
#128 = VERTEX_POINT('',#129);
#129 = CARTESIAN_POINT('',(13.6,27.5,0.));
#130 = LINE('',#131,#132);
#131 = CARTESIAN_POINT('',(13.6,27.5,0.));
#132 = VECTOR('',#133,1.);
#133 = DIRECTION('',(0.,0.,1.));
#134 = ORIENTED_EDGE('',*,*,#135,.F.);
#135 = EDGE_CURVE('',#97,#128,#136,.T.);
#136 = LINE('',#137,#138);
#137 = CARTESIAN_POINT('',(13.6,-27.5,0.));
#138 = VECTOR('',#139,1.);
#139 = DIRECTION('',(0.,1.,0.));
#140 = PLANE('',#141);
#141 = AXIS2_PLACEMENT_3D('',#142,#143,#144);
#142 = CARTESIAN_POINT('',(13.6,-27.5,0.));
#143 = DIRECTION('',(-1.,0.,0.));
#144 = DIRECTION('',(0.,1.,0.));
#145 = ADVANCED_FACE('',(#146),#171,.F.);
#146 = FACE_BOUND('',#147,.F.);
#147 = EDGE_LOOP('',(#148,#149,#157,#165));
#148 = ORIENTED_EDGE('',*,*,#127,.T.);
#149 = ORIENTED_EDGE('',*,*,#150,.T.);
#150 = EDGE_CURVE('',#120,#151,#153,.T.);
#151 = VERTEX_POINT('',#152);
#152 = CARTESIAN_POINT('',(-13.6,27.5,1.6));
#153 = LINE('',#154,#155);
#154 = CARTESIAN_POINT('',(13.6,27.5,1.6));
#155 = VECTOR('',#156,1.);
#156 = DIRECTION('',(-1.,0.,0.));
#157 = ORIENTED_EDGE('',*,*,#158,.F.);
#158 = EDGE_CURVE('',#159,#151,#161,.T.);
#159 = VERTEX_POINT('',#160);
#160 = CARTESIAN_POINT('',(-13.6,27.5,0.));
#161 = LINE('',#162,#163);
#162 = CARTESIAN_POINT('',(-13.6,27.5,0.));
#163 = VECTOR('',#164,1.);
#164 = DIRECTION('',(0.,0.,1.));
#165 = ORIENTED_EDGE('',*,*,#166,.F.);
#166 = EDGE_CURVE('',#128,#159,#167,.T.);
#167 = LINE('',#168,#169);
#168 = CARTESIAN_POINT('',(13.6,27.5,0.));
#169 = VECTOR('',#170,1.);
#170 = DIRECTION('',(-1.,0.,0.));
#171 = PLANE('',#172);
#172 = AXIS2_PLACEMENT_3D('',#173,#174,#175);
#173 = CARTESIAN_POINT('',(13.6,27.5,0.));
#174 = DIRECTION('',(0.,-1.,0.));
#175 = DIRECTION('',(-1.,0.,0.));
#176 = ADVANCED_FACE('',(#177),#193,.F.);
#177 = FACE_BOUND('',#178,.F.);
#178 = EDGE_LOOP('',(#179,#180,#186,#187));
#179 = ORIENTED_EDGE('',*,*,#158,.T.);
#180 = ORIENTED_EDGE('',*,*,#181,.T.);
#181 = EDGE_CURVE('',#151,#81,#182,.T.);
#182 = LINE('',#183,#184);
#183 = CARTESIAN_POINT('',(-13.6,27.5,1.6));
#184 = VECTOR('',#185,1.);
#185 = DIRECTION('',(0.,-1.,0.));
#186 = ORIENTED_EDGE('',*,*,#78,.F.);
#187 = ORIENTED_EDGE('',*,*,#188,.F.);
#188 = EDGE_CURVE('',#159,#79,#189,.T.);
#189 = LINE('',#190,#191);
#190 = CARTESIAN_POINT('',(-13.6,27.5,0.));
#191 = VECTOR('',#192,1.);
#192 = DIRECTION('',(0.,-1.,0.));
#193 = PLANE('',#194);
#194 = AXIS2_PLACEMENT_3D('',#195,#196,#197);
#195 = CARTESIAN_POINT('',(-13.6,27.5,0.));
#196 = DIRECTION('',(1.,0.,0.));
#197 = DIRECTION('',(0.,-1.,0.));
#198 = ADVANCED_FACE('',(#199),#226,.F.);
#199 = FACE_BOUND('',#200,.T.);
#200 = EDGE_LOOP('',(#201,#211,#218,#219));
#201 = ORIENTED_EDGE('',*,*,#202,.T.);
#202 = EDGE_CURVE('',#203,#205,#207,.T.);
#203 = VERTEX_POINT('',#204);
#204 = CARTESIAN_POINT('',(13.2,-21.42,0.));
#205 = VERTEX_POINT('',#206);
#206 = CARTESIAN_POINT('',(13.2,-21.42,1.6));
#207 = LINE('',#208,#209);
#208 = CARTESIAN_POINT('',(13.2,-21.42,0.));
#209 = VECTOR('',#210,1.);
#210 = DIRECTION('',(0.,0.,1.));
#211 = ORIENTED_EDGE('',*,*,#212,.T.);
#212 = EDGE_CURVE('',#205,#205,#213,.T.);
#213 = CIRCLE('',#214,0.5);
#214 = AXIS2_PLACEMENT_3D('',#215,#216,#217);
#215 = CARTESIAN_POINT('',(12.7,-21.42,1.6));
#216 = DIRECTION('',(0.,0.,1.));
#217 = DIRECTION('',(1.,0.,0.));
#218 = ORIENTED_EDGE('',*,*,#202,.F.);
#219 = ORIENTED_EDGE('',*,*,#220,.F.);
#220 = EDGE_CURVE('',#203,#203,#221,.T.);
#221 = CIRCLE('',#222,0.5);
#222 = AXIS2_PLACEMENT_3D('',#223,#224,#225);
#223 = CARTESIAN_POINT('',(12.7,-21.42,0.));
#224 = DIRECTION('',(0.,0.,1.));
#225 = DIRECTION('',(1.,0.,0.));
#226 = CYLINDRICAL_SURFACE('',#227,0.5);
#227 = AXIS2_PLACEMENT_3D('',#228,#229,#230);
#228 = CARTESIAN_POINT('',(12.7,-21.42,0.));
#229 = DIRECTION('',(-0.,-0.,-1.));
#230 = DIRECTION('',(1.,0.,0.));
#231 = ADVANCED_FACE('',(#232),#259,.F.);
#232 = FACE_BOUND('',#233,.T.);
#233 = EDGE_LOOP('',(#234,#244,#251,#252));
#234 = ORIENTED_EDGE('',*,*,#235,.T.);
#235 = EDGE_CURVE('',#236,#238,#240,.T.);
#236 = VERTEX_POINT('',#237);
#237 = CARTESIAN_POINT('',(13.2,-18.88,0.));
#238 = VERTEX_POINT('',#239);
#239 = CARTESIAN_POINT('',(13.2,-18.88,1.6));
#240 = LINE('',#241,#242);
#241 = CARTESIAN_POINT('',(13.2,-18.88,0.));
#242 = VECTOR('',#243,1.);
#243 = DIRECTION('',(0.,0.,1.));
#244 = ORIENTED_EDGE('',*,*,#245,.T.);
#245 = EDGE_CURVE('',#238,#238,#246,.T.);
#246 = CIRCLE('',#247,0.5);
#247 = AXIS2_PLACEMENT_3D('',#248,#249,#250);
#248 = CARTESIAN_POINT('',(12.7,-18.88,1.6));
#249 = DIRECTION('',(0.,0.,1.));
#250 = DIRECTION('',(1.,0.,0.));
#251 = ORIENTED_EDGE('',*,*,#235,.F.);
#252 = ORIENTED_EDGE('',*,*,#253,.F.);
#253 = EDGE_CURVE('',#236,#236,#254,.T.);
#254 = CIRCLE('',#255,0.5);
#255 = AXIS2_PLACEMENT_3D('',#256,#257,#258);
#256 = CARTESIAN_POINT('',(12.7,-18.88,0.));
#257 = DIRECTION('',(0.,0.,1.));
#258 = DIRECTION('',(1.,0.,0.));
#259 = CYLINDRICAL_SURFACE('',#260,0.5);
#260 = AXIS2_PLACEMENT_3D('',#261,#262,#263);
#261 = CARTESIAN_POINT('',(12.7,-18.88,0.));
#262 = DIRECTION('',(-0.,-0.,-1.));
#263 = DIRECTION('',(1.,0.,0.));
#264 = ADVANCED_FACE('',(#265),#292,.F.);
#265 = FACE_BOUND('',#266,.T.);
#266 = EDGE_LOOP('',(#267,#277,#284,#285));
#267 = ORIENTED_EDGE('',*,*,#268,.T.);
#268 = EDGE_CURVE('',#269,#271,#273,.T.);
#269 = VERTEX_POINT('',#270);
#270 = CARTESIAN_POINT('',(13.2,-16.34,0.));
#271 = VERTEX_POINT('',#272);
#272 = CARTESIAN_POINT('',(13.2,-16.34,1.6));
#273 = LINE('',#274,#275);
#274 = CARTESIAN_POINT('',(13.2,-16.34,0.));
#275 = VECTOR('',#276,1.);
#276 = DIRECTION('',(0.,0.,1.));
#277 = ORIENTED_EDGE('',*,*,#278,.T.);
#278 = EDGE_CURVE('',#271,#271,#279,.T.);
#279 = CIRCLE('',#280,0.5);
#280 = AXIS2_PLACEMENT_3D('',#281,#282,#283);
#281 = CARTESIAN_POINT('',(12.7,-16.34,1.6));
#282 = DIRECTION('',(0.,0.,1.));
#283 = DIRECTION('',(1.,0.,0.));
#284 = ORIENTED_EDGE('',*,*,#268,.F.);
#285 = ORIENTED_EDGE('',*,*,#286,.F.);
#286 = EDGE_CURVE('',#269,#269,#287,.T.);
#287 = CIRCLE('',#288,0.5);
#288 = AXIS2_PLACEMENT_3D('',#289,#290,#291);
#289 = CARTESIAN_POINT('',(12.7,-16.34,0.));
#290 = DIRECTION('',(0.,0.,1.));
#291 = DIRECTION('',(1.,0.,0.));
#292 = CYLINDRICAL_SURFACE('',#293,0.5);
#293 = AXIS2_PLACEMENT_3D('',#294,#295,#296);
#294 = CARTESIAN_POINT('',(12.7,-16.34,0.));
#295 = DIRECTION('',(-0.,-0.,-1.));
#296 = DIRECTION('',(1.,0.,0.));
#297 = ADVANCED_FACE('',(#298),#325,.F.);
#298 = FACE_BOUND('',#299,.T.);
#299 = EDGE_LOOP('',(#300,#310,#317,#318));
#300 = ORIENTED_EDGE('',*,*,#301,.T.);
#301 = EDGE_CURVE('',#302,#304,#306,.T.);
#302 = VERTEX_POINT('',#303);
#303 = CARTESIAN_POINT('',(13.2,-13.8,0.));
#304 = VERTEX_POINT('',#305);
#305 = CARTESIAN_POINT('',(13.2,-13.8,1.6));
#306 = LINE('',#307,#308);
#307 = CARTESIAN_POINT('',(13.2,-13.8,0.));
#308 = VECTOR('',#309,1.);
#309 = DIRECTION('',(0.,0.,1.));
#310 = ORIENTED_EDGE('',*,*,#311,.T.);
#311 = EDGE_CURVE('',#304,#304,#312,.T.);
#312 = CIRCLE('',#313,0.5);
#313 = AXIS2_PLACEMENT_3D('',#314,#315,#316);
#314 = CARTESIAN_POINT('',(12.7,-13.8,1.6));
#315 = DIRECTION('',(0.,0.,1.));
#316 = DIRECTION('',(1.,0.,0.));
#317 = ORIENTED_EDGE('',*,*,#301,.F.);
#318 = ORIENTED_EDGE('',*,*,#319,.F.);
#319 = EDGE_CURVE('',#302,#302,#320,.T.);
#320 = CIRCLE('',#321,0.5);
#321 = AXIS2_PLACEMENT_3D('',#322,#323,#324);
#322 = CARTESIAN_POINT('',(12.7,-13.8,0.));
#323 = DIRECTION('',(0.,0.,1.));
#324 = DIRECTION('',(1.,0.,0.));
#325 = CYLINDRICAL_SURFACE('',#326,0.5);
#326 = AXIS2_PLACEMENT_3D('',#327,#328,#329);
#327 = CARTESIAN_POINT('',(12.7,-13.8,0.));
#328 = DIRECTION('',(-0.,-0.,-1.));
#329 = DIRECTION('',(1.,0.,0.));
#330 = ADVANCED_FACE('',(#331),#358,.F.);
#331 = FACE_BOUND('',#332,.T.);
#332 = EDGE_LOOP('',(#333,#343,#350,#351));
#333 = ORIENTED_EDGE('',*,*,#334,.T.);
#334 = EDGE_CURVE('',#335,#337,#339,.T.);
#335 = VERTEX_POINT('',#336);
#336 = CARTESIAN_POINT('',(13.2,-11.26,0.));
#337 = VERTEX_POINT('',#338);
#338 = CARTESIAN_POINT('',(13.2,-11.26,1.6));
#339 = LINE('',#340,#341);
#340 = CARTESIAN_POINT('',(13.2,-11.26,0.));
#341 = VECTOR('',#342,1.);
#342 = DIRECTION('',(0.,0.,1.));
#343 = ORIENTED_EDGE('',*,*,#344,.T.);
#344 = EDGE_CURVE('',#337,#337,#345,.T.);
#345 = CIRCLE('',#346,0.5);
#346 = AXIS2_PLACEMENT_3D('',#347,#348,#349);
#347 = CARTESIAN_POINT('',(12.7,-11.26,1.6));
#348 = DIRECTION('',(0.,0.,1.));
#349 = DIRECTION('',(1.,0.,0.));
#350 = ORIENTED_EDGE('',*,*,#334,.F.);
#351 = ORIENTED_EDGE('',*,*,#352,.F.);
#352 = EDGE_CURVE('',#335,#335,#353,.T.);
#353 = CIRCLE('',#354,0.5);
#354 = AXIS2_PLACEMENT_3D('',#355,#356,#357);
#355 = CARTESIAN_POINT('',(12.7,-11.26,0.));
#356 = DIRECTION('',(0.,0.,1.));
#357 = DIRECTION('',(1.,0.,0.));
#358 = CYLINDRICAL_SURFACE('',#359,0.5);
#359 = AXIS2_PLACEMENT_3D('',#360,#361,#362);
#360 = CARTESIAN_POINT('',(12.7,-11.26,0.));
#361 = DIRECTION('',(-0.,-0.,-1.));
#362 = DIRECTION('',(1.,0.,0.));
#363 = ADVANCED_FACE('',(#364),#391,.F.);
#364 = FACE_BOUND('',#365,.T.);
#365 = EDGE_LOOP('',(#366,#376,#383,#384));
#366 = ORIENTED_EDGE('',*,*,#367,.T.);
#367 = EDGE_CURVE('',#368,#370,#372,.T.);
#368 = VERTEX_POINT('',#369);
#369 = CARTESIAN_POINT('',(13.2,-8.72,0.));
#370 = VERTEX_POINT('',#371);
#371 = CARTESIAN_POINT('',(13.2,-8.72,1.6));
#372 = LINE('',#373,#374);
#373 = CARTESIAN_POINT('',(13.2,-8.72,0.));
#374 = VECTOR('',#375,1.);
#375 = DIRECTION('',(0.,0.,1.));
#376 = ORIENTED_EDGE('',*,*,#377,.T.);
#377 = EDGE_CURVE('',#370,#370,#378,.T.);
#378 = CIRCLE('',#379,0.5);
#379 = AXIS2_PLACEMENT_3D('',#380,#381,#382);
#380 = CARTESIAN_POINT('',(12.7,-8.72,1.6));
#381 = DIRECTION('',(0.,0.,1.));
#382 = DIRECTION('',(1.,0.,0.));
#383 = ORIENTED_EDGE('',*,*,#367,.F.);
#384 = ORIENTED_EDGE('',*,*,#385,.F.);
#385 = EDGE_CURVE('',#368,#368,#386,.T.);
#386 = CIRCLE('',#387,0.5);
#387 = AXIS2_PLACEMENT_3D('',#388,#389,#390);
#388 = CARTESIAN_POINT('',(12.7,-8.72,0.));
#389 = DIRECTION('',(0.,0.,1.));
#390 = DIRECTION('',(1.,0.,0.));
#391 = CYLINDRICAL_SURFACE('',#392,0.5);
#392 = AXIS2_PLACEMENT_3D('',#393,#394,#395);
#393 = CARTESIAN_POINT('',(12.7,-8.72,0.));
#394 = DIRECTION('',(-0.,-0.,-1.));
#395 = DIRECTION('',(1.,0.,0.));
#396 = ADVANCED_FACE('',(#397),#424,.F.);
#397 = FACE_BOUND('',#398,.T.);
#398 = EDGE_LOOP('',(#399,#409,#416,#417));
#399 = ORIENTED_EDGE('',*,*,#400,.T.);
#400 = EDGE_CURVE('',#401,#403,#405,.T.);
#401 = VERTEX_POINT('',#402);
#402 = CARTESIAN_POINT('',(13.2,-6.18,0.));
#403 = VERTEX_POINT('',#404);
#404 = CARTESIAN_POINT('',(13.2,-6.18,1.6));
#405 = LINE('',#406,#407);
#406 = CARTESIAN_POINT('',(13.2,-6.18,0.));
#407 = VECTOR('',#408,1.);
#408 = DIRECTION('',(0.,0.,1.));
#409 = ORIENTED_EDGE('',*,*,#410,.T.);
#410 = EDGE_CURVE('',#403,#403,#411,.T.);
#411 = CIRCLE('',#412,0.5);
#412 = AXIS2_PLACEMENT_3D('',#413,#414,#415);
#413 = CARTESIAN_POINT('',(12.7,-6.18,1.6));
#414 = DIRECTION('',(0.,0.,1.));
#415 = DIRECTION('',(1.,0.,0.));
#416 = ORIENTED_EDGE('',*,*,#400,.F.);
#417 = ORIENTED_EDGE('',*,*,#418,.F.);
#418 = EDGE_CURVE('',#401,#401,#419,.T.);
#419 = CIRCLE('',#420,0.5);
#420 = AXIS2_PLACEMENT_3D('',#421,#422,#423);
#421 = CARTESIAN_POINT('',(12.7,-6.18,0.));
#422 = DIRECTION('',(0.,0.,1.));
#423 = DIRECTION('',(1.,0.,0.));
#424 = CYLINDRICAL_SURFACE('',#425,0.5);
#425 = AXIS2_PLACEMENT_3D('',#426,#427,#428);
#426 = CARTESIAN_POINT('',(12.7,-6.18,0.));
#427 = DIRECTION('',(-0.,-0.,-1.));
#428 = DIRECTION('',(1.,0.,0.));
#429 = ADVANCED_FACE('',(#430),#457,.F.);
#430 = FACE_BOUND('',#431,.T.);
#431 = EDGE_LOOP('',(#432,#442,#449,#450));
#432 = ORIENTED_EDGE('',*,*,#433,.T.);
#433 = EDGE_CURVE('',#434,#436,#438,.T.);
#434 = VERTEX_POINT('',#435);
#435 = CARTESIAN_POINT('',(13.2,-3.64,0.));
#436 = VERTEX_POINT('',#437);
#437 = CARTESIAN_POINT('',(13.2,-3.64,1.6));
#438 = LINE('',#439,#440);
#439 = CARTESIAN_POINT('',(13.2,-3.64,0.));
#440 = VECTOR('',#441,1.);
#441 = DIRECTION('',(0.,0.,1.));
#442 = ORIENTED_EDGE('',*,*,#443,.T.);
#443 = EDGE_CURVE('',#436,#436,#444,.T.);
#444 = CIRCLE('',#445,0.5);
#445 = AXIS2_PLACEMENT_3D('',#446,#447,#448);
#446 = CARTESIAN_POINT('',(12.7,-3.64,1.6));
#447 = DIRECTION('',(0.,0.,1.));
#448 = DIRECTION('',(1.,0.,0.));
#449 = ORIENTED_EDGE('',*,*,#433,.F.);
#450 = ORIENTED_EDGE('',*,*,#451,.F.);
#451 = EDGE_CURVE('',#434,#434,#452,.T.);
#452 = CIRCLE('',#453,0.5);
#453 = AXIS2_PLACEMENT_3D('',#454,#455,#456);
#454 = CARTESIAN_POINT('',(12.7,-3.64,0.));
#455 = DIRECTION('',(0.,0.,1.));
#456 = DIRECTION('',(1.,0.,0.));
#457 = CYLINDRICAL_SURFACE('',#458,0.5);
#458 = AXIS2_PLACEMENT_3D('',#459,#460,#461);
#459 = CARTESIAN_POINT('',(12.7,-3.64,0.));
#460 = DIRECTION('',(-0.,-0.,-1.));
#461 = DIRECTION('',(1.,0.,0.));
#462 = ADVANCED_FACE('',(#463),#490,.F.);
#463 = FACE_BOUND('',#464,.T.);
#464 = EDGE_LOOP('',(#465,#475,#482,#483));
#465 = ORIENTED_EDGE('',*,*,#466,.T.);
#466 = EDGE_CURVE('',#467,#469,#471,.T.);
#467 = VERTEX_POINT('',#468);
#468 = CARTESIAN_POINT('',(13.2,-1.1,0.));
#469 = VERTEX_POINT('',#470);
#470 = CARTESIAN_POINT('',(13.2,-1.1,1.6));
#471 = LINE('',#472,#473);
#472 = CARTESIAN_POINT('',(13.2,-1.1,0.));
#473 = VECTOR('',#474,1.);
#474 = DIRECTION('',(0.,0.,1.));
#475 = ORIENTED_EDGE('',*,*,#476,.T.);
#476 = EDGE_CURVE('',#469,#469,#477,.T.);
#477 = CIRCLE('',#478,0.5);
#478 = AXIS2_PLACEMENT_3D('',#479,#480,#481);
#479 = CARTESIAN_POINT('',(12.7,-1.1,1.6));
#480 = DIRECTION('',(0.,0.,1.));
#481 = DIRECTION('',(1.,0.,0.));
#482 = ORIENTED_EDGE('',*,*,#466,.F.);
#483 = ORIENTED_EDGE('',*,*,#484,.F.);
#484 = EDGE_CURVE('',#467,#467,#485,.T.);
#485 = CIRCLE('',#486,0.5);
#486 = AXIS2_PLACEMENT_3D('',#487,#488,#489);
#487 = CARTESIAN_POINT('',(12.7,-1.1,0.));
#488 = DIRECTION('',(0.,0.,1.));
#489 = DIRECTION('',(1.,0.,0.));
#490 = CYLINDRICAL_SURFACE('',#491,0.5);
#491 = AXIS2_PLACEMENT_3D('',#492,#493,#494);
#492 = CARTESIAN_POINT('',(12.7,-1.1,0.));
#493 = DIRECTION('',(-0.,-0.,-1.));
#494 = DIRECTION('',(1.,0.,0.));
#495 = ADVANCED_FACE('',(#496),#523,.F.);
#496 = FACE_BOUND('',#497,.T.);
#497 = EDGE_LOOP('',(#498,#508,#515,#516));
#498 = ORIENTED_EDGE('',*,*,#499,.T.);
#499 = EDGE_CURVE('',#500,#502,#504,.T.);
#500 = VERTEX_POINT('',#501);
#501 = CARTESIAN_POINT('',(13.2,3.98,0.));
#502 = VERTEX_POINT('',#503);
#503 = CARTESIAN_POINT('',(13.2,3.98,1.6));
#504 = LINE('',#505,#506);
#505 = CARTESIAN_POINT('',(13.2,3.98,0.));
#506 = VECTOR('',#507,1.);
#507 = DIRECTION('',(0.,0.,1.));
#508 = ORIENTED_EDGE('',*,*,#509,.T.);
#509 = EDGE_CURVE('',#502,#502,#510,.T.);
#510 = CIRCLE('',#511,0.5);
#511 = AXIS2_PLACEMENT_3D('',#512,#513,#514);
#512 = CARTESIAN_POINT('',(12.7,3.98,1.6));
#513 = DIRECTION('',(0.,0.,1.));
#514 = DIRECTION('',(1.,0.,0.));
#515 = ORIENTED_EDGE('',*,*,#499,.F.);
#516 = ORIENTED_EDGE('',*,*,#517,.F.);
#517 = EDGE_CURVE('',#500,#500,#518,.T.);
#518 = CIRCLE('',#519,0.5);
#519 = AXIS2_PLACEMENT_3D('',#520,#521,#522);
#520 = CARTESIAN_POINT('',(12.7,3.98,0.));
#521 = DIRECTION('',(0.,0.,1.));
#522 = DIRECTION('',(1.,0.,0.));
#523 = CYLINDRICAL_SURFACE('',#524,0.5);
#524 = AXIS2_PLACEMENT_3D('',#525,#526,#527);
#525 = CARTESIAN_POINT('',(12.7,3.98,0.));
#526 = DIRECTION('',(-0.,-0.,-1.));
#527 = DIRECTION('',(1.,0.,0.));
#528 = ADVANCED_FACE('',(#529),#556,.F.);
#529 = FACE_BOUND('',#530,.T.);
#530 = EDGE_LOOP('',(#531,#541,#548,#549));
#531 = ORIENTED_EDGE('',*,*,#532,.T.);
#532 = EDGE_CURVE('',#533,#535,#537,.T.);
#533 = VERTEX_POINT('',#534);
#534 = CARTESIAN_POINT('',(13.2,6.52,0.));
#535 = VERTEX_POINT('',#536);
#536 = CARTESIAN_POINT('',(13.2,6.52,1.6));
#537 = LINE('',#538,#539);
#538 = CARTESIAN_POINT('',(13.2,6.52,0.));
#539 = VECTOR('',#540,1.);
#540 = DIRECTION('',(0.,0.,1.));
#541 = ORIENTED_EDGE('',*,*,#542,.T.);
#542 = EDGE_CURVE('',#535,#535,#543,.T.);
#543 = CIRCLE('',#544,0.5);
#544 = AXIS2_PLACEMENT_3D('',#545,#546,#547);
#545 = CARTESIAN_POINT('',(12.7,6.52,1.6));
#546 = DIRECTION('',(0.,0.,1.));
#547 = DIRECTION('',(1.,0.,0.));
#548 = ORIENTED_EDGE('',*,*,#532,.F.);
#549 = ORIENTED_EDGE('',*,*,#550,.F.);
#550 = EDGE_CURVE('',#533,#533,#551,.T.);
#551 = CIRCLE('',#552,0.5);
#552 = AXIS2_PLACEMENT_3D('',#553,#554,#555);
#553 = CARTESIAN_POINT('',(12.7,6.52,0.));
#554 = DIRECTION('',(0.,0.,1.));
#555 = DIRECTION('',(1.,0.,0.));
#556 = CYLINDRICAL_SURFACE('',#557,0.5);
#557 = AXIS2_PLACEMENT_3D('',#558,#559,#560);
#558 = CARTESIAN_POINT('',(12.7,6.52,0.));
#559 = DIRECTION('',(-0.,-0.,-1.));
#560 = DIRECTION('',(1.,0.,0.));
#561 = ADVANCED_FACE('',(#562),#589,.F.);
#562 = FACE_BOUND('',#563,.T.);
#563 = EDGE_LOOP('',(#564,#574,#581,#582));
#564 = ORIENTED_EDGE('',*,*,#565,.T.);
#565 = EDGE_CURVE('',#566,#568,#570,.T.);
#566 = VERTEX_POINT('',#567);
#567 = CARTESIAN_POINT('',(13.2,9.06,0.));
#568 = VERTEX_POINT('',#569);
#569 = CARTESIAN_POINT('',(13.2,9.06,1.6));
#570 = LINE('',#571,#572);
#571 = CARTESIAN_POINT('',(13.2,9.06,0.));
#572 = VECTOR('',#573,1.);
#573 = DIRECTION('',(0.,0.,1.));
#574 = ORIENTED_EDGE('',*,*,#575,.T.);
#575 = EDGE_CURVE('',#568,#568,#576,.T.);
#576 = CIRCLE('',#577,0.5);
#577 = AXIS2_PLACEMENT_3D('',#578,#579,#580);
#578 = CARTESIAN_POINT('',(12.7,9.06,1.6));
#579 = DIRECTION('',(0.,0.,1.));
#580 = DIRECTION('',(1.,0.,0.));
#581 = ORIENTED_EDGE('',*,*,#565,.F.);
#582 = ORIENTED_EDGE('',*,*,#583,.F.);
#583 = EDGE_CURVE('',#566,#566,#584,.T.);
#584 = CIRCLE('',#585,0.5);
#585 = AXIS2_PLACEMENT_3D('',#586,#587,#588);
#586 = CARTESIAN_POINT('',(12.7,9.06,0.));
#587 = DIRECTION('',(0.,0.,1.));
#588 = DIRECTION('',(1.,0.,0.));
#589 = CYLINDRICAL_SURFACE('',#590,0.5);
#590 = AXIS2_PLACEMENT_3D('',#591,#592,#593);
#591 = CARTESIAN_POINT('',(12.7,9.06,0.));
#592 = DIRECTION('',(-0.,-0.,-1.));
#593 = DIRECTION('',(1.,0.,0.));
#594 = ADVANCED_FACE('',(#595),#622,.F.);
#595 = FACE_BOUND('',#596,.T.);
#596 = EDGE_LOOP('',(#597,#607,#614,#615));
#597 = ORIENTED_EDGE('',*,*,#598,.T.);
#598 = EDGE_CURVE('',#599,#601,#603,.T.);
#599 = VERTEX_POINT('',#600);
#600 = CARTESIAN_POINT('',(13.2,1.44,0.));
#601 = VERTEX_POINT('',#602);
#602 = CARTESIAN_POINT('',(13.2,1.44,1.6));
#603 = LINE('',#604,#605);
#604 = CARTESIAN_POINT('',(13.2,1.44,0.));
#605 = VECTOR('',#606,1.);
#606 = DIRECTION('',(0.,0.,1.));
#607 = ORIENTED_EDGE('',*,*,#608,.T.);
#608 = EDGE_CURVE('',#601,#601,#609,.T.);
#609 = CIRCLE('',#610,0.5);
#610 = AXIS2_PLACEMENT_3D('',#611,#612,#613);
#611 = CARTESIAN_POINT('',(12.7,1.44,1.6));
#612 = DIRECTION('',(0.,0.,1.));
#613 = DIRECTION('',(1.,0.,0.));
#614 = ORIENTED_EDGE('',*,*,#598,.F.);
#615 = ORIENTED_EDGE('',*,*,#616,.F.);
#616 = EDGE_CURVE('',#599,#599,#617,.T.);
#617 = CIRCLE('',#618,0.5);
#618 = AXIS2_PLACEMENT_3D('',#619,#620,#621);
#619 = CARTESIAN_POINT('',(12.7,1.44,0.));
#620 = DIRECTION('',(0.,0.,1.));
#621 = DIRECTION('',(1.,0.,0.));
#622 = CYLINDRICAL_SURFACE('',#623,0.5);
#623 = AXIS2_PLACEMENT_3D('',#624,#625,#626);
#624 = CARTESIAN_POINT('',(12.7,1.44,0.));
#625 = DIRECTION('',(-0.,-0.,-1.));
#626 = DIRECTION('',(1.,0.,0.));
#627 = ADVANCED_FACE('',(#628),#655,.F.);
#628 = FACE_BOUND('',#629,.T.);
#629 = EDGE_LOOP('',(#630,#640,#647,#648));
#630 = ORIENTED_EDGE('',*,*,#631,.T.);
#631 = EDGE_CURVE('',#632,#634,#636,.T.);
#632 = VERTEX_POINT('',#633);
#633 = CARTESIAN_POINT('',(13.2,21.76,0.));
#634 = VERTEX_POINT('',#635);
#635 = CARTESIAN_POINT('',(13.2,21.76,1.6));
#636 = LINE('',#637,#638);
#637 = CARTESIAN_POINT('',(13.2,21.76,0.));
#638 = VECTOR('',#639,1.);
#639 = DIRECTION('',(0.,0.,1.));
#640 = ORIENTED_EDGE('',*,*,#641,.T.);
#641 = EDGE_CURVE('',#634,#634,#642,.T.);
#642 = CIRCLE('',#643,0.5);
#643 = AXIS2_PLACEMENT_3D('',#644,#645,#646);
#644 = CARTESIAN_POINT('',(12.7,21.76,1.6));
#645 = DIRECTION('',(0.,0.,1.));
#646 = DIRECTION('',(1.,0.,0.));
#647 = ORIENTED_EDGE('',*,*,#631,.F.);
#648 = ORIENTED_EDGE('',*,*,#649,.F.);
#649 = EDGE_CURVE('',#632,#632,#650,.T.);
#650 = CIRCLE('',#651,0.5);
#651 = AXIS2_PLACEMENT_3D('',#652,#653,#654);
#652 = CARTESIAN_POINT('',(12.7,21.76,0.));
#653 = DIRECTION('',(0.,0.,1.));
#654 = DIRECTION('',(1.,0.,0.));
#655 = CYLINDRICAL_SURFACE('',#656,0.5);
#656 = AXIS2_PLACEMENT_3D('',#657,#658,#659);
#657 = CARTESIAN_POINT('',(12.7,21.76,0.));
#658 = DIRECTION('',(-0.,-0.,-1.));
#659 = DIRECTION('',(1.,0.,0.));
#660 = ADVANCED_FACE('',(#661),#688,.F.);
#661 = FACE_BOUND('',#662,.T.);
#662 = EDGE_LOOP('',(#663,#673,#680,#681));
#663 = ORIENTED_EDGE('',*,*,#664,.T.);
#664 = EDGE_CURVE('',#665,#667,#669,.T.);
#665 = VERTEX_POINT('',#666);
#666 = CARTESIAN_POINT('',(13.2,11.6,0.));
#667 = VERTEX_POINT('',#668);
#668 = CARTESIAN_POINT('',(13.2,11.6,1.6));
#669 = LINE('',#670,#671);
#670 = CARTESIAN_POINT('',(13.2,11.6,0.));
#671 = VECTOR('',#672,1.);
#672 = DIRECTION('',(0.,0.,1.));
#673 = ORIENTED_EDGE('',*,*,#674,.T.);
#674 = EDGE_CURVE('',#667,#667,#675,.T.);
#675 = CIRCLE('',#676,0.5);
#676 = AXIS2_PLACEMENT_3D('',#677,#678,#679);
#677 = CARTESIAN_POINT('',(12.7,11.6,1.6));
#678 = DIRECTION('',(0.,0.,1.));
#679 = DIRECTION('',(1.,0.,0.));
#680 = ORIENTED_EDGE('',*,*,#664,.F.);
#681 = ORIENTED_EDGE('',*,*,#682,.F.);
#682 = EDGE_CURVE('',#665,#665,#683,.T.);
#683 = CIRCLE('',#684,0.5);
#684 = AXIS2_PLACEMENT_3D('',#685,#686,#687);
#685 = CARTESIAN_POINT('',(12.7,11.6,0.));
#686 = DIRECTION('',(0.,0.,1.));
#687 = DIRECTION('',(1.,0.,0.));
#688 = CYLINDRICAL_SURFACE('',#689,0.5);
#689 = AXIS2_PLACEMENT_3D('',#690,#691,#692);
#690 = CARTESIAN_POINT('',(12.7,11.6,0.));
#691 = DIRECTION('',(-0.,-0.,-1.));
#692 = DIRECTION('',(1.,0.,0.));
#693 = ADVANCED_FACE('',(#694),#721,.F.);
#694 = FACE_BOUND('',#695,.T.);
#695 = EDGE_LOOP('',(#696,#706,#713,#714));
#696 = ORIENTED_EDGE('',*,*,#697,.T.);
#697 = EDGE_CURVE('',#698,#700,#702,.T.);
#698 = VERTEX_POINT('',#699);
#699 = CARTESIAN_POINT('',(13.2,14.14,0.));
#700 = VERTEX_POINT('',#701);
#701 = CARTESIAN_POINT('',(13.2,14.14,1.6));
#702 = LINE('',#703,#704);
#703 = CARTESIAN_POINT('',(13.2,14.14,0.));
#704 = VECTOR('',#705,1.);
#705 = DIRECTION('',(0.,0.,1.));
#706 = ORIENTED_EDGE('',*,*,#707,.T.);
#707 = EDGE_CURVE('',#700,#700,#708,.T.);
#708 = CIRCLE('',#709,0.5);
#709 = AXIS2_PLACEMENT_3D('',#710,#711,#712);
#710 = CARTESIAN_POINT('',(12.7,14.14,1.6));
#711 = DIRECTION('',(0.,0.,1.));
#712 = DIRECTION('',(1.,0.,0.));
#713 = ORIENTED_EDGE('',*,*,#697,.F.);
#714 = ORIENTED_EDGE('',*,*,#715,.F.);
#715 = EDGE_CURVE('',#698,#698,#716,.T.);
#716 = CIRCLE('',#717,0.5);
#717 = AXIS2_PLACEMENT_3D('',#718,#719,#720);
#718 = CARTESIAN_POINT('',(12.7,14.14,0.));
#719 = DIRECTION('',(0.,0.,1.));
#720 = DIRECTION('',(1.,0.,0.));
#721 = CYLINDRICAL_SURFACE('',#722,0.5);
#722 = AXIS2_PLACEMENT_3D('',#723,#724,#725);
#723 = CARTESIAN_POINT('',(12.7,14.14,0.));
#724 = DIRECTION('',(-0.,-0.,-1.));
#725 = DIRECTION('',(1.,0.,0.));
#726 = ADVANCED_FACE('',(#727),#754,.F.);
#727 = FACE_BOUND('',#728,.T.);
#728 = EDGE_LOOP('',(#729,#739,#746,#747));
#729 = ORIENTED_EDGE('',*,*,#730,.T.);
#730 = EDGE_CURVE('',#731,#733,#735,.T.);
#731 = VERTEX_POINT('',#732);
#732 = CARTESIAN_POINT('',(13.2,16.68,0.));
#733 = VERTEX_POINT('',#734);
#734 = CARTESIAN_POINT('',(13.2,16.68,1.6));
#735 = LINE('',#736,#737);
#736 = CARTESIAN_POINT('',(13.2,16.68,0.));
#737 = VECTOR('',#738,1.);
#738 = DIRECTION('',(0.,0.,1.));
#739 = ORIENTED_EDGE('',*,*,#740,.T.);
#740 = EDGE_CURVE('',#733,#733,#741,.T.);
#741 = CIRCLE('',#742,0.5);
#742 = AXIS2_PLACEMENT_3D('',#743,#744,#745);
#743 = CARTESIAN_POINT('',(12.7,16.68,1.6));
#744 = DIRECTION('',(0.,0.,1.));
#745 = DIRECTION('',(1.,0.,0.));
#746 = ORIENTED_EDGE('',*,*,#730,.F.);
#747 = ORIENTED_EDGE('',*,*,#748,.F.);
#748 = EDGE_CURVE('',#731,#731,#749,.T.);
#749 = CIRCLE('',#750,0.5);
#750 = AXIS2_PLACEMENT_3D('',#751,#752,#753);
#751 = CARTESIAN_POINT('',(12.7,16.68,0.));
#752 = DIRECTION('',(0.,0.,1.));
#753 = DIRECTION('',(1.,0.,0.));
#754 = CYLINDRICAL_SURFACE('',#755,0.5);
#755 = AXIS2_PLACEMENT_3D('',#756,#757,#758);
#756 = CARTESIAN_POINT('',(12.7,16.68,0.));
#757 = DIRECTION('',(-0.,-0.,-1.));
#758 = DIRECTION('',(1.,0.,0.));
#759 = ADVANCED_FACE('',(#760),#787,.F.);
#760 = FACE_BOUND('',#761,.T.);
#761 = EDGE_LOOP('',(#762,#772,#779,#780));
#762 = ORIENTED_EDGE('',*,*,#763,.T.);
#763 = EDGE_CURVE('',#764,#766,#768,.T.);
#764 = VERTEX_POINT('',#765);
#765 = CARTESIAN_POINT('',(13.2,19.22,0.));
#766 = VERTEX_POINT('',#767);
#767 = CARTESIAN_POINT('',(13.2,19.22,1.6));
#768 = LINE('',#769,#770);
#769 = CARTESIAN_POINT('',(13.2,19.22,0.));
#770 = VECTOR('',#771,1.);
#771 = DIRECTION('',(0.,0.,1.));
#772 = ORIENTED_EDGE('',*,*,#773,.T.);
#773 = EDGE_CURVE('',#766,#766,#774,.T.);
#774 = CIRCLE('',#775,0.5);
#775 = AXIS2_PLACEMENT_3D('',#776,#777,#778);
#776 = CARTESIAN_POINT('',(12.7,19.22,1.6));
#777 = DIRECTION('',(0.,0.,1.));
#778 = DIRECTION('',(1.,0.,0.));
#779 = ORIENTED_EDGE('',*,*,#763,.F.);
#780 = ORIENTED_EDGE('',*,*,#781,.F.);
#781 = EDGE_CURVE('',#764,#764,#782,.T.);
#782 = CIRCLE('',#783,0.5);
#783 = AXIS2_PLACEMENT_3D('',#784,#785,#786);
#784 = CARTESIAN_POINT('',(12.7,19.22,0.));
#785 = DIRECTION('',(0.,0.,1.));
#786 = DIRECTION('',(1.,0.,0.));
#787 = CYLINDRICAL_SURFACE('',#788,0.5);
#788 = AXIS2_PLACEMENT_3D('',#789,#790,#791);
#789 = CARTESIAN_POINT('',(12.7,19.22,0.));
#790 = DIRECTION('',(-0.,-0.,-1.));
#791 = DIRECTION('',(1.,0.,0.));
#792 = ADVANCED_FACE('',(#793),#820,.F.);
#793 = FACE_BOUND('',#794,.T.);
#794 = EDGE_LOOP('',(#795,#805,#812,#813));
#795 = ORIENTED_EDGE('',*,*,#796,.T.);
#796 = EDGE_CURVE('',#797,#799,#801,.T.);
#797 = VERTEX_POINT('',#798);
#798 = CARTESIAN_POINT('',(13.2,24.3,0.));
#799 = VERTEX_POINT('',#800);
#800 = CARTESIAN_POINT('',(13.2,24.3,1.6));
#801 = LINE('',#802,#803);
#802 = CARTESIAN_POINT('',(13.2,24.3,0.));
#803 = VECTOR('',#804,1.);
#804 = DIRECTION('',(0.,0.,1.));
#805 = ORIENTED_EDGE('',*,*,#806,.T.);
#806 = EDGE_CURVE('',#799,#799,#807,.T.);
#807 = CIRCLE('',#808,0.5);
#808 = AXIS2_PLACEMENT_3D('',#809,#810,#811);
#809 = CARTESIAN_POINT('',(12.7,24.3,1.6));
#810 = DIRECTION('',(0.,0.,1.));
#811 = DIRECTION('',(1.,0.,0.));
#812 = ORIENTED_EDGE('',*,*,#796,.F.);
#813 = ORIENTED_EDGE('',*,*,#814,.F.);
#814 = EDGE_CURVE('',#797,#797,#815,.T.);
#815 = CIRCLE('',#816,0.5);
#816 = AXIS2_PLACEMENT_3D('',#817,#818,#819);
#817 = CARTESIAN_POINT('',(12.7,24.3,0.));
#818 = DIRECTION('',(0.,0.,1.));
#819 = DIRECTION('',(1.,0.,0.));
#820 = CYLINDRICAL_SURFACE('',#821,0.5);
#821 = AXIS2_PLACEMENT_3D('',#822,#823,#824);
#822 = CARTESIAN_POINT('',(12.7,24.3,0.));
#823 = DIRECTION('',(-0.,-0.,-1.));
#824 = DIRECTION('',(1.,0.,0.));
#825 = ADVANCED_FACE('',(#826),#853,.F.);
#826 = FACE_BOUND('',#827,.T.);
#827 = EDGE_LOOP('',(#828,#838,#845,#846));
#828 = ORIENTED_EDGE('',*,*,#829,.T.);
#829 = EDGE_CURVE('',#830,#832,#834,.T.);
#830 = VERTEX_POINT('',#831);
#831 = CARTESIAN_POINT('',(-12.2,-21.42,0.));
#832 = VERTEX_POINT('',#833);
#833 = CARTESIAN_POINT('',(-12.2,-21.42,1.6));
#834 = LINE('',#835,#836);
#835 = CARTESIAN_POINT('',(-12.2,-21.42,0.));
#836 = VECTOR('',#837,1.);
#837 = DIRECTION('',(0.,0.,1.));
#838 = ORIENTED_EDGE('',*,*,#839,.T.);
#839 = EDGE_CURVE('',#832,#832,#840,.T.);
#840 = CIRCLE('',#841,0.5);
#841 = AXIS2_PLACEMENT_3D('',#842,#843,#844);
#842 = CARTESIAN_POINT('',(-12.7,-21.42,1.6));
#843 = DIRECTION('',(0.,0.,1.));
#844 = DIRECTION('',(1.,0.,0.));
#845 = ORIENTED_EDGE('',*,*,#829,.F.);
#846 = ORIENTED_EDGE('',*,*,#847,.F.);
#847 = EDGE_CURVE('',#830,#830,#848,.T.);
#848 = CIRCLE('',#849,0.5);
#849 = AXIS2_PLACEMENT_3D('',#850,#851,#852);
#850 = CARTESIAN_POINT('',(-12.7,-21.42,0.));
#851 = DIRECTION('',(0.,0.,1.));
#852 = DIRECTION('',(1.,0.,0.));
#853 = CYLINDRICAL_SURFACE('',#854,0.5);
#854 = AXIS2_PLACEMENT_3D('',#855,#856,#857);
#855 = CARTESIAN_POINT('',(-12.7,-21.42,0.));
#856 = DIRECTION('',(-0.,-0.,-1.));
#857 = DIRECTION('',(1.,0.,0.));
#858 = ADVANCED_FACE('',(#859),#886,.F.);
#859 = FACE_BOUND('',#860,.T.);
#860 = EDGE_LOOP('',(#861,#871,#878,#879));
#861 = ORIENTED_EDGE('',*,*,#862,.T.);
#862 = EDGE_CURVE('',#863,#865,#867,.T.);
#863 = VERTEX_POINT('',#864);
#864 = CARTESIAN_POINT('',(-12.2,-18.88,0.));
#865 = VERTEX_POINT('',#866);
#866 = CARTESIAN_POINT('',(-12.2,-18.88,1.6));
#867 = LINE('',#868,#869);
#868 = CARTESIAN_POINT('',(-12.2,-18.88,0.));
#869 = VECTOR('',#870,1.);
#870 = DIRECTION('',(0.,0.,1.));
#871 = ORIENTED_EDGE('',*,*,#872,.T.);
#872 = EDGE_CURVE('',#865,#865,#873,.T.);
#873 = CIRCLE('',#874,0.5);
#874 = AXIS2_PLACEMENT_3D('',#875,#876,#877);
#875 = CARTESIAN_POINT('',(-12.7,-18.88,1.6));
#876 = DIRECTION('',(0.,0.,1.));
#877 = DIRECTION('',(1.,0.,0.));
#878 = ORIENTED_EDGE('',*,*,#862,.F.);
#879 = ORIENTED_EDGE('',*,*,#880,.F.);
#880 = EDGE_CURVE('',#863,#863,#881,.T.);
#881 = CIRCLE('',#882,0.5);
#882 = AXIS2_PLACEMENT_3D('',#883,#884,#885);
#883 = CARTESIAN_POINT('',(-12.7,-18.88,0.));
#884 = DIRECTION('',(0.,0.,1.));
#885 = DIRECTION('',(1.,0.,0.));
#886 = CYLINDRICAL_SURFACE('',#887,0.5);
#887 = AXIS2_PLACEMENT_3D('',#888,#889,#890);
#888 = CARTESIAN_POINT('',(-12.7,-18.88,0.));
#889 = DIRECTION('',(-0.,-0.,-1.));
#890 = DIRECTION('',(1.,0.,0.));
#891 = ADVANCED_FACE('',(#892),#919,.F.);
#892 = FACE_BOUND('',#893,.T.);
#893 = EDGE_LOOP('',(#894,#904,#911,#912));
#894 = ORIENTED_EDGE('',*,*,#895,.T.);
#895 = EDGE_CURVE('',#896,#898,#900,.T.);
#896 = VERTEX_POINT('',#897);
#897 = CARTESIAN_POINT('',(-12.2,-16.34,0.));
#898 = VERTEX_POINT('',#899);
#899 = CARTESIAN_POINT('',(-12.2,-16.34,1.6));
#900 = LINE('',#901,#902);
#901 = CARTESIAN_POINT('',(-12.2,-16.34,0.));
#902 = VECTOR('',#903,1.);
#903 = DIRECTION('',(0.,0.,1.));
#904 = ORIENTED_EDGE('',*,*,#905,.T.);
#905 = EDGE_CURVE('',#898,#898,#906,.T.);
#906 = CIRCLE('',#907,0.5);
#907 = AXIS2_PLACEMENT_3D('',#908,#909,#910);
#908 = CARTESIAN_POINT('',(-12.7,-16.34,1.6));
#909 = DIRECTION('',(0.,0.,1.));
#910 = DIRECTION('',(1.,0.,0.));
#911 = ORIENTED_EDGE('',*,*,#895,.F.);
#912 = ORIENTED_EDGE('',*,*,#913,.F.);
#913 = EDGE_CURVE('',#896,#896,#914,.T.);
#914 = CIRCLE('',#915,0.5);
#915 = AXIS2_PLACEMENT_3D('',#916,#917,#918);
#916 = CARTESIAN_POINT('',(-12.7,-16.34,0.));
#917 = DIRECTION('',(0.,0.,1.));
#918 = DIRECTION('',(1.,0.,0.));
#919 = CYLINDRICAL_SURFACE('',#920,0.5);
#920 = AXIS2_PLACEMENT_3D('',#921,#922,#923);
#921 = CARTESIAN_POINT('',(-12.7,-16.34,0.));
#922 = DIRECTION('',(-0.,-0.,-1.));
#923 = DIRECTION('',(1.,0.,0.));
#924 = ADVANCED_FACE('',(#925),#952,.F.);
#925 = FACE_BOUND('',#926,.T.);
#926 = EDGE_LOOP('',(#927,#937,#944,#945));
#927 = ORIENTED_EDGE('',*,*,#928,.T.);
#928 = EDGE_CURVE('',#929,#931,#933,.T.);
#929 = VERTEX_POINT('',#930);
#930 = CARTESIAN_POINT('',(-12.2,-13.8,0.));
#931 = VERTEX_POINT('',#932);
#932 = CARTESIAN_POINT('',(-12.2,-13.8,1.6));
#933 = LINE('',#934,#935);
#934 = CARTESIAN_POINT('',(-12.2,-13.8,0.));
#935 = VECTOR('',#936,1.);
#936 = DIRECTION('',(0.,0.,1.));
#937 = ORIENTED_EDGE('',*,*,#938,.T.);
#938 = EDGE_CURVE('',#931,#931,#939,.T.);
#939 = CIRCLE('',#940,0.5);
#940 = AXIS2_PLACEMENT_3D('',#941,#942,#943);
#941 = CARTESIAN_POINT('',(-12.7,-13.8,1.6));
#942 = DIRECTION('',(0.,0.,1.));
#943 = DIRECTION('',(1.,0.,0.));
#944 = ORIENTED_EDGE('',*,*,#928,.F.);
#945 = ORIENTED_EDGE('',*,*,#946,.F.);
#946 = EDGE_CURVE('',#929,#929,#947,.T.);
#947 = CIRCLE('',#948,0.5);
#948 = AXIS2_PLACEMENT_3D('',#949,#950,#951);
#949 = CARTESIAN_POINT('',(-12.7,-13.8,0.));
#950 = DIRECTION('',(0.,0.,1.));
#951 = DIRECTION('',(1.,0.,0.));
#952 = CYLINDRICAL_SURFACE('',#953,0.5);
#953 = AXIS2_PLACEMENT_3D('',#954,#955,#956);
#954 = CARTESIAN_POINT('',(-12.7,-13.8,0.));
#955 = DIRECTION('',(-0.,-0.,-1.));
#956 = DIRECTION('',(1.,0.,0.));
#957 = ADVANCED_FACE('',(#958),#985,.F.);
#958 = FACE_BOUND('',#959,.T.);
#959 = EDGE_LOOP('',(#960,#970,#977,#978));
#960 = ORIENTED_EDGE('',*,*,#961,.T.);
#961 = EDGE_CURVE('',#962,#964,#966,.T.);
#962 = VERTEX_POINT('',#963);
#963 = CARTESIAN_POINT('',(-12.2,-11.26,0.));
#964 = VERTEX_POINT('',#965);
#965 = CARTESIAN_POINT('',(-12.2,-11.26,1.6));
#966 = LINE('',#967,#968);
#967 = CARTESIAN_POINT('',(-12.2,-11.26,0.));
#968 = VECTOR('',#969,1.);
#969 = DIRECTION('',(0.,0.,1.));
#970 = ORIENTED_EDGE('',*,*,#971,.T.);
#971 = EDGE_CURVE('',#964,#964,#972,.T.);
#972 = CIRCLE('',#973,0.5);
#973 = AXIS2_PLACEMENT_3D('',#974,#975,#976);
#974 = CARTESIAN_POINT('',(-12.7,-11.26,1.6));
#975 = DIRECTION('',(0.,0.,1.));
#976 = DIRECTION('',(1.,0.,0.));
#977 = ORIENTED_EDGE('',*,*,#961,.F.);
#978 = ORIENTED_EDGE('',*,*,#979,.F.);
#979 = EDGE_CURVE('',#962,#962,#980,.T.);
#980 = CIRCLE('',#981,0.5);
#981 = AXIS2_PLACEMENT_3D('',#982,#983,#984);
#982 = CARTESIAN_POINT('',(-12.7,-11.26,0.));
#983 = DIRECTION('',(0.,0.,1.));
#984 = DIRECTION('',(1.,0.,0.));
#985 = CYLINDRICAL_SURFACE('',#986,0.5);
#986 = AXIS2_PLACEMENT_3D('',#987,#988,#989);
#987 = CARTESIAN_POINT('',(-12.7,-11.26,0.));
#988 = DIRECTION('',(-0.,-0.,-1.));
#989 = DIRECTION('',(1.,0.,0.));
#990 = ADVANCED_FACE('',(#991),#1018,.F.);
#991 = FACE_BOUND('',#992,.T.);
#992 = EDGE_LOOP('',(#993,#1003,#1010,#1011));
#993 = ORIENTED_EDGE('',*,*,#994,.T.);
#994 = EDGE_CURVE('',#995,#997,#999,.T.);
#995 = VERTEX_POINT('',#996);
#996 = CARTESIAN_POINT('',(-12.2,-8.72,0.));
#997 = VERTEX_POINT('',#998);
#998 = CARTESIAN_POINT('',(-12.2,-8.72,1.6));
#999 = LINE('',#1000,#1001);
#1000 = CARTESIAN_POINT('',(-12.2,-8.72,0.));
#1001 = VECTOR('',#1002,1.);
#1002 = DIRECTION('',(0.,0.,1.));
#1003 = ORIENTED_EDGE('',*,*,#1004,.T.);
#1004 = EDGE_CURVE('',#997,#997,#1005,.T.);
#1005 = CIRCLE('',#1006,0.5);
#1006 = AXIS2_PLACEMENT_3D('',#1007,#1008,#1009);
#1007 = CARTESIAN_POINT('',(-12.7,-8.72,1.6));
#1008 = DIRECTION('',(0.,0.,1.));
#1009 = DIRECTION('',(1.,0.,0.));
#1010 = ORIENTED_EDGE('',*,*,#994,.F.);
#1011 = ORIENTED_EDGE('',*,*,#1012,.F.);
#1012 = EDGE_CURVE('',#995,#995,#1013,.T.);
#1013 = CIRCLE('',#1014,0.5);
#1014 = AXIS2_PLACEMENT_3D('',#1015,#1016,#1017);
#1015 = CARTESIAN_POINT('',(-12.7,-8.72,0.));
#1016 = DIRECTION('',(0.,0.,1.));
#1017 = DIRECTION('',(1.,0.,0.));
#1018 = CYLINDRICAL_SURFACE('',#1019,0.5);
#1019 = AXIS2_PLACEMENT_3D('',#1020,#1021,#1022);
#1020 = CARTESIAN_POINT('',(-12.7,-8.72,0.));
#1021 = DIRECTION('',(-0.,-0.,-1.));
#1022 = DIRECTION('',(1.,0.,0.));
#1023 = ADVANCED_FACE('',(#1024),#1051,.F.);
#1024 = FACE_BOUND('',#1025,.T.);
#1025 = EDGE_LOOP('',(#1026,#1036,#1043,#1044));
#1026 = ORIENTED_EDGE('',*,*,#1027,.T.);
#1027 = EDGE_CURVE('',#1028,#1030,#1032,.T.);
#1028 = VERTEX_POINT('',#1029);
#1029 = CARTESIAN_POINT('',(-12.2,-6.18,0.));
#1030 = VERTEX_POINT('',#1031);
#1031 = CARTESIAN_POINT('',(-12.2,-6.18,1.6));
#1032 = LINE('',#1033,#1034);
#1033 = CARTESIAN_POINT('',(-12.2,-6.18,0.));
#1034 = VECTOR('',#1035,1.);
#1035 = DIRECTION('',(0.,0.,1.));
#1036 = ORIENTED_EDGE('',*,*,#1037,.T.);
#1037 = EDGE_CURVE('',#1030,#1030,#1038,.T.);
#1038 = CIRCLE('',#1039,0.5);
#1039 = AXIS2_PLACEMENT_3D('',#1040,#1041,#1042);
#1040 = CARTESIAN_POINT('',(-12.7,-6.18,1.6));
#1041 = DIRECTION('',(0.,0.,1.));
#1042 = DIRECTION('',(1.,0.,0.));
#1043 = ORIENTED_EDGE('',*,*,#1027,.F.);
#1044 = ORIENTED_EDGE('',*,*,#1045,.F.);
#1045 = EDGE_CURVE('',#1028,#1028,#1046,.T.);
#1046 = CIRCLE('',#1047,0.5);
#1047 = AXIS2_PLACEMENT_3D('',#1048,#1049,#1050);
#1048 = CARTESIAN_POINT('',(-12.7,-6.18,0.));
#1049 = DIRECTION('',(0.,0.,1.));
#1050 = DIRECTION('',(1.,0.,0.));
#1051 = CYLINDRICAL_SURFACE('',#1052,0.5);
#1052 = AXIS2_PLACEMENT_3D('',#1053,#1054,#1055);
#1053 = CARTESIAN_POINT('',(-12.7,-6.18,0.));
#1054 = DIRECTION('',(-0.,-0.,-1.));
#1055 = DIRECTION('',(1.,0.,0.));
#1056 = ADVANCED_FACE('',(#1057),#1084,.F.);
#1057 = FACE_BOUND('',#1058,.T.);
#1058 = EDGE_LOOP('',(#1059,#1069,#1076,#1077));
#1059 = ORIENTED_EDGE('',*,*,#1060,.T.);
#1060 = EDGE_CURVE('',#1061,#1063,#1065,.T.);
#1061 = VERTEX_POINT('',#1062);
#1062 = CARTESIAN_POINT('',(-12.2,-3.64,0.));
#1063 = VERTEX_POINT('',#1064);
#1064 = CARTESIAN_POINT('',(-12.2,-3.64,1.6));
#1065 = LINE('',#1066,#1067);
#1066 = CARTESIAN_POINT('',(-12.2,-3.64,0.));
#1067 = VECTOR('',#1068,1.);
#1068 = DIRECTION('',(0.,0.,1.));
#1069 = ORIENTED_EDGE('',*,*,#1070,.T.);
#1070 = EDGE_CURVE('',#1063,#1063,#1071,.T.);
#1071 = CIRCLE('',#1072,0.5);
#1072 = AXIS2_PLACEMENT_3D('',#1073,#1074,#1075);
#1073 = CARTESIAN_POINT('',(-12.7,-3.64,1.6));
#1074 = DIRECTION('',(0.,0.,1.));
#1075 = DIRECTION('',(1.,0.,0.));
#1076 = ORIENTED_EDGE('',*,*,#1060,.F.);
#1077 = ORIENTED_EDGE('',*,*,#1078,.F.);
#1078 = EDGE_CURVE('',#1061,#1061,#1079,.T.);
#1079 = CIRCLE('',#1080,0.5);
#1080 = AXIS2_PLACEMENT_3D('',#1081,#1082,#1083);
#1081 = CARTESIAN_POINT('',(-12.7,-3.64,0.));
#1082 = DIRECTION('',(0.,0.,1.));
#1083 = DIRECTION('',(1.,0.,0.));
#1084 = CYLINDRICAL_SURFACE('',#1085,0.5);
#1085 = AXIS2_PLACEMENT_3D('',#1086,#1087,#1088);
#1086 = CARTESIAN_POINT('',(-12.7,-3.64,0.));
#1087 = DIRECTION('',(-0.,-0.,-1.));
#1088 = DIRECTION('',(1.,0.,0.));
#1089 = ADVANCED_FACE('',(#1090),#1117,.F.);
#1090 = FACE_BOUND('',#1091,.T.);
#1091 = EDGE_LOOP('',(#1092,#1102,#1109,#1110));
#1092 = ORIENTED_EDGE('',*,*,#1093,.T.);
#1093 = EDGE_CURVE('',#1094,#1096,#1098,.T.);
#1094 = VERTEX_POINT('',#1095);
#1095 = CARTESIAN_POINT('',(-12.2,-1.1,0.));
#1096 = VERTEX_POINT('',#1097);
#1097 = CARTESIAN_POINT('',(-12.2,-1.1,1.6));
#1098 = LINE('',#1099,#1100);
#1099 = CARTESIAN_POINT('',(-12.2,-1.1,0.));
#1100 = VECTOR('',#1101,1.);
#1101 = DIRECTION('',(0.,0.,1.));
#1102 = ORIENTED_EDGE('',*,*,#1103,.T.);
#1103 = EDGE_CURVE('',#1096,#1096,#1104,.T.);
#1104 = CIRCLE('',#1105,0.5);
#1105 = AXIS2_PLACEMENT_3D('',#1106,#1107,#1108);
#1106 = CARTESIAN_POINT('',(-12.7,-1.1,1.6));
#1107 = DIRECTION('',(0.,0.,1.));
#1108 = DIRECTION('',(1.,0.,0.));
#1109 = ORIENTED_EDGE('',*,*,#1093,.F.);
#1110 = ORIENTED_EDGE('',*,*,#1111,.F.);
#1111 = EDGE_CURVE('',#1094,#1094,#1112,.T.);
#1112 = CIRCLE('',#1113,0.5);
#1113 = AXIS2_PLACEMENT_3D('',#1114,#1115,#1116);
#1114 = CARTESIAN_POINT('',(-12.7,-1.1,0.));
#1115 = DIRECTION('',(0.,0.,1.));
#1116 = DIRECTION('',(1.,0.,0.));
#1117 = CYLINDRICAL_SURFACE('',#1118,0.5);
#1118 = AXIS2_PLACEMENT_3D('',#1119,#1120,#1121);
#1119 = CARTESIAN_POINT('',(-12.7,-1.1,0.));
#1120 = DIRECTION('',(-0.,-0.,-1.));
#1121 = DIRECTION('',(1.,0.,0.));
#1122 = ADVANCED_FACE('',(#1123),#1150,.F.);
#1123 = FACE_BOUND('',#1124,.T.);
#1124 = EDGE_LOOP('',(#1125,#1135,#1142,#1143));
#1125 = ORIENTED_EDGE('',*,*,#1126,.T.);
#1126 = EDGE_CURVE('',#1127,#1129,#1131,.T.);
#1127 = VERTEX_POINT('',#1128);
#1128 = CARTESIAN_POINT('',(-12.2,3.98,0.));
#1129 = VERTEX_POINT('',#1130);
#1130 = CARTESIAN_POINT('',(-12.2,3.98,1.6));
#1131 = LINE('',#1132,#1133);
#1132 = CARTESIAN_POINT('',(-12.2,3.98,0.));
#1133 = VECTOR('',#1134,1.);
#1134 = DIRECTION('',(0.,0.,1.));
#1135 = ORIENTED_EDGE('',*,*,#1136,.T.);
#1136 = EDGE_CURVE('',#1129,#1129,#1137,.T.);
#1137 = CIRCLE('',#1138,0.5);
#1138 = AXIS2_PLACEMENT_3D('',#1139,#1140,#1141);
#1139 = CARTESIAN_POINT('',(-12.7,3.98,1.6));
#1140 = DIRECTION('',(0.,0.,1.));
#1141 = DIRECTION('',(1.,0.,0.));
#1142 = ORIENTED_EDGE('',*,*,#1126,.F.);
#1143 = ORIENTED_EDGE('',*,*,#1144,.F.);
#1144 = EDGE_CURVE('',#1127,#1127,#1145,.T.);
#1145 = CIRCLE('',#1146,0.5);
#1146 = AXIS2_PLACEMENT_3D('',#1147,#1148,#1149);
#1147 = CARTESIAN_POINT('',(-12.7,3.98,0.));
#1148 = DIRECTION('',(0.,0.,1.));
#1149 = DIRECTION('',(1.,0.,0.));
#1150 = CYLINDRICAL_SURFACE('',#1151,0.5);
#1151 = AXIS2_PLACEMENT_3D('',#1152,#1153,#1154);
#1152 = CARTESIAN_POINT('',(-12.7,3.98,0.));
#1153 = DIRECTION('',(-0.,-0.,-1.));
#1154 = DIRECTION('',(1.,0.,0.));
#1155 = ADVANCED_FACE('',(#1156),#1183,.F.);
#1156 = FACE_BOUND('',#1157,.T.);
#1157 = EDGE_LOOP('',(#1158,#1168,#1175,#1176));
#1158 = ORIENTED_EDGE('',*,*,#1159,.T.);
#1159 = EDGE_CURVE('',#1160,#1162,#1164,.T.);
#1160 = VERTEX_POINT('',#1161);
#1161 = CARTESIAN_POINT('',(-12.2,6.52,0.));
#1162 = VERTEX_POINT('',#1163);
#1163 = CARTESIAN_POINT('',(-12.2,6.52,1.6));
#1164 = LINE('',#1165,#1166);
#1165 = CARTESIAN_POINT('',(-12.2,6.52,0.));
#1166 = VECTOR('',#1167,1.);
#1167 = DIRECTION('',(0.,0.,1.));
#1168 = ORIENTED_EDGE('',*,*,#1169,.T.);
#1169 = EDGE_CURVE('',#1162,#1162,#1170,.T.);
#1170 = CIRCLE('',#1171,0.5);
#1171 = AXIS2_PLACEMENT_3D('',#1172,#1173,#1174);
#1172 = CARTESIAN_POINT('',(-12.7,6.52,1.6));
#1173 = DIRECTION('',(0.,0.,1.));
#1174 = DIRECTION('',(1.,0.,0.));
#1175 = ORIENTED_EDGE('',*,*,#1159,.F.);
#1176 = ORIENTED_EDGE('',*,*,#1177,.F.);
#1177 = EDGE_CURVE('',#1160,#1160,#1178,.T.);
#1178 = CIRCLE('',#1179,0.5);
#1179 = AXIS2_PLACEMENT_3D('',#1180,#1181,#1182);
#1180 = CARTESIAN_POINT('',(-12.7,6.52,0.));
#1181 = DIRECTION('',(0.,0.,1.));
#1182 = DIRECTION('',(1.,0.,0.));
#1183 = CYLINDRICAL_SURFACE('',#1184,0.5);
#1184 = AXIS2_PLACEMENT_3D('',#1185,#1186,#1187);
#1185 = CARTESIAN_POINT('',(-12.7,6.52,0.));
#1186 = DIRECTION('',(-0.,-0.,-1.));
#1187 = DIRECTION('',(1.,0.,0.));
#1188 = ADVANCED_FACE('',(#1189),#1216,.F.);
#1189 = FACE_BOUND('',#1190,.T.);
#1190 = EDGE_LOOP('',(#1191,#1201,#1208,#1209));
#1191 = ORIENTED_EDGE('',*,*,#1192,.T.);
#1192 = EDGE_CURVE('',#1193,#1195,#1197,.T.);
#1193 = VERTEX_POINT('',#1194);
#1194 = CARTESIAN_POINT('',(-12.2,9.06,0.));
#1195 = VERTEX_POINT('',#1196);
#1196 = CARTESIAN_POINT('',(-12.2,9.06,1.6));
#1197 = LINE('',#1198,#1199);
#1198 = CARTESIAN_POINT('',(-12.2,9.06,0.));
#1199 = VECTOR('',#1200,1.);
#1200 = DIRECTION('',(0.,0.,1.));
#1201 = ORIENTED_EDGE('',*,*,#1202,.T.);
#1202 = EDGE_CURVE('',#1195,#1195,#1203,.T.);
#1203 = CIRCLE('',#1204,0.5);
#1204 = AXIS2_PLACEMENT_3D('',#1205,#1206,#1207);
#1205 = CARTESIAN_POINT('',(-12.7,9.06,1.6));
#1206 = DIRECTION('',(0.,0.,1.));
#1207 = DIRECTION('',(1.,0.,0.));
#1208 = ORIENTED_EDGE('',*,*,#1192,.F.);
#1209 = ORIENTED_EDGE('',*,*,#1210,.F.);
#1210 = EDGE_CURVE('',#1193,#1193,#1211,.T.);
#1211 = CIRCLE('',#1212,0.5);
#1212 = AXIS2_PLACEMENT_3D('',#1213,#1214,#1215);
#1213 = CARTESIAN_POINT('',(-12.7,9.06,0.));
#1214 = DIRECTION('',(0.,0.,1.));
#1215 = DIRECTION('',(1.,0.,0.));
#1216 = CYLINDRICAL_SURFACE('',#1217,0.5);
#1217 = AXIS2_PLACEMENT_3D('',#1218,#1219,#1220);
#1218 = CARTESIAN_POINT('',(-12.7,9.06,0.));
#1219 = DIRECTION('',(-0.,-0.,-1.));
#1220 = DIRECTION('',(1.,0.,0.));
#1221 = ADVANCED_FACE('',(#1222),#1249,.F.);
#1222 = FACE_BOUND('',#1223,.T.);
#1223 = EDGE_LOOP('',(#1224,#1234,#1241,#1242));
#1224 = ORIENTED_EDGE('',*,*,#1225,.T.);
#1225 = EDGE_CURVE('',#1226,#1228,#1230,.T.);
#1226 = VERTEX_POINT('',#1227);
#1227 = CARTESIAN_POINT('',(-12.2,1.44,0.));
#1228 = VERTEX_POINT('',#1229);
#1229 = CARTESIAN_POINT('',(-12.2,1.44,1.6));
#1230 = LINE('',#1231,#1232);
#1231 = CARTESIAN_POINT('',(-12.2,1.44,0.));
#1232 = VECTOR('',#1233,1.);
#1233 = DIRECTION('',(0.,0.,1.));
#1234 = ORIENTED_EDGE('',*,*,#1235,.T.);
#1235 = EDGE_CURVE('',#1228,#1228,#1236,.T.);
#1236 = CIRCLE('',#1237,0.5);
#1237 = AXIS2_PLACEMENT_3D('',#1238,#1239,#1240);
#1238 = CARTESIAN_POINT('',(-12.7,1.44,1.6));
#1239 = DIRECTION('',(0.,0.,1.));
#1240 = DIRECTION('',(1.,0.,0.));
#1241 = ORIENTED_EDGE('',*,*,#1225,.F.);
#1242 = ORIENTED_EDGE('',*,*,#1243,.F.);
#1243 = EDGE_CURVE('',#1226,#1226,#1244,.T.);
#1244 = CIRCLE('',#1245,0.5);
#1245 = AXIS2_PLACEMENT_3D('',#1246,#1247,#1248);
#1246 = CARTESIAN_POINT('',(-12.7,1.44,0.));
#1247 = DIRECTION('',(0.,0.,1.));
#1248 = DIRECTION('',(1.,0.,0.));
#1249 = CYLINDRICAL_SURFACE('',#1250,0.5);
#1250 = AXIS2_PLACEMENT_3D('',#1251,#1252,#1253);
#1251 = CARTESIAN_POINT('',(-12.7,1.44,0.));
#1252 = DIRECTION('',(-0.,-0.,-1.));
#1253 = DIRECTION('',(1.,0.,0.));
#1254 = ADVANCED_FACE('',(#1255),#1282,.F.);
#1255 = FACE_BOUND('',#1256,.T.);
#1256 = EDGE_LOOP('',(#1257,#1267,#1274,#1275));
#1257 = ORIENTED_EDGE('',*,*,#1258,.T.);
#1258 = EDGE_CURVE('',#1259,#1261,#1263,.T.);
#1259 = VERTEX_POINT('',#1260);
#1260 = CARTESIAN_POINT('',(-12.2,21.76,0.));
#1261 = VERTEX_POINT('',#1262);
#1262 = CARTESIAN_POINT('',(-12.2,21.76,1.6));
#1263 = LINE('',#1264,#1265);
#1264 = CARTESIAN_POINT('',(-12.2,21.76,0.));
#1265 = VECTOR('',#1266,1.);
#1266 = DIRECTION('',(0.,0.,1.));
#1267 = ORIENTED_EDGE('',*,*,#1268,.T.);
#1268 = EDGE_CURVE('',#1261,#1261,#1269,.T.);
#1269 = CIRCLE('',#1270,0.5);
#1270 = AXIS2_PLACEMENT_3D('',#1271,#1272,#1273);
#1271 = CARTESIAN_POINT('',(-12.7,21.76,1.6));
#1272 = DIRECTION('',(0.,0.,1.));
#1273 = DIRECTION('',(1.,0.,0.));
#1274 = ORIENTED_EDGE('',*,*,#1258,.F.);
#1275 = ORIENTED_EDGE('',*,*,#1276,.F.);
#1276 = EDGE_CURVE('',#1259,#1259,#1277,.T.);
#1277 = CIRCLE('',#1278,0.5);
#1278 = AXIS2_PLACEMENT_3D('',#1279,#1280,#1281);
#1279 = CARTESIAN_POINT('',(-12.7,21.76,0.));
#1280 = DIRECTION('',(0.,0.,1.));
#1281 = DIRECTION('',(1.,0.,0.));
#1282 = CYLINDRICAL_SURFACE('',#1283,0.5);
#1283 = AXIS2_PLACEMENT_3D('',#1284,#1285,#1286);
#1284 = CARTESIAN_POINT('',(-12.7,21.76,0.));
#1285 = DIRECTION('',(-0.,-0.,-1.));
#1286 = DIRECTION('',(1.,0.,0.));
#1287 = ADVANCED_FACE('',(#1288),#1315,.F.);
#1288 = FACE_BOUND('',#1289,.T.);
#1289 = EDGE_LOOP('',(#1290,#1300,#1307,#1308));
#1290 = ORIENTED_EDGE('',*,*,#1291,.T.);
#1291 = EDGE_CURVE('',#1292,#1294,#1296,.T.);
#1292 = VERTEX_POINT('',#1293);
#1293 = CARTESIAN_POINT('',(-12.2,11.6,0.));
#1294 = VERTEX_POINT('',#1295);
#1295 = CARTESIAN_POINT('',(-12.2,11.6,1.6));
#1296 = LINE('',#1297,#1298);
#1297 = CARTESIAN_POINT('',(-12.2,11.6,0.));
#1298 = VECTOR('',#1299,1.);
#1299 = DIRECTION('',(0.,0.,1.));
#1300 = ORIENTED_EDGE('',*,*,#1301,.T.);
#1301 = EDGE_CURVE('',#1294,#1294,#1302,.T.);
#1302 = CIRCLE('',#1303,0.5);
#1303 = AXIS2_PLACEMENT_3D('',#1304,#1305,#1306);
#1304 = CARTESIAN_POINT('',(-12.7,11.6,1.6));
#1305 = DIRECTION('',(0.,0.,1.));
#1306 = DIRECTION('',(1.,0.,0.));
#1307 = ORIENTED_EDGE('',*,*,#1291,.F.);
#1308 = ORIENTED_EDGE('',*,*,#1309,.F.);
#1309 = EDGE_CURVE('',#1292,#1292,#1310,.T.);
#1310 = CIRCLE('',#1311,0.5);
#1311 = AXIS2_PLACEMENT_3D('',#1312,#1313,#1314);
#1312 = CARTESIAN_POINT('',(-12.7,11.6,0.));
#1313 = DIRECTION('',(0.,0.,1.));
#1314 = DIRECTION('',(1.,0.,0.));
#1315 = CYLINDRICAL_SURFACE('',#1316,0.5);
#1316 = AXIS2_PLACEMENT_3D('',#1317,#1318,#1319);
#1317 = CARTESIAN_POINT('',(-12.7,11.6,0.));
#1318 = DIRECTION('',(-0.,-0.,-1.));
#1319 = DIRECTION('',(1.,0.,0.));
#1320 = ADVANCED_FACE('',(#1321),#1348,.F.);
#1321 = FACE_BOUND('',#1322,.T.);
#1322 = EDGE_LOOP('',(#1323,#1333,#1340,#1341));
#1323 = ORIENTED_EDGE('',*,*,#1324,.T.);
#1324 = EDGE_CURVE('',#1325,#1327,#1329,.T.);
#1325 = VERTEX_POINT('',#1326);
#1326 = CARTESIAN_POINT('',(-12.2,14.14,0.));
#1327 = VERTEX_POINT('',#1328);
#1328 = CARTESIAN_POINT('',(-12.2,14.14,1.6));
#1329 = LINE('',#1330,#1331);
#1330 = CARTESIAN_POINT('',(-12.2,14.14,0.));
#1331 = VECTOR('',#1332,1.);
#1332 = DIRECTION('',(0.,0.,1.));
#1333 = ORIENTED_EDGE('',*,*,#1334,.T.);
#1334 = EDGE_CURVE('',#1327,#1327,#1335,.T.);
#1335 = CIRCLE('',#1336,0.5);
#1336 = AXIS2_PLACEMENT_3D('',#1337,#1338,#1339);
#1337 = CARTESIAN_POINT('',(-12.7,14.14,1.6));
#1338 = DIRECTION('',(0.,0.,1.));
#1339 = DIRECTION('',(1.,0.,0.));
#1340 = ORIENTED_EDGE('',*,*,#1324,.F.);
#1341 = ORIENTED_EDGE('',*,*,#1342,.F.);
#1342 = EDGE_CURVE('',#1325,#1325,#1343,.T.);
#1343 = CIRCLE('',#1344,0.5);
#1344 = AXIS2_PLACEMENT_3D('',#1345,#1346,#1347);
#1345 = CARTESIAN_POINT('',(-12.7,14.14,0.));
#1346 = DIRECTION('',(0.,0.,1.));
#1347 = DIRECTION('',(1.,0.,0.));
#1348 = CYLINDRICAL_SURFACE('',#1349,0.5);
#1349 = AXIS2_PLACEMENT_3D('',#1350,#1351,#1352);
#1350 = CARTESIAN_POINT('',(-12.7,14.14,0.));
#1351 = DIRECTION('',(-0.,-0.,-1.));
#1352 = DIRECTION('',(1.,0.,0.));
#1353 = ADVANCED_FACE('',(#1354),#1381,.F.);
#1354 = FACE_BOUND('',#1355,.T.);
#1355 = EDGE_LOOP('',(#1356,#1366,#1373,#1374));
#1356 = ORIENTED_EDGE('',*,*,#1357,.T.);
#1357 = EDGE_CURVE('',#1358,#1360,#1362,.T.);
#1358 = VERTEX_POINT('',#1359);
#1359 = CARTESIAN_POINT('',(-12.2,16.68,0.));
#1360 = VERTEX_POINT('',#1361);
#1361 = CARTESIAN_POINT('',(-12.2,16.68,1.6));
#1362 = LINE('',#1363,#1364);
#1363 = CARTESIAN_POINT('',(-12.2,16.68,0.));
#1364 = VECTOR('',#1365,1.);
#1365 = DIRECTION('',(0.,0.,1.));
#1366 = ORIENTED_EDGE('',*,*,#1367,.T.);
#1367 = EDGE_CURVE('',#1360,#1360,#1368,.T.);
#1368 = CIRCLE('',#1369,0.5);
#1369 = AXIS2_PLACEMENT_3D('',#1370,#1371,#1372);
#1370 = CARTESIAN_POINT('',(-12.7,16.68,1.6));
#1371 = DIRECTION('',(0.,0.,1.));
#1372 = DIRECTION('',(1.,0.,0.));
#1373 = ORIENTED_EDGE('',*,*,#1357,.F.);
#1374 = ORIENTED_EDGE('',*,*,#1375,.F.);
#1375 = EDGE_CURVE('',#1358,#1358,#1376,.T.);
#1376 = CIRCLE('',#1377,0.5);
#1377 = AXIS2_PLACEMENT_3D('',#1378,#1379,#1380);
#1378 = CARTESIAN_POINT('',(-12.7,16.68,0.));
#1379 = DIRECTION('',(0.,0.,1.));
#1380 = DIRECTION('',(1.,0.,0.));
#1381 = CYLINDRICAL_SURFACE('',#1382,0.5);
#1382 = AXIS2_PLACEMENT_3D('',#1383,#1384,#1385);
#1383 = CARTESIAN_POINT('',(-12.7,16.68,0.));
#1384 = DIRECTION('',(-0.,-0.,-1.));
#1385 = DIRECTION('',(1.,0.,0.));
#1386 = ADVANCED_FACE('',(#1387),#1414,.F.);
#1387 = FACE_BOUND('',#1388,.T.);
#1388 = EDGE_LOOP('',(#1389,#1399,#1406,#1407));
#1389 = ORIENTED_EDGE('',*,*,#1390,.T.);
#1390 = EDGE_CURVE('',#1391,#1393,#1395,.T.);
#1391 = VERTEX_POINT('',#1392);
#1392 = CARTESIAN_POINT('',(-12.2,19.22,0.));
#1393 = VERTEX_POINT('',#1394);
#1394 = CARTESIAN_POINT('',(-12.2,19.22,1.6));
#1395 = LINE('',#1396,#1397);
#1396 = CARTESIAN_POINT('',(-12.2,19.22,0.));
#1397 = VECTOR('',#1398,1.);
#1398 = DIRECTION('',(0.,0.,1.));
#1399 = ORIENTED_EDGE('',*,*,#1400,.T.);
#1400 = EDGE_CURVE('',#1393,#1393,#1401,.T.);
#1401 = CIRCLE('',#1402,0.5);
#1402 = AXIS2_PLACEMENT_3D('',#1403,#1404,#1405);
#1403 = CARTESIAN_POINT('',(-12.7,19.22,1.6));
#1404 = DIRECTION('',(0.,0.,1.));
#1405 = DIRECTION('',(1.,0.,0.));
#1406 = ORIENTED_EDGE('',*,*,#1390,.F.);
#1407 = ORIENTED_EDGE('',*,*,#1408,.F.);
#1408 = EDGE_CURVE('',#1391,#1391,#1409,.T.);
#1409 = CIRCLE('',#1410,0.5);
#1410 = AXIS2_PLACEMENT_3D('',#1411,#1412,#1413);
#1411 = CARTESIAN_POINT('',(-12.7,19.22,0.));
#1412 = DIRECTION('',(0.,0.,1.));
#1413 = DIRECTION('',(1.,0.,0.));
#1414 = CYLINDRICAL_SURFACE('',#1415,0.5);
#1415 = AXIS2_PLACEMENT_3D('',#1416,#1417,#1418);
#1416 = CARTESIAN_POINT('',(-12.7,19.22,0.));
#1417 = DIRECTION('',(-0.,-0.,-1.));
#1418 = DIRECTION('',(1.,0.,0.));
#1419 = ADVANCED_FACE('',(#1420),#1447,.F.);
#1420 = FACE_BOUND('',#1421,.T.);
#1421 = EDGE_LOOP('',(#1422,#1432,#1439,#1440));
#1422 = ORIENTED_EDGE('',*,*,#1423,.T.);
#1423 = EDGE_CURVE('',#1424,#1426,#1428,.T.);
#1424 = VERTEX_POINT('',#1425);
#1425 = CARTESIAN_POINT('',(-12.2,24.3,0.));
#1426 = VERTEX_POINT('',#1427);
#1427 = CARTESIAN_POINT('',(-12.2,24.3,1.6));
#1428 = LINE('',#1429,#1430);
#1429 = CARTESIAN_POINT('',(-12.2,24.3,0.));
#1430 = VECTOR('',#1431,1.);
#1431 = DIRECTION('',(0.,0.,1.));
#1432 = ORIENTED_EDGE('',*,*,#1433,.T.);
#1433 = EDGE_CURVE('',#1426,#1426,#1434,.T.);
#1434 = CIRCLE('',#1435,0.5);
#1435 = AXIS2_PLACEMENT_3D('',#1436,#1437,#1438);
#1436 = CARTESIAN_POINT('',(-12.7,24.3,1.6));
#1437 = DIRECTION('',(0.,0.,1.));
#1438 = DIRECTION('',(1.,0.,0.));
#1439 = ORIENTED_EDGE('',*,*,#1423,.F.);
#1440 = ORIENTED_EDGE('',*,*,#1441,.F.);
#1441 = EDGE_CURVE('',#1424,#1424,#1442,.T.);
#1442 = CIRCLE('',#1443,0.5);
#1443 = AXIS2_PLACEMENT_3D('',#1444,#1445,#1446);
#1444 = CARTESIAN_POINT('',(-12.7,24.3,0.));
#1445 = DIRECTION('',(0.,0.,1.));
#1446 = DIRECTION('',(1.,0.,0.));
#1447 = CYLINDRICAL_SURFACE('',#1448,0.5);
#1448 = AXIS2_PLACEMENT_3D('',#1449,#1450,#1451);
#1449 = CARTESIAN_POINT('',(-12.7,24.3,0.));
#1450 = DIRECTION('',(-0.,-0.,-1.));
#1451 = DIRECTION('',(1.,0.,0.));
#1452 = ADVANCED_FACE('',(#1453,#1459,#1462,#1465,#1468,#1471,#1474,
    #1477,#1480,#1483,#1486,#1489,#1492,#1495,#1498,#1501,#1504,#1507,
    #1510,#1513,#1516,#1519,#1522,#1525,#1528,#1531,#1534,#1537,#1540,
    #1543,#1546,#1549,#1552,#1555,#1558,#1561,#1564,#1567,#1570),#1573,
  .F.);
#1453 = FACE_BOUND('',#1454,.F.);
#1454 = EDGE_LOOP('',(#1455,#1456,#1457,#1458));
#1455 = ORIENTED_EDGE('',*,*,#104,.T.);
#1456 = ORIENTED_EDGE('',*,*,#135,.T.);
#1457 = ORIENTED_EDGE('',*,*,#166,.T.);
#1458 = ORIENTED_EDGE('',*,*,#188,.T.);
#1459 = FACE_BOUND('',#1460,.T.);
#1460 = EDGE_LOOP('',(#1461));
#1461 = ORIENTED_EDGE('',*,*,#220,.T.);
#1462 = FACE_BOUND('',#1463,.T.);
#1463 = EDGE_LOOP('',(#1464));
#1464 = ORIENTED_EDGE('',*,*,#253,.T.);
#1465 = FACE_BOUND('',#1466,.T.);
#1466 = EDGE_LOOP('',(#1467));
#1467 = ORIENTED_EDGE('',*,*,#286,.T.);
#1468 = FACE_BOUND('',#1469,.T.);
#1469 = EDGE_LOOP('',(#1470));
#1470 = ORIENTED_EDGE('',*,*,#319,.T.);
#1471 = FACE_BOUND('',#1472,.T.);
#1472 = EDGE_LOOP('',(#1473));
#1473 = ORIENTED_EDGE('',*,*,#352,.T.);
#1474 = FACE_BOUND('',#1475,.T.);
#1475 = EDGE_LOOP('',(#1476));
#1476 = ORIENTED_EDGE('',*,*,#385,.T.);
#1477 = FACE_BOUND('',#1478,.T.);
#1478 = EDGE_LOOP('',(#1479));
#1479 = ORIENTED_EDGE('',*,*,#418,.T.);
#1480 = FACE_BOUND('',#1481,.T.);
#1481 = EDGE_LOOP('',(#1482));
#1482 = ORIENTED_EDGE('',*,*,#451,.T.);
#1483 = FACE_BOUND('',#1484,.T.);
#1484 = EDGE_LOOP('',(#1485));
#1485 = ORIENTED_EDGE('',*,*,#484,.T.);
#1486 = FACE_BOUND('',#1487,.T.);
#1487 = EDGE_LOOP('',(#1488));
#1488 = ORIENTED_EDGE('',*,*,#517,.T.);
#1489 = FACE_BOUND('',#1490,.T.);
#1490 = EDGE_LOOP('',(#1491));
#1491 = ORIENTED_EDGE('',*,*,#550,.T.);
#1492 = FACE_BOUND('',#1493,.T.);
#1493 = EDGE_LOOP('',(#1494));
#1494 = ORIENTED_EDGE('',*,*,#583,.T.);
#1495 = FACE_BOUND('',#1496,.T.);
#1496 = EDGE_LOOP('',(#1497));
#1497 = ORIENTED_EDGE('',*,*,#616,.T.);
#1498 = FACE_BOUND('',#1499,.T.);
#1499 = EDGE_LOOP('',(#1500));
#1500 = ORIENTED_EDGE('',*,*,#649,.T.);
#1501 = FACE_BOUND('',#1502,.T.);
#1502 = EDGE_LOOP('',(#1503));
#1503 = ORIENTED_EDGE('',*,*,#682,.T.);
#1504 = FACE_BOUND('',#1505,.T.);
#1505 = EDGE_LOOP('',(#1506));
#1506 = ORIENTED_EDGE('',*,*,#715,.T.);
#1507 = FACE_BOUND('',#1508,.T.);
#1508 = EDGE_LOOP('',(#1509));
#1509 = ORIENTED_EDGE('',*,*,#748,.T.);
#1510 = FACE_BOUND('',#1511,.T.);
#1511 = EDGE_LOOP('',(#1512));
#1512 = ORIENTED_EDGE('',*,*,#781,.T.);
#1513 = FACE_BOUND('',#1514,.T.);
#1514 = EDGE_LOOP('',(#1515));
#1515 = ORIENTED_EDGE('',*,*,#814,.T.);
#1516 = FACE_BOUND('',#1517,.T.);
#1517 = EDGE_LOOP('',(#1518));
#1518 = ORIENTED_EDGE('',*,*,#847,.T.);
#1519 = FACE_BOUND('',#1520,.T.);
#1520 = EDGE_LOOP('',(#1521));
#1521 = ORIENTED_EDGE('',*,*,#880,.T.);
#1522 = FACE_BOUND('',#1523,.T.);
#1523 = EDGE_LOOP('',(#1524));
#1524 = ORIENTED_EDGE('',*,*,#913,.T.);
#1525 = FACE_BOUND('',#1526,.T.);
#1526 = EDGE_LOOP('',(#1527));
#1527 = ORIENTED_EDGE('',*,*,#946,.T.);
#1528 = FACE_BOUND('',#1529,.T.);
#1529 = EDGE_LOOP('',(#1530));
#1530 = ORIENTED_EDGE('',*,*,#979,.T.);
#1531 = FACE_BOUND('',#1532,.T.);
#1532 = EDGE_LOOP('',(#1533));
#1533 = ORIENTED_EDGE('',*,*,#1012,.T.);
#1534 = FACE_BOUND('',#1535,.T.);
#1535 = EDGE_LOOP('',(#1536));
#1536 = ORIENTED_EDGE('',*,*,#1045,.T.);
#1537 = FACE_BOUND('',#1538,.T.);
#1538 = EDGE_LOOP('',(#1539));
#1539 = ORIENTED_EDGE('',*,*,#1078,.T.);
#1540 = FACE_BOUND('',#1541,.T.);
#1541 = EDGE_LOOP('',(#1542));
#1542 = ORIENTED_EDGE('',*,*,#1111,.T.);
#1543 = FACE_BOUND('',#1544,.T.);
#1544 = EDGE_LOOP('',(#1545));
#1545 = ORIENTED_EDGE('',*,*,#1144,.T.);
#1546 = FACE_BOUND('',#1547,.T.);
#1547 = EDGE_LOOP('',(#1548));
#1548 = ORIENTED_EDGE('',*,*,#1177,.T.);
#1549 = FACE_BOUND('',#1550,.T.);
#1550 = EDGE_LOOP('',(#1551));
#1551 = ORIENTED_EDGE('',*,*,#1210,.T.);
#1552 = FACE_BOUND('',#1553,.T.);
#1553 = EDGE_LOOP('',(#1554));
#1554 = ORIENTED_EDGE('',*,*,#1243,.T.);
#1555 = FACE_BOUND('',#1556,.T.);
#1556 = EDGE_LOOP('',(#1557));
#1557 = ORIENTED_EDGE('',*,*,#1276,.T.);
#1558 = FACE_BOUND('',#1559,.T.);
#1559 = EDGE_LOOP('',(#1560));
#1560 = ORIENTED_EDGE('',*,*,#1309,.T.);
#1561 = FACE_BOUND('',#1562,.T.);
#1562 = EDGE_LOOP('',(#1563));
#1563 = ORIENTED_EDGE('',*,*,#1342,.T.);
#1564 = FACE_BOUND('',#1565,.T.);
#1565 = EDGE_LOOP('',(#1566));
#1566 = ORIENTED_EDGE('',*,*,#1375,.T.);
#1567 = FACE_BOUND('',#1568,.T.);
#1568 = EDGE_LOOP('',(#1569));
#1569 = ORIENTED_EDGE('',*,*,#1408,.T.);
#1570 = FACE_BOUND('',#1571,.T.);
#1571 = EDGE_LOOP('',(#1572));
#1572 = ORIENTED_EDGE('',*,*,#1441,.T.);
#1573 = PLANE('',#1574);
#1574 = AXIS2_PLACEMENT_3D('',#1575,#1576,#1577);
#1575 = CARTESIAN_POINT('',(3.081809231274E-15,0.540297219438,0.));
#1576 = DIRECTION('',(0.,0.,1.));
#1577 = DIRECTION('',(1.,0.,0.));
#1578 = ADVANCED_FACE('',(#1579,#1585,#1588,#1591,#1594,#1597,#1600,
    #1603,#1606,#1609,#1612,#1615,#1618,#1621,#1624,#1627,#1630,#1633,
    #1636,#1639,#1642,#1645,#1648,#1651,#1654,#1657,#1660,#1663,#1666,
    #1669,#1672,#1675,#1678,#1681,#1684,#1687,#1690,#1693,#1696),#1699,
  .T.);
#1579 = FACE_BOUND('',#1580,.T.);
#1580 = EDGE_LOOP('',(#1581,#1582,#1583,#1584));
#1581 = ORIENTED_EDGE('',*,*,#88,.T.);
#1582 = ORIENTED_EDGE('',*,*,#119,.T.);
#1583 = ORIENTED_EDGE('',*,*,#150,.T.);
#1584 = ORIENTED_EDGE('',*,*,#181,.T.);
#1585 = FACE_BOUND('',#1586,.F.);
#1586 = EDGE_LOOP('',(#1587));
#1587 = ORIENTED_EDGE('',*,*,#212,.T.);
#1588 = FACE_BOUND('',#1589,.F.);
#1589 = EDGE_LOOP('',(#1590));
#1590 = ORIENTED_EDGE('',*,*,#245,.T.);
#1591 = FACE_BOUND('',#1592,.F.);
#1592 = EDGE_LOOP('',(#1593));
#1593 = ORIENTED_EDGE('',*,*,#278,.T.);
#1594 = FACE_BOUND('',#1595,.F.);
#1595 = EDGE_LOOP('',(#1596));
#1596 = ORIENTED_EDGE('',*,*,#311,.T.);
#1597 = FACE_BOUND('',#1598,.F.);
#1598 = EDGE_LOOP('',(#1599));
#1599 = ORIENTED_EDGE('',*,*,#344,.T.);
#1600 = FACE_BOUND('',#1601,.F.);
#1601 = EDGE_LOOP('',(#1602));
#1602 = ORIENTED_EDGE('',*,*,#377,.T.);
#1603 = FACE_BOUND('',#1604,.F.);
#1604 = EDGE_LOOP('',(#1605));
#1605 = ORIENTED_EDGE('',*,*,#410,.T.);
#1606 = FACE_BOUND('',#1607,.F.);
#1607 = EDGE_LOOP('',(#1608));
#1608 = ORIENTED_EDGE('',*,*,#443,.T.);
#1609 = FACE_BOUND('',#1610,.F.);
#1610 = EDGE_LOOP('',(#1611));
#1611 = ORIENTED_EDGE('',*,*,#476,.T.);
#1612 = FACE_BOUND('',#1613,.F.);
#1613 = EDGE_LOOP('',(#1614));
#1614 = ORIENTED_EDGE('',*,*,#509,.T.);
#1615 = FACE_BOUND('',#1616,.F.);
#1616 = EDGE_LOOP('',(#1617));
#1617 = ORIENTED_EDGE('',*,*,#542,.T.);
#1618 = FACE_BOUND('',#1619,.F.);
#1619 = EDGE_LOOP('',(#1620));
#1620 = ORIENTED_EDGE('',*,*,#575,.T.);
#1621 = FACE_BOUND('',#1622,.F.);
#1622 = EDGE_LOOP('',(#1623));
#1623 = ORIENTED_EDGE('',*,*,#608,.T.);
#1624 = FACE_BOUND('',#1625,.F.);
#1625 = EDGE_LOOP('',(#1626));
#1626 = ORIENTED_EDGE('',*,*,#641,.T.);
#1627 = FACE_BOUND('',#1628,.F.);
#1628 = EDGE_LOOP('',(#1629));
#1629 = ORIENTED_EDGE('',*,*,#674,.T.);
#1630 = FACE_BOUND('',#1631,.F.);
#1631 = EDGE_LOOP('',(#1632));
#1632 = ORIENTED_EDGE('',*,*,#707,.T.);
#1633 = FACE_BOUND('',#1634,.F.);
#1634 = EDGE_LOOP('',(#1635));
#1635 = ORIENTED_EDGE('',*,*,#740,.T.);
#1636 = FACE_BOUND('',#1637,.F.);
#1637 = EDGE_LOOP('',(#1638));
#1638 = ORIENTED_EDGE('',*,*,#773,.T.);
#1639 = FACE_BOUND('',#1640,.F.);
#1640 = EDGE_LOOP('',(#1641));
#1641 = ORIENTED_EDGE('',*,*,#806,.T.);
#1642 = FACE_BOUND('',#1643,.F.);
#1643 = EDGE_LOOP('',(#1644));
#1644 = ORIENTED_EDGE('',*,*,#839,.T.);
#1645 = FACE_BOUND('',#1646,.F.);
#1646 = EDGE_LOOP('',(#1647));
#1647 = ORIENTED_EDGE('',*,*,#872,.T.);
#1648 = FACE_BOUND('',#1649,.F.);
#1649 = EDGE_LOOP('',(#1650));
#1650 = ORIENTED_EDGE('',*,*,#905,.T.);
#1651 = FACE_BOUND('',#1652,.F.);
#1652 = EDGE_LOOP('',(#1653));
#1653 = ORIENTED_EDGE('',*,*,#938,.T.);
#1654 = FACE_BOUND('',#1655,.F.);
#1655 = EDGE_LOOP('',(#1656));
#1656 = ORIENTED_EDGE('',*,*,#971,.T.);
#1657 = FACE_BOUND('',#1658,.F.);
#1658 = EDGE_LOOP('',(#1659));
#1659 = ORIENTED_EDGE('',*,*,#1004,.T.);
#1660 = FACE_BOUND('',#1661,.F.);
#1661 = EDGE_LOOP('',(#1662));
#1662 = ORIENTED_EDGE('',*,*,#1037,.T.);
#1663 = FACE_BOUND('',#1664,.F.);
#1664 = EDGE_LOOP('',(#1665));
#1665 = ORIENTED_EDGE('',*,*,#1070,.T.);
#1666 = FACE_BOUND('',#1667,.F.);
#1667 = EDGE_LOOP('',(#1668));
#1668 = ORIENTED_EDGE('',*,*,#1103,.T.);
#1669 = FACE_BOUND('',#1670,.F.);
#1670 = EDGE_LOOP('',(#1671));
#1671 = ORIENTED_EDGE('',*,*,#1136,.T.);
#1672 = FACE_BOUND('',#1673,.F.);
#1673 = EDGE_LOOP('',(#1674));
#1674 = ORIENTED_EDGE('',*,*,#1169,.T.);
#1675 = FACE_BOUND('',#1676,.F.);
#1676 = EDGE_LOOP('',(#1677));
#1677 = ORIENTED_EDGE('',*,*,#1202,.T.);
#1678 = FACE_BOUND('',#1679,.F.);
#1679 = EDGE_LOOP('',(#1680));
#1680 = ORIENTED_EDGE('',*,*,#1235,.T.);
#1681 = FACE_BOUND('',#1682,.F.);
#1682 = EDGE_LOOP('',(#1683));
#1683 = ORIENTED_EDGE('',*,*,#1268,.T.);
#1684 = FACE_BOUND('',#1685,.F.);
#1685 = EDGE_LOOP('',(#1686));
#1686 = ORIENTED_EDGE('',*,*,#1301,.T.);
#1687 = FACE_BOUND('',#1688,.F.);
#1688 = EDGE_LOOP('',(#1689));
#1689 = ORIENTED_EDGE('',*,*,#1334,.T.);
#1690 = FACE_BOUND('',#1691,.F.);
#1691 = EDGE_LOOP('',(#1692));
#1692 = ORIENTED_EDGE('',*,*,#1367,.T.);
#1693 = FACE_BOUND('',#1694,.F.);
#1694 = EDGE_LOOP('',(#1695));
#1695 = ORIENTED_EDGE('',*,*,#1400,.T.);
#1696 = FACE_BOUND('',#1697,.F.);
#1697 = EDGE_LOOP('',(#1698));
#1698 = ORIENTED_EDGE('',*,*,#1433,.T.);
#1699 = PLANE('',#1700);
#1700 = AXIS2_PLACEMENT_3D('',#1701,#1702,#1703);
#1701 = CARTESIAN_POINT('',(3.081809231274E-15,0.540297219438,1.6));
#1702 = DIRECTION('',(0.,0.,1.));
#1703 = DIRECTION('',(1.,0.,0.));
#1704 = ( GEOMETRIC_REPRESENTATION_CONTEXT(3) 
GLOBAL_UNCERTAINTY_ASSIGNED_CONTEXT((#1708)) 
GLOBAL_UNIT_ASSIGNED_CONTEXT((#1705,#1706,#1707)) REPRESENTATION_CONTEXT
('Context #1','3D Context with UNIT and UNCERTAINTY') );
#1705 = ( LENGTH_UNIT() NAMED_UNIT(*) SI_UNIT(.MILLI.,.METRE.) );
#1706 = ( NAMED_UNIT(*) PLANE_ANGLE_UNIT() SI_UNIT($,.RADIAN.) );
#1707 = ( NAMED_UNIT(*) SI_UNIT($,.STERADIAN.) SOLID_ANGLE_UNIT() );
#1708 = UNCERTAINTY_MEASURE_WITH_UNIT(LENGTH_MEASURE(1.E-07),#1705,
  'distance_accuracy_value','confusion accuracy');
#1709 = CONTEXT_DEPENDENT_SHAPE_REPRESENTATION(#1710,#1712);
#1710 = ( REPRESENTATION_RELATIONSHIP('','',#71,#10) 
REPRESENTATION_RELATIONSHIP_WITH_TRANSFORMATION(#1711) 
SHAPE_REPRESENTATION_RELATIONSHIP() );
#1711 = ITEM_DEFINED_TRANSFORMATION('','',#11,#19);
#1712 = PRODUCT_DEFINITION_SHAPE('Placement','Placement of an item',
  #1713);
#1713 = NEXT_ASSEMBLY_USAGE_OCCURRENCE('2','ESP033','',#5,#66,$);
#1714 = PRODUCT_RELATED_PRODUCT_CATEGORY('part',$,(#68));
#1715 = SHAPE_DEFINITION_REPRESENTATION(#1716,#1722);
#1716 = PRODUCT_DEFINITION_SHAPE('','',#1717);
#1717 = PRODUCT_DEFINITION('design','',#1718,#1721);
#1718 = PRODUCT_DEFINITION_FORMATION('','',#1719);
#1719 = PRODUCT('Pin Header 1','Pin Header 1','',(#1720));
#1720 = PRODUCT_CONTEXT('',#2,'mechanical');
#1721 = PRODUCT_DEFINITION_CONTEXT('part definition',#2,'design');
#1722 = ADVANCED_BREP_SHAPE_REPRESENTATION('',(#11,#1723),#8001);
#1723 = MANIFOLD_SOLID_BREP('',#1724);
#1724 = CLOSED_SHELL('',(#1725,#1751,#1785,#3085,#3116,#3140,#3164,#3188
    ,#3212,#3236,#3260,#3284,#3308,#3332,#3356,#3380,#3404,#3428,#3452,
    #3476,#3500,#3524,#3548,#3572,#3596,#3620,#3644,#3668,#3692,#3716,
    #3740,#3764,#3788,#3812,#3836,#3860,#3884,#3908,#3932,#3956,#3980,
    #4004,#4028,#4052,#4076,#4100,#4124,#4148,#4172,#4196,#4220,#4244,
    #4268,#4292,#4316,#4340,#4364,#4388,#4412,#4436,#4460,#4484,#4508,
    #4532,#4556,#4580,#4604,#4628,#4652,#4676,#4700,#4724,#4748,#4772,
    #4796,#4820,#4844,#4868,#4892,#4916,#4940,#4964,#4988,#5012,#5036,
    #5060,#5084,#5108,#5132,#5156,#5180,#5204,#5228,#5252,#5276,#5300,
    #5324,#5348,#5372,#5396,#5420,#5444,#5468,#5492,#5516,#5540,#5564,
    #5588,#5612,#5636,#5660,#5684,#5708,#5732,#5756,#5780,#5804,#5828,
    #5852,#5869,#5903,#5937,#5971,#6005,#6039,#6073,#6107,#6141,#6175,
    #6209,#6243,#6277,#6311,#6345,#6379,#6413,#6447,#6481,#6985,#6995,
    #7005,#7015,#7025,#7035,#7045,#7055,#7065,#7075,#7085,#7095,#7105,
    #7115,#7125,#7135,#7145,#7155,#7165,#7199,#7233,#7267,#7301,#7335,
    #7369,#7403,#7437,#7471,#7505,#7539,#7573,#7607,#7641,#7675,#7709,
    #7743,#7777,#7811,#7821,#7831,#7841,#7851,#7861,#7871,#7881,#7891,
    #7901,#7911,#7921,#7931,#7941,#7951,#7961,#7971,#7981,#7991));
#1725 = ADVANCED_FACE('',(#1726),#1746,.F.);
#1726 = FACE_BOUND('',#1727,.F.);
#1727 = EDGE_LOOP('',(#1728,#1739));
#1728 = ORIENTED_EDGE('',*,*,#1729,.F.);
#1729 = EDGE_CURVE('',#1730,#1732,#1734,.T.);
#1730 = VERTEX_POINT('',#1731);
#1731 = CARTESIAN_POINT('',(1.25,-2.86,-4.25));
#1732 = VERTEX_POINT('',#1733);
#1733 = CARTESIAN_POINT('',(1.25,-2.22,-4.25));
#1734 = CIRCLE('',#1735,0.32);
#1735 = AXIS2_PLACEMENT_3D('',#1736,#1737,#1738);
#1736 = CARTESIAN_POINT('',(1.25,-2.54,-4.25));
#1737 = DIRECTION('',(-2.341930812375E-31,-8.881784197001E-16,-1.));
#1738 = DIRECTION('',(3.451266460342E-31,1.,-8.881784197001E-16));
#1739 = ORIENTED_EDGE('',*,*,#1740,.F.);
#1740 = EDGE_CURVE('',#1732,#1730,#1741,.T.);
#1741 = CIRCLE('',#1742,0.32);
#1742 = AXIS2_PLACEMENT_3D('',#1743,#1744,#1745);
#1743 = CARTESIAN_POINT('',(1.25,-2.54,-4.25));
#1744 = DIRECTION('',(-2.341930812375E-31,-8.881784197001E-16,-1.));
#1745 = DIRECTION('',(3.451266460342E-31,1.,-8.881784197001E-16));
#1746 = PLANE('',#1747);
#1747 = AXIS2_PLACEMENT_3D('',#1748,#1749,#1750);
#1748 = CARTESIAN_POINT('',(1.039834884864E-14,-2.86,-4.25));
#1749 = DIRECTION('',(-1.7763568394E-15,1.627025617018E-30,1.));
#1750 = DIRECTION('',(-6.661338147751E-16,1.,-1.998401444325E-15));
#1751 = ADVANCED_FACE('',(#1752),#1780,.T.);
#1752 = FACE_BOUND('',#1753,.T.);
#1753 = EDGE_LOOP('',(#1754,#1755,#1762,#1771,#1778,#1779));
#1754 = ORIENTED_EDGE('',*,*,#1740,.F.);
#1755 = ORIENTED_EDGE('',*,*,#1756,.F.);
#1756 = EDGE_CURVE('',#1757,#1732,#1759,.T.);
#1757 = VERTEX_POINT('',#1758);
#1758 = CARTESIAN_POINT('',(1.25,-2.22,-1.25));
#1759 = B_SPLINE_CURVE_WITH_KNOTS('',1,(#1760,#1761),.UNSPECIFIED.,.F.,
  .F.,(2,2),(-3.,0.),.PIECEWISE_BEZIER_KNOTS.);
#1760 = CARTESIAN_POINT('',(1.25,-2.22,-1.25));
#1761 = CARTESIAN_POINT('',(1.25,-2.22,-4.25));
#1762 = ORIENTED_EDGE('',*,*,#1763,.T.);
#1763 = EDGE_CURVE('',#1757,#1764,#1766,.T.);
#1764 = VERTEX_POINT('',#1765);
#1765 = CARTESIAN_POINT('',(1.25,-2.86,-1.25));
#1766 = CIRCLE('',#1767,0.32);
#1767 = AXIS2_PLACEMENT_3D('',#1768,#1769,#1770);
#1768 = CARTESIAN_POINT('',(1.25,-2.54,-1.25));
#1769 = DIRECTION('',(-2.341930812375E-31,-8.881784197001E-16,-1.));
#1770 = DIRECTION('',(3.451266460342E-31,1.,-8.881784197001E-16));
#1771 = ORIENTED_EDGE('',*,*,#1772,.T.);
#1772 = EDGE_CURVE('',#1764,#1757,#1773,.T.);
#1773 = CIRCLE('',#1774,0.32);
#1774 = AXIS2_PLACEMENT_3D('',#1775,#1776,#1777);
#1775 = CARTESIAN_POINT('',(1.25,-2.54,-1.25));
#1776 = DIRECTION('',(-2.341930812375E-31,-8.881784197001E-16,-1.));
#1777 = DIRECTION('',(3.451266460342E-31,1.,-8.881784197001E-16));
#1778 = ORIENTED_EDGE('',*,*,#1756,.T.);
#1779 = ORIENTED_EDGE('',*,*,#1729,.F.);
#1780 = CYLINDRICAL_SURFACE('',#1781,0.32);
#1781 = AXIS2_PLACEMENT_3D('',#1782,#1783,#1784);
#1782 = CARTESIAN_POINT('',(1.25,-2.54,-4.25));
#1783 = DIRECTION('',(6.661338147751E-16,-2.22044604925E-16,-1.));
#1784 = DIRECTION('',(3.451266460342E-31,1.,-8.881784197001E-16));
#1785 = ADVANCED_FACE('',(#1786,#2716,#2736,#2756,#2776,#2796,#2816,
    #2836,#2856,#2876,#2896,#2916,#2920,#2940,#2960,#2980,#3000,#3020,
    #3040,#3060),#3080,.T.);
#1786 = FACE_BOUND('',#1787,.T.);
#1787 = EDGE_LOOP('',(#1788,#1798,#1806,#1814,#1822,#1830,#1838,#1846,
    #1854,#1862,#1870,#1878,#1886,#1894,#1902,#1910,#1918,#1926,#1934,
    #1942,#1950,#1958,#1966,#1974,#1982,#1990,#1998,#2006,#2014,#2022,
    #2030,#2038,#2046,#2054,#2062,#2070,#2078,#2086,#2094,#2102,#2110,
    #2118,#2126,#2134,#2142,#2150,#2158,#2166,#2174,#2182,#2190,#2198,
    #2206,#2214,#2222,#2230,#2238,#2246,#2254,#2262,#2270,#2278,#2286,
    #2294,#2302,#2310,#2318,#2326,#2334,#2342,#2350,#2358,#2366,#2374,
    #2382,#2390,#2398,#2406,#2414,#2422,#2430,#2438,#2446,#2454,#2462,
    #2470,#2478,#2486,#2494,#2502,#2510,#2518,#2526,#2534,#2542,#2550,
    #2558,#2566,#2574,#2582,#2590,#2598,#2606,#2614,#2622,#2630,#2638,
    #2646,#2654,#2662,#2670,#2678,#2686,#2694,#2702,#2710));
#1788 = ORIENTED_EDGE('',*,*,#1789,.T.);
#1789 = EDGE_CURVE('',#1790,#1792,#1794,.T.);
#1790 = VERTEX_POINT('',#1791);
#1791 = CARTESIAN_POINT('',(1.917910256511E-16,23.63,-1.25));
#1792 = VERTEX_POINT('',#1793);
#1793 = CARTESIAN_POINT('',(0.5,24.13,-1.25));
#1794 = LINE('',#1795,#1796);
#1795 = CARTESIAN_POINT('',(-5.345,18.285,-1.25));
#1796 = VECTOR('',#1797,1.);
#1797 = DIRECTION('',(0.707106781187,0.707106781187,-3.691322042573E-16)
  );
#1798 = ORIENTED_EDGE('',*,*,#1799,.T.);
#1799 = EDGE_CURVE('',#1792,#1800,#1802,.T.);
#1800 = VERTEX_POINT('',#1801);
#1801 = CARTESIAN_POINT('',(2.,24.13,-1.25));
#1802 = LINE('',#1803,#1804);
#1803 = CARTESIAN_POINT('',(-1.357580714512E-14,24.13,-1.25));
#1804 = VECTOR('',#1805,1.);
#1805 = DIRECTION('',(1.,-1.554312234475E-15,-2.22044604925E-16));
#1806 = ORIENTED_EDGE('',*,*,#1807,.F.);
#1807 = EDGE_CURVE('',#1808,#1800,#1810,.T.);
#1808 = VERTEX_POINT('',#1809);
#1809 = CARTESIAN_POINT('',(2.5,23.63,-1.25));
#1810 = LINE('',#1811,#1812);
#1811 = CARTESIAN_POINT('',(7.845,18.285,-1.25));
#1812 = VECTOR('',#1813,1.);
#1813 = DIRECTION('',(-0.707106781187,0.707106781187,-9.971691877308E-16
    ));
#1814 = ORIENTED_EDGE('',*,*,#1815,.T.);
#1815 = EDGE_CURVE('',#1808,#1816,#1818,.T.);
#1816 = VERTEX_POINT('',#1817);
#1817 = CARTESIAN_POINT('',(2.5,22.09,-1.25));
#1818 = LINE('',#1819,#1820);
#1819 = CARTESIAN_POINT('',(2.5,-23.18,-1.25));
#1820 = VECTOR('',#1821,1.);
#1821 = DIRECTION('',(2.22044604925E-16,-1.,1.554312234475E-15));
#1822 = ORIENTED_EDGE('',*,*,#1823,.F.);
#1823 = EDGE_CURVE('',#1824,#1816,#1826,.T.);
#1824 = VERTEX_POINT('',#1825);
#1825 = CARTESIAN_POINT('',(2.,21.59,-1.25));
#1826 = LINE('',#1827,#1828);
#1827 = CARTESIAN_POINT('',(-3.335,16.255,-1.25));
#1828 = VECTOR('',#1829,1.);
#1829 = DIRECTION('',(0.707106781187,0.707106781187,-3.691322042573E-16)
  );
#1830 = ORIENTED_EDGE('',*,*,#1831,.F.);
#1831 = EDGE_CURVE('',#1832,#1824,#1834,.T.);
#1832 = VERTEX_POINT('',#1833);
#1833 = CARTESIAN_POINT('',(2.5,21.09,-1.25));
#1834 = LINE('',#1835,#1836);
#1835 = CARTESIAN_POINT('',(7.21,16.38,-1.25));
#1836 = VECTOR('',#1837,1.);
#1837 = DIRECTION('',(-0.707106781187,0.707106781187,-9.971691877308E-16
    ));
#1838 = ORIENTED_EDGE('',*,*,#1839,.T.);
#1839 = EDGE_CURVE('',#1832,#1840,#1842,.T.);
#1840 = VERTEX_POINT('',#1841);
#1841 = CARTESIAN_POINT('',(2.5,19.55,-1.25));
#1842 = LINE('',#1843,#1844);
#1843 = CARTESIAN_POINT('',(2.5,-23.18,-1.25));
#1844 = VECTOR('',#1845,1.);
#1845 = DIRECTION('',(2.22044604925E-16,-1.,1.554312234475E-15));
#1846 = ORIENTED_EDGE('',*,*,#1847,.F.);
#1847 = EDGE_CURVE('',#1848,#1840,#1850,.T.);
#1848 = VERTEX_POINT('',#1849);
#1849 = CARTESIAN_POINT('',(2.,19.05,-1.25));
#1850 = LINE('',#1851,#1852);
#1851 = CARTESIAN_POINT('',(-2.7,14.35,-1.25));
#1852 = VECTOR('',#1853,1.);
#1853 = DIRECTION('',(0.707106781187,0.707106781187,-3.691322042573E-16)
  );
#1854 = ORIENTED_EDGE('',*,*,#1855,.F.);
#1855 = EDGE_CURVE('',#1856,#1848,#1858,.T.);
#1856 = VERTEX_POINT('',#1857);
#1857 = CARTESIAN_POINT('',(2.5,18.55,-1.25));
#1858 = LINE('',#1859,#1860);
#1859 = CARTESIAN_POINT('',(6.575,14.475,-1.25));
#1860 = VECTOR('',#1861,1.);
#1861 = DIRECTION('',(-0.707106781187,0.707106781187,-9.971691877308E-16
    ));
#1862 = ORIENTED_EDGE('',*,*,#1863,.T.);
#1863 = EDGE_CURVE('',#1856,#1864,#1866,.T.);
#1864 = VERTEX_POINT('',#1865);
#1865 = CARTESIAN_POINT('',(2.5,17.01,-1.25));
#1866 = LINE('',#1867,#1868);
#1867 = CARTESIAN_POINT('',(2.5,-23.18,-1.25));
#1868 = VECTOR('',#1869,1.);
#1869 = DIRECTION('',(2.22044604925E-16,-1.,1.554312234475E-15));
#1870 = ORIENTED_EDGE('',*,*,#1871,.T.);
#1871 = EDGE_CURVE('',#1864,#1872,#1874,.T.);
#1872 = VERTEX_POINT('',#1873);
#1873 = CARTESIAN_POINT('',(2.,16.51,-1.25));
#1874 = LINE('',#1875,#1876);
#1875 = CARTESIAN_POINT('',(-2.315,12.195,-1.25));
#1876 = VECTOR('',#1877,1.);
#1877 = DIRECTION('',(-0.707106781187,-0.707106781187,3.691322042573E-16
    ));
#1878 = ORIENTED_EDGE('',*,*,#1879,.T.);
#1879 = EDGE_CURVE('',#1872,#1880,#1882,.T.);
#1880 = VERTEX_POINT('',#1881);
#1881 = CARTESIAN_POINT('',(2.5,16.01,-1.25));
#1882 = LINE('',#1883,#1884);
#1883 = CARTESIAN_POINT('',(6.19,12.32,-1.25));
#1884 = VECTOR('',#1885,1.);
#1885 = DIRECTION('',(0.707106781187,-0.707106781187,9.971691877308E-16)
  );
#1886 = ORIENTED_EDGE('',*,*,#1887,.T.);
#1887 = EDGE_CURVE('',#1880,#1888,#1890,.T.);
#1888 = VERTEX_POINT('',#1889);
#1889 = CARTESIAN_POINT('',(2.5,14.47,-1.25));
#1890 = LINE('',#1891,#1892);
#1891 = CARTESIAN_POINT('',(2.5,-23.18,-1.25));
#1892 = VECTOR('',#1893,1.);
#1893 = DIRECTION('',(2.22044604925E-16,-1.,1.554312234475E-15));
#1894 = ORIENTED_EDGE('',*,*,#1895,.F.);
#1895 = EDGE_CURVE('',#1896,#1888,#1898,.T.);
#1896 = VERTEX_POINT('',#1897);
#1897 = CARTESIAN_POINT('',(2.,13.97,-1.25));
#1898 = LINE('',#1899,#1900);
#1899 = CARTESIAN_POINT('',(-1.43,10.54,-1.25));
#1900 = VECTOR('',#1901,1.);
#1901 = DIRECTION('',(0.707106781187,0.707106781187,-3.691322042573E-16)
  );
#1902 = ORIENTED_EDGE('',*,*,#1903,.F.);
#1903 = EDGE_CURVE('',#1904,#1896,#1906,.T.);
#1904 = VERTEX_POINT('',#1905);
#1905 = CARTESIAN_POINT('',(2.5,13.47,-1.25));
#1906 = LINE('',#1907,#1908);
#1907 = CARTESIAN_POINT('',(5.305,10.665,-1.25));
#1908 = VECTOR('',#1909,1.);
#1909 = DIRECTION('',(-0.707106781187,0.707106781187,-9.971691877308E-16
    ));
#1910 = ORIENTED_EDGE('',*,*,#1911,.T.);
#1911 = EDGE_CURVE('',#1904,#1912,#1914,.T.);
#1912 = VERTEX_POINT('',#1913);
#1913 = CARTESIAN_POINT('',(2.5,11.93,-1.25));
#1914 = LINE('',#1915,#1916);
#1915 = CARTESIAN_POINT('',(2.5,-23.18,-1.25));
#1916 = VECTOR('',#1917,1.);
#1917 = DIRECTION('',(2.22044604925E-16,-1.,1.554312234475E-15));
#1918 = ORIENTED_EDGE('',*,*,#1919,.T.);
#1919 = EDGE_CURVE('',#1912,#1920,#1922,.T.);
#1920 = VERTEX_POINT('',#1921);
#1921 = CARTESIAN_POINT('',(2.,11.43,-1.25));
#1922 = LINE('',#1923,#1924);
#1923 = CARTESIAN_POINT('',(-1.045,8.385,-1.25));
#1924 = VECTOR('',#1925,1.);
#1925 = DIRECTION('',(-0.707106781187,-0.707106781187,3.691322042573E-16
    ));
#1926 = ORIENTED_EDGE('',*,*,#1927,.T.);
#1927 = EDGE_CURVE('',#1920,#1928,#1930,.T.);
#1928 = VERTEX_POINT('',#1929);
#1929 = CARTESIAN_POINT('',(2.5,10.93,-1.25));
#1930 = LINE('',#1931,#1932);
#1931 = CARTESIAN_POINT('',(4.92,8.51,-1.25));
#1932 = VECTOR('',#1933,1.);
#1933 = DIRECTION('',(0.707106781187,-0.707106781187,9.971691877308E-16)
  );
#1934 = ORIENTED_EDGE('',*,*,#1935,.T.);
#1935 = EDGE_CURVE('',#1928,#1936,#1938,.T.);
#1936 = VERTEX_POINT('',#1937);
#1937 = CARTESIAN_POINT('',(2.5,9.39,-1.25));
#1938 = LINE('',#1939,#1940);
#1939 = CARTESIAN_POINT('',(2.5,-23.18,-1.25));
#1940 = VECTOR('',#1941,1.);
#1941 = DIRECTION('',(2.22044604925E-16,-1.,1.554312234475E-15));
#1942 = ORIENTED_EDGE('',*,*,#1943,.T.);
#1943 = EDGE_CURVE('',#1936,#1944,#1946,.T.);
#1944 = VERTEX_POINT('',#1945);
#1945 = CARTESIAN_POINT('',(2.,8.89,-1.25));
#1946 = LINE('',#1947,#1948);
#1947 = CARTESIAN_POINT('',(-0.41,6.48,-1.25));
#1948 = VECTOR('',#1949,1.);
#1949 = DIRECTION('',(-0.707106781187,-0.707106781187,3.691322042573E-16
    ));
#1950 = ORIENTED_EDGE('',*,*,#1951,.T.);
#1951 = EDGE_CURVE('',#1944,#1952,#1954,.T.);
#1952 = VERTEX_POINT('',#1953);
#1953 = CARTESIAN_POINT('',(2.5,8.39,-1.25));
#1954 = LINE('',#1955,#1956);
#1955 = CARTESIAN_POINT('',(4.285,6.605,-1.25));
#1956 = VECTOR('',#1957,1.);
#1957 = DIRECTION('',(0.707106781187,-0.707106781187,9.971691877308E-16)
  );
#1958 = ORIENTED_EDGE('',*,*,#1959,.T.);
#1959 = EDGE_CURVE('',#1952,#1960,#1962,.T.);
#1960 = VERTEX_POINT('',#1961);
#1961 = CARTESIAN_POINT('',(2.5,6.85,-1.25));
#1962 = LINE('',#1963,#1964);
#1963 = CARTESIAN_POINT('',(2.5,-23.18,-1.25));
#1964 = VECTOR('',#1965,1.);
#1965 = DIRECTION('',(2.22044604925E-16,-1.,1.554312234475E-15));
#1966 = ORIENTED_EDGE('',*,*,#1967,.T.);
#1967 = EDGE_CURVE('',#1960,#1968,#1970,.T.);
#1968 = VERTEX_POINT('',#1969);
#1969 = CARTESIAN_POINT('',(2.,6.35,-1.25));
#1970 = LINE('',#1971,#1972);
#1971 = CARTESIAN_POINT('',(0.225,4.575,-1.25));
#1972 = VECTOR('',#1973,1.);
#1973 = DIRECTION('',(-0.707106781187,-0.707106781187,3.691322042573E-16
    ));
#1974 = ORIENTED_EDGE('',*,*,#1975,.T.);
#1975 = EDGE_CURVE('',#1968,#1976,#1978,.T.);
#1976 = VERTEX_POINT('',#1977);
#1977 = CARTESIAN_POINT('',(2.5,5.85,-1.25));
#1978 = LINE('',#1979,#1980);
#1979 = CARTESIAN_POINT('',(3.65,4.7,-1.25));
#1980 = VECTOR('',#1981,1.);
#1981 = DIRECTION('',(0.707106781187,-0.707106781187,9.971691877308E-16)
  );
#1982 = ORIENTED_EDGE('',*,*,#1983,.T.);
#1983 = EDGE_CURVE('',#1976,#1984,#1986,.T.);
#1984 = VERTEX_POINT('',#1985);
#1985 = CARTESIAN_POINT('',(2.5,4.31,-1.25));
#1986 = LINE('',#1987,#1988);
#1987 = CARTESIAN_POINT('',(2.5,-23.18,-1.25));
#1988 = VECTOR('',#1989,1.);
#1989 = DIRECTION('',(2.22044604925E-16,-1.,1.554312234475E-15));
#1990 = ORIENTED_EDGE('',*,*,#1991,.T.);
#1991 = EDGE_CURVE('',#1984,#1992,#1994,.T.);
#1992 = VERTEX_POINT('',#1993);
#1993 = CARTESIAN_POINT('',(2.,3.81,-1.25));
#1994 = LINE('',#1995,#1996);
#1995 = CARTESIAN_POINT('',(0.86,2.67,-1.25));
#1996 = VECTOR('',#1997,1.);
#1997 = DIRECTION('',(-0.707106781187,-0.707106781187,3.691322042573E-16
    ));
#1998 = ORIENTED_EDGE('',*,*,#1999,.T.);
#1999 = EDGE_CURVE('',#1992,#2000,#2002,.T.);
#2000 = VERTEX_POINT('',#2001);
#2001 = CARTESIAN_POINT('',(2.5,3.31,-1.25));
#2002 = LINE('',#2003,#2004);
#2003 = CARTESIAN_POINT('',(3.015,2.795,-1.25));
#2004 = VECTOR('',#2005,1.);
#2005 = DIRECTION('',(0.707106781187,-0.707106781187,9.971691877308E-16)
  );
#2006 = ORIENTED_EDGE('',*,*,#2007,.T.);
#2007 = EDGE_CURVE('',#2000,#2008,#2010,.T.);
#2008 = VERTEX_POINT('',#2009);
#2009 = CARTESIAN_POINT('',(2.5,1.77,-1.25));
#2010 = LINE('',#2011,#2012);
#2011 = CARTESIAN_POINT('',(2.5,-23.18,-1.25));
#2012 = VECTOR('',#2013,1.);
#2013 = DIRECTION('',(2.22044604925E-16,-1.,1.554312234475E-15));
#2014 = ORIENTED_EDGE('',*,*,#2015,.T.);
#2015 = EDGE_CURVE('',#2008,#2016,#2018,.T.);
#2016 = VERTEX_POINT('',#2017);
#2017 = CARTESIAN_POINT('',(2.,1.27,-1.25));
#2018 = LINE('',#2019,#2020);
#2019 = CARTESIAN_POINT('',(1.495,0.765,-1.25));
#2020 = VECTOR('',#2021,1.);
#2021 = DIRECTION('',(-0.707106781187,-0.707106781187,3.691322042573E-16
    ));
#2022 = ORIENTED_EDGE('',*,*,#2023,.T.);
#2023 = EDGE_CURVE('',#2016,#2024,#2026,.T.);
#2024 = VERTEX_POINT('',#2025);
#2025 = CARTESIAN_POINT('',(2.5,0.77,-1.25));
#2026 = LINE('',#2027,#2028);
#2027 = CARTESIAN_POINT('',(2.38,0.89,-1.25));
#2028 = VECTOR('',#2029,1.);
#2029 = DIRECTION('',(0.707106781187,-0.707106781187,9.971691877308E-16)
  );
#2030 = ORIENTED_EDGE('',*,*,#2031,.T.);
#2031 = EDGE_CURVE('',#2024,#2032,#2034,.T.);
#2032 = VERTEX_POINT('',#2033);
#2033 = CARTESIAN_POINT('',(2.5,-0.77,-1.25));
#2034 = LINE('',#2035,#2036);
#2035 = CARTESIAN_POINT('',(2.5,-23.18,-1.25));
#2036 = VECTOR('',#2037,1.);
#2037 = DIRECTION('',(2.22044604925E-16,-1.,1.554312234475E-15));
#2038 = ORIENTED_EDGE('',*,*,#2039,.F.);
#2039 = EDGE_CURVE('',#2040,#2032,#2042,.T.);
#2040 = VERTEX_POINT('',#2041);
#2041 = CARTESIAN_POINT('',(2.,-1.27,-1.25));
#2042 = LINE('',#2043,#2044);
#2043 = CARTESIAN_POINT('',(2.38,-0.89,-1.25));
#2044 = VECTOR('',#2045,1.);
#2045 = DIRECTION('',(0.707106781187,0.707106781187,-3.691322042573E-16)
  );
#2046 = ORIENTED_EDGE('',*,*,#2047,.F.);
#2047 = EDGE_CURVE('',#2048,#2040,#2050,.T.);
#2048 = VERTEX_POINT('',#2049);
#2049 = CARTESIAN_POINT('',(2.5,-1.77,-1.25));
#2050 = LINE('',#2051,#2052);
#2051 = CARTESIAN_POINT('',(1.495,-0.765,-1.25));
#2052 = VECTOR('',#2053,1.);
#2053 = DIRECTION('',(-0.707106781187,0.707106781187,-9.971691877308E-16
    ));
#2054 = ORIENTED_EDGE('',*,*,#2055,.T.);
#2055 = EDGE_CURVE('',#2048,#2056,#2058,.T.);
#2056 = VERTEX_POINT('',#2057);
#2057 = CARTESIAN_POINT('',(2.5,-3.31,-1.25));
#2058 = LINE('',#2059,#2060);
#2059 = CARTESIAN_POINT('',(2.5,-23.18,-1.25));
#2060 = VECTOR('',#2061,1.);
#2061 = DIRECTION('',(2.22044604925E-16,-1.,1.554312234475E-15));
#2062 = ORIENTED_EDGE('',*,*,#2063,.F.);
#2063 = EDGE_CURVE('',#2064,#2056,#2066,.T.);
#2064 = VERTEX_POINT('',#2065);
#2065 = CARTESIAN_POINT('',(2.,-3.81,-1.25));
#2066 = LINE('',#2067,#2068);
#2067 = CARTESIAN_POINT('',(3.015,-2.795,-1.25));
#2068 = VECTOR('',#2069,1.);
#2069 = DIRECTION('',(0.707106781187,0.707106781187,-3.691322042573E-16)
  );
#2070 = ORIENTED_EDGE('',*,*,#2071,.F.);
#2071 = EDGE_CURVE('',#2072,#2064,#2074,.T.);
#2072 = VERTEX_POINT('',#2073);
#2073 = CARTESIAN_POINT('',(2.5,-4.31,-1.25));
#2074 = LINE('',#2075,#2076);
#2075 = CARTESIAN_POINT('',(0.86,-2.67,-1.25));
#2076 = VECTOR('',#2077,1.);
#2077 = DIRECTION('',(-0.707106781187,0.707106781187,-9.971691877308E-16
    ));
#2078 = ORIENTED_EDGE('',*,*,#2079,.T.);
#2079 = EDGE_CURVE('',#2072,#2080,#2082,.T.);
#2080 = VERTEX_POINT('',#2081);
#2081 = CARTESIAN_POINT('',(2.5,-5.85,-1.25));
#2082 = LINE('',#2083,#2084);
#2083 = CARTESIAN_POINT('',(2.5,-23.18,-1.25));
#2084 = VECTOR('',#2085,1.);
#2085 = DIRECTION('',(2.22044604925E-16,-1.,1.554312234475E-15));
#2086 = ORIENTED_EDGE('',*,*,#2087,.F.);
#2087 = EDGE_CURVE('',#2088,#2080,#2090,.T.);
#2088 = VERTEX_POINT('',#2089);
#2089 = CARTESIAN_POINT('',(2.,-6.35,-1.25));
#2090 = LINE('',#2091,#2092);
#2091 = CARTESIAN_POINT('',(3.65,-4.7,-1.25));
#2092 = VECTOR('',#2093,1.);
#2093 = DIRECTION('',(0.707106781187,0.707106781187,-3.691322042573E-16)
  );
#2094 = ORIENTED_EDGE('',*,*,#2095,.F.);
#2095 = EDGE_CURVE('',#2096,#2088,#2098,.T.);
#2096 = VERTEX_POINT('',#2097);
#2097 = CARTESIAN_POINT('',(2.5,-6.85,-1.25));
#2098 = LINE('',#2099,#2100);
#2099 = CARTESIAN_POINT('',(0.225,-4.575,-1.25));
#2100 = VECTOR('',#2101,1.);
#2101 = DIRECTION('',(-0.707106781187,0.707106781187,-9.971691877308E-16
    ));
#2102 = ORIENTED_EDGE('',*,*,#2103,.T.);
#2103 = EDGE_CURVE('',#2096,#2104,#2106,.T.);
#2104 = VERTEX_POINT('',#2105);
#2105 = CARTESIAN_POINT('',(2.5,-8.39,-1.25));
#2106 = LINE('',#2107,#2108);
#2107 = CARTESIAN_POINT('',(2.5,-23.18,-1.25));
#2108 = VECTOR('',#2109,1.);
#2109 = DIRECTION('',(2.22044604925E-16,-1.,1.554312234475E-15));
#2110 = ORIENTED_EDGE('',*,*,#2111,.F.);
#2111 = EDGE_CURVE('',#2112,#2104,#2114,.T.);
#2112 = VERTEX_POINT('',#2113);
#2113 = CARTESIAN_POINT('',(2.,-8.89,-1.25));
#2114 = LINE('',#2115,#2116);
#2115 = CARTESIAN_POINT('',(4.285,-6.605,-1.25));
#2116 = VECTOR('',#2117,1.);
#2117 = DIRECTION('',(0.707106781187,0.707106781187,-3.691322042573E-16)
  );
#2118 = ORIENTED_EDGE('',*,*,#2119,.F.);
#2119 = EDGE_CURVE('',#2120,#2112,#2122,.T.);
#2120 = VERTEX_POINT('',#2121);
#2121 = CARTESIAN_POINT('',(2.5,-9.39,-1.25));
#2122 = LINE('',#2123,#2124);
#2123 = CARTESIAN_POINT('',(-0.41,-6.48,-1.25));
#2124 = VECTOR('',#2125,1.);
#2125 = DIRECTION('',(-0.707106781187,0.707106781187,-9.971691877308E-16
    ));
#2126 = ORIENTED_EDGE('',*,*,#2127,.T.);
#2127 = EDGE_CURVE('',#2120,#2128,#2130,.T.);
#2128 = VERTEX_POINT('',#2129);
#2129 = CARTESIAN_POINT('',(2.5,-10.93,-1.25));
#2130 = LINE('',#2131,#2132);
#2131 = CARTESIAN_POINT('',(2.5,-23.18,-1.25));
#2132 = VECTOR('',#2133,1.);
#2133 = DIRECTION('',(2.22044604925E-16,-1.,1.554312234475E-15));
#2134 = ORIENTED_EDGE('',*,*,#2135,.F.);
#2135 = EDGE_CURVE('',#2136,#2128,#2138,.T.);
#2136 = VERTEX_POINT('',#2137);
#2137 = CARTESIAN_POINT('',(2.,-11.43,-1.25));
#2138 = LINE('',#2139,#2140);
#2139 = CARTESIAN_POINT('',(4.92,-8.51,-1.25));
#2140 = VECTOR('',#2141,1.);
#2141 = DIRECTION('',(0.707106781187,0.707106781187,-3.691322042573E-16)
  );
#2142 = ORIENTED_EDGE('',*,*,#2143,.F.);
#2143 = EDGE_CURVE('',#2144,#2136,#2146,.T.);
#2144 = VERTEX_POINT('',#2145);
#2145 = CARTESIAN_POINT('',(2.5,-11.93,-1.25));
#2146 = LINE('',#2147,#2148);
#2147 = CARTESIAN_POINT('',(-1.045,-8.385,-1.25));
#2148 = VECTOR('',#2149,1.);
#2149 = DIRECTION('',(-0.707106781187,0.707106781187,-9.971691877308E-16
    ));
#2150 = ORIENTED_EDGE('',*,*,#2151,.T.);
#2151 = EDGE_CURVE('',#2144,#2152,#2154,.T.);
#2152 = VERTEX_POINT('',#2153);
#2153 = CARTESIAN_POINT('',(2.5,-13.47,-1.25));
#2154 = LINE('',#2155,#2156);
#2155 = CARTESIAN_POINT('',(2.5,-23.18,-1.25));
#2156 = VECTOR('',#2157,1.);
#2157 = DIRECTION('',(2.22044604925E-16,-1.,1.554312234475E-15));
#2158 = ORIENTED_EDGE('',*,*,#2159,.T.);
#2159 = EDGE_CURVE('',#2152,#2160,#2162,.T.);
#2160 = VERTEX_POINT('',#2161);
#2161 = CARTESIAN_POINT('',(2.,-13.97,-1.25));
#2162 = LINE('',#2163,#2164);
#2163 = CARTESIAN_POINT('',(5.305,-10.665,-1.25));
#2164 = VECTOR('',#2165,1.);
#2165 = DIRECTION('',(-0.707106781187,-0.707106781187,3.691322042573E-16
    ));
#2166 = ORIENTED_EDGE('',*,*,#2167,.T.);
#2167 = EDGE_CURVE('',#2160,#2168,#2170,.T.);
#2168 = VERTEX_POINT('',#2169);
#2169 = CARTESIAN_POINT('',(2.5,-14.47,-1.25));
#2170 = LINE('',#2171,#2172);
#2171 = CARTESIAN_POINT('',(-1.43,-10.54,-1.25));
#2172 = VECTOR('',#2173,1.);
#2173 = DIRECTION('',(0.707106781187,-0.707106781187,9.971691877308E-16)
  );
#2174 = ORIENTED_EDGE('',*,*,#2175,.T.);
#2175 = EDGE_CURVE('',#2168,#2176,#2178,.T.);
#2176 = VERTEX_POINT('',#2177);
#2177 = CARTESIAN_POINT('',(2.5,-16.01,-1.25));
#2178 = LINE('',#2179,#2180);
#2179 = CARTESIAN_POINT('',(2.5,-23.18,-1.25));
#2180 = VECTOR('',#2181,1.);
#2181 = DIRECTION('',(2.22044604925E-16,-1.,1.554312234475E-15));
#2182 = ORIENTED_EDGE('',*,*,#2183,.F.);
#2183 = EDGE_CURVE('',#2184,#2176,#2186,.T.);
#2184 = VERTEX_POINT('',#2185);
#2185 = CARTESIAN_POINT('',(2.,-16.51,-1.25));
#2186 = LINE('',#2187,#2188);
#2187 = CARTESIAN_POINT('',(6.19,-12.32,-1.25));
#2188 = VECTOR('',#2189,1.);
#2189 = DIRECTION('',(0.707106781187,0.707106781187,-3.691322042573E-16)
  );
#2190 = ORIENTED_EDGE('',*,*,#2191,.F.);
#2191 = EDGE_CURVE('',#2192,#2184,#2194,.T.);
#2192 = VERTEX_POINT('',#2193);
#2193 = CARTESIAN_POINT('',(2.5,-17.01,-1.25));
#2194 = LINE('',#2195,#2196);
#2195 = CARTESIAN_POINT('',(-2.315,-12.195,-1.25));
#2196 = VECTOR('',#2197,1.);
#2197 = DIRECTION('',(-0.707106781187,0.707106781187,-9.971691877308E-16
    ));
#2198 = ORIENTED_EDGE('',*,*,#2199,.T.);
#2199 = EDGE_CURVE('',#2192,#2200,#2202,.T.);
#2200 = VERTEX_POINT('',#2201);
#2201 = CARTESIAN_POINT('',(2.5,-18.55,-1.25));
#2202 = LINE('',#2203,#2204);
#2203 = CARTESIAN_POINT('',(2.5,-23.18,-1.25));
#2204 = VECTOR('',#2205,1.);
#2205 = DIRECTION('',(2.22044604925E-16,-1.,1.554312234475E-15));
#2206 = ORIENTED_EDGE('',*,*,#2207,.T.);
#2207 = EDGE_CURVE('',#2200,#2208,#2210,.T.);
#2208 = VERTEX_POINT('',#2209);
#2209 = CARTESIAN_POINT('',(2.,-19.05,-1.25));
#2210 = LINE('',#2211,#2212);
#2211 = CARTESIAN_POINT('',(6.575,-14.475,-1.25));
#2212 = VECTOR('',#2213,1.);
#2213 = DIRECTION('',(-0.707106781187,-0.707106781187,3.691322042573E-16
    ));
#2214 = ORIENTED_EDGE('',*,*,#2215,.T.);
#2215 = EDGE_CURVE('',#2208,#2216,#2218,.T.);
#2216 = VERTEX_POINT('',#2217);
#2217 = CARTESIAN_POINT('',(2.5,-19.55,-1.25));
#2218 = LINE('',#2219,#2220);
#2219 = CARTESIAN_POINT('',(-2.7,-14.35,-1.25));
#2220 = VECTOR('',#2221,1.);
#2221 = DIRECTION('',(0.707106781187,-0.707106781187,9.971691877308E-16)
  );
#2222 = ORIENTED_EDGE('',*,*,#2223,.T.);
#2223 = EDGE_CURVE('',#2216,#2224,#2226,.T.);
#2224 = VERTEX_POINT('',#2225);
#2225 = CARTESIAN_POINT('',(2.5,-21.09,-1.25));
#2226 = LINE('',#2227,#2228);
#2227 = CARTESIAN_POINT('',(2.5,-23.18,-1.25));
#2228 = VECTOR('',#2229,1.);
#2229 = DIRECTION('',(2.22044604925E-16,-1.,1.554312234475E-15));
#2230 = ORIENTED_EDGE('',*,*,#2231,.T.);
#2231 = EDGE_CURVE('',#2224,#2232,#2234,.T.);
#2232 = VERTEX_POINT('',#2233);
#2233 = CARTESIAN_POINT('',(2.,-21.59,-1.25));
#2234 = LINE('',#2235,#2236);
#2235 = CARTESIAN_POINT('',(7.21,-16.38,-1.25));
#2236 = VECTOR('',#2237,1.);
#2237 = DIRECTION('',(-0.707106781187,-0.707106781187,3.691322042573E-16
    ));
#2238 = ORIENTED_EDGE('',*,*,#2239,.T.);
#2239 = EDGE_CURVE('',#2232,#2240,#2242,.T.);
#2240 = VERTEX_POINT('',#2241);
#2241 = CARTESIAN_POINT('',(2.5,-22.09,-1.25));
#2242 = LINE('',#2243,#2244);
#2243 = CARTESIAN_POINT('',(-3.335,-16.255,-1.25));
#2244 = VECTOR('',#2245,1.);
#2245 = DIRECTION('',(0.707106781187,-0.707106781187,9.971691877308E-16)
  );
#2246 = ORIENTED_EDGE('',*,*,#2247,.T.);
#2247 = EDGE_CURVE('',#2240,#2248,#2250,.T.);
#2248 = VERTEX_POINT('',#2249);
#2249 = CARTESIAN_POINT('',(2.5,-23.63,-1.25));
#2250 = LINE('',#2251,#2252);
#2251 = CARTESIAN_POINT('',(2.5,-23.18,-1.25));
#2252 = VECTOR('',#2253,1.);
#2253 = DIRECTION('',(2.22044604925E-16,-1.,1.554312234475E-15));
#2254 = ORIENTED_EDGE('',*,*,#2255,.T.);
#2255 = EDGE_CURVE('',#2248,#2256,#2258,.T.);
#2256 = VERTEX_POINT('',#2257);
#2257 = CARTESIAN_POINT('',(2.,-24.13,-1.25));
#2258 = LINE('',#2259,#2260);
#2259 = CARTESIAN_POINT('',(7.845,-18.285,-1.25));
#2260 = VECTOR('',#2261,1.);
#2261 = DIRECTION('',(-0.707106781187,-0.707106781187,3.691322042573E-16
    ));
#2262 = ORIENTED_EDGE('',*,*,#2263,.F.);
#2263 = EDGE_CURVE('',#2264,#2256,#2266,.T.);
#2264 = VERTEX_POINT('',#2265);
#2265 = CARTESIAN_POINT('',(0.5,-24.13,-1.25));
#2266 = LINE('',#2267,#2268);
#2267 = CARTESIAN_POINT('',(1.857181075593E-14,-24.13,-1.25));
#2268 = VECTOR('',#2269,1.);
#2269 = DIRECTION('',(1.,-1.554312234475E-15,-2.22044604925E-16));
#2270 = ORIENTED_EDGE('',*,*,#2271,.F.);
#2271 = EDGE_CURVE('',#2272,#2264,#2274,.T.);
#2272 = VERTEX_POINT('',#2273);
#2273 = CARTESIAN_POINT('',(5.43870504003E-15,-23.63,-1.25));
#2274 = LINE('',#2275,#2276);
#2275 = CARTESIAN_POINT('',(-5.345,-18.285,-1.25));
#2276 = VECTOR('',#2277,1.);
#2277 = DIRECTION('',(0.707106781187,-0.707106781187,9.971691877308E-16)
  );
#2278 = ORIENTED_EDGE('',*,*,#2279,.F.);
#2279 = EDGE_CURVE('',#2280,#2272,#2282,.T.);
#2280 = VERTEX_POINT('',#2281);
#2281 = CARTESIAN_POINT('',(5.267730694237E-15,-22.09,-1.25));
#2282 = LINE('',#2283,#2284);
#2283 = CARTESIAN_POINT('',(-3.415046023747E-15,24.13,-1.25));
#2284 = VECTOR('',#2285,1.);
#2285 = DIRECTION('',(2.22044604925E-16,-1.,1.554312234475E-15));
#2286 = ORIENTED_EDGE('',*,*,#2287,.T.);
#2287 = EDGE_CURVE('',#2280,#2288,#2290,.T.);
#2288 = VERTEX_POINT('',#2289);
#2289 = CARTESIAN_POINT('',(0.5,-21.59,-1.25));
#2290 = LINE('',#2291,#2292);
#2291 = CARTESIAN_POINT('',(6.085,-16.005,-1.25));
#2292 = VECTOR('',#2293,1.);
#2293 = DIRECTION('',(0.707106781187,0.707106781187,-3.691322042573E-16)
  );
#2294 = ORIENTED_EDGE('',*,*,#2295,.F.);
#2295 = EDGE_CURVE('',#2296,#2288,#2298,.T.);
#2296 = VERTEX_POINT('',#2297);
#2297 = CARTESIAN_POINT('',(4.876932194069E-15,-21.09,-1.25));
#2298 = LINE('',#2299,#2300);
#2299 = CARTESIAN_POINT('',(-4.71,-16.38,-1.25));
#2300 = VECTOR('',#2301,1.);
#2301 = DIRECTION('',(0.707106781187,-0.707106781187,9.971691877308E-16)
  );
#2302 = ORIENTED_EDGE('',*,*,#2303,.F.);
#2303 = EDGE_CURVE('',#2304,#2296,#2306,.T.);
#2304 = VERTEX_POINT('',#2305);
#2305 = CARTESIAN_POINT('',(4.701794509288E-15,-19.55,-1.25));
#2306 = LINE('',#2307,#2308);
#2307 = CARTESIAN_POINT('',(-3.415046023747E-15,24.13,-1.25));
#2308 = VECTOR('',#2309,1.);
#2309 = DIRECTION('',(2.22044604925E-16,-1.,1.554312234475E-15));
#2310 = ORIENTED_EDGE('',*,*,#2311,.F.);
#2311 = EDGE_CURVE('',#2312,#2304,#2314,.T.);
#2312 = VERTEX_POINT('',#2313);
#2313 = CARTESIAN_POINT('',(0.5,-19.05,-1.25));
#2314 = LINE('',#2315,#2316);
#2315 = CARTESIAN_POINT('',(5.2,-14.35,-1.25));
#2316 = VECTOR('',#2317,1.);
#2317 = DIRECTION('',(-0.707106781187,-0.707106781187,3.691322042573E-16
    ));
#2318 = ORIENTED_EDGE('',*,*,#2319,.F.);
#2319 = EDGE_CURVE('',#2320,#2312,#2322,.T.);
#2320 = VERTEX_POINT('',#2321);
#2321 = CARTESIAN_POINT('',(4.59493554052E-15,-18.55,-1.25));
#2322 = LINE('',#2323,#2324);
#2323 = CARTESIAN_POINT('',(-4.075,-14.475,-1.25));
#2324 = VECTOR('',#2325,1.);
#2325 = DIRECTION('',(0.707106781187,-0.707106781187,9.971691877308E-16)
  );
#2326 = ORIENTED_EDGE('',*,*,#2327,.F.);
#2327 = EDGE_CURVE('',#2328,#2320,#2330,.T.);
#2328 = VERTEX_POINT('',#2329);
#2329 = CARTESIAN_POINT('',(4.144184995699E-15,-17.01,-1.25));
#2330 = LINE('',#2331,#2332);
#2331 = CARTESIAN_POINT('',(-3.415046023747E-15,24.13,-1.25));
#2332 = VECTOR('',#2333,1.);
#2333 = DIRECTION('',(2.22044604925E-16,-1.,1.554312234475E-15));
#2334 = ORIENTED_EDGE('',*,*,#2335,.T.);
#2335 = EDGE_CURVE('',#2328,#2336,#2338,.T.);
#2336 = VERTEX_POINT('',#2337);
#2337 = CARTESIAN_POINT('',(0.5,-16.51,-1.25));
#2338 = LINE('',#2339,#2340);
#2339 = CARTESIAN_POINT('',(4.815,-12.195,-1.25));
#2340 = VECTOR('',#2341,1.);
#2341 = DIRECTION('',(0.707106781187,0.707106781187,-3.691322042573E-16)
  );
#2342 = ORIENTED_EDGE('',*,*,#2343,.T.);
#2343 = EDGE_CURVE('',#2336,#2344,#2346,.T.);
#2344 = VERTEX_POINT('',#2345);
#2345 = CARTESIAN_POINT('',(4.026778910315E-15,-16.01,-1.25));
#2346 = LINE('',#2347,#2348);
#2347 = CARTESIAN_POINT('',(-3.69,-12.32,-1.25));
#2348 = VECTOR('',#2349,1.);
#2349 = DIRECTION('',(-0.707106781187,0.707106781187,-9.971691877308E-16
    ));
#2350 = ORIENTED_EDGE('',*,*,#2351,.F.);
#2351 = EDGE_CURVE('',#2352,#2344,#2354,.T.);
#2352 = VERTEX_POINT('',#2353);
#2353 = CARTESIAN_POINT('',(3.573807916268E-15,-14.47,-1.25));
#2354 = LINE('',#2355,#2356);
#2355 = CARTESIAN_POINT('',(-3.415046023747E-15,24.13,-1.25));
#2356 = VECTOR('',#2357,1.);
#2357 = DIRECTION('',(2.22044604925E-16,-1.,1.554312234475E-15));
#2358 = ORIENTED_EDGE('',*,*,#2359,.F.);
#2359 = EDGE_CURVE('',#2360,#2352,#2362,.T.);
#2360 = VERTEX_POINT('',#2361);
#2361 = CARTESIAN_POINT('',(0.5,-13.97,-1.25));
#2362 = LINE('',#2363,#2364);
#2363 = CARTESIAN_POINT('',(3.93,-10.54,-1.25));
#2364 = VECTOR('',#2365,1.);
#2365 = DIRECTION('',(-0.707106781187,-0.707106781187,3.691322042573E-16
    ));
#2366 = ORIENTED_EDGE('',*,*,#2367,.F.);
#2367 = EDGE_CURVE('',#2368,#2360,#2370,.T.);
#2368 = VERTEX_POINT('',#2369);
#2369 = CARTESIAN_POINT('',(3.471389840659E-15,-13.47,-1.25));
#2370 = LINE('',#2371,#2372);
#2371 = CARTESIAN_POINT('',(-2.805,-10.665,-1.25));
#2372 = VECTOR('',#2373,1.);
#2373 = DIRECTION('',(0.707106781187,-0.707106781187,9.971691877308E-16)
  );
#2374 = ORIENTED_EDGE('',*,*,#2375,.F.);
#2375 = EDGE_CURVE('',#2376,#2368,#2378,.T.);
#2376 = VERTEX_POINT('',#2377);
#2377 = CARTESIAN_POINT('',(3.009814619759E-15,-11.93,-1.25));
#2378 = LINE('',#2379,#2380);
#2379 = CARTESIAN_POINT('',(-3.415046023747E-15,24.13,-1.25));
#2380 = VECTOR('',#2381,1.);
#2381 = DIRECTION('',(2.22044604925E-16,-1.,1.554312234475E-15));
#2382 = ORIENTED_EDGE('',*,*,#2383,.F.);
#2383 = EDGE_CURVE('',#2384,#2376,#2386,.T.);
#2384 = VERTEX_POINT('',#2385);
#2385 = CARTESIAN_POINT('',(0.5,-11.43,-1.25));
#2386 = LINE('',#2387,#2388);
#2387 = CARTESIAN_POINT('',(3.295,-8.635,-1.25));
#2388 = VECTOR('',#2389,1.);
#2389 = DIRECTION('',(-0.707106781187,-0.707106781187,3.691322042573E-16
    ));
#2390 = ORIENTED_EDGE('',*,*,#2391,.F.);
#2391 = EDGE_CURVE('',#2392,#2384,#2394,.T.);
#2392 = VERTEX_POINT('',#2393);
#2393 = CARTESIAN_POINT('',(2.909616994698E-15,-10.93,-1.25));
#2394 = LINE('',#2395,#2396);
#2395 = CARTESIAN_POINT('',(-2.17,-8.76,-1.25));
#2396 = VECTOR('',#2397,1.);
#2397 = DIRECTION('',(0.707106781187,-0.707106781187,9.971691877308E-16)
  );
#2398 = ORIENTED_EDGE('',*,*,#2399,.F.);
#2399 = EDGE_CURVE('',#2400,#2392,#2402,.T.);
#2400 = VERTEX_POINT('',#2401);
#2401 = CARTESIAN_POINT('',(2.458866444583E-15,-9.39,-1.25));
#2402 = LINE('',#2403,#2404);
#2403 = CARTESIAN_POINT('',(-3.415046023747E-15,24.13,-1.25));
#2404 = VECTOR('',#2405,1.);
#2405 = DIRECTION('',(2.22044604925E-16,-1.,1.554312234475E-15));
#2406 = ORIENTED_EDGE('',*,*,#2407,.T.);
#2407 = EDGE_CURVE('',#2400,#2408,#2410,.T.);
#2408 = VERTEX_POINT('',#2409);
#2409 = CARTESIAN_POINT('',(0.5,-8.89,-1.25));
#2410 = LINE('',#2411,#2412);
#2411 = CARTESIAN_POINT('',(2.91,-6.48,-1.25));
#2412 = VECTOR('',#2413,1.);
#2413 = DIRECTION('',(0.707106781187,0.707106781187,-3.691322042573E-16)
  );
#2414 = ORIENTED_EDGE('',*,*,#2415,.T.);
#2415 = EDGE_CURVE('',#2408,#2416,#2418,.T.);
#2416 = VERTEX_POINT('',#2417);
#2417 = CARTESIAN_POINT('',(2.334799020787E-15,-8.39,-1.25));
#2418 = LINE('',#2419,#2420);
#2419 = CARTESIAN_POINT('',(-1.785,-6.605,-1.25));
#2420 = VECTOR('',#2421,1.);
#2421 = DIRECTION('',(-0.707106781187,0.707106781187,-9.971691877308E-16
    ));
#2422 = ORIENTED_EDGE('',*,*,#2423,.F.);
#2423 = EDGE_CURVE('',#2424,#2416,#2426,.T.);
#2424 = VERTEX_POINT('',#2425);
#2425 = CARTESIAN_POINT('',(1.897093592005E-15,-6.85,-1.25));
#2426 = LINE('',#2427,#2428);
#2427 = CARTESIAN_POINT('',(-3.415046023747E-15,24.13,-1.25));
#2428 = VECTOR('',#2429,1.);
#2429 = DIRECTION('',(2.22044604925E-16,-1.,1.554312234475E-15));
#2430 = ORIENTED_EDGE('',*,*,#2431,.T.);
#2431 = EDGE_CURVE('',#2424,#2432,#2434,.T.);
#2432 = VERTEX_POINT('',#2433);
#2433 = CARTESIAN_POINT('',(0.5,-6.35,-1.25));
#2434 = LINE('',#2435,#2436);
#2435 = CARTESIAN_POINT('',(2.275,-4.575,-1.25));
#2436 = VECTOR('',#2437,1.);
#2437 = DIRECTION('',(0.707106781187,0.707106781187,-3.691322042573E-16)
  );
#2438 = ORIENTED_EDGE('',*,*,#2439,.T.);
#2439 = EDGE_CURVE('',#2432,#2440,#2442,.T.);
#2440 = VERTEX_POINT('',#2441);
#2441 = CARTESIAN_POINT('',(1.770805724277E-15,-5.85,-1.25));
#2442 = LINE('',#2443,#2444);
#2443 = CARTESIAN_POINT('',(-1.15,-4.7,-1.25));
#2444 = VECTOR('',#2445,1.);
#2445 = DIRECTION('',(-0.707106781187,0.707106781187,-9.971691877308E-16
    ));
#2446 = ORIENTED_EDGE('',*,*,#2447,.F.);
#2447 = EDGE_CURVE('',#2448,#2440,#2450,.T.);
#2448 = VERTEX_POINT('',#2449);
#2449 = CARTESIAN_POINT('',(1.335320746044E-15,-4.31,-1.25));
#2450 = LINE('',#2451,#2452);
#2451 = CARTESIAN_POINT('',(-3.415046023747E-15,24.13,-1.25));
#2452 = VECTOR('',#2453,1.);
#2453 = DIRECTION('',(2.22044604925E-16,-1.,1.554312234475E-15));
#2454 = ORIENTED_EDGE('',*,*,#2455,.T.);
#2455 = EDGE_CURVE('',#2448,#2456,#2458,.T.);
#2456 = VERTEX_POINT('',#2457);
#2457 = CARTESIAN_POINT('',(0.5,-3.81,-1.25));
#2458 = LINE('',#2459,#2460);
#2459 = CARTESIAN_POINT('',(1.64,-2.67,-1.25));
#2460 = VECTOR('',#2461,1.);
#2461 = DIRECTION('',(0.707106781187,0.707106781187,-3.691322042573E-16)
  );
#2462 = ORIENTED_EDGE('',*,*,#2463,.T.);
#2463 = EDGE_CURVE('',#2456,#2464,#2466,.T.);
#2464 = VERTEX_POINT('',#2465);
#2465 = CARTESIAN_POINT('',(1.206812427768E-15,-3.31,-1.25));
#2466 = LINE('',#2467,#2468);
#2467 = CARTESIAN_POINT('',(-0.515,-2.795,-1.25));
#2468 = VECTOR('',#2469,1.);
#2469 = DIRECTION('',(-0.707106781187,0.707106781187,-9.971691877308E-16
    ));
#2470 = ORIENTED_EDGE('',*,*,#2471,.F.);
#2471 = EDGE_CURVE('',#2472,#2464,#2474,.T.);
#2472 = VERTEX_POINT('',#2473);
#2473 = CARTESIAN_POINT('',(7.596701056586E-16,-1.77,-1.25));
#2474 = LINE('',#2475,#2476);
#2475 = CARTESIAN_POINT('',(-3.415046023747E-15,24.13,-1.25));
#2476 = VECTOR('',#2477,1.);
#2477 = DIRECTION('',(2.22044604925E-16,-1.,1.554312234475E-15));
#2478 = ORIENTED_EDGE('',*,*,#2479,.T.);
#2479 = EDGE_CURVE('',#2472,#2480,#2482,.T.);
#2480 = VERTEX_POINT('',#2481);
#2481 = CARTESIAN_POINT('',(0.5,-1.27,-1.25));
#2482 = LINE('',#2483,#2484);
#2483 = CARTESIAN_POINT('',(1.005,-0.765,-1.25));
#2484 = VECTOR('',#2485,1.);
#2485 = DIRECTION('',(0.707106781187,0.707106781187,-3.691322042573E-16)
  );
#2486 = ORIENTED_EDGE('',*,*,#2487,.T.);
#2487 = EDGE_CURVE('',#2480,#2488,#2490,.T.);
#2488 = VERTEX_POINT('',#2489);
#2489 = CARTESIAN_POINT('',(6.42819131258E-16,-0.77,-1.25));
#2490 = LINE('',#2491,#2492);
#2491 = CARTESIAN_POINT('',(0.12,-0.89,-1.25));
#2492 = VECTOR('',#2493,1.);
#2493 = DIRECTION('',(-0.707106781187,0.707106781187,-9.971691877308E-16
    ));
#2494 = ORIENTED_EDGE('',*,*,#2495,.F.);
#2495 = EDGE_CURVE('',#2496,#2488,#2498,.T.);
#2496 = VERTEX_POINT('',#2497);
#2497 = CARTESIAN_POINT('',(4.718447854657E-16,0.77,-1.25));
#2498 = LINE('',#2499,#2500);
#2499 = CARTESIAN_POINT('',(-3.415046023747E-15,24.13,-1.25));
#2500 = VECTOR('',#2501,1.);
#2501 = DIRECTION('',(2.22044604925E-16,-1.,1.554312234475E-15));
#2502 = ORIENTED_EDGE('',*,*,#2503,.F.);
#2503 = EDGE_CURVE('',#2504,#2496,#2506,.T.);
#2504 = VERTEX_POINT('',#2505);
#2505 = CARTESIAN_POINT('',(0.5,1.27,-1.25));
#2506 = LINE('',#2507,#2508);
#2507 = CARTESIAN_POINT('',(0.12,0.89,-1.25));
#2508 = VECTOR('',#2509,1.);
#2509 = DIRECTION('',(-0.707106781187,-0.707106781187,3.691322042573E-16
    ));
#2510 = ORIENTED_EDGE('',*,*,#2511,.F.);
#2511 = EDGE_CURVE('',#2512,#2504,#2514,.T.);
#2512 = VERTEX_POINT('',#2513);
#2513 = CARTESIAN_POINT('',(3.666511549413E-16,1.77,-1.25));
#2514 = LINE('',#2515,#2516);
#2515 = CARTESIAN_POINT('',(1.005,0.765,-1.25));
#2516 = VECTOR('',#2517,1.);
#2517 = DIRECTION('',(0.707106781187,-0.707106781187,9.971691877308E-16)
  );
#2518 = ORIENTED_EDGE('',*,*,#2519,.F.);
#2519 = EDGE_CURVE('',#2520,#2512,#2522,.T.);
#2520 = VERTEX_POINT('',#2521);
#2521 = CARTESIAN_POINT('',(4.718447854657E-16,3.31,-1.25));
#2522 = LINE('',#2523,#2524);
#2523 = CARTESIAN_POINT('',(-3.415046023747E-15,24.13,-1.25));
#2524 = VECTOR('',#2525,1.);
#2525 = DIRECTION('',(2.22044604925E-16,-1.,1.554312234475E-15));
#2526 = ORIENTED_EDGE('',*,*,#2527,.F.);
#2527 = EDGE_CURVE('',#2528,#2520,#2530,.T.);
#2528 = VERTEX_POINT('',#2529);
#2529 = CARTESIAN_POINT('',(0.5,3.81,-1.25));
#2530 = LINE('',#2531,#2532);
#2531 = CARTESIAN_POINT('',(-0.515,2.795,-1.25));
#2532 = VECTOR('',#2533,1.);
#2533 = DIRECTION('',(-0.707106781187,-0.707106781187,3.691322042573E-16
    ));
#2534 = ORIENTED_EDGE('',*,*,#2535,.F.);
#2535 = EDGE_CURVE('',#2536,#2528,#2538,.T.);
#2536 = VERTEX_POINT('',#2537);
#2537 = CARTESIAN_POINT('',(3.680389326632E-16,4.31,-1.25));
#2538 = LINE('',#2539,#2540);
#2539 = CARTESIAN_POINT('',(1.64,2.67,-1.25));
#2540 = VECTOR('',#2541,1.);
#2541 = DIRECTION('',(0.707106781187,-0.707106781187,9.971691877308E-16)
  );
#2542 = ORIENTED_EDGE('',*,*,#2543,.F.);
#2543 = EDGE_CURVE('',#2544,#2536,#2546,.T.);
#2544 = VERTEX_POINT('',#2545);
#2545 = CARTESIAN_POINT('',(4.718447854657E-16,5.85,-1.25));
#2546 = LINE('',#2547,#2548);
#2547 = CARTESIAN_POINT('',(-3.415046023747E-15,24.13,-1.25));
#2548 = VECTOR('',#2549,1.);
#2549 = DIRECTION('',(2.22044604925E-16,-1.,1.554312234475E-15));
#2550 = ORIENTED_EDGE('',*,*,#2551,.F.);
#2551 = EDGE_CURVE('',#2552,#2544,#2554,.T.);
#2552 = VERTEX_POINT('',#2553);
#2553 = CARTESIAN_POINT('',(0.5,6.35,-1.25));
#2554 = LINE('',#2555,#2556);
#2555 = CARTESIAN_POINT('',(-1.15,4.7,-1.25));
#2556 = VECTOR('',#2557,1.);
#2557 = DIRECTION('',(-0.707106781187,-0.707106781187,3.691322042573E-16
    ));
#2558 = ORIENTED_EDGE('',*,*,#2559,.F.);
#2559 = EDGE_CURVE('',#2560,#2552,#2562,.T.);
#2560 = VERTEX_POINT('',#2561);
#2561 = CARTESIAN_POINT('',(3.622102604605E-16,6.85,-1.25));
#2562 = LINE('',#2563,#2564);
#2563 = CARTESIAN_POINT('',(2.275,4.575,-1.25));
#2564 = VECTOR('',#2565,1.);
#2565 = DIRECTION('',(0.707106781187,-0.707106781187,9.971691877308E-16)
  );
#2566 = ORIENTED_EDGE('',*,*,#2567,.F.);
#2567 = EDGE_CURVE('',#2568,#2560,#2570,.T.);
#2568 = VERTEX_POINT('',#2569);
#2569 = CARTESIAN_POINT('',(4.718447854657E-16,8.39,-1.25));
#2570 = LINE('',#2571,#2572);
#2571 = CARTESIAN_POINT('',(-3.415046023747E-15,24.13,-1.25));
#2572 = VECTOR('',#2573,1.);
#2573 = DIRECTION('',(2.22044604925E-16,-1.,1.554312234475E-15));
#2574 = ORIENTED_EDGE('',*,*,#2575,.F.);
#2575 = EDGE_CURVE('',#2576,#2568,#2578,.T.);
#2576 = VERTEX_POINT('',#2577);
#2577 = CARTESIAN_POINT('',(0.5,8.89,-1.25));
#2578 = LINE('',#2579,#2580);
#2579 = CARTESIAN_POINT('',(-1.785,6.605,-1.25));
#2580 = VECTOR('',#2581,1.);
#2581 = DIRECTION('',(-0.707106781187,-0.707106781187,3.691322042573E-16
    ));
#2582 = ORIENTED_EDGE('',*,*,#2583,.F.);
#2583 = EDGE_CURVE('',#2584,#2576,#2586,.T.);
#2584 = VERTEX_POINT('',#2585);
#2585 = CARTESIAN_POINT('',(3.869127240819E-16,9.39,-1.25));
#2586 = LINE('',#2587,#2588);
#2587 = CARTESIAN_POINT('',(2.91,6.48,-1.25));
#2588 = VECTOR('',#2589,1.);
#2589 = DIRECTION('',(0.707106781187,-0.707106781187,9.971691877308E-16)
  );
#2590 = ORIENTED_EDGE('',*,*,#2591,.F.);
#2591 = EDGE_CURVE('',#2592,#2584,#2594,.T.);
#2592 = VERTEX_POINT('',#2593);
#2593 = CARTESIAN_POINT('',(4.934941344459E-16,10.93,-1.25));
#2594 = LINE('',#2595,#2596);
#2595 = CARTESIAN_POINT('',(-3.415046023747E-15,24.13,-1.25));
#2596 = VECTOR('',#2597,1.);
#2597 = DIRECTION('',(2.22044604925E-16,-1.,1.554312234475E-15));
#2598 = ORIENTED_EDGE('',*,*,#2599,.T.);
#2599 = EDGE_CURVE('',#2592,#2600,#2602,.T.);
#2600 = VERTEX_POINT('',#2601);
#2601 = CARTESIAN_POINT('',(0.5,11.43,-1.25));
#2602 = LINE('',#2603,#2604);
#2603 = CARTESIAN_POINT('',(-2.17,8.76,-1.25));
#2604 = VECTOR('',#2605,1.);
#2605 = DIRECTION('',(0.707106781187,0.707106781187,-3.691322042573E-16)
  );
#2606 = ORIENTED_EDGE('',*,*,#2607,.T.);
#2607 = EDGE_CURVE('',#2600,#2608,#2610,.T.);
#2608 = VERTEX_POINT('',#2609);
#2609 = CARTESIAN_POINT('',(3.608224830032E-16,11.93,-1.25));
#2610 = LINE('',#2611,#2612);
#2611 = CARTESIAN_POINT('',(3.295,8.635,-1.25));
#2612 = VECTOR('',#2613,1.);
#2613 = DIRECTION('',(-0.707106781187,0.707106781187,-9.971691877308E-16
    ));
#2614 = ORIENTED_EDGE('',*,*,#2615,.F.);
#2615 = EDGE_CURVE('',#2616,#2608,#2618,.T.);
#2616 = VERTEX_POINT('',#2617);
#2617 = CARTESIAN_POINT('',(4.890532423474E-16,13.47,-1.25));
#2618 = LINE('',#2619,#2620);
#2619 = CARTESIAN_POINT('',(-3.415046023747E-15,24.13,-1.25));
#2620 = VECTOR('',#2621,1.);
#2621 = DIRECTION('',(2.22044604925E-16,-1.,1.554312234475E-15));
#2622 = ORIENTED_EDGE('',*,*,#2623,.T.);
#2623 = EDGE_CURVE('',#2616,#2624,#2626,.T.);
#2624 = VERTEX_POINT('',#2625);
#2625 = CARTESIAN_POINT('',(0.5,13.97,-1.25));
#2626 = LINE('',#2627,#2628);
#2627 = CARTESIAN_POINT('',(-2.805,10.665,-1.25));
#2628 = VECTOR('',#2629,1.);
#2629 = DIRECTION('',(0.707106781187,0.707106781187,-3.691322042573E-16)
  );
#2630 = ORIENTED_EDGE('',*,*,#2631,.T.);
#2631 = EDGE_CURVE('',#2624,#2632,#2634,.T.);
#2632 = VERTEX_POINT('',#2633);
#2633 = CARTESIAN_POINT('',(3.608224830032E-16,14.47,-1.25));
#2634 = LINE('',#2635,#2636);
#2635 = CARTESIAN_POINT('',(3.93,10.54,-1.25));
#2636 = VECTOR('',#2637,1.);
#2637 = DIRECTION('',(-0.707106781187,0.707106781187,-9.971691877308E-16
    ));
#2638 = ORIENTED_EDGE('',*,*,#2639,.F.);
#2639 = EDGE_CURVE('',#2640,#2632,#2642,.T.);
#2640 = VERTEX_POINT('',#2641);
#2641 = CARTESIAN_POINT('',(4.718447854657E-16,16.01,-1.25));
#2642 = LINE('',#2643,#2644);
#2643 = CARTESIAN_POINT('',(-3.415046023747E-15,24.13,-1.25));
#2644 = VECTOR('',#2645,1.);
#2645 = DIRECTION('',(2.22044604925E-16,-1.,1.554312234475E-15));
#2646 = ORIENTED_EDGE('',*,*,#2647,.F.);
#2647 = EDGE_CURVE('',#2648,#2640,#2650,.T.);
#2648 = VERTEX_POINT('',#2649);
#2649 = CARTESIAN_POINT('',(0.5,16.51,-1.25));
#2650 = LINE('',#2651,#2652);
#2651 = CARTESIAN_POINT('',(-3.69,12.32,-1.25));
#2652 = VECTOR('',#2653,1.);
#2653 = DIRECTION('',(-0.707106781187,-0.707106781187,3.691322042573E-16
    ));
#2654 = ORIENTED_EDGE('',*,*,#2655,.F.);
#2655 = EDGE_CURVE('',#2656,#2648,#2658,.T.);
#2656 = VERTEX_POINT('',#2657);
#2657 = CARTESIAN_POINT('',(3.672062659242E-16,17.01,-1.25));
#2658 = LINE('',#2659,#2660);
#2659 = CARTESIAN_POINT('',(4.815,12.195,-1.25));
#2660 = VECTOR('',#2661,1.);
#2661 = DIRECTION('',(0.707106781187,-0.707106781187,9.971691877308E-16)
  );
#2662 = ORIENTED_EDGE('',*,*,#2663,.F.);
#2663 = EDGE_CURVE('',#2664,#2656,#2666,.T.);
#2664 = VERTEX_POINT('',#2665);
#2665 = CARTESIAN_POINT('',(4.801714581504E-16,18.55,-1.25));
#2666 = LINE('',#2667,#2668);
#2667 = CARTESIAN_POINT('',(-3.415046023747E-15,24.13,-1.25));
#2668 = VECTOR('',#2669,1.);
#2669 = DIRECTION('',(2.22044604925E-16,-1.,1.554312234475E-15));
#2670 = ORIENTED_EDGE('',*,*,#2671,.T.);
#2671 = EDGE_CURVE('',#2664,#2672,#2674,.T.);
#2672 = VERTEX_POINT('',#2673);
#2673 = CARTESIAN_POINT('',(0.5,19.05,-1.25));
#2674 = LINE('',#2675,#2676);
#2675 = CARTESIAN_POINT('',(-4.075,14.475,-1.25));
#2676 = VECTOR('',#2677,1.);
#2677 = DIRECTION('',(0.707106781187,0.707106781187,-3.691322042573E-16)
  );
#2678 = ORIENTED_EDGE('',*,*,#2679,.T.);
#2679 = EDGE_CURVE('',#2672,#2680,#2682,.T.);
#2680 = VERTEX_POINT('',#2681);
#2681 = CARTESIAN_POINT('',(3.608224830032E-16,19.55,-1.25));
#2682 = LINE('',#2683,#2684);
#2683 = CARTESIAN_POINT('',(5.2,14.35,-1.25));
#2684 = VECTOR('',#2685,1.);
#2685 = DIRECTION('',(-0.707106781187,0.707106781187,-9.971691877308E-16
    ));
#2686 = ORIENTED_EDGE('',*,*,#2687,.F.);
#2687 = EDGE_CURVE('',#2688,#2680,#2690,.T.);
#2688 = VERTEX_POINT('',#2689);
#2689 = CARTESIAN_POINT('',(1.981748098956E-16,21.09,-1.25));
#2690 = LINE('',#2691,#2692);
#2691 = CARTESIAN_POINT('',(-3.415046023747E-15,24.13,-1.25));
#2692 = VECTOR('',#2693,1.);
#2693 = DIRECTION('',(2.22044604925E-16,-1.,1.554312234475E-15));
#2694 = ORIENTED_EDGE('',*,*,#2695,.T.);
#2695 = EDGE_CURVE('',#2688,#2696,#2698,.T.);
#2696 = VERTEX_POINT('',#2697);
#2697 = CARTESIAN_POINT('',(0.5,21.59,-1.25));
#2698 = LINE('',#2699,#2700);
#2699 = CARTESIAN_POINT('',(-4.71,16.38,-1.25));
#2700 = VECTOR('',#2701,1.);
#2701 = DIRECTION('',(0.707106781187,0.707106781187,-3.691322042573E-16)
  );
#2702 = ORIENTED_EDGE('',*,*,#2703,.F.);
#2703 = EDGE_CURVE('',#2704,#2696,#2706,.T.);
#2704 = VERTEX_POINT('',#2705);
#2705 = CARTESIAN_POINT('',(3.647082635894E-16,22.09,-1.25));
#2706 = LINE('',#2707,#2708);
#2707 = CARTESIAN_POINT('',(6.085,16.005,-1.25));
#2708 = VECTOR('',#2709,1.);
#2709 = DIRECTION('',(0.707106781187,-0.707106781187,9.971691877308E-16)
  );
#2710 = ORIENTED_EDGE('',*,*,#2711,.F.);
#2711 = EDGE_CURVE('',#1790,#2704,#2712,.T.);
#2712 = LINE('',#2713,#2714);
#2713 = CARTESIAN_POINT('',(-3.415046023747E-15,24.13,-1.25));
#2714 = VECTOR('',#2715,1.);
#2715 = DIRECTION('',(2.22044604925E-16,-1.,1.554312234475E-15));
#2716 = FACE_BOUND('',#2717,.T.);
#2717 = EDGE_LOOP('',(#2718,#2729));
#2718 = ORIENTED_EDGE('',*,*,#2719,.F.);
#2719 = EDGE_CURVE('',#2720,#2722,#2724,.T.);
#2720 = VERTEX_POINT('',#2721);
#2721 = CARTESIAN_POINT('',(1.25,22.54,-1.25));
#2722 = VERTEX_POINT('',#2723);
#2723 = CARTESIAN_POINT('',(1.25,23.18,-1.25));
#2724 = CIRCLE('',#2725,0.32);
#2725 = AXIS2_PLACEMENT_3D('',#2726,#2727,#2728);
#2726 = CARTESIAN_POINT('',(1.25,22.86,-1.25));
#2727 = DIRECTION('',(-2.341930812375E-31,-8.881784197001E-16,-1.));
#2728 = DIRECTION('',(3.451266460342E-31,1.,-8.881784197001E-16));
#2729 = ORIENTED_EDGE('',*,*,#2730,.F.);
#2730 = EDGE_CURVE('',#2722,#2720,#2731,.T.);
#2731 = CIRCLE('',#2732,0.32);
#2732 = AXIS2_PLACEMENT_3D('',#2733,#2734,#2735);
#2733 = CARTESIAN_POINT('',(1.25,22.86,-1.25));
#2734 = DIRECTION('',(-2.341930812375E-31,-8.881784197001E-16,-1.));
#2735 = DIRECTION('',(3.451266460342E-31,1.,-8.881784197001E-16));
#2736 = FACE_BOUND('',#2737,.T.);
#2737 = EDGE_LOOP('',(#2738,#2749));
#2738 = ORIENTED_EDGE('',*,*,#2739,.F.);
#2739 = EDGE_CURVE('',#2740,#2742,#2744,.T.);
#2740 = VERTEX_POINT('',#2741);
#2741 = CARTESIAN_POINT('',(1.25,20.,-1.25));
#2742 = VERTEX_POINT('',#2743);
#2743 = CARTESIAN_POINT('',(1.25,20.64,-1.25));
#2744 = CIRCLE('',#2745,0.32);
#2745 = AXIS2_PLACEMENT_3D('',#2746,#2747,#2748);
#2746 = CARTESIAN_POINT('',(1.25,20.32,-1.25));
#2747 = DIRECTION('',(-2.341930812375E-31,-8.881784197001E-16,-1.));
#2748 = DIRECTION('',(3.451266460342E-31,1.,-8.881784197001E-16));
#2749 = ORIENTED_EDGE('',*,*,#2750,.F.);
#2750 = EDGE_CURVE('',#2742,#2740,#2751,.T.);
#2751 = CIRCLE('',#2752,0.32);
#2752 = AXIS2_PLACEMENT_3D('',#2753,#2754,#2755);
#2753 = CARTESIAN_POINT('',(1.25,20.32,-1.25));
#2754 = DIRECTION('',(-2.341930812375E-31,-8.881784197001E-16,-1.));
#2755 = DIRECTION('',(3.451266460342E-31,1.,-8.881784197001E-16));
#2756 = FACE_BOUND('',#2757,.T.);
#2757 = EDGE_LOOP('',(#2758,#2769));
#2758 = ORIENTED_EDGE('',*,*,#2759,.F.);
#2759 = EDGE_CURVE('',#2760,#2762,#2764,.T.);
#2760 = VERTEX_POINT('',#2761);
#2761 = CARTESIAN_POINT('',(1.25,17.46,-1.25));
#2762 = VERTEX_POINT('',#2763);
#2763 = CARTESIAN_POINT('',(1.25,18.1,-1.25));
#2764 = CIRCLE('',#2765,0.32);
#2765 = AXIS2_PLACEMENT_3D('',#2766,#2767,#2768);
#2766 = CARTESIAN_POINT('',(1.25,17.78,-1.25));
#2767 = DIRECTION('',(-2.341930812375E-31,-8.881784197001E-16,-1.));
#2768 = DIRECTION('',(3.451266460342E-31,1.,-8.881784197001E-16));
#2769 = ORIENTED_EDGE('',*,*,#2770,.F.);
#2770 = EDGE_CURVE('',#2762,#2760,#2771,.T.);
#2771 = CIRCLE('',#2772,0.32);
#2772 = AXIS2_PLACEMENT_3D('',#2773,#2774,#2775);
#2773 = CARTESIAN_POINT('',(1.25,17.78,-1.25));
#2774 = DIRECTION('',(-2.341930812375E-31,-8.881784197001E-16,-1.));
#2775 = DIRECTION('',(3.451266460342E-31,1.,-8.881784197001E-16));
#2776 = FACE_BOUND('',#2777,.T.);
#2777 = EDGE_LOOP('',(#2778,#2789));
#2778 = ORIENTED_EDGE('',*,*,#2779,.F.);
#2779 = EDGE_CURVE('',#2780,#2782,#2784,.T.);
#2780 = VERTEX_POINT('',#2781);
#2781 = CARTESIAN_POINT('',(1.25,14.92,-1.25));
#2782 = VERTEX_POINT('',#2783);
#2783 = CARTESIAN_POINT('',(1.25,15.56,-1.25));
#2784 = CIRCLE('',#2785,0.32);
#2785 = AXIS2_PLACEMENT_3D('',#2786,#2787,#2788);
#2786 = CARTESIAN_POINT('',(1.25,15.24,-1.25));
#2787 = DIRECTION('',(-2.341930812375E-31,-8.881784197001E-16,-1.));
#2788 = DIRECTION('',(3.451266460342E-31,1.,-8.881784197001E-16));
#2789 = ORIENTED_EDGE('',*,*,#2790,.F.);
#2790 = EDGE_CURVE('',#2782,#2780,#2791,.T.);
#2791 = CIRCLE('',#2792,0.32);
#2792 = AXIS2_PLACEMENT_3D('',#2793,#2794,#2795);
#2793 = CARTESIAN_POINT('',(1.25,15.24,-1.25));
#2794 = DIRECTION('',(-2.341930812375E-31,-8.881784197001E-16,-1.));
#2795 = DIRECTION('',(3.451266460342E-31,1.,-8.881784197001E-16));
#2796 = FACE_BOUND('',#2797,.T.);
#2797 = EDGE_LOOP('',(#2798,#2809));
#2798 = ORIENTED_EDGE('',*,*,#2799,.F.);
#2799 = EDGE_CURVE('',#2800,#2802,#2804,.T.);
#2800 = VERTEX_POINT('',#2801);
#2801 = CARTESIAN_POINT('',(1.25,12.38,-1.25));
#2802 = VERTEX_POINT('',#2803);
#2803 = CARTESIAN_POINT('',(1.25,13.02,-1.25));
#2804 = CIRCLE('',#2805,0.32);
#2805 = AXIS2_PLACEMENT_3D('',#2806,#2807,#2808);
#2806 = CARTESIAN_POINT('',(1.25,12.7,-1.25));
#2807 = DIRECTION('',(-2.341930812375E-31,-8.881784197001E-16,-1.));
#2808 = DIRECTION('',(3.451266460342E-31,1.,-8.881784197001E-16));
#2809 = ORIENTED_EDGE('',*,*,#2810,.F.);
#2810 = EDGE_CURVE('',#2802,#2800,#2811,.T.);
#2811 = CIRCLE('',#2812,0.32);
#2812 = AXIS2_PLACEMENT_3D('',#2813,#2814,#2815);
#2813 = CARTESIAN_POINT('',(1.25,12.7,-1.25));
#2814 = DIRECTION('',(-2.341930812375E-31,-8.881784197001E-16,-1.));
#2815 = DIRECTION('',(3.451266460342E-31,1.,-8.881784197001E-16));
#2816 = FACE_BOUND('',#2817,.T.);
#2817 = EDGE_LOOP('',(#2818,#2829));
#2818 = ORIENTED_EDGE('',*,*,#2819,.F.);
#2819 = EDGE_CURVE('',#2820,#2822,#2824,.T.);
#2820 = VERTEX_POINT('',#2821);
#2821 = CARTESIAN_POINT('',(1.25,9.84,-1.25));
#2822 = VERTEX_POINT('',#2823);
#2823 = CARTESIAN_POINT('',(1.25,10.48,-1.25));
#2824 = CIRCLE('',#2825,0.32);
#2825 = AXIS2_PLACEMENT_3D('',#2826,#2827,#2828);
#2826 = CARTESIAN_POINT('',(1.25,10.16,-1.25));
#2827 = DIRECTION('',(-2.341930812375E-31,-8.881784197001E-16,-1.));
#2828 = DIRECTION('',(3.451266460342E-31,1.,-8.881784197001E-16));
#2829 = ORIENTED_EDGE('',*,*,#2830,.F.);
#2830 = EDGE_CURVE('',#2822,#2820,#2831,.T.);
#2831 = CIRCLE('',#2832,0.32);
#2832 = AXIS2_PLACEMENT_3D('',#2833,#2834,#2835);
#2833 = CARTESIAN_POINT('',(1.25,10.16,-1.25));
#2834 = DIRECTION('',(-2.341930812375E-31,-8.881784197001E-16,-1.));
#2835 = DIRECTION('',(3.451266460342E-31,1.,-8.881784197001E-16));
#2836 = FACE_BOUND('',#2837,.T.);
#2837 = EDGE_LOOP('',(#2838,#2849));
#2838 = ORIENTED_EDGE('',*,*,#2839,.F.);
#2839 = EDGE_CURVE('',#2840,#2842,#2844,.T.);
#2840 = VERTEX_POINT('',#2841);
#2841 = CARTESIAN_POINT('',(1.25,7.3,-1.25));
#2842 = VERTEX_POINT('',#2843);
#2843 = CARTESIAN_POINT('',(1.25,7.94,-1.25));
#2844 = CIRCLE('',#2845,0.32);
#2845 = AXIS2_PLACEMENT_3D('',#2846,#2847,#2848);
#2846 = CARTESIAN_POINT('',(1.25,7.62,-1.25));
#2847 = DIRECTION('',(-2.341930812375E-31,-8.881784197001E-16,-1.));
#2848 = DIRECTION('',(3.451266460342E-31,1.,-8.881784197001E-16));
#2849 = ORIENTED_EDGE('',*,*,#2850,.F.);
#2850 = EDGE_CURVE('',#2842,#2840,#2851,.T.);
#2851 = CIRCLE('',#2852,0.32);
#2852 = AXIS2_PLACEMENT_3D('',#2853,#2854,#2855);
#2853 = CARTESIAN_POINT('',(1.25,7.62,-1.25));
#2854 = DIRECTION('',(-2.341930812375E-31,-8.881784197001E-16,-1.));
#2855 = DIRECTION('',(3.451266460342E-31,1.,-8.881784197001E-16));
#2856 = FACE_BOUND('',#2857,.T.);
#2857 = EDGE_LOOP('',(#2858,#2869));
#2858 = ORIENTED_EDGE('',*,*,#2859,.F.);
#2859 = EDGE_CURVE('',#2860,#2862,#2864,.T.);
#2860 = VERTEX_POINT('',#2861);
#2861 = CARTESIAN_POINT('',(1.25,4.76,-1.25));
#2862 = VERTEX_POINT('',#2863);
#2863 = CARTESIAN_POINT('',(1.25,5.4,-1.25));
#2864 = CIRCLE('',#2865,0.32);
#2865 = AXIS2_PLACEMENT_3D('',#2866,#2867,#2868);
#2866 = CARTESIAN_POINT('',(1.25,5.08,-1.25));
#2867 = DIRECTION('',(-2.341930812375E-31,-8.881784197001E-16,-1.));
#2868 = DIRECTION('',(3.451266460342E-31,1.,-8.881784197001E-16));
#2869 = ORIENTED_EDGE('',*,*,#2870,.F.);
#2870 = EDGE_CURVE('',#2862,#2860,#2871,.T.);
#2871 = CIRCLE('',#2872,0.32);
#2872 = AXIS2_PLACEMENT_3D('',#2873,#2874,#2875);
#2873 = CARTESIAN_POINT('',(1.25,5.08,-1.25));
#2874 = DIRECTION('',(-2.341930812375E-31,-8.881784197001E-16,-1.));
#2875 = DIRECTION('',(3.451266460342E-31,1.,-8.881784197001E-16));
#2876 = FACE_BOUND('',#2877,.T.);
#2877 = EDGE_LOOP('',(#2878,#2889));
#2878 = ORIENTED_EDGE('',*,*,#2879,.F.);
#2879 = EDGE_CURVE('',#2880,#2882,#2884,.T.);
#2880 = VERTEX_POINT('',#2881);
#2881 = CARTESIAN_POINT('',(1.25,2.22,-1.25));
#2882 = VERTEX_POINT('',#2883);
#2883 = CARTESIAN_POINT('',(1.25,2.86,-1.25));
#2884 = CIRCLE('',#2885,0.32);
#2885 = AXIS2_PLACEMENT_3D('',#2886,#2887,#2888);
#2886 = CARTESIAN_POINT('',(1.25,2.54,-1.25));
#2887 = DIRECTION('',(-2.341930812375E-31,-8.881784197001E-16,-1.));
#2888 = DIRECTION('',(3.451266460342E-31,1.,-8.881784197001E-16));
#2889 = ORIENTED_EDGE('',*,*,#2890,.F.);
#2890 = EDGE_CURVE('',#2882,#2880,#2891,.T.);
#2891 = CIRCLE('',#2892,0.32);
#2892 = AXIS2_PLACEMENT_3D('',#2893,#2894,#2895);
#2893 = CARTESIAN_POINT('',(1.25,2.54,-1.25));
#2894 = DIRECTION('',(-2.341930812375E-31,-8.881784197001E-16,-1.));
#2895 = DIRECTION('',(3.451266460342E-31,1.,-8.881784197001E-16));
#2896 = FACE_BOUND('',#2897,.T.);
#2897 = EDGE_LOOP('',(#2898,#2909));
#2898 = ORIENTED_EDGE('',*,*,#2899,.F.);
#2899 = EDGE_CURVE('',#2900,#2902,#2904,.T.);
#2900 = VERTEX_POINT('',#2901);
#2901 = CARTESIAN_POINT('',(1.25,-0.32,-1.25));
#2902 = VERTEX_POINT('',#2903);
#2903 = CARTESIAN_POINT('',(1.25,0.32,-1.25));
#2904 = CIRCLE('',#2905,0.32);
#2905 = AXIS2_PLACEMENT_3D('',#2906,#2907,#2908);
#2906 = CARTESIAN_POINT('',(1.25,-2.997602166488E-15,-1.25));
#2907 = DIRECTION('',(-2.341930812375E-31,-8.881784197001E-16,-1.));
#2908 = DIRECTION('',(3.451266460342E-31,1.,-8.881784197001E-16));
#2909 = ORIENTED_EDGE('',*,*,#2910,.F.);
#2910 = EDGE_CURVE('',#2902,#2900,#2911,.T.);
#2911 = CIRCLE('',#2912,0.32);
#2912 = AXIS2_PLACEMENT_3D('',#2913,#2914,#2915);
#2913 = CARTESIAN_POINT('',(1.25,-2.997602166488E-15,-1.25));
#2914 = DIRECTION('',(-2.341930812375E-31,-8.881784197001E-16,-1.));
#2915 = DIRECTION('',(3.451266460342E-31,1.,-8.881784197001E-16));
#2916 = FACE_BOUND('',#2917,.T.);
#2917 = EDGE_LOOP('',(#2918,#2919));
#2918 = ORIENTED_EDGE('',*,*,#1772,.F.);
#2919 = ORIENTED_EDGE('',*,*,#1763,.F.);
#2920 = FACE_BOUND('',#2921,.T.);
#2921 = EDGE_LOOP('',(#2922,#2933));
#2922 = ORIENTED_EDGE('',*,*,#2923,.F.);
#2923 = EDGE_CURVE('',#2924,#2926,#2928,.T.);
#2924 = VERTEX_POINT('',#2925);
#2925 = CARTESIAN_POINT('',(1.25,-5.4,-1.25));
#2926 = VERTEX_POINT('',#2927);
#2927 = CARTESIAN_POINT('',(1.25,-4.76,-1.25));
#2928 = CIRCLE('',#2929,0.32);
#2929 = AXIS2_PLACEMENT_3D('',#2930,#2931,#2932);
#2930 = CARTESIAN_POINT('',(1.25,-5.08,-1.25));
#2931 = DIRECTION('',(-2.341930812375E-31,-8.881784197001E-16,-1.));
#2932 = DIRECTION('',(3.451266460342E-31,1.,-8.881784197001E-16));
#2933 = ORIENTED_EDGE('',*,*,#2934,.F.);
#2934 = EDGE_CURVE('',#2926,#2924,#2935,.T.);
#2935 = CIRCLE('',#2936,0.32);
#2936 = AXIS2_PLACEMENT_3D('',#2937,#2938,#2939);
#2937 = CARTESIAN_POINT('',(1.25,-5.08,-1.25));
#2938 = DIRECTION('',(-2.341930812375E-31,-8.881784197001E-16,-1.));
#2939 = DIRECTION('',(3.451266460342E-31,1.,-8.881784197001E-16));
#2940 = FACE_BOUND('',#2941,.T.);
#2941 = EDGE_LOOP('',(#2942,#2953));
#2942 = ORIENTED_EDGE('',*,*,#2943,.F.);
#2943 = EDGE_CURVE('',#2944,#2946,#2948,.T.);
#2944 = VERTEX_POINT('',#2945);
#2945 = CARTESIAN_POINT('',(1.25,-7.94,-1.25));
#2946 = VERTEX_POINT('',#2947);
#2947 = CARTESIAN_POINT('',(1.25,-7.3,-1.25));
#2948 = CIRCLE('',#2949,0.32);
#2949 = AXIS2_PLACEMENT_3D('',#2950,#2951,#2952);
#2950 = CARTESIAN_POINT('',(1.25,-7.62,-1.25));
#2951 = DIRECTION('',(-2.341930812375E-31,-8.881784197001E-16,-1.));
#2952 = DIRECTION('',(3.451266460342E-31,1.,-8.881784197001E-16));
#2953 = ORIENTED_EDGE('',*,*,#2954,.F.);
#2954 = EDGE_CURVE('',#2946,#2944,#2955,.T.);
#2955 = CIRCLE('',#2956,0.32);
#2956 = AXIS2_PLACEMENT_3D('',#2957,#2958,#2959);
#2957 = CARTESIAN_POINT('',(1.25,-7.62,-1.25));
#2958 = DIRECTION('',(-2.341930812375E-31,-8.881784197001E-16,-1.));
#2959 = DIRECTION('',(3.451266460342E-31,1.,-8.881784197001E-16));
#2960 = FACE_BOUND('',#2961,.T.);
#2961 = EDGE_LOOP('',(#2962,#2973));
#2962 = ORIENTED_EDGE('',*,*,#2963,.F.);
#2963 = EDGE_CURVE('',#2964,#2966,#2968,.T.);
#2964 = VERTEX_POINT('',#2965);
#2965 = CARTESIAN_POINT('',(1.25,-10.48,-1.25));
#2966 = VERTEX_POINT('',#2967);
#2967 = CARTESIAN_POINT('',(1.25,-9.84,-1.25));
#2968 = CIRCLE('',#2969,0.32);
#2969 = AXIS2_PLACEMENT_3D('',#2970,#2971,#2972);
#2970 = CARTESIAN_POINT('',(1.25,-10.16,-1.25));
#2971 = DIRECTION('',(-2.341930812375E-31,-8.881784197001E-16,-1.));
#2972 = DIRECTION('',(3.451266460342E-31,1.,-8.881784197001E-16));
#2973 = ORIENTED_EDGE('',*,*,#2974,.F.);
#2974 = EDGE_CURVE('',#2966,#2964,#2975,.T.);
#2975 = CIRCLE('',#2976,0.32);
#2976 = AXIS2_PLACEMENT_3D('',#2977,#2978,#2979);
#2977 = CARTESIAN_POINT('',(1.25,-10.16,-1.25));
#2978 = DIRECTION('',(-2.341930812375E-31,-8.881784197001E-16,-1.));
#2979 = DIRECTION('',(3.451266460342E-31,1.,-8.881784197001E-16));
#2980 = FACE_BOUND('',#2981,.T.);
#2981 = EDGE_LOOP('',(#2982,#2993));
#2982 = ORIENTED_EDGE('',*,*,#2983,.F.);
#2983 = EDGE_CURVE('',#2984,#2986,#2988,.T.);
#2984 = VERTEX_POINT('',#2985);
#2985 = CARTESIAN_POINT('',(1.25,-13.02,-1.25));
#2986 = VERTEX_POINT('',#2987);
#2987 = CARTESIAN_POINT('',(1.25,-12.38,-1.25));
#2988 = CIRCLE('',#2989,0.32);
#2989 = AXIS2_PLACEMENT_3D('',#2990,#2991,#2992);
#2990 = CARTESIAN_POINT('',(1.25,-12.7,-1.25));
#2991 = DIRECTION('',(-2.341930812375E-31,-8.881784197001E-16,-1.));
#2992 = DIRECTION('',(3.451266460342E-31,1.,-8.881784197001E-16));
#2993 = ORIENTED_EDGE('',*,*,#2994,.F.);
#2994 = EDGE_CURVE('',#2986,#2984,#2995,.T.);
#2995 = CIRCLE('',#2996,0.32);
#2996 = AXIS2_PLACEMENT_3D('',#2997,#2998,#2999);
#2997 = CARTESIAN_POINT('',(1.25,-12.7,-1.25));
#2998 = DIRECTION('',(-2.341930812375E-31,-8.881784197001E-16,-1.));
#2999 = DIRECTION('',(3.451266460342E-31,1.,-8.881784197001E-16));
#3000 = FACE_BOUND('',#3001,.T.);
#3001 = EDGE_LOOP('',(#3002,#3013));
#3002 = ORIENTED_EDGE('',*,*,#3003,.F.);
#3003 = EDGE_CURVE('',#3004,#3006,#3008,.T.);
#3004 = VERTEX_POINT('',#3005);
#3005 = CARTESIAN_POINT('',(1.25,-15.56,-1.25));
#3006 = VERTEX_POINT('',#3007);
#3007 = CARTESIAN_POINT('',(1.25,-14.92,-1.25));
#3008 = CIRCLE('',#3009,0.32);
#3009 = AXIS2_PLACEMENT_3D('',#3010,#3011,#3012);
#3010 = CARTESIAN_POINT('',(1.25,-15.24,-1.25));
#3011 = DIRECTION('',(-2.341930812375E-31,-8.881784197001E-16,-1.));
#3012 = DIRECTION('',(3.451266460342E-31,1.,-8.881784197001E-16));
#3013 = ORIENTED_EDGE('',*,*,#3014,.F.);
#3014 = EDGE_CURVE('',#3006,#3004,#3015,.T.);
#3015 = CIRCLE('',#3016,0.32);
#3016 = AXIS2_PLACEMENT_3D('',#3017,#3018,#3019);
#3017 = CARTESIAN_POINT('',(1.25,-15.24,-1.25));
#3018 = DIRECTION('',(-2.341930812375E-31,-8.881784197001E-16,-1.));
#3019 = DIRECTION('',(3.451266460342E-31,1.,-8.881784197001E-16));
#3020 = FACE_BOUND('',#3021,.T.);
#3021 = EDGE_LOOP('',(#3022,#3033));
#3022 = ORIENTED_EDGE('',*,*,#3023,.F.);
#3023 = EDGE_CURVE('',#3024,#3026,#3028,.T.);
#3024 = VERTEX_POINT('',#3025);
#3025 = CARTESIAN_POINT('',(1.25,-18.1,-1.25));
#3026 = VERTEX_POINT('',#3027);
#3027 = CARTESIAN_POINT('',(1.25,-17.46,-1.25));
#3028 = CIRCLE('',#3029,0.32);
#3029 = AXIS2_PLACEMENT_3D('',#3030,#3031,#3032);
#3030 = CARTESIAN_POINT('',(1.25,-17.78,-1.25));
#3031 = DIRECTION('',(-2.341930812375E-31,-8.881784197001E-16,-1.));
#3032 = DIRECTION('',(3.451266460342E-31,1.,-8.881784197001E-16));
#3033 = ORIENTED_EDGE('',*,*,#3034,.F.);
#3034 = EDGE_CURVE('',#3026,#3024,#3035,.T.);
#3035 = CIRCLE('',#3036,0.32);
#3036 = AXIS2_PLACEMENT_3D('',#3037,#3038,#3039);
#3037 = CARTESIAN_POINT('',(1.25,-17.78,-1.25));
#3038 = DIRECTION('',(-2.341930812375E-31,-8.881784197001E-16,-1.));
#3039 = DIRECTION('',(3.451266460342E-31,1.,-8.881784197001E-16));
#3040 = FACE_BOUND('',#3041,.T.);
#3041 = EDGE_LOOP('',(#3042,#3053));
#3042 = ORIENTED_EDGE('',*,*,#3043,.F.);
#3043 = EDGE_CURVE('',#3044,#3046,#3048,.T.);
#3044 = VERTEX_POINT('',#3045);
#3045 = CARTESIAN_POINT('',(1.25,-20.64,-1.25));
#3046 = VERTEX_POINT('',#3047);
#3047 = CARTESIAN_POINT('',(1.25,-20.,-1.25));
#3048 = CIRCLE('',#3049,0.32);
#3049 = AXIS2_PLACEMENT_3D('',#3050,#3051,#3052);
#3050 = CARTESIAN_POINT('',(1.25,-20.32,-1.25));
#3051 = DIRECTION('',(-2.341930812375E-31,-8.881784197001E-16,-1.));
#3052 = DIRECTION('',(3.451266460342E-31,1.,-8.881784197001E-16));
#3053 = ORIENTED_EDGE('',*,*,#3054,.F.);
#3054 = EDGE_CURVE('',#3046,#3044,#3055,.T.);
#3055 = CIRCLE('',#3056,0.32);
#3056 = AXIS2_PLACEMENT_3D('',#3057,#3058,#3059);
#3057 = CARTESIAN_POINT('',(1.25,-20.32,-1.25));
#3058 = DIRECTION('',(-2.341930812375E-31,-8.881784197001E-16,-1.));
#3059 = DIRECTION('',(3.451266460342E-31,1.,-8.881784197001E-16));
#3060 = FACE_BOUND('',#3061,.T.);
#3061 = EDGE_LOOP('',(#3062,#3073));
#3062 = ORIENTED_EDGE('',*,*,#3063,.F.);
#3063 = EDGE_CURVE('',#3064,#3066,#3068,.T.);
#3064 = VERTEX_POINT('',#3065);
#3065 = CARTESIAN_POINT('',(1.25,-23.18,-1.25));
#3066 = VERTEX_POINT('',#3067);
#3067 = CARTESIAN_POINT('',(1.25,-22.54,-1.25));
#3068 = CIRCLE('',#3069,0.32);
#3069 = AXIS2_PLACEMENT_3D('',#3070,#3071,#3072);
#3070 = CARTESIAN_POINT('',(1.25,-22.86,-1.25));
#3071 = DIRECTION('',(-2.341930812375E-31,-8.881784197001E-16,-1.));
#3072 = DIRECTION('',(3.451266460342E-31,1.,-8.881784197001E-16));
#3073 = ORIENTED_EDGE('',*,*,#3074,.F.);
#3074 = EDGE_CURVE('',#3066,#3064,#3075,.T.);
#3075 = CIRCLE('',#3076,0.32);
#3076 = AXIS2_PLACEMENT_3D('',#3077,#3078,#3079);
#3077 = CARTESIAN_POINT('',(1.25,-22.86,-1.25));
#3078 = DIRECTION('',(-2.341930812375E-31,-8.881784197001E-16,-1.));
#3079 = DIRECTION('',(3.451266460342E-31,1.,-8.881784197001E-16));
#3080 = PLANE('',#3081);
#3081 = AXIS2_PLACEMENT_3D('',#3082,#3083,#3084);
#3082 = CARTESIAN_POINT('',(1.25,-2.926474402972E-16,-1.25));
#3083 = DIRECTION('',(6.661338147751E-16,-7.440763744944E-16,-1.));
#3084 = DIRECTION('',(2.22044604925E-16,-1.,1.410210189269E-15));
#3085 = ADVANCED_FACE('',(#3086),#3111,.T.);
#3086 = FACE_BOUND('',#3087,.T.);
#3087 = EDGE_LOOP('',(#3088,#3098,#3104,#3105));
#3088 = ORIENTED_EDGE('',*,*,#3089,.F.);
#3089 = EDGE_CURVE('',#3090,#3092,#3094,.T.);
#3090 = VERTEX_POINT('',#3091);
#3091 = CARTESIAN_POINT('',(0.5,24.13,1.25));
#3092 = VERTEX_POINT('',#3093);
#3093 = CARTESIAN_POINT('',(-2.114419754104E-15,23.63,1.25));
#3094 = LINE('',#3095,#3096);
#3095 = CARTESIAN_POINT('',(0.5,24.13,1.25));
#3096 = VECTOR('',#3097,1.);
#3097 = DIRECTION('',(-0.707106781187,-0.707106781187,4.710277376051E-16
    ));
#3098 = ORIENTED_EDGE('',*,*,#3099,.T.);
#3099 = EDGE_CURVE('',#3090,#1792,#3100,.T.);
#3100 = LINE('',#3101,#3102);
#3101 = CARTESIAN_POINT('',(0.5,24.13,1.25));
#3102 = VECTOR('',#3103,1.);
#3103 = DIRECTION('',(3.330669073875E-16,-1.110223024625E-16,-1.));
#3104 = ORIENTED_EDGE('',*,*,#1789,.F.);
#3105 = ORIENTED_EDGE('',*,*,#3106,.F.);
#3106 = EDGE_CURVE('',#3092,#1790,#3107,.T.);
#3107 = LINE('',#3108,#3109);
#3108 = CARTESIAN_POINT('',(-2.114419754104E-15,23.63,1.25));
#3109 = VECTOR('',#3110,1.);
#3110 = DIRECTION('',(3.330669073875E-16,-1.110223024625E-16,-1.));
#3111 = PLANE('',#3112);
#3112 = AXIS2_PLACEMENT_3D('',#3113,#3114,#3115);
#3113 = CARTESIAN_POINT('',(0.5,24.13,1.25));
#3114 = DIRECTION('',(-0.707106781187,0.707106781187,-3.140184917368E-16
    ));
#3115 = DIRECTION('',(-0.707106781187,-0.707106781187,1.570092458684E-16
    ));
#3116 = ADVANCED_FACE('',(#3117),#3135,.F.);
#3117 = FACE_BOUND('',#3118,.F.);
#3118 = EDGE_LOOP('',(#3119,#3120,#3121,#3129));
#3119 = ORIENTED_EDGE('',*,*,#2711,.F.);
#3120 = ORIENTED_EDGE('',*,*,#3106,.F.);
#3121 = ORIENTED_EDGE('',*,*,#3122,.F.);
#3122 = EDGE_CURVE('',#3123,#3092,#3125,.T.);
#3123 = VERTEX_POINT('',#3124);
#3124 = CARTESIAN_POINT('',(-1.768585278228E-15,22.09,1.25));
#3125 = LINE('',#3126,#3127);
#3126 = CARTESIAN_POINT('',(8.495426584432E-15,-24.13,1.25));
#3127 = VECTOR('',#3128,1.);
#3128 = DIRECTION('',(-4.440892098501E-16,1.,-1.7763568394E-15));
#3129 = ORIENTED_EDGE('',*,*,#3130,.T.);
#3130 = EDGE_CURVE('',#3123,#2704,#3131,.T.);
#3131 = LINE('',#3132,#3133);
#3132 = CARTESIAN_POINT('',(-1.768585278228E-15,22.09,1.25));
#3133 = VECTOR('',#3134,1.);
#3134 = DIRECTION('',(3.330669073875E-16,-1.110223024625E-16,-1.));
#3135 = PLANE('',#3136);
#3136 = AXIS2_PLACEMENT_3D('',#3137,#3138,#3139);
#3137 = CARTESIAN_POINT('',(-3.464340406656E-15,-9.491966295853E-16,
    1.56020021645));
#3138 = DIRECTION('',(1.,-1.7763568394E-15,-4.440892098501E-16));
#3139 = DIRECTION('',(-2.22044604925E-15,-4.440892098501E-16,1.));
#3140 = ADVANCED_FACE('',(#3141),#3159,.F.);
#3141 = FACE_BOUND('',#3142,.F.);
#3142 = EDGE_LOOP('',(#3143,#3151,#3157,#3158));
#3143 = ORIENTED_EDGE('',*,*,#3144,.F.);
#3144 = EDGE_CURVE('',#3145,#3123,#3147,.T.);
#3145 = VERTEX_POINT('',#3146);
#3146 = CARTESIAN_POINT('',(0.5,21.59,1.25));
#3147 = LINE('',#3148,#3149);
#3148 = CARTESIAN_POINT('',(0.5,21.59,1.25));
#3149 = VECTOR('',#3150,1.);
#3150 = DIRECTION('',(-0.707106781187,0.707106781187,-3.140184917368E-16
    ));
#3151 = ORIENTED_EDGE('',*,*,#3152,.T.);
#3152 = EDGE_CURVE('',#3145,#2696,#3153,.T.);
#3153 = LINE('',#3154,#3155);
#3154 = CARTESIAN_POINT('',(0.5,21.59,1.25));
#3155 = VECTOR('',#3156,1.);
#3156 = DIRECTION('',(3.330669073875E-16,-1.110223024625E-16,-1.));
#3157 = ORIENTED_EDGE('',*,*,#2703,.F.);
#3158 = ORIENTED_EDGE('',*,*,#3130,.F.);
#3159 = PLANE('',#3160);
#3160 = AXIS2_PLACEMENT_3D('',#3161,#3162,#3163);
#3161 = CARTESIAN_POINT('',(0.5,21.59,1.25));
#3162 = DIRECTION('',(0.707106781187,0.707106781187,1.570092458684E-16)
  );
#3163 = DIRECTION('',(-0.707106781187,0.707106781187,-3.140184917368E-16
    ));
#3164 = ADVANCED_FACE('',(#3165),#3183,.T.);
#3165 = FACE_BOUND('',#3166,.T.);
#3166 = EDGE_LOOP('',(#3167,#3175,#3176,#3177));
#3167 = ORIENTED_EDGE('',*,*,#3168,.F.);
#3168 = EDGE_CURVE('',#3145,#3169,#3171,.T.);
#3169 = VERTEX_POINT('',#3170);
#3170 = CARTESIAN_POINT('',(-2.101652185615E-15,21.09,1.25));
#3171 = LINE('',#3172,#3173);
#3172 = CARTESIAN_POINT('',(0.5,21.59,1.25));
#3173 = VECTOR('',#3174,1.);
#3174 = DIRECTION('',(-0.707106781187,-0.707106781187,4.710277376051E-16
    ));
#3175 = ORIENTED_EDGE('',*,*,#3152,.T.);
#3176 = ORIENTED_EDGE('',*,*,#2695,.F.);
#3177 = ORIENTED_EDGE('',*,*,#3178,.F.);
#3178 = EDGE_CURVE('',#3169,#2688,#3179,.T.);
#3179 = LINE('',#3180,#3181);
#3180 = CARTESIAN_POINT('',(-2.101652185615E-15,21.09,1.25));
#3181 = VECTOR('',#3182,1.);
#3182 = DIRECTION('',(3.330669073875E-16,-1.110223024625E-16,-1.));
#3183 = PLANE('',#3184);
#3184 = AXIS2_PLACEMENT_3D('',#3185,#3186,#3187);
#3185 = CARTESIAN_POINT('',(0.5,21.59,1.25));
#3186 = DIRECTION('',(-0.707106781187,0.707106781187,-3.140184917368E-16
    ));
#3187 = DIRECTION('',(-0.707106781187,-0.707106781187,1.570092458684E-16
    ));
#3188 = ADVANCED_FACE('',(#3189),#3207,.F.);
#3189 = FACE_BOUND('',#3190,.F.);
#3190 = EDGE_LOOP('',(#3191,#3192,#3193,#3201));
#3191 = ORIENTED_EDGE('',*,*,#2687,.F.);
#3192 = ORIENTED_EDGE('',*,*,#3178,.F.);
#3193 = ORIENTED_EDGE('',*,*,#3194,.F.);
#3194 = EDGE_CURVE('',#3195,#3169,#3197,.T.);
#3195 = VERTEX_POINT('',#3196);
#3196 = CARTESIAN_POINT('',(-1.7763568394E-15,19.55,1.25));
#3197 = LINE('',#3198,#3199);
#3198 = CARTESIAN_POINT('',(8.495426584432E-15,-24.13,1.25));
#3199 = VECTOR('',#3200,1.);
#3200 = DIRECTION('',(-4.440892098501E-16,1.,-1.7763568394E-15));
#3201 = ORIENTED_EDGE('',*,*,#3202,.T.);
#3202 = EDGE_CURVE('',#3195,#2680,#3203,.T.);
#3203 = LINE('',#3204,#3205);
#3204 = CARTESIAN_POINT('',(-1.7763568394E-15,19.55,1.25));
#3205 = VECTOR('',#3206,1.);
#3206 = DIRECTION('',(3.330669073875E-16,-1.110223024625E-16,-1.));
#3207 = PLANE('',#3208);
#3208 = AXIS2_PLACEMENT_3D('',#3209,#3210,#3211);
#3209 = CARTESIAN_POINT('',(-3.464340406656E-15,-9.491966295853E-16,
    1.56020021645));
#3210 = DIRECTION('',(1.,-1.7763568394E-15,-4.440892098501E-16));
#3211 = DIRECTION('',(-2.22044604925E-15,-4.440892098501E-16,1.));
#3212 = ADVANCED_FACE('',(#3213),#3231,.T.);
#3213 = FACE_BOUND('',#3214,.T.);
#3214 = EDGE_LOOP('',(#3215,#3223,#3224,#3225));
#3215 = ORIENTED_EDGE('',*,*,#3216,.F.);
#3216 = EDGE_CURVE('',#3195,#3217,#3219,.T.);
#3217 = VERTEX_POINT('',#3218);
#3218 = CARTESIAN_POINT('',(0.5,19.05,1.25));
#3219 = LINE('',#3220,#3221);
#3220 = CARTESIAN_POINT('',(-6.117328865685E-15,19.55,1.25));
#3221 = VECTOR('',#3222,1.);
#3222 = DIRECTION('',(0.707106781187,-0.707106781187,3.140184917368E-16)
  );
#3223 = ORIENTED_EDGE('',*,*,#3202,.T.);
#3224 = ORIENTED_EDGE('',*,*,#2679,.F.);
#3225 = ORIENTED_EDGE('',*,*,#3226,.F.);
#3226 = EDGE_CURVE('',#3217,#2672,#3227,.T.);
#3227 = LINE('',#3228,#3229);
#3228 = CARTESIAN_POINT('',(0.5,19.05,1.25));
#3229 = VECTOR('',#3230,1.);
#3230 = DIRECTION('',(3.330669073875E-16,-1.110223024625E-16,-1.));
#3231 = PLANE('',#3232);
#3232 = AXIS2_PLACEMENT_3D('',#3233,#3234,#3235);
#3233 = CARTESIAN_POINT('',(-1.7763568394E-15,19.55,1.25));
#3234 = DIRECTION('',(-0.707106781187,-0.707106781187,
    -1.570092458684E-16));
#3235 = DIRECTION('',(0.707106781187,-0.707106781187,3.140184917368E-16)
  );
#3236 = ADVANCED_FACE('',(#3237),#3255,.T.);
#3237 = FACE_BOUND('',#3238,.T.);
#3238 = EDGE_LOOP('',(#3239,#3247,#3248,#3249));
#3239 = ORIENTED_EDGE('',*,*,#3240,.F.);
#3240 = EDGE_CURVE('',#3217,#3241,#3243,.T.);
#3241 = VERTEX_POINT('',#3242);
#3242 = CARTESIAN_POINT('',(-1.537658889106E-15,18.55,1.25));
#3243 = LINE('',#3244,#3245);
#3244 = CARTESIAN_POINT('',(0.5,19.05,1.25));
#3245 = VECTOR('',#3246,1.);
#3246 = DIRECTION('',(-0.707106781187,-0.707106781187,4.710277376051E-16
    ));
#3247 = ORIENTED_EDGE('',*,*,#3226,.T.);
#3248 = ORIENTED_EDGE('',*,*,#2671,.F.);
#3249 = ORIENTED_EDGE('',*,*,#3250,.F.);
#3250 = EDGE_CURVE('',#3241,#2664,#3251,.T.);
#3251 = LINE('',#3252,#3253);
#3252 = CARTESIAN_POINT('',(-1.537658889106E-15,18.55,1.25));
#3253 = VECTOR('',#3254,1.);
#3254 = DIRECTION('',(3.330669073875E-16,-1.110223024625E-16,-1.));
#3255 = PLANE('',#3256);
#3256 = AXIS2_PLACEMENT_3D('',#3257,#3258,#3259);
#3257 = CARTESIAN_POINT('',(0.5,19.05,1.25));
#3258 = DIRECTION('',(-0.707106781187,0.707106781187,-3.140184917368E-16
    ));
#3259 = DIRECTION('',(-0.707106781187,-0.707106781187,1.570092458684E-16
    ));
#3260 = ADVANCED_FACE('',(#3261),#3279,.F.);
#3261 = FACE_BOUND('',#3262,.F.);
#3262 = EDGE_LOOP('',(#3263,#3264,#3265,#3273));
#3263 = ORIENTED_EDGE('',*,*,#2663,.F.);
#3264 = ORIENTED_EDGE('',*,*,#3250,.F.);
#3265 = ORIENTED_EDGE('',*,*,#3266,.F.);
#3266 = EDGE_CURVE('',#3267,#3241,#3269,.T.);
#3267 = VERTEX_POINT('',#3268);
#3268 = CARTESIAN_POINT('',(-1.763589273558E-15,17.01,1.25));
#3269 = LINE('',#3270,#3271);
#3270 = CARTESIAN_POINT('',(8.495426584432E-15,-24.13,1.25));
#3271 = VECTOR('',#3272,1.);
#3272 = DIRECTION('',(-4.440892098501E-16,1.,-1.7763568394E-15));
#3273 = ORIENTED_EDGE('',*,*,#3274,.T.);
#3274 = EDGE_CURVE('',#3267,#2656,#3275,.T.);
#3275 = LINE('',#3276,#3277);
#3276 = CARTESIAN_POINT('',(-1.763589273558E-15,17.01,1.25));
#3277 = VECTOR('',#3278,1.);
#3278 = DIRECTION('',(3.330669073875E-16,-1.110223024625E-16,-1.));
#3279 = PLANE('',#3280);
#3280 = AXIS2_PLACEMENT_3D('',#3281,#3282,#3283);
#3281 = CARTESIAN_POINT('',(-3.464340406656E-15,-9.491966295853E-16,
    1.56020021645));
#3282 = DIRECTION('',(1.,-1.7763568394E-15,-4.440892098501E-16));
#3283 = DIRECTION('',(-2.22044604925E-15,-4.440892098501E-16,1.));
#3284 = ADVANCED_FACE('',(#3285),#3303,.F.);
#3285 = FACE_BOUND('',#3286,.F.);
#3286 = EDGE_LOOP('',(#3287,#3295,#3301,#3302));
#3287 = ORIENTED_EDGE('',*,*,#3288,.F.);
#3288 = EDGE_CURVE('',#3289,#3267,#3291,.T.);
#3289 = VERTEX_POINT('',#3290);
#3290 = CARTESIAN_POINT('',(0.5,16.51,1.25));
#3291 = LINE('',#3292,#3293);
#3292 = CARTESIAN_POINT('',(0.5,16.51,1.25));
#3293 = VECTOR('',#3294,1.);
#3294 = DIRECTION('',(-0.707106781187,0.707106781187,-3.140184917368E-16
    ));
#3295 = ORIENTED_EDGE('',*,*,#3296,.T.);
#3296 = EDGE_CURVE('',#3289,#2648,#3297,.T.);
#3297 = LINE('',#3298,#3299);
#3298 = CARTESIAN_POINT('',(0.5,16.51,1.25));
#3299 = VECTOR('',#3300,1.);
#3300 = DIRECTION('',(3.330669073875E-16,-1.110223024625E-16,-1.));
#3301 = ORIENTED_EDGE('',*,*,#2655,.F.);
#3302 = ORIENTED_EDGE('',*,*,#3274,.F.);
#3303 = PLANE('',#3304);
#3304 = AXIS2_PLACEMENT_3D('',#3305,#3306,#3307);
#3305 = CARTESIAN_POINT('',(0.5,16.51,1.25));
#3306 = DIRECTION('',(0.707106781187,0.707106781187,1.570092458684E-16)
  );
#3307 = DIRECTION('',(-0.707106781187,0.707106781187,-3.140184917368E-16
    ));
#3308 = ADVANCED_FACE('',(#3309),#3327,.F.);
#3309 = FACE_BOUND('',#3310,.F.);
#3310 = EDGE_LOOP('',(#3311,#3319,#3325,#3326));
#3311 = ORIENTED_EDGE('',*,*,#3312,.F.);
#3312 = EDGE_CURVE('',#3313,#3289,#3315,.T.);
#3313 = VERTEX_POINT('',#3314);
#3314 = CARTESIAN_POINT('',(-1.554312234475E-15,16.01,1.25));
#3315 = LINE('',#3316,#3317);
#3316 = CARTESIAN_POINT('',(-5.109246359325E-15,16.01,1.25));
#3317 = VECTOR('',#3318,1.);
#3318 = DIRECTION('',(0.707106781187,0.707106781187,-4.710277376051E-16)
  );
#3319 = ORIENTED_EDGE('',*,*,#3320,.T.);
#3320 = EDGE_CURVE('',#3313,#2640,#3321,.T.);
#3321 = LINE('',#3322,#3323);
#3322 = CARTESIAN_POINT('',(-1.554312234475E-15,16.01,1.25));
#3323 = VECTOR('',#3324,1.);
#3324 = DIRECTION('',(3.330669073875E-16,-1.110223024625E-16,-1.));
#3325 = ORIENTED_EDGE('',*,*,#2647,.F.);
#3326 = ORIENTED_EDGE('',*,*,#3296,.F.);
#3327 = PLANE('',#3328);
#3328 = AXIS2_PLACEMENT_3D('',#3329,#3330,#3331);
#3329 = CARTESIAN_POINT('',(-1.554312234475E-15,16.01,1.25));
#3330 = DIRECTION('',(0.707106781187,-0.707106781187,3.140184917368E-16)
  );
#3331 = DIRECTION('',(0.707106781187,0.707106781187,-1.570092458684E-16)
  );
#3332 = ADVANCED_FACE('',(#3333),#3351,.F.);
#3333 = FACE_BOUND('',#3334,.F.);
#3334 = EDGE_LOOP('',(#3335,#3336,#3337,#3345));
#3335 = ORIENTED_EDGE('',*,*,#2639,.F.);
#3336 = ORIENTED_EDGE('',*,*,#3320,.F.);
#3337 = ORIENTED_EDGE('',*,*,#3338,.F.);
#3338 = EDGE_CURVE('',#3339,#3313,#3341,.T.);
#3339 = VERTEX_POINT('',#3340);
#3340 = CARTESIAN_POINT('',(-1.7763568394E-15,14.47,1.25));
#3341 = LINE('',#3342,#3343);
#3342 = CARTESIAN_POINT('',(8.495426584432E-15,-24.13,1.25));
#3343 = VECTOR('',#3344,1.);
#3344 = DIRECTION('',(-4.440892098501E-16,1.,-1.7763568394E-15));
#3345 = ORIENTED_EDGE('',*,*,#3346,.T.);
#3346 = EDGE_CURVE('',#3339,#2632,#3347,.T.);
#3347 = LINE('',#3348,#3349);
#3348 = CARTESIAN_POINT('',(-1.7763568394E-15,14.47,1.25));
#3349 = VECTOR('',#3350,1.);
#3350 = DIRECTION('',(3.330669073875E-16,-1.110223024625E-16,-1.));
#3351 = PLANE('',#3352);
#3352 = AXIS2_PLACEMENT_3D('',#3353,#3354,#3355);
#3353 = CARTESIAN_POINT('',(-3.464340406656E-15,-9.491966295853E-16,
    1.56020021645));
#3354 = DIRECTION('',(1.,-1.7763568394E-15,-4.440892098501E-16));
#3355 = DIRECTION('',(-2.22044604925E-15,-4.440892098501E-16,1.));
#3356 = ADVANCED_FACE('',(#3357),#3375,.T.);
#3357 = FACE_BOUND('',#3358,.T.);
#3358 = EDGE_LOOP('',(#3359,#3367,#3368,#3369));
#3359 = ORIENTED_EDGE('',*,*,#3360,.F.);
#3360 = EDGE_CURVE('',#3339,#3361,#3363,.T.);
#3361 = VERTEX_POINT('',#3362);
#3362 = CARTESIAN_POINT('',(0.5,13.97,1.25));
#3363 = LINE('',#3364,#3365);
#3364 = CARTESIAN_POINT('',(-4.989342272665E-15,14.47,1.25));
#3365 = VECTOR('',#3366,1.);
#3366 = DIRECTION('',(0.707106781187,-0.707106781187,3.140184917368E-16)
  );
#3367 = ORIENTED_EDGE('',*,*,#3346,.T.);
#3368 = ORIENTED_EDGE('',*,*,#2631,.F.);
#3369 = ORIENTED_EDGE('',*,*,#3370,.F.);
#3370 = EDGE_CURVE('',#3361,#2624,#3371,.T.);
#3371 = LINE('',#3372,#3373);
#3372 = CARTESIAN_POINT('',(0.5,13.97,1.25));
#3373 = VECTOR('',#3374,1.);
#3374 = DIRECTION('',(3.330669073875E-16,-1.110223024625E-16,-1.));
#3375 = PLANE('',#3376);
#3376 = AXIS2_PLACEMENT_3D('',#3377,#3378,#3379);
#3377 = CARTESIAN_POINT('',(-1.7763568394E-15,14.47,1.25));
#3378 = DIRECTION('',(-0.707106781187,-0.707106781187,
    -1.570092458684E-16));
#3379 = DIRECTION('',(0.707106781187,-0.707106781187,3.140184917368E-16)
  );
#3380 = ADVANCED_FACE('',(#3381),#3399,.T.);
#3381 = FACE_BOUND('',#3382,.T.);
#3382 = EDGE_LOOP('',(#3383,#3391,#3392,#3393));
#3383 = ORIENTED_EDGE('',*,*,#3384,.F.);
#3384 = EDGE_CURVE('',#3361,#3385,#3387,.T.);
#3385 = VERTEX_POINT('',#3386);
#3386 = CARTESIAN_POINT('',(-1.519895320712E-15,13.47,1.25));
#3387 = LINE('',#3388,#3389);
#3388 = CARTESIAN_POINT('',(0.5,13.97,1.25));
#3389 = VECTOR('',#3390,1.);
#3390 = DIRECTION('',(-0.707106781187,-0.707106781187,4.710277376051E-16
    ));
#3391 = ORIENTED_EDGE('',*,*,#3370,.T.);
#3392 = ORIENTED_EDGE('',*,*,#2623,.F.);
#3393 = ORIENTED_EDGE('',*,*,#3394,.F.);
#3394 = EDGE_CURVE('',#3385,#2616,#3395,.T.);
#3395 = LINE('',#3396,#3397);
#3396 = CARTESIAN_POINT('',(-1.519895320712E-15,13.47,1.25));
#3397 = VECTOR('',#3398,1.);
#3398 = DIRECTION('',(3.330669073875E-16,-1.110223024625E-16,-1.));
#3399 = PLANE('',#3400);
#3400 = AXIS2_PLACEMENT_3D('',#3401,#3402,#3403);
#3401 = CARTESIAN_POINT('',(0.5,13.97,1.25));
#3402 = DIRECTION('',(-0.707106781187,0.707106781187,-3.140184917368E-16
    ));
#3403 = DIRECTION('',(-0.707106781187,-0.707106781187,1.570092458684E-16
    ));
#3404 = ADVANCED_FACE('',(#3405),#3423,.F.);
#3405 = FACE_BOUND('',#3406,.F.);
#3406 = EDGE_LOOP('',(#3407,#3408,#3409,#3417));
#3407 = ORIENTED_EDGE('',*,*,#2615,.F.);
#3408 = ORIENTED_EDGE('',*,*,#3394,.F.);
#3409 = ORIENTED_EDGE('',*,*,#3410,.F.);
#3410 = EDGE_CURVE('',#3411,#3385,#3413,.T.);
#3411 = VERTEX_POINT('',#3412);
#3412 = CARTESIAN_POINT('',(-1.7763568394E-15,11.93,1.25));
#3413 = LINE('',#3414,#3415);
#3414 = CARTESIAN_POINT('',(8.495426584432E-15,-24.13,1.25));
#3415 = VECTOR('',#3416,1.);
#3416 = DIRECTION('',(-4.440892098501E-16,1.,-1.7763568394E-15));
#3417 = ORIENTED_EDGE('',*,*,#3418,.T.);
#3418 = EDGE_CURVE('',#3411,#2608,#3419,.T.);
#3419 = LINE('',#3420,#3421);
#3420 = CARTESIAN_POINT('',(-1.7763568394E-15,11.93,1.25));
#3421 = VECTOR('',#3422,1.);
#3422 = DIRECTION('',(3.330669073875E-16,-1.110223024625E-16,-1.));
#3423 = PLANE('',#3424);
#3424 = AXIS2_PLACEMENT_3D('',#3425,#3426,#3427);
#3425 = CARTESIAN_POINT('',(-3.464340406656E-15,-9.491966295853E-16,
    1.56020021645));
#3426 = DIRECTION('',(1.,-1.7763568394E-15,-4.440892098501E-16));
#3427 = DIRECTION('',(-2.22044604925E-15,-4.440892098501E-16,1.));
#3428 = ADVANCED_FACE('',(#3429),#3447,.T.);
#3429 = FACE_BOUND('',#3430,.T.);
#3430 = EDGE_LOOP('',(#3431,#3439,#3440,#3441));
#3431 = ORIENTED_EDGE('',*,*,#3432,.F.);
#3432 = EDGE_CURVE('',#3411,#3433,#3435,.T.);
#3433 = VERTEX_POINT('',#3434);
#3434 = CARTESIAN_POINT('',(0.5,11.43,1.25));
#3435 = LINE('',#3436,#3437);
#3436 = CARTESIAN_POINT('',(-4.425348976156E-15,11.93,1.25));
#3437 = VECTOR('',#3438,1.);
#3438 = DIRECTION('',(0.707106781187,-0.707106781187,3.140184917368E-16)
  );
#3439 = ORIENTED_EDGE('',*,*,#3418,.T.);
#3440 = ORIENTED_EDGE('',*,*,#2607,.F.);
#3441 = ORIENTED_EDGE('',*,*,#3442,.F.);
#3442 = EDGE_CURVE('',#3433,#2600,#3443,.T.);
#3443 = LINE('',#3444,#3445);
#3444 = CARTESIAN_POINT('',(0.5,11.43,1.25));
#3445 = VECTOR('',#3446,1.);
#3446 = DIRECTION('',(3.330669073875E-16,-1.110223024625E-16,-1.));
#3447 = PLANE('',#3448);
#3448 = AXIS2_PLACEMENT_3D('',#3449,#3450,#3451);
#3449 = CARTESIAN_POINT('',(-1.7763568394E-15,11.93,1.25));
#3450 = DIRECTION('',(-0.707106781187,-0.707106781187,
    -1.570092458684E-16));
#3451 = DIRECTION('',(0.707106781187,-0.707106781187,3.140184917368E-16)
  );
#3452 = ADVANCED_FACE('',(#3453),#3471,.T.);
#3453 = FACE_BOUND('',#3454,.T.);
#3454 = EDGE_LOOP('',(#3455,#3463,#3464,#3465));
#3455 = ORIENTED_EDGE('',*,*,#3456,.F.);
#3456 = EDGE_CURVE('',#3433,#3457,#3459,.T.);
#3457 = VERTEX_POINT('',#3458);
#3458 = CARTESIAN_POINT('',(-1.511013536515E-15,10.93,1.25));
#3459 = LINE('',#3460,#3461);
#3460 = CARTESIAN_POINT('',(0.5,11.43,1.25));
#3461 = VECTOR('',#3462,1.);
#3462 = DIRECTION('',(-0.707106781187,-0.707106781187,4.710277376051E-16
    ));
#3463 = ORIENTED_EDGE('',*,*,#3442,.T.);
#3464 = ORIENTED_EDGE('',*,*,#2599,.F.);
#3465 = ORIENTED_EDGE('',*,*,#3466,.F.);
#3466 = EDGE_CURVE('',#3457,#2592,#3467,.T.);
#3467 = LINE('',#3468,#3469);
#3468 = CARTESIAN_POINT('',(-1.511013536515E-15,10.93,1.25));
#3469 = VECTOR('',#3470,1.);
#3470 = DIRECTION('',(3.330669073875E-16,-1.110223024625E-16,-1.));
#3471 = PLANE('',#3472);
#3472 = AXIS2_PLACEMENT_3D('',#3473,#3474,#3475);
#3473 = CARTESIAN_POINT('',(0.5,11.43,1.25));
#3474 = DIRECTION('',(-0.707106781187,0.707106781187,-3.140184917368E-16
    ));
#3475 = DIRECTION('',(-0.707106781187,-0.707106781187,1.570092458684E-16
    ));
#3476 = ADVANCED_FACE('',(#3477),#3495,.F.);
#3477 = FACE_BOUND('',#3478,.F.);
#3478 = EDGE_LOOP('',(#3479,#3480,#3481,#3489));
#3479 = ORIENTED_EDGE('',*,*,#2591,.F.);
#3480 = ORIENTED_EDGE('',*,*,#3466,.F.);
#3481 = ORIENTED_EDGE('',*,*,#3482,.F.);
#3482 = EDGE_CURVE('',#3483,#3457,#3485,.T.);
#3483 = VERTEX_POINT('',#3484);
#3484 = CARTESIAN_POINT('',(-1.724176357243E-15,9.39,1.25));
#3485 = LINE('',#3486,#3487);
#3486 = CARTESIAN_POINT('',(8.495426584432E-15,-24.13,1.25));
#3487 = VECTOR('',#3488,1.);
#3488 = DIRECTION('',(-4.440892098501E-16,1.,-1.7763568394E-15));
#3489 = ORIENTED_EDGE('',*,*,#3490,.T.);
#3490 = EDGE_CURVE('',#3483,#2584,#3491,.T.);
#3491 = LINE('',#3492,#3493);
#3492 = CARTESIAN_POINT('',(-1.724176357243E-15,9.39,1.25));
#3493 = VECTOR('',#3494,1.);
#3494 = DIRECTION('',(3.330669073875E-16,-1.110223024625E-16,-1.));
#3495 = PLANE('',#3496);
#3496 = AXIS2_PLACEMENT_3D('',#3497,#3498,#3499);
#3497 = CARTESIAN_POINT('',(-3.464340406656E-15,-9.491966295853E-16,
    1.56020021645));
#3498 = DIRECTION('',(1.,-1.7763568394E-15,-4.440892098501E-16));
#3499 = DIRECTION('',(-2.22044604925E-15,-4.440892098501E-16,1.));
#3500 = ADVANCED_FACE('',(#3501),#3519,.F.);
#3501 = FACE_BOUND('',#3502,.F.);
#3502 = EDGE_LOOP('',(#3503,#3511,#3517,#3518));
#3503 = ORIENTED_EDGE('',*,*,#3504,.F.);
#3504 = EDGE_CURVE('',#3505,#3483,#3507,.T.);
#3505 = VERTEX_POINT('',#3506);
#3506 = CARTESIAN_POINT('',(0.5,8.89,1.25));
#3507 = LINE('',#3508,#3509);
#3508 = CARTESIAN_POINT('',(0.5,8.89,1.25));
#3509 = VECTOR('',#3510,1.);
#3510 = DIRECTION('',(-0.707106781187,0.707106781187,-3.140184917368E-16
    ));
#3511 = ORIENTED_EDGE('',*,*,#3512,.T.);
#3512 = EDGE_CURVE('',#3505,#2576,#3513,.T.);
#3513 = LINE('',#3514,#3515);
#3514 = CARTESIAN_POINT('',(0.5,8.89,1.25));
#3515 = VECTOR('',#3516,1.);
#3516 = DIRECTION('',(3.330669073875E-16,-1.110223024625E-16,-1.));
#3517 = ORIENTED_EDGE('',*,*,#2583,.F.);
#3518 = ORIENTED_EDGE('',*,*,#3490,.F.);
#3519 = PLANE('',#3520);
#3520 = AXIS2_PLACEMENT_3D('',#3521,#3522,#3523);
#3521 = CARTESIAN_POINT('',(0.5,8.89,1.25));
#3522 = DIRECTION('',(0.707106781187,0.707106781187,1.570092458684E-16)
  );
#3523 = DIRECTION('',(-0.707106781187,0.707106781187,-3.140184917368E-16
    ));
#3524 = ADVANCED_FACE('',(#3525),#3543,.F.);
#3525 = FACE_BOUND('',#3526,.F.);
#3526 = EDGE_LOOP('',(#3527,#3535,#3541,#3542));
#3527 = ORIENTED_EDGE('',*,*,#3528,.F.);
#3528 = EDGE_CURVE('',#3529,#3505,#3531,.T.);
#3529 = VERTEX_POINT('',#3530);
#3530 = CARTESIAN_POINT('',(-1.554312234475E-15,8.39,1.25));
#3531 = LINE('',#3532,#3533);
#3532 = CARTESIAN_POINT('',(-3.417266469796E-15,8.39,1.25));
#3533 = VECTOR('',#3534,1.);
#3534 = DIRECTION('',(0.707106781187,0.707106781187,-4.710277376051E-16)
  );
#3535 = ORIENTED_EDGE('',*,*,#3536,.T.);
#3536 = EDGE_CURVE('',#3529,#2568,#3537,.T.);
#3537 = LINE('',#3538,#3539);
#3538 = CARTESIAN_POINT('',(-1.554312234475E-15,8.39,1.25));
#3539 = VECTOR('',#3540,1.);
#3540 = DIRECTION('',(3.330669073875E-16,-1.110223024625E-16,-1.));
#3541 = ORIENTED_EDGE('',*,*,#2575,.F.);
#3542 = ORIENTED_EDGE('',*,*,#3512,.F.);
#3543 = PLANE('',#3544);
#3544 = AXIS2_PLACEMENT_3D('',#3545,#3546,#3547);
#3545 = CARTESIAN_POINT('',(-1.554312234475E-15,8.39,1.25));
#3546 = DIRECTION('',(0.707106781187,-0.707106781187,3.140184917368E-16)
  );
#3547 = DIRECTION('',(0.707106781187,0.707106781187,-1.570092458684E-16)
  );
#3548 = ADVANCED_FACE('',(#3549),#3567,.F.);
#3549 = FACE_BOUND('',#3550,.F.);
#3550 = EDGE_LOOP('',(#3551,#3552,#3553,#3561));
#3551 = ORIENTED_EDGE('',*,*,#2567,.F.);
#3552 = ORIENTED_EDGE('',*,*,#3536,.F.);
#3553 = ORIENTED_EDGE('',*,*,#3554,.F.);
#3554 = EDGE_CURVE('',#3555,#3529,#3557,.T.);
#3555 = VERTEX_POINT('',#3556);
#3556 = CARTESIAN_POINT('',(-1.773581284486E-15,6.85,1.25));
#3557 = LINE('',#3558,#3559);
#3558 = CARTESIAN_POINT('',(8.495426584432E-15,-24.13,1.25));
#3559 = VECTOR('',#3560,1.);
#3560 = DIRECTION('',(-4.440892098501E-16,1.,-1.7763568394E-15));
#3561 = ORIENTED_EDGE('',*,*,#3562,.T.);
#3562 = EDGE_CURVE('',#3555,#2560,#3563,.T.);
#3563 = LINE('',#3564,#3565);
#3564 = CARTESIAN_POINT('',(-1.773581284486E-15,6.85,1.25));
#3565 = VECTOR('',#3566,1.);
#3566 = DIRECTION('',(3.330669073875E-16,-1.110223024625E-16,-1.));
#3567 = PLANE('',#3568);
#3568 = AXIS2_PLACEMENT_3D('',#3569,#3570,#3571);
#3569 = CARTESIAN_POINT('',(-3.464340406656E-15,-9.491966295853E-16,
    1.56020021645));
#3570 = DIRECTION('',(1.,-1.7763568394E-15,-4.440892098501E-16));
#3571 = DIRECTION('',(-2.22044604925E-15,-4.440892098501E-16,1.));
#3572 = ADVANCED_FACE('',(#3573),#3591,.F.);
#3573 = FACE_BOUND('',#3574,.F.);
#3574 = EDGE_LOOP('',(#3575,#3583,#3589,#3590));
#3575 = ORIENTED_EDGE('',*,*,#3576,.F.);
#3576 = EDGE_CURVE('',#3577,#3555,#3579,.T.);
#3577 = VERTEX_POINT('',#3578);
#3578 = CARTESIAN_POINT('',(0.5,6.35,1.25));
#3579 = LINE('',#3580,#3581);
#3580 = CARTESIAN_POINT('',(0.5,6.35,1.25));
#3581 = VECTOR('',#3582,1.);
#3582 = DIRECTION('',(-0.707106781187,0.707106781187,-3.140184917368E-16
    ));
#3583 = ORIENTED_EDGE('',*,*,#3584,.T.);
#3584 = EDGE_CURVE('',#3577,#2552,#3585,.T.);
#3585 = LINE('',#3586,#3587);
#3586 = CARTESIAN_POINT('',(0.5,6.35,1.25));
#3587 = VECTOR('',#3588,1.);
#3588 = DIRECTION('',(3.330669073875E-16,-1.110223024625E-16,-1.));
#3589 = ORIENTED_EDGE('',*,*,#2559,.F.);
#3590 = ORIENTED_EDGE('',*,*,#3562,.F.);
#3591 = PLANE('',#3592);
#3592 = AXIS2_PLACEMENT_3D('',#3593,#3594,#3595);
#3593 = CARTESIAN_POINT('',(0.5,6.35,1.25));
#3594 = DIRECTION('',(0.707106781187,0.707106781187,1.570092458684E-16)
  );
#3595 = DIRECTION('',(-0.707106781187,0.707106781187,-3.140184917368E-16
    ));
#3596 = ADVANCED_FACE('',(#3597),#3615,.F.);
#3597 = FACE_BOUND('',#3598,.F.);
#3598 = EDGE_LOOP('',(#3599,#3607,#3613,#3614));
#3599 = ORIENTED_EDGE('',*,*,#3600,.F.);
#3600 = EDGE_CURVE('',#3601,#3577,#3603,.T.);
#3601 = VERTEX_POINT('',#3602);
#3602 = CARTESIAN_POINT('',(-1.554312234475E-15,5.85,1.25));
#3603 = LINE('',#3604,#3605);
#3604 = CARTESIAN_POINT('',(-2.853273173287E-15,5.85,1.25));
#3605 = VECTOR('',#3606,1.);
#3606 = DIRECTION('',(0.707106781187,0.707106781187,-4.710277376051E-16)
  );
#3607 = ORIENTED_EDGE('',*,*,#3608,.T.);
#3608 = EDGE_CURVE('',#3601,#2544,#3609,.T.);
#3609 = LINE('',#3610,#3611);
#3610 = CARTESIAN_POINT('',(-1.554312234475E-15,5.85,1.25));
#3611 = VECTOR('',#3612,1.);
#3612 = DIRECTION('',(3.330669073875E-16,-1.110223024625E-16,-1.));
#3613 = ORIENTED_EDGE('',*,*,#2551,.F.);
#3614 = ORIENTED_EDGE('',*,*,#3584,.F.);
#3615 = PLANE('',#3616);
#3616 = AXIS2_PLACEMENT_3D('',#3617,#3618,#3619);
#3617 = CARTESIAN_POINT('',(-1.554312234475E-15,5.85,1.25));
#3618 = DIRECTION('',(0.707106781187,-0.707106781187,3.140184917368E-16)
  );
#3619 = DIRECTION('',(0.707106781187,0.707106781187,-1.570092458684E-16)
  );
#3620 = ADVANCED_FACE('',(#3621),#3639,.F.);
#3621 = FACE_BOUND('',#3622,.F.);
#3622 = EDGE_LOOP('',(#3623,#3624,#3625,#3633));
#3623 = ORIENTED_EDGE('',*,*,#2543,.F.);
#3624 = ORIENTED_EDGE('',*,*,#3608,.F.);
#3625 = ORIENTED_EDGE('',*,*,#3626,.F.);
#3626 = EDGE_CURVE('',#3627,#3601,#3629,.T.);
#3627 = VERTEX_POINT('',#3628);
#3628 = CARTESIAN_POINT('',(-1.76192394008E-15,4.31,1.25));
#3629 = LINE('',#3630,#3631);
#3630 = CARTESIAN_POINT('',(8.495426584432E-15,-24.13,1.25));
#3631 = VECTOR('',#3632,1.);
#3632 = DIRECTION('',(-4.440892098501E-16,1.,-1.7763568394E-15));
#3633 = ORIENTED_EDGE('',*,*,#3634,.T.);
#3634 = EDGE_CURVE('',#3627,#2536,#3635,.T.);
#3635 = LINE('',#3636,#3637);
#3636 = CARTESIAN_POINT('',(-1.76192394008E-15,4.31,1.25));
#3637 = VECTOR('',#3638,1.);
#3638 = DIRECTION('',(3.330669073875E-16,-1.110223024625E-16,-1.));
#3639 = PLANE('',#3640);
#3640 = AXIS2_PLACEMENT_3D('',#3641,#3642,#3643);
#3641 = CARTESIAN_POINT('',(-3.464340406656E-15,-9.491966295853E-16,
    1.56020021645));
#3642 = DIRECTION('',(1.,-1.7763568394E-15,-4.440892098501E-16));
#3643 = DIRECTION('',(-2.22044604925E-15,-4.440892098501E-16,1.));
#3644 = ADVANCED_FACE('',(#3645),#3663,.F.);
#3645 = FACE_BOUND('',#3646,.F.);
#3646 = EDGE_LOOP('',(#3647,#3655,#3661,#3662));
#3647 = ORIENTED_EDGE('',*,*,#3648,.F.);
#3648 = EDGE_CURVE('',#3649,#3627,#3651,.T.);
#3649 = VERTEX_POINT('',#3650);
#3650 = CARTESIAN_POINT('',(0.5,3.81,1.25));
#3651 = LINE('',#3652,#3653);
#3652 = CARTESIAN_POINT('',(0.5,3.81,1.25));
#3653 = VECTOR('',#3654,1.);
#3654 = DIRECTION('',(-0.707106781187,0.707106781187,-3.140184917368E-16
    ));
#3655 = ORIENTED_EDGE('',*,*,#3656,.T.);
#3656 = EDGE_CURVE('',#3649,#2528,#3657,.T.);
#3657 = LINE('',#3658,#3659);
#3658 = CARTESIAN_POINT('',(0.5,3.81,1.25));
#3659 = VECTOR('',#3660,1.);
#3660 = DIRECTION('',(3.330669073875E-16,-1.110223024625E-16,-1.));
#3661 = ORIENTED_EDGE('',*,*,#2535,.F.);
#3662 = ORIENTED_EDGE('',*,*,#3634,.F.);
#3663 = PLANE('',#3664);
#3664 = AXIS2_PLACEMENT_3D('',#3665,#3666,#3667);
#3665 = CARTESIAN_POINT('',(0.5,3.81,1.25));
#3666 = DIRECTION('',(0.707106781187,0.707106781187,1.570092458684E-16)
  );
#3667 = DIRECTION('',(-0.707106781187,0.707106781187,-3.140184917368E-16
    ));
#3668 = ADVANCED_FACE('',(#3669),#3687,.F.);
#3669 = FACE_BOUND('',#3670,.F.);
#3670 = EDGE_LOOP('',(#3671,#3679,#3685,#3686));
#3671 = ORIENTED_EDGE('',*,*,#3672,.F.);
#3672 = EDGE_CURVE('',#3673,#3649,#3675,.T.);
#3673 = VERTEX_POINT('',#3674);
#3674 = CARTESIAN_POINT('',(-1.554312234475E-15,3.31,1.25));
#3675 = LINE('',#3676,#3677);
#3676 = CARTESIAN_POINT('',(-2.289279876777E-15,3.31,1.25));
#3677 = VECTOR('',#3678,1.);
#3678 = DIRECTION('',(0.707106781187,0.707106781187,-4.710277376051E-16)
  );
#3679 = ORIENTED_EDGE('',*,*,#3680,.T.);
#3680 = EDGE_CURVE('',#3673,#2520,#3681,.T.);
#3681 = LINE('',#3682,#3683);
#3682 = CARTESIAN_POINT('',(-1.554312234475E-15,3.31,1.25));
#3683 = VECTOR('',#3684,1.);
#3684 = DIRECTION('',(3.330669073875E-16,-1.110223024625E-16,-1.));
#3685 = ORIENTED_EDGE('',*,*,#2527,.F.);
#3686 = ORIENTED_EDGE('',*,*,#3656,.F.);
#3687 = PLANE('',#3688);
#3688 = AXIS2_PLACEMENT_3D('',#3689,#3690,#3691);
#3689 = CARTESIAN_POINT('',(-1.554312234475E-15,3.31,1.25));
#3690 = DIRECTION('',(0.707106781187,-0.707106781187,3.140184917368E-16)
  );
#3691 = DIRECTION('',(0.707106781187,0.707106781187,-1.570092458684E-16)
  );
#3692 = ADVANCED_FACE('',(#3693),#3711,.F.);
#3693 = FACE_BOUND('',#3694,.F.);
#3694 = EDGE_LOOP('',(#3695,#3696,#3697,#3705));
#3695 = ORIENTED_EDGE('',*,*,#2519,.F.);
#3696 = ORIENTED_EDGE('',*,*,#3680,.F.);
#3697 = ORIENTED_EDGE('',*,*,#3698,.F.);
#3698 = EDGE_CURVE('',#3699,#3673,#3701,.T.);
#3699 = VERTEX_POINT('',#3700);
#3700 = CARTESIAN_POINT('',(-1.764699495524E-15,1.77,1.25));
#3701 = LINE('',#3702,#3703);
#3702 = CARTESIAN_POINT('',(8.495426584432E-15,-24.13,1.25));
#3703 = VECTOR('',#3704,1.);
#3704 = DIRECTION('',(-4.440892098501E-16,1.,-1.7763568394E-15));
#3705 = ORIENTED_EDGE('',*,*,#3706,.T.);
#3706 = EDGE_CURVE('',#3699,#2512,#3707,.T.);
#3707 = LINE('',#3708,#3709);
#3708 = CARTESIAN_POINT('',(-1.764699495524E-15,1.77,1.25));
#3709 = VECTOR('',#3710,1.);
#3710 = DIRECTION('',(3.330669073875E-16,-1.110223024625E-16,-1.));
#3711 = PLANE('',#3712);
#3712 = AXIS2_PLACEMENT_3D('',#3713,#3714,#3715);
#3713 = CARTESIAN_POINT('',(-3.464340406656E-15,-9.491966295853E-16,
    1.56020021645));
#3714 = DIRECTION('',(1.,-1.7763568394E-15,-4.440892098501E-16));
#3715 = DIRECTION('',(-2.22044604925E-15,-4.440892098501E-16,1.));
#3716 = ADVANCED_FACE('',(#3717),#3735,.F.);
#3717 = FACE_BOUND('',#3718,.F.);
#3718 = EDGE_LOOP('',(#3719,#3727,#3733,#3734));
#3719 = ORIENTED_EDGE('',*,*,#3720,.F.);
#3720 = EDGE_CURVE('',#3721,#3699,#3723,.T.);
#3721 = VERTEX_POINT('',#3722);
#3722 = CARTESIAN_POINT('',(0.5,1.27,1.25));
#3723 = LINE('',#3724,#3725);
#3724 = CARTESIAN_POINT('',(0.5,1.27,1.25));
#3725 = VECTOR('',#3726,1.);
#3726 = DIRECTION('',(-0.707106781187,0.707106781187,-3.140184917368E-16
    ));
#3727 = ORIENTED_EDGE('',*,*,#3728,.T.);
#3728 = EDGE_CURVE('',#3721,#2504,#3729,.T.);
#3729 = LINE('',#3730,#3731);
#3730 = CARTESIAN_POINT('',(0.5,1.27,1.25));
#3731 = VECTOR('',#3732,1.);
#3732 = DIRECTION('',(3.330669073875E-16,-1.110223024625E-16,-1.));
#3733 = ORIENTED_EDGE('',*,*,#2511,.F.);
#3734 = ORIENTED_EDGE('',*,*,#3706,.F.);
#3735 = PLANE('',#3736);
#3736 = AXIS2_PLACEMENT_3D('',#3737,#3738,#3739);
#3737 = CARTESIAN_POINT('',(0.5,1.27,1.25));
#3738 = DIRECTION('',(0.707106781187,0.707106781187,1.570092458684E-16)
  );
#3739 = DIRECTION('',(-0.707106781187,0.707106781187,-3.140184917368E-16
    ));
#3740 = ADVANCED_FACE('',(#3741),#3759,.F.);
#3741 = FACE_BOUND('',#3742,.F.);
#3742 = EDGE_LOOP('',(#3743,#3751,#3757,#3758));
#3743 = ORIENTED_EDGE('',*,*,#3744,.F.);
#3744 = EDGE_CURVE('',#3745,#3721,#3747,.T.);
#3745 = VERTEX_POINT('',#3746);
#3746 = CARTESIAN_POINT('',(-1.554312234475E-15,0.77,1.25));
#3747 = LINE('',#3748,#3749);
#3748 = CARTESIAN_POINT('',(-1.725286580267E-15,0.77,1.25));
#3749 = VECTOR('',#3750,1.);
#3750 = DIRECTION('',(0.707106781187,0.707106781187,-4.710277376051E-16)
  );
#3751 = ORIENTED_EDGE('',*,*,#3752,.T.);
#3752 = EDGE_CURVE('',#3745,#2496,#3753,.T.);
#3753 = LINE('',#3754,#3755);
#3754 = CARTESIAN_POINT('',(-1.554312234475E-15,0.77,1.25));
#3755 = VECTOR('',#3756,1.);
#3756 = DIRECTION('',(3.330669073875E-16,-1.110223024625E-16,-1.));
#3757 = ORIENTED_EDGE('',*,*,#2503,.F.);
#3758 = ORIENTED_EDGE('',*,*,#3728,.F.);
#3759 = PLANE('',#3760);
#3760 = AXIS2_PLACEMENT_3D('',#3761,#3762,#3763);
#3761 = CARTESIAN_POINT('',(-1.554312234475E-15,0.77,1.25));
#3762 = DIRECTION('',(0.707106781187,-0.707106781187,3.140184917368E-16)
  );
#3763 = DIRECTION('',(0.707106781187,0.707106781187,-1.570092458684E-16)
  );
#3764 = ADVANCED_FACE('',(#3765),#3783,.F.);
#3765 = FACE_BOUND('',#3766,.F.);
#3766 = EDGE_LOOP('',(#3767,#3768,#3769,#3777));
#3767 = ORIENTED_EDGE('',*,*,#2495,.F.);
#3768 = ORIENTED_EDGE('',*,*,#3752,.F.);
#3769 = ORIENTED_EDGE('',*,*,#3770,.F.);
#3770 = EDGE_CURVE('',#3771,#3745,#3773,.T.);
#3771 = VERTEX_POINT('',#3772);
#3772 = CARTESIAN_POINT('',(-1.212363542891E-15,-0.77,1.25));
#3773 = LINE('',#3774,#3775);
#3774 = CARTESIAN_POINT('',(8.495426584432E-15,-24.13,1.25));
#3775 = VECTOR('',#3776,1.);
#3776 = DIRECTION('',(-4.440892098501E-16,1.,-1.7763568394E-15));
#3777 = ORIENTED_EDGE('',*,*,#3778,.T.);
#3778 = EDGE_CURVE('',#3771,#2488,#3779,.T.);
#3779 = LINE('',#3780,#3781);
#3780 = CARTESIAN_POINT('',(-1.212363542891E-15,-0.77,1.25));
#3781 = VECTOR('',#3782,1.);
#3782 = DIRECTION('',(3.330669073875E-16,-1.110223024625E-16,-1.));
#3783 = PLANE('',#3784);
#3784 = AXIS2_PLACEMENT_3D('',#3785,#3786,#3787);
#3785 = CARTESIAN_POINT('',(-3.464340406656E-15,-9.491966295853E-16,
    1.56020021645));
#3786 = DIRECTION('',(1.,-1.7763568394E-15,-4.440892098501E-16));
#3787 = DIRECTION('',(-2.22044604925E-15,-4.440892098501E-16,1.));
#3788 = ADVANCED_FACE('',(#3789),#3807,.T.);
#3789 = FACE_BOUND('',#3790,.T.);
#3790 = EDGE_LOOP('',(#3791,#3799,#3800,#3801));
#3791 = ORIENTED_EDGE('',*,*,#3792,.F.);
#3792 = EDGE_CURVE('',#3771,#3793,#3795,.T.);
#3793 = VERTEX_POINT('',#3794);
#3794 = CARTESIAN_POINT('',(0.5,-1.27,1.25));
#3795 = LINE('',#3796,#3797);
#3796 = CARTESIAN_POINT('',(-1.041389197098E-15,-0.77,1.25));
#3797 = VECTOR('',#3798,1.);
#3798 = DIRECTION('',(0.707106781187,-0.707106781187,3.140184917368E-16)
  );
#3799 = ORIENTED_EDGE('',*,*,#3778,.T.);
#3800 = ORIENTED_EDGE('',*,*,#2487,.F.);
#3801 = ORIENTED_EDGE('',*,*,#3802,.F.);
#3802 = EDGE_CURVE('',#3793,#2480,#3803,.T.);
#3803 = LINE('',#3804,#3805);
#3804 = CARTESIAN_POINT('',(0.5,-1.27,1.25));
#3805 = VECTOR('',#3806,1.);
#3806 = DIRECTION('',(3.330669073875E-16,-1.110223024625E-16,-1.));
#3807 = PLANE('',#3808);
#3808 = AXIS2_PLACEMENT_3D('',#3809,#3810,#3811);
#3809 = CARTESIAN_POINT('',(-1.212363542891E-15,-0.77,1.25));
#3810 = DIRECTION('',(-0.707106781187,-0.707106781187,
    -1.570092458684E-16));
#3811 = DIRECTION('',(0.707106781187,-0.707106781187,3.140184917368E-16)
  );
#3812 = ADVANCED_FACE('',(#3813),#3831,.T.);
#3813 = FACE_BOUND('',#3814,.T.);
#3814 = EDGE_LOOP('',(#3815,#3823,#3824,#3825));
#3815 = ORIENTED_EDGE('',*,*,#3816,.F.);
#3816 = EDGE_CURVE('',#3793,#3817,#3819,.T.);
#3817 = VERTEX_POINT('',#3818);
#3818 = CARTESIAN_POINT('',(-9.786615940895E-16,-1.77,1.25));
#3819 = LINE('',#3820,#3821);
#3820 = CARTESIAN_POINT('',(0.5,-1.27,1.25));
#3821 = VECTOR('',#3822,1.);
#3822 = DIRECTION('',(-0.707106781187,-0.707106781187,4.710277376051E-16
    ));
#3823 = ORIENTED_EDGE('',*,*,#3802,.T.);
#3824 = ORIENTED_EDGE('',*,*,#2479,.F.);
#3825 = ORIENTED_EDGE('',*,*,#3826,.F.);
#3826 = EDGE_CURVE('',#3817,#2472,#3827,.T.);
#3827 = LINE('',#3828,#3829);
#3828 = CARTESIAN_POINT('',(-9.786615940895E-16,-1.77,1.25));
#3829 = VECTOR('',#3830,1.);
#3830 = DIRECTION('',(3.330669073875E-16,-1.110223024625E-16,-1.));
#3831 = PLANE('',#3832);
#3832 = AXIS2_PLACEMENT_3D('',#3833,#3834,#3835);
#3833 = CARTESIAN_POINT('',(0.5,-1.27,1.25));
#3834 = DIRECTION('',(-0.707106781187,0.707106781187,-3.140184917368E-16
    ));
#3835 = DIRECTION('',(-0.707106781187,-0.707106781187,1.570092458684E-16
    ));
#3836 = ADVANCED_FACE('',(#3837),#3855,.F.);
#3837 = FACE_BOUND('',#3838,.F.);
#3838 = EDGE_LOOP('',(#3839,#3840,#3841,#3849));
#3839 = ORIENTED_EDGE('',*,*,#2471,.F.);
#3840 = ORIENTED_EDGE('',*,*,#3826,.F.);
#3841 = ORIENTED_EDGE('',*,*,#3842,.F.);
#3842 = EDGE_CURVE('',#3843,#3817,#3845,.T.);
#3843 = VERTEX_POINT('',#3844);
#3844 = CARTESIAN_POINT('',(-8.43769498715E-17,-3.31,1.25));
#3845 = LINE('',#3846,#3847);
#3846 = CARTESIAN_POINT('',(8.495426584432E-15,-24.13,1.25));
#3847 = VECTOR('',#3848,1.);
#3848 = DIRECTION('',(-4.440892098501E-16,1.,-1.7763568394E-15));
#3849 = ORIENTED_EDGE('',*,*,#3850,.T.);
#3850 = EDGE_CURVE('',#3843,#2464,#3851,.T.);
#3851 = LINE('',#3852,#3853);
#3852 = CARTESIAN_POINT('',(-8.43769498715E-17,-3.31,1.25));
#3853 = VECTOR('',#3854,1.);
#3854 = DIRECTION('',(3.330669073875E-16,-1.110223024625E-16,-1.));
#3855 = PLANE('',#3856);
#3856 = AXIS2_PLACEMENT_3D('',#3857,#3858,#3859);
#3857 = CARTESIAN_POINT('',(-3.464340406656E-15,-9.491966295853E-16,
    1.56020021645));
#3858 = DIRECTION('',(1.,-1.7763568394E-15,-4.440892098501E-16));
#3859 = DIRECTION('',(-2.22044604925E-15,-4.440892098501E-16,1.));
#3860 = ADVANCED_FACE('',(#3861),#3879,.T.);
#3861 = FACE_BOUND('',#3862,.T.);
#3862 = EDGE_LOOP('',(#3863,#3871,#3872,#3873));
#3863 = ORIENTED_EDGE('',*,*,#3864,.F.);
#3864 = EDGE_CURVE('',#3843,#3865,#3867,.T.);
#3865 = VERTEX_POINT('',#3866);
#3866 = CARTESIAN_POINT('',(0.5,-3.81,1.25));
#3867 = LINE('',#3868,#3869);
#3868 = CARTESIAN_POINT('',(6.505906924304E-16,-3.31,1.25));
#3869 = VECTOR('',#3870,1.);
#3870 = DIRECTION('',(0.707106781187,-0.707106781187,3.140184917368E-16)
  );
#3871 = ORIENTED_EDGE('',*,*,#3850,.T.);
#3872 = ORIENTED_EDGE('',*,*,#2463,.F.);
#3873 = ORIENTED_EDGE('',*,*,#3874,.F.);
#3874 = EDGE_CURVE('',#3865,#2456,#3875,.T.);
#3875 = LINE('',#3876,#3877);
#3876 = CARTESIAN_POINT('',(0.5,-3.81,1.25));
#3877 = VECTOR('',#3878,1.);
#3878 = DIRECTION('',(3.330669073875E-16,-1.110223024625E-16,-1.));
#3879 = PLANE('',#3880);
#3880 = AXIS2_PLACEMENT_3D('',#3881,#3882,#3883);
#3881 = CARTESIAN_POINT('',(-8.43769498715E-17,-3.31,1.25));
#3882 = DIRECTION('',(-0.707106781187,-0.707106781187,
    -1.570092458684E-16));
#3883 = DIRECTION('',(0.707106781187,-0.707106781187,3.140184917368E-16)
  );
#3884 = ADVANCED_FACE('',(#3885),#3903,.T.);
#3885 = FACE_BOUND('',#3886,.T.);
#3886 = EDGE_LOOP('',(#3887,#3895,#3896,#3897));
#3887 = ORIENTED_EDGE('',*,*,#3888,.F.);
#3888 = EDGE_CURVE('',#3865,#3889,#3891,.T.);
#3889 = VERTEX_POINT('',#3890);
#3890 = CARTESIAN_POINT('',(1.72639686682E-16,-4.31,1.25));
#3891 = LINE('',#3892,#3893);
#3892 = CARTESIAN_POINT('',(0.5,-3.81,1.25));
#3893 = VECTOR('',#3894,1.);
#3894 = DIRECTION('',(-0.707106781187,-0.707106781187,4.710277376051E-16
    ));
#3895 = ORIENTED_EDGE('',*,*,#3874,.T.);
#3896 = ORIENTED_EDGE('',*,*,#2455,.F.);
#3897 = ORIENTED_EDGE('',*,*,#3898,.F.);
#3898 = EDGE_CURVE('',#3889,#2448,#3899,.T.);
#3899 = LINE('',#3900,#3901);
#3900 = CARTESIAN_POINT('',(1.72639686682E-16,-4.31,1.25));
#3901 = VECTOR('',#3902,1.);
#3902 = DIRECTION('',(3.330669073875E-16,-1.110223024625E-16,-1.));
#3903 = PLANE('',#3904);
#3904 = AXIS2_PLACEMENT_3D('',#3905,#3906,#3907);
#3905 = CARTESIAN_POINT('',(0.5,-3.81,1.25));
#3906 = DIRECTION('',(-0.707106781187,0.707106781187,-3.140184917368E-16
    ));
#3907 = DIRECTION('',(-0.707106781187,-0.707106781187,1.570092458684E-16
    ));
#3908 = ADVANCED_FACE('',(#3909),#3927,.F.);
#3909 = FACE_BOUND('',#3910,.F.);
#3910 = EDGE_LOOP('',(#3911,#3912,#3913,#3921));
#3911 = ORIENTED_EDGE('',*,*,#2447,.F.);
#3912 = ORIENTED_EDGE('',*,*,#3898,.F.);
#3913 = ORIENTED_EDGE('',*,*,#3914,.F.);
#3914 = EDGE_CURVE('',#3915,#3889,#3917,.T.);
#3915 = VERTEX_POINT('',#3916);
#3916 = CARTESIAN_POINT('',(1.043609643148E-15,-5.85,1.25));
#3917 = LINE('',#3918,#3919);
#3918 = CARTESIAN_POINT('',(8.495426584432E-15,-24.13,1.25));
#3919 = VECTOR('',#3920,1.);
#3920 = DIRECTION('',(-4.440892098501E-16,1.,-1.7763568394E-15));
#3921 = ORIENTED_EDGE('',*,*,#3922,.T.);
#3922 = EDGE_CURVE('',#3915,#2440,#3923,.T.);
#3923 = LINE('',#3924,#3925);
#3924 = CARTESIAN_POINT('',(1.043609643148E-15,-5.85,1.25));
#3925 = VECTOR('',#3926,1.);
#3926 = DIRECTION('',(3.330669073875E-16,-1.110223024625E-16,-1.));
#3927 = PLANE('',#3928);
#3928 = AXIS2_PLACEMENT_3D('',#3929,#3930,#3931);
#3929 = CARTESIAN_POINT('',(-3.464340406656E-15,-9.491966295853E-16,
    1.56020021645));
#3930 = DIRECTION('',(1.,-1.7763568394E-15,-4.440892098501E-16));
#3931 = DIRECTION('',(-2.22044604925E-15,-4.440892098501E-16,1.));
#3932 = ADVANCED_FACE('',(#3933),#3951,.T.);
#3933 = FACE_BOUND('',#3934,.T.);
#3934 = EDGE_LOOP('',(#3935,#3943,#3944,#3945));
#3935 = ORIENTED_EDGE('',*,*,#3936,.F.);
#3936 = EDGE_CURVE('',#3915,#3937,#3939,.T.);
#3937 = VERTEX_POINT('',#3938);
#3938 = CARTESIAN_POINT('',(0.5,-6.35,1.25));
#3939 = LINE('',#3940,#3941);
#3940 = CARTESIAN_POINT('',(2.342570581959E-15,-5.85,1.25));
#3941 = VECTOR('',#3942,1.);
#3942 = DIRECTION('',(0.707106781187,-0.707106781187,3.140184917368E-16)
  );
#3943 = ORIENTED_EDGE('',*,*,#3922,.T.);
#3944 = ORIENTED_EDGE('',*,*,#2439,.F.);
#3945 = ORIENTED_EDGE('',*,*,#3946,.F.);
#3946 = EDGE_CURVE('',#3937,#2432,#3947,.T.);
#3947 = LINE('',#3948,#3949);
#3948 = CARTESIAN_POINT('',(0.5,-6.35,1.25));
#3949 = VECTOR('',#3950,1.);
#3950 = DIRECTION('',(3.330669073875E-16,-1.110223024625E-16,-1.));
#3951 = PLANE('',#3952);
#3952 = AXIS2_PLACEMENT_3D('',#3953,#3954,#3955);
#3953 = CARTESIAN_POINT('',(1.043609643148E-15,-5.85,1.25));
#3954 = DIRECTION('',(-0.707106781187,-0.707106781187,
    -1.570092458684E-16));
#3955 = DIRECTION('',(0.707106781187,-0.707106781187,3.140184917368E-16)
  );
#3956 = ADVANCED_FACE('',(#3957),#3975,.T.);
#3957 = FACE_BOUND('',#3958,.T.);
#3958 = EDGE_LOOP('',(#3959,#3967,#3968,#3969));
#3959 = ORIENTED_EDGE('',*,*,#3960,.F.);
#3960 = EDGE_CURVE('',#3937,#3961,#3963,.T.);
#3961 = VERTEX_POINT('',#3962);
#3962 = CARTESIAN_POINT('',(1.296185378603E-15,-6.85,1.25));
#3963 = LINE('',#3964,#3965);
#3964 = CARTESIAN_POINT('',(0.5,-6.35,1.25));
#3965 = VECTOR('',#3966,1.);
#3966 = DIRECTION('',(-0.707106781187,-0.707106781187,4.710277376051E-16
    ));
#3967 = ORIENTED_EDGE('',*,*,#3946,.T.);
#3968 = ORIENTED_EDGE('',*,*,#2431,.F.);
#3969 = ORIENTED_EDGE('',*,*,#3970,.F.);
#3970 = EDGE_CURVE('',#3961,#2424,#3971,.T.);
#3971 = LINE('',#3972,#3973);
#3972 = CARTESIAN_POINT('',(1.296185378603E-15,-6.85,1.25));
#3973 = VECTOR('',#3974,1.);
#3974 = DIRECTION('',(3.330669073875E-16,-1.110223024625E-16,-1.));
#3975 = PLANE('',#3976);
#3976 = AXIS2_PLACEMENT_3D('',#3977,#3978,#3979);
#3977 = CARTESIAN_POINT('',(0.5,-6.35,1.25));
#3978 = DIRECTION('',(-0.707106781187,0.707106781187,-3.140184917368E-16
    ));
#3979 = DIRECTION('',(-0.707106781187,-0.707106781187,1.570092458684E-16
    ));
#3980 = ADVANCED_FACE('',(#3981),#3999,.F.);
#3981 = FACE_BOUND('',#3982,.F.);
#3982 = EDGE_LOOP('',(#3983,#3984,#3985,#3993));
#3983 = ORIENTED_EDGE('',*,*,#2423,.F.);
#3984 = ORIENTED_EDGE('',*,*,#3970,.F.);
#3985 = ORIENTED_EDGE('',*,*,#3986,.F.);
#3986 = EDGE_CURVE('',#3987,#3961,#3989,.T.);
#3987 = VERTEX_POINT('',#3988);
#3988 = CARTESIAN_POINT('',(2.171596236167E-15,-8.39,1.25));
#3989 = LINE('',#3990,#3991);
#3990 = CARTESIAN_POINT('',(8.495426584432E-15,-24.13,1.25));
#3991 = VECTOR('',#3992,1.);
#3992 = DIRECTION('',(-4.440892098501E-16,1.,-1.7763568394E-15));
#3993 = ORIENTED_EDGE('',*,*,#3994,.T.);
#3994 = EDGE_CURVE('',#3987,#2416,#3995,.T.);
#3995 = LINE('',#3996,#3997);
#3996 = CARTESIAN_POINT('',(2.171596236167E-15,-8.39,1.25));
#3997 = VECTOR('',#3998,1.);
#3998 = DIRECTION('',(3.330669073875E-16,-1.110223024625E-16,-1.));
#3999 = PLANE('',#4000);
#4000 = AXIS2_PLACEMENT_3D('',#4001,#4002,#4003);
#4001 = CARTESIAN_POINT('',(-3.464340406656E-15,-9.491966295853E-16,
    1.56020021645));
#4002 = DIRECTION('',(1.,-1.7763568394E-15,-4.440892098501E-16));
#4003 = DIRECTION('',(-2.22044604925E-15,-4.440892098501E-16,1.));
#4004 = ADVANCED_FACE('',(#4005),#4023,.T.);
#4005 = FACE_BOUND('',#4006,.T.);
#4006 = EDGE_LOOP('',(#4007,#4015,#4016,#4017));
#4007 = ORIENTED_EDGE('',*,*,#4008,.F.);
#4008 = EDGE_CURVE('',#3987,#4009,#4011,.T.);
#4009 = VERTEX_POINT('',#4010);
#4010 = CARTESIAN_POINT('',(0.5,-8.89,1.25));
#4011 = LINE('',#4012,#4013);
#4012 = CARTESIAN_POINT('',(4.034550471488E-15,-8.39,1.25));
#4013 = VECTOR('',#4014,1.);
#4014 = DIRECTION('',(0.707106781187,-0.707106781187,3.140184917368E-16)
  );
#4015 = ORIENTED_EDGE('',*,*,#3994,.T.);
#4016 = ORIENTED_EDGE('',*,*,#2415,.F.);
#4017 = ORIENTED_EDGE('',*,*,#4018,.F.);
#4018 = EDGE_CURVE('',#4009,#2408,#4019,.T.);
#4019 = LINE('',#4020,#4021);
#4020 = CARTESIAN_POINT('',(0.5,-8.89,1.25));
#4021 = VECTOR('',#4022,1.);
#4022 = DIRECTION('',(3.330669073875E-16,-1.110223024625E-16,-1.));
#4023 = PLANE('',#4024);
#4024 = AXIS2_PLACEMENT_3D('',#4025,#4026,#4027);
#4025 = CARTESIAN_POINT('',(2.171596236167E-15,-8.39,1.25));
#4026 = DIRECTION('',(-0.707106781187,-0.707106781187,
    -1.570092458684E-16));
#4027 = DIRECTION('',(0.707106781187,-0.707106781187,3.140184917368E-16)
  );
#4028 = ADVANCED_FACE('',(#4029),#4047,.T.);
#4029 = FACE_BOUND('',#4030,.T.);
#4030 = EDGE_LOOP('',(#4031,#4039,#4040,#4041));
#4031 = ORIENTED_EDGE('',*,*,#4032,.F.);
#4032 = EDGE_CURVE('',#4009,#4033,#4035,.T.);
#4033 = VERTEX_POINT('',#4034);
#4034 = CARTESIAN_POINT('',(2.419731083759E-15,-9.39,1.25));
#4035 = LINE('',#4036,#4037);
#4036 = CARTESIAN_POINT('',(0.5,-8.89,1.25));
#4037 = VECTOR('',#4038,1.);
#4038 = DIRECTION('',(-0.707106781187,-0.707106781187,4.710277376051E-16
    ));
#4039 = ORIENTED_EDGE('',*,*,#4018,.T.);
#4040 = ORIENTED_EDGE('',*,*,#2407,.F.);
#4041 = ORIENTED_EDGE('',*,*,#4042,.F.);
#4042 = EDGE_CURVE('',#4033,#2400,#4043,.T.);
#4043 = LINE('',#4044,#4045);
#4044 = CARTESIAN_POINT('',(2.419731083759E-15,-9.39,1.25));
#4045 = VECTOR('',#4046,1.);
#4046 = DIRECTION('',(3.330669073875E-16,-1.110223024625E-16,-1.));
#4047 = PLANE('',#4048);
#4048 = AXIS2_PLACEMENT_3D('',#4049,#4050,#4051);
#4049 = CARTESIAN_POINT('',(0.5,-8.89,1.25));
#4050 = DIRECTION('',(-0.707106781187,0.707106781187,-3.140184917368E-16
    ));
#4051 = DIRECTION('',(-0.707106781187,-0.707106781187,1.570092458684E-16
    ));
#4052 = ADVANCED_FACE('',(#4053),#4071,.F.);
#4053 = FACE_BOUND('',#4054,.F.);
#4054 = EDGE_LOOP('',(#4055,#4056,#4057,#4065));
#4055 = ORIENTED_EDGE('',*,*,#2399,.F.);
#4056 = ORIENTED_EDGE('',*,*,#4042,.F.);
#4057 = ORIENTED_EDGE('',*,*,#4058,.F.);
#4058 = EDGE_CURVE('',#4059,#4033,#4061,.T.);
#4059 = VERTEX_POINT('',#4060);
#4060 = CARTESIAN_POINT('',(3.32123218399E-15,-10.93,1.25));
#4061 = LINE('',#4062,#4063);
#4062 = CARTESIAN_POINT('',(8.495426584432E-15,-24.13,1.25));
#4063 = VECTOR('',#4064,1.);
#4064 = DIRECTION('',(-4.440892098501E-16,1.,-1.7763568394E-15));
#4065 = ORIENTED_EDGE('',*,*,#4066,.T.);
#4066 = EDGE_CURVE('',#4059,#2392,#4067,.T.);
#4067 = LINE('',#4068,#4069);
#4068 = CARTESIAN_POINT('',(3.32123218399E-15,-10.93,1.25));
#4069 = VECTOR('',#4070,1.);
#4070 = DIRECTION('',(3.330669073875E-16,-1.110223024625E-16,-1.));
#4071 = PLANE('',#4072);
#4072 = AXIS2_PLACEMENT_3D('',#4073,#4074,#4075);
#4073 = CARTESIAN_POINT('',(-3.464340406656E-15,-9.491966295853E-16,
    1.56020021645));
#4074 = DIRECTION('',(1.,-1.7763568394E-15,-4.440892098501E-16));
#4075 = DIRECTION('',(-2.22044604925E-15,-4.440892098501E-16,1.));
#4076 = ADVANCED_FACE('',(#4077),#4095,.F.);
#4077 = FACE_BOUND('',#4078,.F.);
#4078 = EDGE_LOOP('',(#4079,#4087,#4093,#4094));
#4079 = ORIENTED_EDGE('',*,*,#4080,.F.);
#4080 = EDGE_CURVE('',#4081,#4059,#4083,.T.);
#4081 = VERTEX_POINT('',#4082);
#4082 = CARTESIAN_POINT('',(0.5,-11.43,1.25));
#4083 = LINE('',#4084,#4085);
#4084 = CARTESIAN_POINT('',(0.5,-11.43,1.25));
#4085 = VECTOR('',#4086,1.);
#4086 = DIRECTION('',(-0.707106781187,0.707106781187,-3.140184917368E-16
    ));
#4087 = ORIENTED_EDGE('',*,*,#4088,.T.);
#4088 = EDGE_CURVE('',#4081,#2384,#4089,.T.);
#4089 = LINE('',#4090,#4091);
#4090 = CARTESIAN_POINT('',(0.5,-11.43,1.25));
#4091 = VECTOR('',#4092,1.);
#4092 = DIRECTION('',(3.330669073875E-16,-1.110223024625E-16,-1.));
#4093 = ORIENTED_EDGE('',*,*,#2391,.F.);
#4094 = ORIENTED_EDGE('',*,*,#4066,.F.);
#4095 = PLANE('',#4096);
#4096 = AXIS2_PLACEMENT_3D('',#4097,#4098,#4099);
#4097 = CARTESIAN_POINT('',(0.5,-11.43,1.25));
#4098 = DIRECTION('',(0.707106781187,0.707106781187,1.570092458684E-16)
  );
#4099 = DIRECTION('',(-0.707106781187,0.707106781187,-3.140184917368E-16
    ));
#4100 = ADVANCED_FACE('',(#4101),#4119,.F.);
#4101 = FACE_BOUND('',#4102,.F.);
#4102 = EDGE_LOOP('',(#4103,#4111,#4117,#4118));
#4103 = ORIENTED_EDGE('',*,*,#4104,.F.);
#4104 = EDGE_CURVE('',#4105,#4081,#4107,.T.);
#4105 = VERTEX_POINT('',#4106);
#4106 = CARTESIAN_POINT('',(3.521627434111E-15,-11.93,1.25));
#4107 = LINE('',#4108,#4109);
#4108 = CARTESIAN_POINT('',(6.170619570867E-15,-11.93,1.25));
#4109 = VECTOR('',#4110,1.);
#4110 = DIRECTION('',(0.707106781187,0.707106781187,-4.710277376051E-16)
  );
#4111 = ORIENTED_EDGE('',*,*,#4112,.T.);
#4112 = EDGE_CURVE('',#4105,#2376,#4113,.T.);
#4113 = LINE('',#4114,#4115);
#4114 = CARTESIAN_POINT('',(3.521627434111E-15,-11.93,1.25));
#4115 = VECTOR('',#4116,1.);
#4116 = DIRECTION('',(3.330669073875E-16,-1.110223024625E-16,-1.));
#4117 = ORIENTED_EDGE('',*,*,#2383,.F.);
#4118 = ORIENTED_EDGE('',*,*,#4088,.F.);
#4119 = PLANE('',#4120);
#4120 = AXIS2_PLACEMENT_3D('',#4121,#4122,#4123);
#4121 = CARTESIAN_POINT('',(3.521627434111E-15,-11.93,1.25));
#4122 = DIRECTION('',(0.707106781187,-0.707106781187,3.140184917368E-16)
  );
#4123 = DIRECTION('',(0.707106781187,0.707106781187,-1.570092458684E-16)
  );
#4124 = ADVANCED_FACE('',(#4125),#4143,.F.);
#4125 = FACE_BOUND('',#4126,.F.);
#4126 = EDGE_LOOP('',(#4127,#4128,#4129,#4137));
#4127 = ORIENTED_EDGE('',*,*,#2375,.F.);
#4128 = ORIENTED_EDGE('',*,*,#4112,.F.);
#4129 = ORIENTED_EDGE('',*,*,#4130,.F.);
#4130 = EDGE_CURVE('',#4131,#4105,#4133,.T.);
#4131 = VERTEX_POINT('',#4132);
#4132 = CARTESIAN_POINT('',(4.44477787591E-15,-13.47,1.25));
#4133 = LINE('',#4134,#4135);
#4134 = CARTESIAN_POINT('',(8.495426584432E-15,-24.13,1.25));
#4135 = VECTOR('',#4136,1.);
#4136 = DIRECTION('',(-4.440892098501E-16,1.,-1.7763568394E-15));
#4137 = ORIENTED_EDGE('',*,*,#4138,.T.);
#4138 = EDGE_CURVE('',#4131,#2368,#4139,.T.);
#4139 = LINE('',#4140,#4141);
#4140 = CARTESIAN_POINT('',(4.44477787591E-15,-13.47,1.25));
#4141 = VECTOR('',#4142,1.);
#4142 = DIRECTION('',(3.330669073875E-16,-1.110223024625E-16,-1.));
#4143 = PLANE('',#4144);
#4144 = AXIS2_PLACEMENT_3D('',#4145,#4146,#4147);
#4145 = CARTESIAN_POINT('',(-3.464340406656E-15,-9.491966295853E-16,
    1.56020021645));
#4146 = DIRECTION('',(1.,-1.7763568394E-15,-4.440892098501E-16));
#4147 = DIRECTION('',(-2.22044604925E-15,-4.440892098501E-16,1.));
#4148 = ADVANCED_FACE('',(#4149),#4167,.F.);
#4149 = FACE_BOUND('',#4150,.F.);
#4150 = EDGE_LOOP('',(#4151,#4159,#4165,#4166));
#4151 = ORIENTED_EDGE('',*,*,#4152,.F.);
#4152 = EDGE_CURVE('',#4153,#4131,#4155,.T.);
#4153 = VERTEX_POINT('',#4154);
#4154 = CARTESIAN_POINT('',(0.5,-13.97,1.25));
#4155 = LINE('',#4156,#4157);
#4156 = CARTESIAN_POINT('',(0.5,-13.97,1.25));
#4157 = VECTOR('',#4158,1.);
#4158 = DIRECTION('',(-0.707106781187,0.707106781187,-3.140184917368E-16
    ));
#4159 = ORIENTED_EDGE('',*,*,#4160,.T.);
#4160 = EDGE_CURVE('',#4153,#2360,#4161,.T.);
#4161 = LINE('',#4162,#4163);
#4162 = CARTESIAN_POINT('',(0.5,-13.97,1.25));
#4163 = VECTOR('',#4164,1.);
#4164 = DIRECTION('',(3.330669073875E-16,-1.110223024625E-16,-1.));
#4165 = ORIENTED_EDGE('',*,*,#2367,.F.);
#4166 = ORIENTED_EDGE('',*,*,#4138,.F.);
#4167 = PLANE('',#4168);
#4168 = AXIS2_PLACEMENT_3D('',#4169,#4170,#4171);
#4169 = CARTESIAN_POINT('',(0.5,-13.97,1.25));
#4170 = DIRECTION('',(0.707106781187,0.707106781187,1.570092458684E-16)
  );
#4171 = DIRECTION('',(-0.707106781187,0.707106781187,-3.140184917368E-16
    ));
#4172 = ADVANCED_FACE('',(#4173),#4191,.F.);
#4173 = FACE_BOUND('',#4174,.F.);
#4174 = EDGE_LOOP('',(#4175,#4183,#4189,#4190));
#4175 = ORIENTED_EDGE('',*,*,#4176,.F.);
#4176 = EDGE_CURVE('',#4177,#4153,#4179,.T.);
#4177 = VERTEX_POINT('',#4178);
#4178 = CARTESIAN_POINT('',(4.64961402713E-15,-14.47,1.25));
#4179 = LINE('',#4180,#4181);
#4180 = CARTESIAN_POINT('',(7.862599460395E-15,-14.47,1.25));
#4181 = VECTOR('',#4182,1.);
#4182 = DIRECTION('',(0.707106781187,0.707106781187,-4.710277376051E-16)
  );
#4183 = ORIENTED_EDGE('',*,*,#4184,.T.);
#4184 = EDGE_CURVE('',#4177,#2352,#4185,.T.);
#4185 = LINE('',#4186,#4187);
#4186 = CARTESIAN_POINT('',(4.64961402713E-15,-14.47,1.25));
#4187 = VECTOR('',#4188,1.);
#4188 = DIRECTION('',(3.330669073875E-16,-1.110223024625E-16,-1.));
#4189 = ORIENTED_EDGE('',*,*,#2359,.F.);
#4190 = ORIENTED_EDGE('',*,*,#4160,.F.);
#4191 = PLANE('',#4192);
#4192 = AXIS2_PLACEMENT_3D('',#4193,#4194,#4195);
#4193 = CARTESIAN_POINT('',(4.64961402713E-15,-14.47,1.25));
#4194 = DIRECTION('',(0.707106781187,-0.707106781187,3.140184917368E-16)
  );
#4195 = DIRECTION('',(0.707106781187,0.707106781187,-1.570092458684E-16)
  );
#4196 = ADVANCED_FACE('',(#4197),#4215,.F.);
#4197 = FACE_BOUND('',#4198,.F.);
#4198 = EDGE_LOOP('',(#4199,#4200,#4201,#4209));
#4199 = ORIENTED_EDGE('',*,*,#2351,.F.);
#4200 = ORIENTED_EDGE('',*,*,#4184,.F.);
#4201 = ORIENTED_EDGE('',*,*,#4202,.F.);
#4202 = EDGE_CURVE('',#4203,#4177,#4205,.T.);
#4203 = VERTEX_POINT('',#4204);
#4204 = CARTESIAN_POINT('',(5.555556015224E-15,-16.01,1.25));
#4205 = LINE('',#4206,#4207);
#4206 = CARTESIAN_POINT('',(8.495426584432E-15,-24.13,1.25));
#4207 = VECTOR('',#4208,1.);
#4208 = DIRECTION('',(-4.440892098501E-16,1.,-1.7763568394E-15));
#4209 = ORIENTED_EDGE('',*,*,#4210,.T.);
#4210 = EDGE_CURVE('',#4203,#2344,#4211,.T.);
#4211 = LINE('',#4212,#4213);
#4212 = CARTESIAN_POINT('',(5.555556015224E-15,-16.01,1.25));
#4213 = VECTOR('',#4214,1.);
#4214 = DIRECTION('',(3.330669073875E-16,-1.110223024625E-16,-1.));
#4215 = PLANE('',#4216);
#4216 = AXIS2_PLACEMENT_3D('',#4217,#4218,#4219);
#4217 = CARTESIAN_POINT('',(-3.464340406656E-15,-9.491966295853E-16,
    1.56020021645));
#4218 = DIRECTION('',(1.,-1.7763568394E-15,-4.440892098501E-16));
#4219 = DIRECTION('',(-2.22044604925E-15,-4.440892098501E-16,1.));
#4220 = ADVANCED_FACE('',(#4221),#4239,.T.);
#4221 = FACE_BOUND('',#4222,.T.);
#4222 = EDGE_LOOP('',(#4223,#4231,#4232,#4233));
#4223 = ORIENTED_EDGE('',*,*,#4224,.F.);
#4224 = EDGE_CURVE('',#4203,#4225,#4227,.T.);
#4225 = VERTEX_POINT('',#4226);
#4226 = CARTESIAN_POINT('',(0.5,-16.51,1.25));
#4227 = LINE('',#4228,#4229);
#4228 = CARTESIAN_POINT('',(9.110490140074E-15,-16.01,1.25));
#4229 = VECTOR('',#4230,1.);
#4230 = DIRECTION('',(0.707106781187,-0.707106781187,3.140184917368E-16)
  );
#4231 = ORIENTED_EDGE('',*,*,#4210,.T.);
#4232 = ORIENTED_EDGE('',*,*,#2343,.F.);
#4233 = ORIENTED_EDGE('',*,*,#4234,.F.);
#4234 = EDGE_CURVE('',#4225,#2336,#4235,.T.);
#4235 = LINE('',#4236,#4237);
#4236 = CARTESIAN_POINT('',(0.5,-16.51,1.25));
#4237 = VECTOR('',#4238,1.);
#4238 = DIRECTION('',(3.330669073875E-16,-1.110223024625E-16,-1.));
#4239 = PLANE('',#4240);
#4240 = AXIS2_PLACEMENT_3D('',#4241,#4242,#4243);
#4241 = CARTESIAN_POINT('',(5.555556015224E-15,-16.01,1.25));
#4242 = DIRECTION('',(-0.707106781187,-0.707106781187,
    -1.570092458684E-16));
#4243 = DIRECTION('',(0.707106781187,-0.707106781187,3.140184917368E-16)
  );
#4244 = ADVANCED_FACE('',(#4245),#4263,.T.);
#4245 = FACE_BOUND('',#4246,.T.);
#4246 = EDGE_LOOP('',(#4247,#4255,#4256,#4257));
#4247 = ORIENTED_EDGE('',*,*,#4248,.F.);
#4248 = EDGE_CURVE('',#4225,#4249,#4251,.T.);
#4249 = VERTEX_POINT('',#4250);
#4250 = CARTESIAN_POINT('',(5.790368185991E-15,-17.01,1.25));
#4251 = LINE('',#4252,#4253);
#4252 = CARTESIAN_POINT('',(0.5,-16.51,1.25));
#4253 = VECTOR('',#4254,1.);
#4254 = DIRECTION('',(-0.707106781187,-0.707106781187,4.710277376051E-16
    ));
#4255 = ORIENTED_EDGE('',*,*,#4234,.T.);
#4256 = ORIENTED_EDGE('',*,*,#2335,.F.);
#4257 = ORIENTED_EDGE('',*,*,#4258,.F.);
#4258 = EDGE_CURVE('',#4249,#2328,#4259,.T.);
#4259 = LINE('',#4260,#4261);
#4260 = CARTESIAN_POINT('',(5.790368185991E-15,-17.01,1.25));
#4261 = VECTOR('',#4262,1.);
#4262 = DIRECTION('',(3.330669073875E-16,-1.110223024625E-16,-1.));
#4263 = PLANE('',#4264);
#4264 = AXIS2_PLACEMENT_3D('',#4265,#4266,#4267);
#4265 = CARTESIAN_POINT('',(0.5,-16.51,1.25));
#4266 = DIRECTION('',(-0.707106781187,0.707106781187,-3.140184917368E-16
    ));
#4267 = DIRECTION('',(-0.707106781187,-0.707106781187,1.570092458684E-16
    ));
#4268 = ADVANCED_FACE('',(#4269),#4287,.F.);
#4269 = FACE_BOUND('',#4270,.F.);
#4270 = EDGE_LOOP('',(#4271,#4272,#4273,#4281));
#4271 = ORIENTED_EDGE('',*,*,#2327,.F.);
#4272 = ORIENTED_EDGE('',*,*,#4258,.F.);
#4273 = ORIENTED_EDGE('',*,*,#4274,.F.);
#4274 = EDGE_CURVE('',#4275,#4249,#4277,.T.);
#4275 = VERTEX_POINT('',#4276);
#4276 = CARTESIAN_POINT('',(6.691869275634E-15,-18.55,1.25));
#4277 = LINE('',#4278,#4279);
#4278 = CARTESIAN_POINT('',(8.495426584432E-15,-24.13,1.25));
#4279 = VECTOR('',#4280,1.);
#4280 = DIRECTION('',(-4.440892098501E-16,1.,-1.7763568394E-15));
#4281 = ORIENTED_EDGE('',*,*,#4282,.T.);
#4282 = EDGE_CURVE('',#4275,#2320,#4283,.T.);
#4283 = LINE('',#4284,#4285);
#4284 = CARTESIAN_POINT('',(6.691869275634E-15,-18.55,1.25));
#4285 = VECTOR('',#4286,1.);
#4286 = DIRECTION('',(3.330669073875E-16,-1.110223024625E-16,-1.));
#4287 = PLANE('',#4288);
#4288 = AXIS2_PLACEMENT_3D('',#4289,#4290,#4291);
#4289 = CARTESIAN_POINT('',(-3.464340406656E-15,-9.491966295853E-16,
    1.56020021645));
#4290 = DIRECTION('',(1.,-1.7763568394E-15,-4.440892098501E-16));
#4291 = DIRECTION('',(-2.22044604925E-15,-4.440892098501E-16,1.));
#4292 = ADVANCED_FACE('',(#4293),#4311,.F.);
#4293 = FACE_BOUND('',#4294,.F.);
#4294 = EDGE_LOOP('',(#4295,#4303,#4309,#4310));
#4295 = ORIENTED_EDGE('',*,*,#4296,.F.);
#4296 = EDGE_CURVE('',#4297,#4275,#4299,.T.);
#4297 = VERTEX_POINT('',#4298);
#4298 = CARTESIAN_POINT('',(0.5,-19.05,1.25));
#4299 = LINE('',#4300,#4301);
#4300 = CARTESIAN_POINT('',(0.5,-19.05,1.25));
#4301 = VECTOR('',#4302,1.);
#4302 = DIRECTION('',(-0.707106781187,0.707106781187,-3.140184917368E-16
    ));
#4303 = ORIENTED_EDGE('',*,*,#4304,.T.);
#4304 = EDGE_CURVE('',#4297,#2312,#4305,.T.);
#4305 = LINE('',#4306,#4307);
#4306 = CARTESIAN_POINT('',(0.5,-19.05,1.25));
#4307 = VECTOR('',#4308,1.);
#4308 = DIRECTION('',(3.330669073875E-16,-1.110223024625E-16,-1.));
#4309 = ORIENTED_EDGE('',*,*,#2319,.F.);
#4310 = ORIENTED_EDGE('',*,*,#4282,.F.);
#4311 = PLANE('',#4312);
#4312 = AXIS2_PLACEMENT_3D('',#4313,#4314,#4315);
#4313 = CARTESIAN_POINT('',(0.5,-19.05,1.25));
#4314 = DIRECTION('',(0.707106781187,0.707106781187,1.570092458684E-16)
  );
#4315 = DIRECTION('',(-0.707106781187,0.707106781187,-3.140184917368E-16
    ));
#4316 = ADVANCED_FACE('',(#4317),#4335,.F.);
#4317 = FACE_BOUND('',#4318,.F.);
#4318 = EDGE_LOOP('',(#4319,#4327,#4333,#4334));
#4319 = ORIENTED_EDGE('',*,*,#4320,.F.);
#4320 = EDGE_CURVE('',#4321,#4297,#4323,.T.);
#4321 = VERTEX_POINT('',#4322);
#4322 = CARTESIAN_POINT('',(6.905587213168E-15,-19.55,1.25));
#4323 = LINE('',#4324,#4325);
#4324 = CARTESIAN_POINT('',(1.124655923945E-14,-19.55,1.25));
#4325 = VECTOR('',#4326,1.);
#4326 = DIRECTION('',(0.707106781187,0.707106781187,-4.710277376051E-16)
  );
#4327 = ORIENTED_EDGE('',*,*,#4328,.T.);
#4328 = EDGE_CURVE('',#4321,#2304,#4329,.T.);
#4329 = LINE('',#4330,#4331);
#4330 = CARTESIAN_POINT('',(6.905587213168E-15,-19.55,1.25));
#4331 = VECTOR('',#4332,1.);
#4332 = DIRECTION('',(3.330669073875E-16,-1.110223024625E-16,-1.));
#4333 = ORIENTED_EDGE('',*,*,#2311,.F.);
#4334 = ORIENTED_EDGE('',*,*,#4304,.F.);
#4335 = PLANE('',#4336);
#4336 = AXIS2_PLACEMENT_3D('',#4337,#4338,#4339);
#4337 = CARTESIAN_POINT('',(6.905587213168E-15,-19.55,1.25));
#4338 = DIRECTION('',(0.707106781187,-0.707106781187,3.140184917368E-16)
  );
#4339 = DIRECTION('',(0.707106781187,0.707106781187,-1.570092458684E-16)
  );
#4340 = ADVANCED_FACE('',(#4341),#4359,.F.);
#4341 = FACE_BOUND('',#4342,.F.);
#4342 = EDGE_LOOP('',(#4343,#4344,#4345,#4353));
#4343 = ORIENTED_EDGE('',*,*,#2303,.F.);
#4344 = ORIENTED_EDGE('',*,*,#4328,.F.);
#4345 = ORIENTED_EDGE('',*,*,#4346,.F.);
#4346 = EDGE_CURVE('',#4347,#4321,#4349,.T.);
#4347 = VERTEX_POINT('',#4348);
#4348 = CARTESIAN_POINT('',(7.255862582732E-15,-21.09,1.25));
#4349 = LINE('',#4350,#4351);
#4350 = CARTESIAN_POINT('',(8.495426584432E-15,-24.13,1.25));
#4351 = VECTOR('',#4352,1.);
#4352 = DIRECTION('',(-4.440892098501E-16,1.,-1.7763568394E-15));
#4353 = ORIENTED_EDGE('',*,*,#4354,.T.);
#4354 = EDGE_CURVE('',#4347,#2296,#4355,.T.);
#4355 = LINE('',#4356,#4357);
#4356 = CARTESIAN_POINT('',(7.255862582732E-15,-21.09,1.25));
#4357 = VECTOR('',#4358,1.);
#4358 = DIRECTION('',(3.330669073875E-16,-1.110223024625E-16,-1.));
#4359 = PLANE('',#4360);
#4360 = AXIS2_PLACEMENT_3D('',#4361,#4362,#4363);
#4361 = CARTESIAN_POINT('',(-3.464340406656E-15,-9.491966295853E-16,
    1.56020021645));
#4362 = DIRECTION('',(1.,-1.7763568394E-15,-4.440892098501E-16));
#4363 = DIRECTION('',(-2.22044604925E-15,-4.440892098501E-16,1.));
#4364 = ADVANCED_FACE('',(#4365),#4383,.F.);
#4365 = FACE_BOUND('',#4366,.F.);
#4366 = EDGE_LOOP('',(#4367,#4375,#4381,#4382));
#4367 = ORIENTED_EDGE('',*,*,#4368,.F.);
#4368 = EDGE_CURVE('',#4369,#4347,#4371,.T.);
#4369 = VERTEX_POINT('',#4370);
#4370 = CARTESIAN_POINT('',(0.5,-21.59,1.25));
#4371 = LINE('',#4372,#4373);
#4372 = CARTESIAN_POINT('',(0.5,-21.59,1.25));
#4373 = VECTOR('',#4374,1.);
#4374 = DIRECTION('',(-0.707106781187,0.707106781187,-3.140184917368E-16
    ));
#4375 = ORIENTED_EDGE('',*,*,#4376,.T.);
#4376 = EDGE_CURVE('',#4369,#2288,#4377,.T.);
#4377 = LINE('',#4378,#4379);
#4378 = CARTESIAN_POINT('',(0.5,-21.59,1.25));
#4379 = VECTOR('',#4380,1.);
#4380 = DIRECTION('',(3.330669073875E-16,-1.110223024625E-16,-1.));
#4381 = ORIENTED_EDGE('',*,*,#2295,.F.);
#4382 = ORIENTED_EDGE('',*,*,#4354,.F.);
#4383 = PLANE('',#4384);
#4384 = AXIS2_PLACEMENT_3D('',#4385,#4386,#4387);
#4385 = CARTESIAN_POINT('',(0.5,-21.59,1.25));
#4386 = DIRECTION('',(0.707106781187,0.707106781187,1.570092458684E-16)
  );
#4387 = DIRECTION('',(-0.707106781187,0.707106781187,-3.140184917368E-16
    ));
#4388 = ADVANCED_FACE('',(#4389),#4407,.T.);
#4389 = FACE_BOUND('',#4390,.T.);
#4390 = EDGE_LOOP('',(#4391,#4399,#4400,#4401));
#4391 = ORIENTED_EDGE('',*,*,#4392,.F.);
#4392 = EDGE_CURVE('',#4369,#4393,#4395,.T.);
#4393 = VERTEX_POINT('',#4394);
#4394 = CARTESIAN_POINT('',(8.037459583068E-15,-22.09,1.25));
#4395 = LINE('',#4396,#4397);
#4396 = CARTESIAN_POINT('',(0.5,-21.59,1.25));
#4397 = VECTOR('',#4398,1.);
#4398 = DIRECTION('',(-0.707106781187,-0.707106781187,4.710277376051E-16
    ));
#4399 = ORIENTED_EDGE('',*,*,#4376,.T.);
#4400 = ORIENTED_EDGE('',*,*,#2287,.F.);
#4401 = ORIENTED_EDGE('',*,*,#4402,.F.);
#4402 = EDGE_CURVE('',#4393,#2280,#4403,.T.);
#4403 = LINE('',#4404,#4405);
#4404 = CARTESIAN_POINT('',(8.037459583068E-15,-22.09,1.25));
#4405 = VECTOR('',#4406,1.);
#4406 = DIRECTION('',(3.330669073875E-16,-1.110223024625E-16,-1.));
#4407 = PLANE('',#4408);
#4408 = AXIS2_PLACEMENT_3D('',#4409,#4410,#4411);
#4409 = CARTESIAN_POINT('',(0.5,-21.59,1.25));
#4410 = DIRECTION('',(-0.707106781187,0.707106781187,-3.140184917368E-16
    ));
#4411 = DIRECTION('',(-0.707106781187,-0.707106781187,1.570092458684E-16
    ));
#4412 = ADVANCED_FACE('',(#4413),#4431,.F.);
#4413 = FACE_BOUND('',#4414,.F.);
#4414 = EDGE_LOOP('',(#4415,#4416,#4417,#4425));
#4415 = ORIENTED_EDGE('',*,*,#2279,.F.);
#4416 = ORIENTED_EDGE('',*,*,#4402,.F.);
#4417 = ORIENTED_EDGE('',*,*,#4418,.F.);
#4418 = EDGE_CURVE('',#4419,#4393,#4421,.T.);
#4419 = VERTEX_POINT('',#4420);
#4420 = CARTESIAN_POINT('',(8.379408274653E-15,-23.63,1.25));
#4421 = LINE('',#4422,#4423);
#4422 = CARTESIAN_POINT('',(8.495426584432E-15,-24.13,1.25));
#4423 = VECTOR('',#4424,1.);
#4424 = DIRECTION('',(-4.440892098501E-16,1.,-1.7763568394E-15));
#4425 = ORIENTED_EDGE('',*,*,#4426,.T.);
#4426 = EDGE_CURVE('',#4419,#2272,#4427,.T.);
#4427 = LINE('',#4428,#4429);
#4428 = CARTESIAN_POINT('',(8.379408274653E-15,-23.63,1.25));
#4429 = VECTOR('',#4430,1.);
#4430 = DIRECTION('',(3.330669073875E-16,-1.110223024625E-16,-1.));
#4431 = PLANE('',#4432);
#4432 = AXIS2_PLACEMENT_3D('',#4433,#4434,#4435);
#4433 = CARTESIAN_POINT('',(-3.464340406656E-15,-9.491966295853E-16,
    1.56020021645));
#4434 = DIRECTION('',(1.,-1.7763568394E-15,-4.440892098501E-16));
#4435 = DIRECTION('',(-2.22044604925E-15,-4.440892098501E-16,1.));
#4436 = ADVANCED_FACE('',(#4437),#4455,.F.);
#4437 = FACE_BOUND('',#4438,.F.);
#4438 = EDGE_LOOP('',(#4439,#4447,#4453,#4454));
#4439 = ORIENTED_EDGE('',*,*,#4440,.F.);
#4440 = EDGE_CURVE('',#4441,#4419,#4443,.T.);
#4441 = VERTEX_POINT('',#4442);
#4442 = CARTESIAN_POINT('',(0.5,-24.13,1.25));
#4443 = LINE('',#4444,#4445);
#4444 = CARTESIAN_POINT('',(0.5,-24.13,1.25));
#4445 = VECTOR('',#4446,1.);
#4446 = DIRECTION('',(-0.707106781187,0.707106781187,-3.140184917368E-16
    ));
#4447 = ORIENTED_EDGE('',*,*,#4448,.T.);
#4448 = EDGE_CURVE('',#4441,#2264,#4449,.T.);
#4449 = LINE('',#4450,#4451);
#4450 = CARTESIAN_POINT('',(0.5,-24.13,1.25));
#4451 = VECTOR('',#4452,1.);
#4452 = DIRECTION('',(3.330669073875E-16,-1.110223024625E-16,-1.));
#4453 = ORIENTED_EDGE('',*,*,#2271,.F.);
#4454 = ORIENTED_EDGE('',*,*,#4426,.F.);
#4455 = PLANE('',#4456);
#4456 = AXIS2_PLACEMENT_3D('',#4457,#4458,#4459);
#4457 = CARTESIAN_POINT('',(0.5,-24.13,1.25));
#4458 = DIRECTION('',(0.707106781187,0.707106781187,1.570092458684E-16)
  );
#4459 = DIRECTION('',(-0.707106781187,0.707106781187,-3.140184917368E-16
    ));
#4460 = ADVANCED_FACE('',(#4461),#4479,.F.);
#4461 = FACE_BOUND('',#4462,.F.);
#4462 = EDGE_LOOP('',(#4463,#4464,#4472,#4478));
#4463 = ORIENTED_EDGE('',*,*,#4448,.F.);
#4464 = ORIENTED_EDGE('',*,*,#4465,.T.);
#4465 = EDGE_CURVE('',#4441,#4466,#4468,.T.);
#4466 = VERTEX_POINT('',#4467);
#4467 = CARTESIAN_POINT('',(2.,-24.13,1.25));
#4468 = LINE('',#4469,#4470);
#4469 = CARTESIAN_POINT('',(1.357580714512E-14,-24.13,1.25));
#4470 = VECTOR('',#4471,1.);
#4471 = DIRECTION('',(1.,-1.554312234475E-15,-2.22044604925E-16));
#4472 = ORIENTED_EDGE('',*,*,#4473,.T.);
#4473 = EDGE_CURVE('',#4466,#2256,#4474,.T.);
#4474 = LINE('',#4475,#4476);
#4475 = CARTESIAN_POINT('',(2.,-24.13,1.25));
#4476 = VECTOR('',#4477,1.);
#4477 = DIRECTION('',(3.330669073875E-16,-1.110223024625E-16,-1.));
#4478 = ORIENTED_EDGE('',*,*,#2263,.F.);
#4479 = PLANE('',#4480);
#4480 = AXIS2_PLACEMENT_3D('',#4481,#4482,#4483);
#4481 = CARTESIAN_POINT('',(1.357580714512E-14,-24.13,1.25));
#4482 = DIRECTION('',(-4.440892098501E-16,1.,-1.7763568394E-15));
#4483 = DIRECTION('',(1.998401444325E-15,2.22044604925E-16,-1.));
#4484 = ADVANCED_FACE('',(#4485),#4503,.T.);
#4485 = FACE_BOUND('',#4486,.T.);
#4486 = EDGE_LOOP('',(#4487,#4495,#4496,#4497));
#4487 = ORIENTED_EDGE('',*,*,#4488,.F.);
#4488 = EDGE_CURVE('',#4466,#4489,#4491,.T.);
#4489 = VERTEX_POINT('',#4490);
#4490 = CARTESIAN_POINT('',(2.5,-23.63,1.25));
#4491 = LINE('',#4492,#4493);
#4492 = CARTESIAN_POINT('',(2.,-24.13,1.25));
#4493 = VECTOR('',#4494,1.);
#4494 = DIRECTION('',(0.707106781187,0.707106781187,-4.710277376051E-16)
  );
#4495 = ORIENTED_EDGE('',*,*,#4473,.T.);
#4496 = ORIENTED_EDGE('',*,*,#2255,.F.);
#4497 = ORIENTED_EDGE('',*,*,#4498,.F.);
#4498 = EDGE_CURVE('',#4489,#2248,#4499,.T.);
#4499 = LINE('',#4500,#4501);
#4500 = CARTESIAN_POINT('',(2.5,-23.63,1.25));
#4501 = VECTOR('',#4502,1.);
#4502 = DIRECTION('',(3.330669073875E-16,-1.110223024625E-16,-1.));
#4503 = PLANE('',#4504);
#4504 = AXIS2_PLACEMENT_3D('',#4505,#4506,#4507);
#4505 = CARTESIAN_POINT('',(2.,-24.13,1.25));
#4506 = DIRECTION('',(0.707106781187,-0.707106781187,3.140184917368E-16)
  );
#4507 = DIRECTION('',(0.707106781187,0.707106781187,-1.570092458684E-16)
  );
#4508 = ADVANCED_FACE('',(#4509),#4527,.T.);
#4509 = FACE_BOUND('',#4510,.T.);
#4510 = EDGE_LOOP('',(#4511,#4512,#4520,#4526));
#4511 = ORIENTED_EDGE('',*,*,#2247,.F.);
#4512 = ORIENTED_EDGE('',*,*,#4513,.F.);
#4513 = EDGE_CURVE('',#4514,#2240,#4516,.T.);
#4514 = VERTEX_POINT('',#4515);
#4515 = CARTESIAN_POINT('',(2.5,-22.09,1.25));
#4516 = LINE('',#4517,#4518);
#4517 = CARTESIAN_POINT('',(2.5,-22.09,1.25));
#4518 = VECTOR('',#4519,1.);
#4519 = DIRECTION('',(3.330669073875E-16,-1.110223024625E-16,-1.));
#4520 = ORIENTED_EDGE('',*,*,#4521,.F.);
#4521 = EDGE_CURVE('',#4489,#4514,#4522,.T.);
#4522 = LINE('',#4523,#4524);
#4523 = CARTESIAN_POINT('',(2.5,23.18,1.25));
#4524 = VECTOR('',#4525,1.);
#4525 = DIRECTION('',(-4.440892098501E-16,1.,-1.7763568394E-15));
#4526 = ORIENTED_EDGE('',*,*,#4498,.T.);
#4527 = PLANE('',#4528);
#4528 = AXIS2_PLACEMENT_3D('',#4529,#4530,#4531);
#4529 = CARTESIAN_POINT('',(2.5,-3.169642678836E-15,1.56020021645));
#4530 = DIRECTION('',(1.,-1.7763568394E-15,-4.440892098501E-16));
#4531 = DIRECTION('',(-2.22044604925E-15,-4.440892098501E-16,1.));
#4532 = ADVANCED_FACE('',(#4533),#4551,.T.);
#4533 = FACE_BOUND('',#4534,.T.);
#4534 = EDGE_LOOP('',(#4535,#4543,#4544,#4545));
#4535 = ORIENTED_EDGE('',*,*,#4536,.F.);
#4536 = EDGE_CURVE('',#4514,#4537,#4539,.T.);
#4537 = VERTEX_POINT('',#4538);
#4538 = CARTESIAN_POINT('',(2.,-21.59,1.25));
#4539 = LINE('',#4540,#4541);
#4540 = CARTESIAN_POINT('',(2.5,-22.09,1.25));
#4541 = VECTOR('',#4542,1.);
#4542 = DIRECTION('',(-0.707106781187,0.707106781187,-3.140184917368E-16
    ));
#4543 = ORIENTED_EDGE('',*,*,#4513,.T.);
#4544 = ORIENTED_EDGE('',*,*,#2239,.F.);
#4545 = ORIENTED_EDGE('',*,*,#4546,.F.);
#4546 = EDGE_CURVE('',#4537,#2232,#4547,.T.);
#4547 = LINE('',#4548,#4549);
#4548 = CARTESIAN_POINT('',(2.,-21.59,1.25));
#4549 = VECTOR('',#4550,1.);
#4550 = DIRECTION('',(3.330669073875E-16,-1.110223024625E-16,-1.));
#4551 = PLANE('',#4552);
#4552 = AXIS2_PLACEMENT_3D('',#4553,#4554,#4555);
#4553 = CARTESIAN_POINT('',(2.5,-22.09,1.25));
#4554 = DIRECTION('',(0.707106781187,0.707106781187,1.570092458684E-16)
  );
#4555 = DIRECTION('',(-0.707106781187,0.707106781187,-3.140184917368E-16
    ));
#4556 = ADVANCED_FACE('',(#4557),#4575,.T.);
#4557 = FACE_BOUND('',#4558,.T.);
#4558 = EDGE_LOOP('',(#4559,#4567,#4568,#4569));
#4559 = ORIENTED_EDGE('',*,*,#4560,.F.);
#4560 = EDGE_CURVE('',#4537,#4561,#4563,.T.);
#4561 = VERTEX_POINT('',#4562);
#4562 = CARTESIAN_POINT('',(2.5,-21.09,1.25));
#4563 = LINE('',#4564,#4565);
#4564 = CARTESIAN_POINT('',(2.,-21.59,1.25));
#4565 = VECTOR('',#4566,1.);
#4566 = DIRECTION('',(0.707106781187,0.707106781187,-4.710277376051E-16)
  );
#4567 = ORIENTED_EDGE('',*,*,#4546,.T.);
#4568 = ORIENTED_EDGE('',*,*,#2231,.F.);
#4569 = ORIENTED_EDGE('',*,*,#4570,.F.);
#4570 = EDGE_CURVE('',#4561,#2224,#4571,.T.);
#4571 = LINE('',#4572,#4573);
#4572 = CARTESIAN_POINT('',(2.5,-21.09,1.25));
#4573 = VECTOR('',#4574,1.);
#4574 = DIRECTION('',(3.330669073875E-16,-1.110223024625E-16,-1.));
#4575 = PLANE('',#4576);
#4576 = AXIS2_PLACEMENT_3D('',#4577,#4578,#4579);
#4577 = CARTESIAN_POINT('',(2.,-21.59,1.25));
#4578 = DIRECTION('',(0.707106781187,-0.707106781187,3.140184917368E-16)
  );
#4579 = DIRECTION('',(0.707106781187,0.707106781187,-1.570092458684E-16)
  );
#4580 = ADVANCED_FACE('',(#4581),#4599,.T.);
#4581 = FACE_BOUND('',#4582,.T.);
#4582 = EDGE_LOOP('',(#4583,#4584,#4592,#4598));
#4583 = ORIENTED_EDGE('',*,*,#2223,.F.);
#4584 = ORIENTED_EDGE('',*,*,#4585,.F.);
#4585 = EDGE_CURVE('',#4586,#2216,#4588,.T.);
#4586 = VERTEX_POINT('',#4587);
#4587 = CARTESIAN_POINT('',(2.5,-19.55,1.25));
#4588 = LINE('',#4589,#4590);
#4589 = CARTESIAN_POINT('',(2.5,-19.55,1.25));
#4590 = VECTOR('',#4591,1.);
#4591 = DIRECTION('',(3.330669073875E-16,-1.110223024625E-16,-1.));
#4592 = ORIENTED_EDGE('',*,*,#4593,.F.);
#4593 = EDGE_CURVE('',#4561,#4586,#4594,.T.);
#4594 = LINE('',#4595,#4596);
#4595 = CARTESIAN_POINT('',(2.5,23.18,1.25));
#4596 = VECTOR('',#4597,1.);
#4597 = DIRECTION('',(-4.440892098501E-16,1.,-1.7763568394E-15));
#4598 = ORIENTED_EDGE('',*,*,#4570,.T.);
#4599 = PLANE('',#4600);
#4600 = AXIS2_PLACEMENT_3D('',#4601,#4602,#4603);
#4601 = CARTESIAN_POINT('',(2.5,-3.169642678836E-15,1.56020021645));
#4602 = DIRECTION('',(1.,-1.7763568394E-15,-4.440892098501E-16));
#4603 = DIRECTION('',(-2.22044604925E-15,-4.440892098501E-16,1.));
#4604 = ADVANCED_FACE('',(#4605),#4623,.T.);
#4605 = FACE_BOUND('',#4606,.T.);
#4606 = EDGE_LOOP('',(#4607,#4615,#4616,#4617));
#4607 = ORIENTED_EDGE('',*,*,#4608,.F.);
#4608 = EDGE_CURVE('',#4586,#4609,#4611,.T.);
#4609 = VERTEX_POINT('',#4610);
#4610 = CARTESIAN_POINT('',(2.,-19.05,1.25));
#4611 = LINE('',#4612,#4613);
#4612 = CARTESIAN_POINT('',(2.5,-19.55,1.25));
#4613 = VECTOR('',#4614,1.);
#4614 = DIRECTION('',(-0.707106781187,0.707106781187,-3.140184917368E-16
    ));
#4615 = ORIENTED_EDGE('',*,*,#4585,.T.);
#4616 = ORIENTED_EDGE('',*,*,#2215,.F.);
#4617 = ORIENTED_EDGE('',*,*,#4618,.F.);
#4618 = EDGE_CURVE('',#4609,#2208,#4619,.T.);
#4619 = LINE('',#4620,#4621);
#4620 = CARTESIAN_POINT('',(2.,-19.05,1.25));
#4621 = VECTOR('',#4622,1.);
#4622 = DIRECTION('',(3.330669073875E-16,-1.110223024625E-16,-1.));
#4623 = PLANE('',#4624);
#4624 = AXIS2_PLACEMENT_3D('',#4625,#4626,#4627);
#4625 = CARTESIAN_POINT('',(2.5,-19.55,1.25));
#4626 = DIRECTION('',(0.707106781187,0.707106781187,1.570092458684E-16)
  );
#4627 = DIRECTION('',(-0.707106781187,0.707106781187,-3.140184917368E-16
    ));
#4628 = ADVANCED_FACE('',(#4629),#4647,.T.);
#4629 = FACE_BOUND('',#4630,.T.);
#4630 = EDGE_LOOP('',(#4631,#4639,#4640,#4641));
#4631 = ORIENTED_EDGE('',*,*,#4632,.F.);
#4632 = EDGE_CURVE('',#4609,#4633,#4635,.T.);
#4633 = VERTEX_POINT('',#4634);
#4634 = CARTESIAN_POINT('',(2.5,-18.55,1.25));
#4635 = LINE('',#4636,#4637);
#4636 = CARTESIAN_POINT('',(2.,-19.05,1.25));
#4637 = VECTOR('',#4638,1.);
#4638 = DIRECTION('',(0.707106781187,0.707106781187,-4.710277376051E-16)
  );
#4639 = ORIENTED_EDGE('',*,*,#4618,.T.);
#4640 = ORIENTED_EDGE('',*,*,#2207,.F.);
#4641 = ORIENTED_EDGE('',*,*,#4642,.F.);
#4642 = EDGE_CURVE('',#4633,#2200,#4643,.T.);
#4643 = LINE('',#4644,#4645);
#4644 = CARTESIAN_POINT('',(2.5,-18.55,1.25));
#4645 = VECTOR('',#4646,1.);
#4646 = DIRECTION('',(3.330669073875E-16,-1.110223024625E-16,-1.));
#4647 = PLANE('',#4648);
#4648 = AXIS2_PLACEMENT_3D('',#4649,#4650,#4651);
#4649 = CARTESIAN_POINT('',(2.,-19.05,1.25));
#4650 = DIRECTION('',(0.707106781187,-0.707106781187,3.140184917368E-16)
  );
#4651 = DIRECTION('',(0.707106781187,0.707106781187,-1.570092458684E-16)
  );
#4652 = ADVANCED_FACE('',(#4653),#4671,.T.);
#4653 = FACE_BOUND('',#4654,.T.);
#4654 = EDGE_LOOP('',(#4655,#4656,#4664,#4670));
#4655 = ORIENTED_EDGE('',*,*,#2199,.F.);
#4656 = ORIENTED_EDGE('',*,*,#4657,.F.);
#4657 = EDGE_CURVE('',#4658,#2192,#4660,.T.);
#4658 = VERTEX_POINT('',#4659);
#4659 = CARTESIAN_POINT('',(2.5,-17.01,1.25));
#4660 = LINE('',#4661,#4662);
#4661 = CARTESIAN_POINT('',(2.5,-17.01,1.25));
#4662 = VECTOR('',#4663,1.);
#4663 = DIRECTION('',(3.330669073875E-16,-1.110223024625E-16,-1.));
#4664 = ORIENTED_EDGE('',*,*,#4665,.F.);
#4665 = EDGE_CURVE('',#4633,#4658,#4666,.T.);
#4666 = LINE('',#4667,#4668);
#4667 = CARTESIAN_POINT('',(2.5,23.18,1.25));
#4668 = VECTOR('',#4669,1.);
#4669 = DIRECTION('',(-4.440892098501E-16,1.,-1.7763568394E-15));
#4670 = ORIENTED_EDGE('',*,*,#4642,.T.);
#4671 = PLANE('',#4672);
#4672 = AXIS2_PLACEMENT_3D('',#4673,#4674,#4675);
#4673 = CARTESIAN_POINT('',(2.5,-3.169642678836E-15,1.56020021645));
#4674 = DIRECTION('',(1.,-1.7763568394E-15,-4.440892098501E-16));
#4675 = DIRECTION('',(-2.22044604925E-15,-4.440892098501E-16,1.));
#4676 = ADVANCED_FACE('',(#4677),#4695,.F.);
#4677 = FACE_BOUND('',#4678,.F.);
#4678 = EDGE_LOOP('',(#4679,#4687,#4693,#4694));
#4679 = ORIENTED_EDGE('',*,*,#4680,.F.);
#4680 = EDGE_CURVE('',#4681,#4658,#4683,.T.);
#4681 = VERTEX_POINT('',#4682);
#4682 = CARTESIAN_POINT('',(2.,-16.51,1.25));
#4683 = LINE('',#4684,#4685);
#4684 = CARTESIAN_POINT('',(2.,-16.51,1.25));
#4685 = VECTOR('',#4686,1.);
#4686 = DIRECTION('',(0.707106781187,-0.707106781187,3.140184917368E-16)
  );
#4687 = ORIENTED_EDGE('',*,*,#4688,.T.);
#4688 = EDGE_CURVE('',#4681,#2184,#4689,.T.);
#4689 = LINE('',#4690,#4691);
#4690 = CARTESIAN_POINT('',(2.,-16.51,1.25));
#4691 = VECTOR('',#4692,1.);
#4692 = DIRECTION('',(3.330669073875E-16,-1.110223024625E-16,-1.));
#4693 = ORIENTED_EDGE('',*,*,#2191,.F.);
#4694 = ORIENTED_EDGE('',*,*,#4657,.F.);
#4695 = PLANE('',#4696);
#4696 = AXIS2_PLACEMENT_3D('',#4697,#4698,#4699);
#4697 = CARTESIAN_POINT('',(2.,-16.51,1.25));
#4698 = DIRECTION('',(-0.707106781187,-0.707106781187,
    -1.570092458684E-16));
#4699 = DIRECTION('',(0.707106781187,-0.707106781187,3.140184917368E-16)
  );
#4700 = ADVANCED_FACE('',(#4701),#4719,.F.);
#4701 = FACE_BOUND('',#4702,.F.);
#4702 = EDGE_LOOP('',(#4703,#4711,#4717,#4718));
#4703 = ORIENTED_EDGE('',*,*,#4704,.F.);
#4704 = EDGE_CURVE('',#4705,#4681,#4707,.T.);
#4705 = VERTEX_POINT('',#4706);
#4706 = CARTESIAN_POINT('',(2.5,-16.01,1.25));
#4707 = LINE('',#4708,#4709);
#4708 = CARTESIAN_POINT('',(2.5,-16.01,1.25));
#4709 = VECTOR('',#4710,1.);
#4710 = DIRECTION('',(-0.707106781187,-0.707106781187,4.710277376051E-16
    ));
#4711 = ORIENTED_EDGE('',*,*,#4712,.T.);
#4712 = EDGE_CURVE('',#4705,#2176,#4713,.T.);
#4713 = LINE('',#4714,#4715);
#4714 = CARTESIAN_POINT('',(2.5,-16.01,1.25));
#4715 = VECTOR('',#4716,1.);
#4716 = DIRECTION('',(3.330669073875E-16,-1.110223024625E-16,-1.));
#4717 = ORIENTED_EDGE('',*,*,#2183,.F.);
#4718 = ORIENTED_EDGE('',*,*,#4688,.F.);
#4719 = PLANE('',#4720);
#4720 = AXIS2_PLACEMENT_3D('',#4721,#4722,#4723);
#4721 = CARTESIAN_POINT('',(2.5,-16.01,1.25));
#4722 = DIRECTION('',(-0.707106781187,0.707106781187,-3.140184917368E-16
    ));
#4723 = DIRECTION('',(-0.707106781187,-0.707106781187,1.570092458684E-16
    ));
#4724 = ADVANCED_FACE('',(#4725),#4743,.T.);
#4725 = FACE_BOUND('',#4726,.T.);
#4726 = EDGE_LOOP('',(#4727,#4728,#4736,#4742));
#4727 = ORIENTED_EDGE('',*,*,#2175,.F.);
#4728 = ORIENTED_EDGE('',*,*,#4729,.F.);
#4729 = EDGE_CURVE('',#4730,#2168,#4732,.T.);
#4730 = VERTEX_POINT('',#4731);
#4731 = CARTESIAN_POINT('',(2.5,-14.47,1.25));
#4732 = LINE('',#4733,#4734);
#4733 = CARTESIAN_POINT('',(2.5,-14.47,1.25));
#4734 = VECTOR('',#4735,1.);
#4735 = DIRECTION('',(3.330669073875E-16,-1.110223024625E-16,-1.));
#4736 = ORIENTED_EDGE('',*,*,#4737,.F.);
#4737 = EDGE_CURVE('',#4705,#4730,#4738,.T.);
#4738 = LINE('',#4739,#4740);
#4739 = CARTESIAN_POINT('',(2.5,23.18,1.25));
#4740 = VECTOR('',#4741,1.);
#4741 = DIRECTION('',(-4.440892098501E-16,1.,-1.7763568394E-15));
#4742 = ORIENTED_EDGE('',*,*,#4712,.T.);
#4743 = PLANE('',#4744);
#4744 = AXIS2_PLACEMENT_3D('',#4745,#4746,#4747);
#4745 = CARTESIAN_POINT('',(2.5,-3.169642678836E-15,1.56020021645));
#4746 = DIRECTION('',(1.,-1.7763568394E-15,-4.440892098501E-16));
#4747 = DIRECTION('',(-2.22044604925E-15,-4.440892098501E-16,1.));
#4748 = ADVANCED_FACE('',(#4749),#4767,.T.);
#4749 = FACE_BOUND('',#4750,.T.);
#4750 = EDGE_LOOP('',(#4751,#4759,#4760,#4761));
#4751 = ORIENTED_EDGE('',*,*,#4752,.F.);
#4752 = EDGE_CURVE('',#4730,#4753,#4755,.T.);
#4753 = VERTEX_POINT('',#4754);
#4754 = CARTESIAN_POINT('',(2.,-13.97,1.25));
#4755 = LINE('',#4756,#4757);
#4756 = CARTESIAN_POINT('',(2.5,-14.47,1.25));
#4757 = VECTOR('',#4758,1.);
#4758 = DIRECTION('',(-0.707106781187,0.707106781187,-3.140184917368E-16
    ));
#4759 = ORIENTED_EDGE('',*,*,#4729,.T.);
#4760 = ORIENTED_EDGE('',*,*,#2167,.F.);
#4761 = ORIENTED_EDGE('',*,*,#4762,.F.);
#4762 = EDGE_CURVE('',#4753,#2160,#4763,.T.);
#4763 = LINE('',#4764,#4765);
#4764 = CARTESIAN_POINT('',(2.,-13.97,1.25));
#4765 = VECTOR('',#4766,1.);
#4766 = DIRECTION('',(3.330669073875E-16,-1.110223024625E-16,-1.));
#4767 = PLANE('',#4768);
#4768 = AXIS2_PLACEMENT_3D('',#4769,#4770,#4771);
#4769 = CARTESIAN_POINT('',(2.5,-14.47,1.25));
#4770 = DIRECTION('',(0.707106781187,0.707106781187,1.570092458684E-16)
  );
#4771 = DIRECTION('',(-0.707106781187,0.707106781187,-3.140184917368E-16
    ));
#4772 = ADVANCED_FACE('',(#4773),#4791,.T.);
#4773 = FACE_BOUND('',#4774,.T.);
#4774 = EDGE_LOOP('',(#4775,#4783,#4784,#4785));
#4775 = ORIENTED_EDGE('',*,*,#4776,.F.);
#4776 = EDGE_CURVE('',#4753,#4777,#4779,.T.);
#4777 = VERTEX_POINT('',#4778);
#4778 = CARTESIAN_POINT('',(2.5,-13.47,1.25));
#4779 = LINE('',#4780,#4781);
#4780 = CARTESIAN_POINT('',(2.,-13.97,1.25));
#4781 = VECTOR('',#4782,1.);
#4782 = DIRECTION('',(0.707106781187,0.707106781187,-4.710277376051E-16)
  );
#4783 = ORIENTED_EDGE('',*,*,#4762,.T.);
#4784 = ORIENTED_EDGE('',*,*,#2159,.F.);
#4785 = ORIENTED_EDGE('',*,*,#4786,.F.);
#4786 = EDGE_CURVE('',#4777,#2152,#4787,.T.);
#4787 = LINE('',#4788,#4789);
#4788 = CARTESIAN_POINT('',(2.5,-13.47,1.25));
#4789 = VECTOR('',#4790,1.);
#4790 = DIRECTION('',(3.330669073875E-16,-1.110223024625E-16,-1.));
#4791 = PLANE('',#4792);
#4792 = AXIS2_PLACEMENT_3D('',#4793,#4794,#4795);
#4793 = CARTESIAN_POINT('',(2.,-13.97,1.25));
#4794 = DIRECTION('',(0.707106781187,-0.707106781187,3.140184917368E-16)
  );
#4795 = DIRECTION('',(0.707106781187,0.707106781187,-1.570092458684E-16)
  );
#4796 = ADVANCED_FACE('',(#4797),#4815,.T.);
#4797 = FACE_BOUND('',#4798,.T.);
#4798 = EDGE_LOOP('',(#4799,#4800,#4808,#4814));
#4799 = ORIENTED_EDGE('',*,*,#2151,.F.);
#4800 = ORIENTED_EDGE('',*,*,#4801,.F.);
#4801 = EDGE_CURVE('',#4802,#2144,#4804,.T.);
#4802 = VERTEX_POINT('',#4803);
#4803 = CARTESIAN_POINT('',(2.5,-11.93,1.25));
#4804 = LINE('',#4805,#4806);
#4805 = CARTESIAN_POINT('',(2.5,-11.93,1.25));
#4806 = VECTOR('',#4807,1.);
#4807 = DIRECTION('',(3.330669073875E-16,-1.110223024625E-16,-1.));
#4808 = ORIENTED_EDGE('',*,*,#4809,.F.);
#4809 = EDGE_CURVE('',#4777,#4802,#4810,.T.);
#4810 = LINE('',#4811,#4812);
#4811 = CARTESIAN_POINT('',(2.5,23.18,1.25));
#4812 = VECTOR('',#4813,1.);
#4813 = DIRECTION('',(-4.440892098501E-16,1.,-1.7763568394E-15));
#4814 = ORIENTED_EDGE('',*,*,#4786,.T.);
#4815 = PLANE('',#4816);
#4816 = AXIS2_PLACEMENT_3D('',#4817,#4818,#4819);
#4817 = CARTESIAN_POINT('',(2.5,-3.169642678836E-15,1.56020021645));
#4818 = DIRECTION('',(1.,-1.7763568394E-15,-4.440892098501E-16));
#4819 = DIRECTION('',(-2.22044604925E-15,-4.440892098501E-16,1.));
#4820 = ADVANCED_FACE('',(#4821),#4839,.F.);
#4821 = FACE_BOUND('',#4822,.F.);
#4822 = EDGE_LOOP('',(#4823,#4831,#4837,#4838));
#4823 = ORIENTED_EDGE('',*,*,#4824,.F.);
#4824 = EDGE_CURVE('',#4825,#4802,#4827,.T.);
#4825 = VERTEX_POINT('',#4826);
#4826 = CARTESIAN_POINT('',(2.,-11.43,1.25));
#4827 = LINE('',#4828,#4829);
#4828 = CARTESIAN_POINT('',(2.,-11.43,1.25));
#4829 = VECTOR('',#4830,1.);
#4830 = DIRECTION('',(0.707106781187,-0.707106781187,3.140184917368E-16)
  );
#4831 = ORIENTED_EDGE('',*,*,#4832,.T.);
#4832 = EDGE_CURVE('',#4825,#2136,#4833,.T.);
#4833 = LINE('',#4834,#4835);
#4834 = CARTESIAN_POINT('',(2.,-11.43,1.25));
#4835 = VECTOR('',#4836,1.);
#4836 = DIRECTION('',(3.330669073875E-16,-1.110223024625E-16,-1.));
#4837 = ORIENTED_EDGE('',*,*,#2143,.F.);
#4838 = ORIENTED_EDGE('',*,*,#4801,.F.);
#4839 = PLANE('',#4840);
#4840 = AXIS2_PLACEMENT_3D('',#4841,#4842,#4843);
#4841 = CARTESIAN_POINT('',(2.,-11.43,1.25));
#4842 = DIRECTION('',(-0.707106781187,-0.707106781187,
    -1.570092458684E-16));
#4843 = DIRECTION('',(0.707106781187,-0.707106781187,3.140184917368E-16)
  );
#4844 = ADVANCED_FACE('',(#4845),#4863,.F.);
#4845 = FACE_BOUND('',#4846,.F.);
#4846 = EDGE_LOOP('',(#4847,#4855,#4861,#4862));
#4847 = ORIENTED_EDGE('',*,*,#4848,.F.);
#4848 = EDGE_CURVE('',#4849,#4825,#4851,.T.);
#4849 = VERTEX_POINT('',#4850);
#4850 = CARTESIAN_POINT('',(2.5,-10.93,1.25));
#4851 = LINE('',#4852,#4853);
#4852 = CARTESIAN_POINT('',(2.5,-10.93,1.25));
#4853 = VECTOR('',#4854,1.);
#4854 = DIRECTION('',(-0.707106781187,-0.707106781187,4.710277376051E-16
    ));
#4855 = ORIENTED_EDGE('',*,*,#4856,.T.);
#4856 = EDGE_CURVE('',#4849,#2128,#4857,.T.);
#4857 = LINE('',#4858,#4859);
#4858 = CARTESIAN_POINT('',(2.5,-10.93,1.25));
#4859 = VECTOR('',#4860,1.);
#4860 = DIRECTION('',(3.330669073875E-16,-1.110223024625E-16,-1.));
#4861 = ORIENTED_EDGE('',*,*,#2135,.F.);
#4862 = ORIENTED_EDGE('',*,*,#4832,.F.);
#4863 = PLANE('',#4864);
#4864 = AXIS2_PLACEMENT_3D('',#4865,#4866,#4867);
#4865 = CARTESIAN_POINT('',(2.5,-10.93,1.25));
#4866 = DIRECTION('',(-0.707106781187,0.707106781187,-3.140184917368E-16
    ));
#4867 = DIRECTION('',(-0.707106781187,-0.707106781187,1.570092458684E-16
    ));
#4868 = ADVANCED_FACE('',(#4869),#4887,.T.);
#4869 = FACE_BOUND('',#4870,.T.);
#4870 = EDGE_LOOP('',(#4871,#4872,#4880,#4886));
#4871 = ORIENTED_EDGE('',*,*,#2127,.F.);
#4872 = ORIENTED_EDGE('',*,*,#4873,.F.);
#4873 = EDGE_CURVE('',#4874,#2120,#4876,.T.);
#4874 = VERTEX_POINT('',#4875);
#4875 = CARTESIAN_POINT('',(2.5,-9.39,1.25));
#4876 = LINE('',#4877,#4878);
#4877 = CARTESIAN_POINT('',(2.5,-9.39,1.25));
#4878 = VECTOR('',#4879,1.);
#4879 = DIRECTION('',(3.330669073875E-16,-1.110223024625E-16,-1.));
#4880 = ORIENTED_EDGE('',*,*,#4881,.F.);
#4881 = EDGE_CURVE('',#4849,#4874,#4882,.T.);
#4882 = LINE('',#4883,#4884);
#4883 = CARTESIAN_POINT('',(2.5,23.18,1.25));
#4884 = VECTOR('',#4885,1.);
#4885 = DIRECTION('',(-4.440892098501E-16,1.,-1.7763568394E-15));
#4886 = ORIENTED_EDGE('',*,*,#4856,.T.);
#4887 = PLANE('',#4888);
#4888 = AXIS2_PLACEMENT_3D('',#4889,#4890,#4891);
#4889 = CARTESIAN_POINT('',(2.5,-3.169642678836E-15,1.56020021645));
#4890 = DIRECTION('',(1.,-1.7763568394E-15,-4.440892098501E-16));
#4891 = DIRECTION('',(-2.22044604925E-15,-4.440892098501E-16,1.));
#4892 = ADVANCED_FACE('',(#4893),#4911,.F.);
#4893 = FACE_BOUND('',#4894,.F.);
#4894 = EDGE_LOOP('',(#4895,#4903,#4909,#4910));
#4895 = ORIENTED_EDGE('',*,*,#4896,.F.);
#4896 = EDGE_CURVE('',#4897,#4874,#4899,.T.);
#4897 = VERTEX_POINT('',#4898);
#4898 = CARTESIAN_POINT('',(2.,-8.89,1.25));
#4899 = LINE('',#4900,#4901);
#4900 = CARTESIAN_POINT('',(2.,-8.89,1.25));
#4901 = VECTOR('',#4902,1.);
#4902 = DIRECTION('',(0.707106781187,-0.707106781187,3.140184917368E-16)
  );
#4903 = ORIENTED_EDGE('',*,*,#4904,.T.);
#4904 = EDGE_CURVE('',#4897,#2112,#4905,.T.);
#4905 = LINE('',#4906,#4907);
#4906 = CARTESIAN_POINT('',(2.,-8.89,1.25));
#4907 = VECTOR('',#4908,1.);
#4908 = DIRECTION('',(3.330669073875E-16,-1.110223024625E-16,-1.));
#4909 = ORIENTED_EDGE('',*,*,#2119,.F.);
#4910 = ORIENTED_EDGE('',*,*,#4873,.F.);
#4911 = PLANE('',#4912);
#4912 = AXIS2_PLACEMENT_3D('',#4913,#4914,#4915);
#4913 = CARTESIAN_POINT('',(2.,-8.89,1.25));
#4914 = DIRECTION('',(-0.707106781187,-0.707106781187,
    -1.570092458684E-16));
#4915 = DIRECTION('',(0.707106781187,-0.707106781187,3.140184917368E-16)
  );
#4916 = ADVANCED_FACE('',(#4917),#4935,.F.);
#4917 = FACE_BOUND('',#4918,.F.);
#4918 = EDGE_LOOP('',(#4919,#4927,#4933,#4934));
#4919 = ORIENTED_EDGE('',*,*,#4920,.F.);
#4920 = EDGE_CURVE('',#4921,#4897,#4923,.T.);
#4921 = VERTEX_POINT('',#4922);
#4922 = CARTESIAN_POINT('',(2.5,-8.39,1.25));
#4923 = LINE('',#4924,#4925);
#4924 = CARTESIAN_POINT('',(2.5,-8.39,1.25));
#4925 = VECTOR('',#4926,1.);
#4926 = DIRECTION('',(-0.707106781187,-0.707106781187,4.710277376051E-16
    ));
#4927 = ORIENTED_EDGE('',*,*,#4928,.T.);
#4928 = EDGE_CURVE('',#4921,#2104,#4929,.T.);
#4929 = LINE('',#4930,#4931);
#4930 = CARTESIAN_POINT('',(2.5,-8.39,1.25));
#4931 = VECTOR('',#4932,1.);
#4932 = DIRECTION('',(3.330669073875E-16,-1.110223024625E-16,-1.));
#4933 = ORIENTED_EDGE('',*,*,#2111,.F.);
#4934 = ORIENTED_EDGE('',*,*,#4904,.F.);
#4935 = PLANE('',#4936);
#4936 = AXIS2_PLACEMENT_3D('',#4937,#4938,#4939);
#4937 = CARTESIAN_POINT('',(2.5,-8.39,1.25));
#4938 = DIRECTION('',(-0.707106781187,0.707106781187,-3.140184917368E-16
    ));
#4939 = DIRECTION('',(-0.707106781187,-0.707106781187,1.570092458684E-16
    ));
#4940 = ADVANCED_FACE('',(#4941),#4959,.T.);
#4941 = FACE_BOUND('',#4942,.T.);
#4942 = EDGE_LOOP('',(#4943,#4944,#4952,#4958));
#4943 = ORIENTED_EDGE('',*,*,#2103,.F.);
#4944 = ORIENTED_EDGE('',*,*,#4945,.F.);
#4945 = EDGE_CURVE('',#4946,#2096,#4948,.T.);
#4946 = VERTEX_POINT('',#4947);
#4947 = CARTESIAN_POINT('',(2.5,-6.85,1.25));
#4948 = LINE('',#4949,#4950);
#4949 = CARTESIAN_POINT('',(2.5,-6.85,1.25));
#4950 = VECTOR('',#4951,1.);
#4951 = DIRECTION('',(3.330669073875E-16,-1.110223024625E-16,-1.));
#4952 = ORIENTED_EDGE('',*,*,#4953,.F.);
#4953 = EDGE_CURVE('',#4921,#4946,#4954,.T.);
#4954 = LINE('',#4955,#4956);
#4955 = CARTESIAN_POINT('',(2.5,23.18,1.25));
#4956 = VECTOR('',#4957,1.);
#4957 = DIRECTION('',(-4.440892098501E-16,1.,-1.7763568394E-15));
#4958 = ORIENTED_EDGE('',*,*,#4928,.T.);
#4959 = PLANE('',#4960);
#4960 = AXIS2_PLACEMENT_3D('',#4961,#4962,#4963);
#4961 = CARTESIAN_POINT('',(2.5,-3.169642678836E-15,1.56020021645));
#4962 = DIRECTION('',(1.,-1.7763568394E-15,-4.440892098501E-16));
#4963 = DIRECTION('',(-2.22044604925E-15,-4.440892098501E-16,1.));
#4964 = ADVANCED_FACE('',(#4965),#4983,.F.);
#4965 = FACE_BOUND('',#4966,.F.);
#4966 = EDGE_LOOP('',(#4967,#4975,#4981,#4982));
#4967 = ORIENTED_EDGE('',*,*,#4968,.F.);
#4968 = EDGE_CURVE('',#4969,#4946,#4971,.T.);
#4969 = VERTEX_POINT('',#4970);
#4970 = CARTESIAN_POINT('',(2.,-6.35,1.25));
#4971 = LINE('',#4972,#4973);
#4972 = CARTESIAN_POINT('',(2.,-6.35,1.25));
#4973 = VECTOR('',#4974,1.);
#4974 = DIRECTION('',(0.707106781187,-0.707106781187,3.140184917368E-16)
  );
#4975 = ORIENTED_EDGE('',*,*,#4976,.T.);
#4976 = EDGE_CURVE('',#4969,#2088,#4977,.T.);
#4977 = LINE('',#4978,#4979);
#4978 = CARTESIAN_POINT('',(2.,-6.35,1.25));
#4979 = VECTOR('',#4980,1.);
#4980 = DIRECTION('',(3.330669073875E-16,-1.110223024625E-16,-1.));
#4981 = ORIENTED_EDGE('',*,*,#2095,.F.);
#4982 = ORIENTED_EDGE('',*,*,#4945,.F.);
#4983 = PLANE('',#4984);
#4984 = AXIS2_PLACEMENT_3D('',#4985,#4986,#4987);
#4985 = CARTESIAN_POINT('',(2.,-6.35,1.25));
#4986 = DIRECTION('',(-0.707106781187,-0.707106781187,
    -1.570092458684E-16));
#4987 = DIRECTION('',(0.707106781187,-0.707106781187,3.140184917368E-16)
  );
#4988 = ADVANCED_FACE('',(#4989),#5007,.F.);
#4989 = FACE_BOUND('',#4990,.F.);
#4990 = EDGE_LOOP('',(#4991,#4999,#5005,#5006));
#4991 = ORIENTED_EDGE('',*,*,#4992,.F.);
#4992 = EDGE_CURVE('',#4993,#4969,#4995,.T.);
#4993 = VERTEX_POINT('',#4994);
#4994 = CARTESIAN_POINT('',(2.5,-5.85,1.25));
#4995 = LINE('',#4996,#4997);
#4996 = CARTESIAN_POINT('',(2.5,-5.85,1.25));
#4997 = VECTOR('',#4998,1.);
#4998 = DIRECTION('',(-0.707106781187,-0.707106781187,4.710277376051E-16
    ));
#4999 = ORIENTED_EDGE('',*,*,#5000,.T.);
#5000 = EDGE_CURVE('',#4993,#2080,#5001,.T.);
#5001 = LINE('',#5002,#5003);
#5002 = CARTESIAN_POINT('',(2.5,-5.85,1.25));
#5003 = VECTOR('',#5004,1.);
#5004 = DIRECTION('',(3.330669073875E-16,-1.110223024625E-16,-1.));
#5005 = ORIENTED_EDGE('',*,*,#2087,.F.);
#5006 = ORIENTED_EDGE('',*,*,#4976,.F.);
#5007 = PLANE('',#5008);
#5008 = AXIS2_PLACEMENT_3D('',#5009,#5010,#5011);
#5009 = CARTESIAN_POINT('',(2.5,-5.85,1.25));
#5010 = DIRECTION('',(-0.707106781187,0.707106781187,-3.140184917368E-16
    ));
#5011 = DIRECTION('',(-0.707106781187,-0.707106781187,1.570092458684E-16
    ));
#5012 = ADVANCED_FACE('',(#5013),#5031,.T.);
#5013 = FACE_BOUND('',#5014,.T.);
#5014 = EDGE_LOOP('',(#5015,#5016,#5024,#5030));
#5015 = ORIENTED_EDGE('',*,*,#2079,.F.);
#5016 = ORIENTED_EDGE('',*,*,#5017,.F.);
#5017 = EDGE_CURVE('',#5018,#2072,#5020,.T.);
#5018 = VERTEX_POINT('',#5019);
#5019 = CARTESIAN_POINT('',(2.5,-4.31,1.25));
#5020 = LINE('',#5021,#5022);
#5021 = CARTESIAN_POINT('',(2.5,-4.31,1.25));
#5022 = VECTOR('',#5023,1.);
#5023 = DIRECTION('',(3.330669073875E-16,-1.110223024625E-16,-1.));
#5024 = ORIENTED_EDGE('',*,*,#5025,.F.);
#5025 = EDGE_CURVE('',#4993,#5018,#5026,.T.);
#5026 = LINE('',#5027,#5028);
#5027 = CARTESIAN_POINT('',(2.5,23.18,1.25));
#5028 = VECTOR('',#5029,1.);
#5029 = DIRECTION('',(-4.440892098501E-16,1.,-1.7763568394E-15));
#5030 = ORIENTED_EDGE('',*,*,#5000,.T.);
#5031 = PLANE('',#5032);
#5032 = AXIS2_PLACEMENT_3D('',#5033,#5034,#5035);
#5033 = CARTESIAN_POINT('',(2.5,-3.169642678836E-15,1.56020021645));
#5034 = DIRECTION('',(1.,-1.7763568394E-15,-4.440892098501E-16));
#5035 = DIRECTION('',(-2.22044604925E-15,-4.440892098501E-16,1.));
#5036 = ADVANCED_FACE('',(#5037),#5055,.F.);
#5037 = FACE_BOUND('',#5038,.F.);
#5038 = EDGE_LOOP('',(#5039,#5047,#5053,#5054));
#5039 = ORIENTED_EDGE('',*,*,#5040,.F.);
#5040 = EDGE_CURVE('',#5041,#5018,#5043,.T.);
#5041 = VERTEX_POINT('',#5042);
#5042 = CARTESIAN_POINT('',(2.,-3.81,1.25));
#5043 = LINE('',#5044,#5045);
#5044 = CARTESIAN_POINT('',(2.,-3.81,1.25));
#5045 = VECTOR('',#5046,1.);
#5046 = DIRECTION('',(0.707106781187,-0.707106781187,3.140184917368E-16)
  );
#5047 = ORIENTED_EDGE('',*,*,#5048,.T.);
#5048 = EDGE_CURVE('',#5041,#2064,#5049,.T.);
#5049 = LINE('',#5050,#5051);
#5050 = CARTESIAN_POINT('',(2.,-3.81,1.25));
#5051 = VECTOR('',#5052,1.);
#5052 = DIRECTION('',(3.330669073875E-16,-1.110223024625E-16,-1.));
#5053 = ORIENTED_EDGE('',*,*,#2071,.F.);
#5054 = ORIENTED_EDGE('',*,*,#5017,.F.);
#5055 = PLANE('',#5056);
#5056 = AXIS2_PLACEMENT_3D('',#5057,#5058,#5059);
#5057 = CARTESIAN_POINT('',(2.,-3.81,1.25));
#5058 = DIRECTION('',(-0.707106781187,-0.707106781187,
    -1.570092458684E-16));
#5059 = DIRECTION('',(0.707106781187,-0.707106781187,3.140184917368E-16)
  );
#5060 = ADVANCED_FACE('',(#5061),#5079,.F.);
#5061 = FACE_BOUND('',#5062,.F.);
#5062 = EDGE_LOOP('',(#5063,#5071,#5077,#5078));
#5063 = ORIENTED_EDGE('',*,*,#5064,.F.);
#5064 = EDGE_CURVE('',#5065,#5041,#5067,.T.);
#5065 = VERTEX_POINT('',#5066);
#5066 = CARTESIAN_POINT('',(2.5,-3.31,1.25));
#5067 = LINE('',#5068,#5069);
#5068 = CARTESIAN_POINT('',(2.5,-3.31,1.25));
#5069 = VECTOR('',#5070,1.);
#5070 = DIRECTION('',(-0.707106781187,-0.707106781187,4.710277376051E-16
    ));
#5071 = ORIENTED_EDGE('',*,*,#5072,.T.);
#5072 = EDGE_CURVE('',#5065,#2056,#5073,.T.);
#5073 = LINE('',#5074,#5075);
#5074 = CARTESIAN_POINT('',(2.5,-3.31,1.25));
#5075 = VECTOR('',#5076,1.);
#5076 = DIRECTION('',(3.330669073875E-16,-1.110223024625E-16,-1.));
#5077 = ORIENTED_EDGE('',*,*,#2063,.F.);
#5078 = ORIENTED_EDGE('',*,*,#5048,.F.);
#5079 = PLANE('',#5080);
#5080 = AXIS2_PLACEMENT_3D('',#5081,#5082,#5083);
#5081 = CARTESIAN_POINT('',(2.5,-3.31,1.25));
#5082 = DIRECTION('',(-0.707106781187,0.707106781187,-3.140184917368E-16
    ));
#5083 = DIRECTION('',(-0.707106781187,-0.707106781187,1.570092458684E-16
    ));
#5084 = ADVANCED_FACE('',(#5085),#5103,.T.);
#5085 = FACE_BOUND('',#5086,.T.);
#5086 = EDGE_LOOP('',(#5087,#5088,#5096,#5102));
#5087 = ORIENTED_EDGE('',*,*,#2055,.F.);
#5088 = ORIENTED_EDGE('',*,*,#5089,.F.);
#5089 = EDGE_CURVE('',#5090,#2048,#5092,.T.);
#5090 = VERTEX_POINT('',#5091);
#5091 = CARTESIAN_POINT('',(2.5,-1.77,1.25));
#5092 = LINE('',#5093,#5094);
#5093 = CARTESIAN_POINT('',(2.5,-1.77,1.25));
#5094 = VECTOR('',#5095,1.);
#5095 = DIRECTION('',(3.330669073875E-16,-1.110223024625E-16,-1.));
#5096 = ORIENTED_EDGE('',*,*,#5097,.F.);
#5097 = EDGE_CURVE('',#5065,#5090,#5098,.T.);
#5098 = LINE('',#5099,#5100);
#5099 = CARTESIAN_POINT('',(2.5,23.18,1.25));
#5100 = VECTOR('',#5101,1.);
#5101 = DIRECTION('',(-4.440892098501E-16,1.,-1.7763568394E-15));
#5102 = ORIENTED_EDGE('',*,*,#5072,.T.);
#5103 = PLANE('',#5104);
#5104 = AXIS2_PLACEMENT_3D('',#5105,#5106,#5107);
#5105 = CARTESIAN_POINT('',(2.5,-3.169642678836E-15,1.56020021645));
#5106 = DIRECTION('',(1.,-1.7763568394E-15,-4.440892098501E-16));
#5107 = DIRECTION('',(-2.22044604925E-15,-4.440892098501E-16,1.));
#5108 = ADVANCED_FACE('',(#5109),#5127,.F.);
#5109 = FACE_BOUND('',#5110,.F.);
#5110 = EDGE_LOOP('',(#5111,#5119,#5125,#5126));
#5111 = ORIENTED_EDGE('',*,*,#5112,.F.);
#5112 = EDGE_CURVE('',#5113,#5090,#5115,.T.);
#5113 = VERTEX_POINT('',#5114);
#5114 = CARTESIAN_POINT('',(2.,-1.27,1.25));
#5115 = LINE('',#5116,#5117);
#5116 = CARTESIAN_POINT('',(2.,-1.27,1.25));
#5117 = VECTOR('',#5118,1.);
#5118 = DIRECTION('',(0.707106781187,-0.707106781187,3.140184917368E-16)
  );
#5119 = ORIENTED_EDGE('',*,*,#5120,.T.);
#5120 = EDGE_CURVE('',#5113,#2040,#5121,.T.);
#5121 = LINE('',#5122,#5123);
#5122 = CARTESIAN_POINT('',(2.,-1.27,1.25));
#5123 = VECTOR('',#5124,1.);
#5124 = DIRECTION('',(3.330669073875E-16,-1.110223024625E-16,-1.));
#5125 = ORIENTED_EDGE('',*,*,#2047,.F.);
#5126 = ORIENTED_EDGE('',*,*,#5089,.F.);
#5127 = PLANE('',#5128);
#5128 = AXIS2_PLACEMENT_3D('',#5129,#5130,#5131);
#5129 = CARTESIAN_POINT('',(2.,-1.27,1.25));
#5130 = DIRECTION('',(-0.707106781187,-0.707106781187,
    -1.570092458684E-16));
#5131 = DIRECTION('',(0.707106781187,-0.707106781187,3.140184917368E-16)
  );
#5132 = ADVANCED_FACE('',(#5133),#5151,.F.);
#5133 = FACE_BOUND('',#5134,.F.);
#5134 = EDGE_LOOP('',(#5135,#5143,#5149,#5150));
#5135 = ORIENTED_EDGE('',*,*,#5136,.F.);
#5136 = EDGE_CURVE('',#5137,#5113,#5139,.T.);
#5137 = VERTEX_POINT('',#5138);
#5138 = CARTESIAN_POINT('',(2.5,-0.77,1.25));
#5139 = LINE('',#5140,#5141);
#5140 = CARTESIAN_POINT('',(2.5,-0.77,1.25));
#5141 = VECTOR('',#5142,1.);
#5142 = DIRECTION('',(-0.707106781187,-0.707106781187,4.710277376051E-16
    ));
#5143 = ORIENTED_EDGE('',*,*,#5144,.T.);
#5144 = EDGE_CURVE('',#5137,#2032,#5145,.T.);
#5145 = LINE('',#5146,#5147);
#5146 = CARTESIAN_POINT('',(2.5,-0.77,1.25));
#5147 = VECTOR('',#5148,1.);
#5148 = DIRECTION('',(3.330669073875E-16,-1.110223024625E-16,-1.));
#5149 = ORIENTED_EDGE('',*,*,#2039,.F.);
#5150 = ORIENTED_EDGE('',*,*,#5120,.F.);
#5151 = PLANE('',#5152);
#5152 = AXIS2_PLACEMENT_3D('',#5153,#5154,#5155);
#5153 = CARTESIAN_POINT('',(2.5,-0.77,1.25));
#5154 = DIRECTION('',(-0.707106781187,0.707106781187,-3.140184917368E-16
    ));
#5155 = DIRECTION('',(-0.707106781187,-0.707106781187,1.570092458684E-16
    ));
#5156 = ADVANCED_FACE('',(#5157),#5175,.T.);
#5157 = FACE_BOUND('',#5158,.T.);
#5158 = EDGE_LOOP('',(#5159,#5160,#5168,#5174));
#5159 = ORIENTED_EDGE('',*,*,#2031,.F.);
#5160 = ORIENTED_EDGE('',*,*,#5161,.F.);
#5161 = EDGE_CURVE('',#5162,#2024,#5164,.T.);
#5162 = VERTEX_POINT('',#5163);
#5163 = CARTESIAN_POINT('',(2.5,0.77,1.25));
#5164 = LINE('',#5165,#5166);
#5165 = CARTESIAN_POINT('',(2.5,0.77,1.25));
#5166 = VECTOR('',#5167,1.);
#5167 = DIRECTION('',(3.330669073875E-16,-1.110223024625E-16,-1.));
#5168 = ORIENTED_EDGE('',*,*,#5169,.F.);
#5169 = EDGE_CURVE('',#5137,#5162,#5170,.T.);
#5170 = LINE('',#5171,#5172);
#5171 = CARTESIAN_POINT('',(2.5,23.18,1.25));
#5172 = VECTOR('',#5173,1.);
#5173 = DIRECTION('',(-4.440892098501E-16,1.,-1.7763568394E-15));
#5174 = ORIENTED_EDGE('',*,*,#5144,.T.);
#5175 = PLANE('',#5176);
#5176 = AXIS2_PLACEMENT_3D('',#5177,#5178,#5179);
#5177 = CARTESIAN_POINT('',(2.5,-3.169642678836E-15,1.56020021645));
#5178 = DIRECTION('',(1.,-1.7763568394E-15,-4.440892098501E-16));
#5179 = DIRECTION('',(-2.22044604925E-15,-4.440892098501E-16,1.));
#5180 = ADVANCED_FACE('',(#5181),#5199,.T.);
#5181 = FACE_BOUND('',#5182,.T.);
#5182 = EDGE_LOOP('',(#5183,#5191,#5192,#5193));
#5183 = ORIENTED_EDGE('',*,*,#5184,.F.);
#5184 = EDGE_CURVE('',#5162,#5185,#5187,.T.);
#5185 = VERTEX_POINT('',#5186);
#5186 = CARTESIAN_POINT('',(2.,1.27,1.25));
#5187 = LINE('',#5188,#5189);
#5188 = CARTESIAN_POINT('',(2.5,0.77,1.25));
#5189 = VECTOR('',#5190,1.);
#5190 = DIRECTION('',(-0.707106781187,0.707106781187,-3.140184917368E-16
    ));
#5191 = ORIENTED_EDGE('',*,*,#5161,.T.);
#5192 = ORIENTED_EDGE('',*,*,#2023,.F.);
#5193 = ORIENTED_EDGE('',*,*,#5194,.F.);
#5194 = EDGE_CURVE('',#5185,#2016,#5195,.T.);
#5195 = LINE('',#5196,#5197);
#5196 = CARTESIAN_POINT('',(2.,1.27,1.25));
#5197 = VECTOR('',#5198,1.);
#5198 = DIRECTION('',(3.330669073875E-16,-1.110223024625E-16,-1.));
#5199 = PLANE('',#5200);
#5200 = AXIS2_PLACEMENT_3D('',#5201,#5202,#5203);
#5201 = CARTESIAN_POINT('',(2.5,0.77,1.25));
#5202 = DIRECTION('',(0.707106781187,0.707106781187,1.570092458684E-16)
  );
#5203 = DIRECTION('',(-0.707106781187,0.707106781187,-3.140184917368E-16
    ));
#5204 = ADVANCED_FACE('',(#5205),#5223,.T.);
#5205 = FACE_BOUND('',#5206,.T.);
#5206 = EDGE_LOOP('',(#5207,#5215,#5216,#5217));
#5207 = ORIENTED_EDGE('',*,*,#5208,.F.);
#5208 = EDGE_CURVE('',#5185,#5209,#5211,.T.);
#5209 = VERTEX_POINT('',#5210);
#5210 = CARTESIAN_POINT('',(2.5,1.77,1.25));
#5211 = LINE('',#5212,#5213);
#5212 = CARTESIAN_POINT('',(2.,1.27,1.25));
#5213 = VECTOR('',#5214,1.);
#5214 = DIRECTION('',(0.707106781187,0.707106781187,-4.710277376051E-16)
  );
#5215 = ORIENTED_EDGE('',*,*,#5194,.T.);
#5216 = ORIENTED_EDGE('',*,*,#2015,.F.);
#5217 = ORIENTED_EDGE('',*,*,#5218,.F.);
#5218 = EDGE_CURVE('',#5209,#2008,#5219,.T.);
#5219 = LINE('',#5220,#5221);
#5220 = CARTESIAN_POINT('',(2.5,1.77,1.25));
#5221 = VECTOR('',#5222,1.);
#5222 = DIRECTION('',(3.330669073875E-16,-1.110223024625E-16,-1.));
#5223 = PLANE('',#5224);
#5224 = AXIS2_PLACEMENT_3D('',#5225,#5226,#5227);
#5225 = CARTESIAN_POINT('',(2.,1.27,1.25));
#5226 = DIRECTION('',(0.707106781187,-0.707106781187,3.140184917368E-16)
  );
#5227 = DIRECTION('',(0.707106781187,0.707106781187,-1.570092458684E-16)
  );
#5228 = ADVANCED_FACE('',(#5229),#5247,.T.);
#5229 = FACE_BOUND('',#5230,.T.);
#5230 = EDGE_LOOP('',(#5231,#5232,#5240,#5246));
#5231 = ORIENTED_EDGE('',*,*,#2007,.F.);
#5232 = ORIENTED_EDGE('',*,*,#5233,.F.);
#5233 = EDGE_CURVE('',#5234,#2000,#5236,.T.);
#5234 = VERTEX_POINT('',#5235);
#5235 = CARTESIAN_POINT('',(2.5,3.31,1.25));
#5236 = LINE('',#5237,#5238);
#5237 = CARTESIAN_POINT('',(2.5,3.31,1.25));
#5238 = VECTOR('',#5239,1.);
#5239 = DIRECTION('',(3.330669073875E-16,-1.110223024625E-16,-1.));
#5240 = ORIENTED_EDGE('',*,*,#5241,.F.);
#5241 = EDGE_CURVE('',#5209,#5234,#5242,.T.);
#5242 = LINE('',#5243,#5244);
#5243 = CARTESIAN_POINT('',(2.5,23.18,1.25));
#5244 = VECTOR('',#5245,1.);
#5245 = DIRECTION('',(-4.440892098501E-16,1.,-1.7763568394E-15));
#5246 = ORIENTED_EDGE('',*,*,#5218,.T.);
#5247 = PLANE('',#5248);
#5248 = AXIS2_PLACEMENT_3D('',#5249,#5250,#5251);
#5249 = CARTESIAN_POINT('',(2.5,-3.169642678836E-15,1.56020021645));
#5250 = DIRECTION('',(1.,-1.7763568394E-15,-4.440892098501E-16));
#5251 = DIRECTION('',(-2.22044604925E-15,-4.440892098501E-16,1.));
#5252 = ADVANCED_FACE('',(#5253),#5271,.T.);
#5253 = FACE_BOUND('',#5254,.T.);
#5254 = EDGE_LOOP('',(#5255,#5263,#5264,#5265));
#5255 = ORIENTED_EDGE('',*,*,#5256,.F.);
#5256 = EDGE_CURVE('',#5234,#5257,#5259,.T.);
#5257 = VERTEX_POINT('',#5258);
#5258 = CARTESIAN_POINT('',(2.,3.81,1.25));
#5259 = LINE('',#5260,#5261);
#5260 = CARTESIAN_POINT('',(2.5,3.31,1.25));
#5261 = VECTOR('',#5262,1.);
#5262 = DIRECTION('',(-0.707106781187,0.707106781187,-3.140184917368E-16
    ));
#5263 = ORIENTED_EDGE('',*,*,#5233,.T.);
#5264 = ORIENTED_EDGE('',*,*,#1999,.F.);
#5265 = ORIENTED_EDGE('',*,*,#5266,.F.);
#5266 = EDGE_CURVE('',#5257,#1992,#5267,.T.);
#5267 = LINE('',#5268,#5269);
#5268 = CARTESIAN_POINT('',(2.,3.81,1.25));
#5269 = VECTOR('',#5270,1.);
#5270 = DIRECTION('',(3.330669073875E-16,-1.110223024625E-16,-1.));
#5271 = PLANE('',#5272);
#5272 = AXIS2_PLACEMENT_3D('',#5273,#5274,#5275);
#5273 = CARTESIAN_POINT('',(2.5,3.31,1.25));
#5274 = DIRECTION('',(0.707106781187,0.707106781187,1.570092458684E-16)
  );
#5275 = DIRECTION('',(-0.707106781187,0.707106781187,-3.140184917368E-16
    ));
#5276 = ADVANCED_FACE('',(#5277),#5295,.T.);
#5277 = FACE_BOUND('',#5278,.T.);
#5278 = EDGE_LOOP('',(#5279,#5287,#5288,#5289));
#5279 = ORIENTED_EDGE('',*,*,#5280,.F.);
#5280 = EDGE_CURVE('',#5257,#5281,#5283,.T.);
#5281 = VERTEX_POINT('',#5282);
#5282 = CARTESIAN_POINT('',(2.5,4.31,1.25));
#5283 = LINE('',#5284,#5285);
#5284 = CARTESIAN_POINT('',(2.,3.81,1.25));
#5285 = VECTOR('',#5286,1.);
#5286 = DIRECTION('',(0.707106781187,0.707106781187,-4.710277376051E-16)
  );
#5287 = ORIENTED_EDGE('',*,*,#5266,.T.);
#5288 = ORIENTED_EDGE('',*,*,#1991,.F.);
#5289 = ORIENTED_EDGE('',*,*,#5290,.F.);
#5290 = EDGE_CURVE('',#5281,#1984,#5291,.T.);
#5291 = LINE('',#5292,#5293);
#5292 = CARTESIAN_POINT('',(2.5,4.31,1.25));
#5293 = VECTOR('',#5294,1.);
#5294 = DIRECTION('',(3.330669073875E-16,-1.110223024625E-16,-1.));
#5295 = PLANE('',#5296);
#5296 = AXIS2_PLACEMENT_3D('',#5297,#5298,#5299);
#5297 = CARTESIAN_POINT('',(2.,3.81,1.25));
#5298 = DIRECTION('',(0.707106781187,-0.707106781187,3.140184917368E-16)
  );
#5299 = DIRECTION('',(0.707106781187,0.707106781187,-1.570092458684E-16)
  );
#5300 = ADVANCED_FACE('',(#5301),#5319,.T.);
#5301 = FACE_BOUND('',#5302,.T.);
#5302 = EDGE_LOOP('',(#5303,#5304,#5312,#5318));
#5303 = ORIENTED_EDGE('',*,*,#1983,.F.);
#5304 = ORIENTED_EDGE('',*,*,#5305,.F.);
#5305 = EDGE_CURVE('',#5306,#1976,#5308,.T.);
#5306 = VERTEX_POINT('',#5307);
#5307 = CARTESIAN_POINT('',(2.5,5.85,1.25));
#5308 = LINE('',#5309,#5310);
#5309 = CARTESIAN_POINT('',(2.5,5.85,1.25));
#5310 = VECTOR('',#5311,1.);
#5311 = DIRECTION('',(3.330669073875E-16,-1.110223024625E-16,-1.));
#5312 = ORIENTED_EDGE('',*,*,#5313,.F.);
#5313 = EDGE_CURVE('',#5281,#5306,#5314,.T.);
#5314 = LINE('',#5315,#5316);
#5315 = CARTESIAN_POINT('',(2.5,23.18,1.25));
#5316 = VECTOR('',#5317,1.);
#5317 = DIRECTION('',(-4.440892098501E-16,1.,-1.7763568394E-15));
#5318 = ORIENTED_EDGE('',*,*,#5290,.T.);
#5319 = PLANE('',#5320);
#5320 = AXIS2_PLACEMENT_3D('',#5321,#5322,#5323);
#5321 = CARTESIAN_POINT('',(2.5,-3.169642678836E-15,1.56020021645));
#5322 = DIRECTION('',(1.,-1.7763568394E-15,-4.440892098501E-16));
#5323 = DIRECTION('',(-2.22044604925E-15,-4.440892098501E-16,1.));
#5324 = ADVANCED_FACE('',(#5325),#5343,.T.);
#5325 = FACE_BOUND('',#5326,.T.);
#5326 = EDGE_LOOP('',(#5327,#5335,#5336,#5337));
#5327 = ORIENTED_EDGE('',*,*,#5328,.F.);
#5328 = EDGE_CURVE('',#5306,#5329,#5331,.T.);
#5329 = VERTEX_POINT('',#5330);
#5330 = CARTESIAN_POINT('',(2.,6.35,1.25));
#5331 = LINE('',#5332,#5333);
#5332 = CARTESIAN_POINT('',(2.5,5.85,1.25));
#5333 = VECTOR('',#5334,1.);
#5334 = DIRECTION('',(-0.707106781187,0.707106781187,-3.140184917368E-16
    ));
#5335 = ORIENTED_EDGE('',*,*,#5305,.T.);
#5336 = ORIENTED_EDGE('',*,*,#1975,.F.);
#5337 = ORIENTED_EDGE('',*,*,#5338,.F.);
#5338 = EDGE_CURVE('',#5329,#1968,#5339,.T.);
#5339 = LINE('',#5340,#5341);
#5340 = CARTESIAN_POINT('',(2.,6.35,1.25));
#5341 = VECTOR('',#5342,1.);
#5342 = DIRECTION('',(3.330669073875E-16,-1.110223024625E-16,-1.));
#5343 = PLANE('',#5344);
#5344 = AXIS2_PLACEMENT_3D('',#5345,#5346,#5347);
#5345 = CARTESIAN_POINT('',(2.5,5.85,1.25));
#5346 = DIRECTION('',(0.707106781187,0.707106781187,1.570092458684E-16)
  );
#5347 = DIRECTION('',(-0.707106781187,0.707106781187,-3.140184917368E-16
    ));
#5348 = ADVANCED_FACE('',(#5349),#5367,.T.);
#5349 = FACE_BOUND('',#5350,.T.);
#5350 = EDGE_LOOP('',(#5351,#5359,#5360,#5361));
#5351 = ORIENTED_EDGE('',*,*,#5352,.F.);
#5352 = EDGE_CURVE('',#5329,#5353,#5355,.T.);
#5353 = VERTEX_POINT('',#5354);
#5354 = CARTESIAN_POINT('',(2.5,6.85,1.25));
#5355 = LINE('',#5356,#5357);
#5356 = CARTESIAN_POINT('',(2.,6.35,1.25));
#5357 = VECTOR('',#5358,1.);
#5358 = DIRECTION('',(0.707106781187,0.707106781187,-4.710277376051E-16)
  );
#5359 = ORIENTED_EDGE('',*,*,#5338,.T.);
#5360 = ORIENTED_EDGE('',*,*,#1967,.F.);
#5361 = ORIENTED_EDGE('',*,*,#5362,.F.);
#5362 = EDGE_CURVE('',#5353,#1960,#5363,.T.);
#5363 = LINE('',#5364,#5365);
#5364 = CARTESIAN_POINT('',(2.5,6.85,1.25));
#5365 = VECTOR('',#5366,1.);
#5366 = DIRECTION('',(3.330669073875E-16,-1.110223024625E-16,-1.));
#5367 = PLANE('',#5368);
#5368 = AXIS2_PLACEMENT_3D('',#5369,#5370,#5371);
#5369 = CARTESIAN_POINT('',(2.,6.35,1.25));
#5370 = DIRECTION('',(0.707106781187,-0.707106781187,3.140184917368E-16)
  );
#5371 = DIRECTION('',(0.707106781187,0.707106781187,-1.570092458684E-16)
  );
#5372 = ADVANCED_FACE('',(#5373),#5391,.T.);
#5373 = FACE_BOUND('',#5374,.T.);
#5374 = EDGE_LOOP('',(#5375,#5376,#5384,#5390));
#5375 = ORIENTED_EDGE('',*,*,#1959,.F.);
#5376 = ORIENTED_EDGE('',*,*,#5377,.F.);
#5377 = EDGE_CURVE('',#5378,#1952,#5380,.T.);
#5378 = VERTEX_POINT('',#5379);
#5379 = CARTESIAN_POINT('',(2.5,8.39,1.25));
#5380 = LINE('',#5381,#5382);
#5381 = CARTESIAN_POINT('',(2.5,8.39,1.25));
#5382 = VECTOR('',#5383,1.);
#5383 = DIRECTION('',(3.330669073875E-16,-1.110223024625E-16,-1.));
#5384 = ORIENTED_EDGE('',*,*,#5385,.F.);
#5385 = EDGE_CURVE('',#5353,#5378,#5386,.T.);
#5386 = LINE('',#5387,#5388);
#5387 = CARTESIAN_POINT('',(2.5,23.18,1.25));
#5388 = VECTOR('',#5389,1.);
#5389 = DIRECTION('',(-4.440892098501E-16,1.,-1.7763568394E-15));
#5390 = ORIENTED_EDGE('',*,*,#5362,.T.);
#5391 = PLANE('',#5392);
#5392 = AXIS2_PLACEMENT_3D('',#5393,#5394,#5395);
#5393 = CARTESIAN_POINT('',(2.5,-3.169642678836E-15,1.56020021645));
#5394 = DIRECTION('',(1.,-1.7763568394E-15,-4.440892098501E-16));
#5395 = DIRECTION('',(-2.22044604925E-15,-4.440892098501E-16,1.));
#5396 = ADVANCED_FACE('',(#5397),#5415,.T.);
#5397 = FACE_BOUND('',#5398,.T.);
#5398 = EDGE_LOOP('',(#5399,#5407,#5408,#5409));
#5399 = ORIENTED_EDGE('',*,*,#5400,.F.);
#5400 = EDGE_CURVE('',#5378,#5401,#5403,.T.);
#5401 = VERTEX_POINT('',#5402);
#5402 = CARTESIAN_POINT('',(2.,8.89,1.25));
#5403 = LINE('',#5404,#5405);
#5404 = CARTESIAN_POINT('',(2.5,8.39,1.25));
#5405 = VECTOR('',#5406,1.);
#5406 = DIRECTION('',(-0.707106781187,0.707106781187,-3.140184917368E-16
    ));
#5407 = ORIENTED_EDGE('',*,*,#5377,.T.);
#5408 = ORIENTED_EDGE('',*,*,#1951,.F.);
#5409 = ORIENTED_EDGE('',*,*,#5410,.F.);
#5410 = EDGE_CURVE('',#5401,#1944,#5411,.T.);
#5411 = LINE('',#5412,#5413);
#5412 = CARTESIAN_POINT('',(2.,8.89,1.25));
#5413 = VECTOR('',#5414,1.);
#5414 = DIRECTION('',(3.330669073875E-16,-1.110223024625E-16,-1.));
#5415 = PLANE('',#5416);
#5416 = AXIS2_PLACEMENT_3D('',#5417,#5418,#5419);
#5417 = CARTESIAN_POINT('',(2.5,8.39,1.25));
#5418 = DIRECTION('',(0.707106781187,0.707106781187,1.570092458684E-16)
  );
#5419 = DIRECTION('',(-0.707106781187,0.707106781187,-3.140184917368E-16
    ));
#5420 = ADVANCED_FACE('',(#5421),#5439,.T.);
#5421 = FACE_BOUND('',#5422,.T.);
#5422 = EDGE_LOOP('',(#5423,#5431,#5432,#5433));
#5423 = ORIENTED_EDGE('',*,*,#5424,.F.);
#5424 = EDGE_CURVE('',#5401,#5425,#5427,.T.);
#5425 = VERTEX_POINT('',#5426);
#5426 = CARTESIAN_POINT('',(2.5,9.39,1.25));
#5427 = LINE('',#5428,#5429);
#5428 = CARTESIAN_POINT('',(2.,8.89,1.25));
#5429 = VECTOR('',#5430,1.);
#5430 = DIRECTION('',(0.707106781187,0.707106781187,-4.710277376051E-16)
  );
#5431 = ORIENTED_EDGE('',*,*,#5410,.T.);
#5432 = ORIENTED_EDGE('',*,*,#1943,.F.);
#5433 = ORIENTED_EDGE('',*,*,#5434,.F.);
#5434 = EDGE_CURVE('',#5425,#1936,#5435,.T.);
#5435 = LINE('',#5436,#5437);
#5436 = CARTESIAN_POINT('',(2.5,9.39,1.25));
#5437 = VECTOR('',#5438,1.);
#5438 = DIRECTION('',(3.330669073875E-16,-1.110223024625E-16,-1.));
#5439 = PLANE('',#5440);
#5440 = AXIS2_PLACEMENT_3D('',#5441,#5442,#5443);
#5441 = CARTESIAN_POINT('',(2.,8.89,1.25));
#5442 = DIRECTION('',(0.707106781187,-0.707106781187,3.140184917368E-16)
  );
#5443 = DIRECTION('',(0.707106781187,0.707106781187,-1.570092458684E-16)
  );
#5444 = ADVANCED_FACE('',(#5445),#5463,.T.);
#5445 = FACE_BOUND('',#5446,.T.);
#5446 = EDGE_LOOP('',(#5447,#5448,#5456,#5462));
#5447 = ORIENTED_EDGE('',*,*,#1935,.F.);
#5448 = ORIENTED_EDGE('',*,*,#5449,.F.);
#5449 = EDGE_CURVE('',#5450,#1928,#5452,.T.);
#5450 = VERTEX_POINT('',#5451);
#5451 = CARTESIAN_POINT('',(2.5,10.93,1.25));
#5452 = LINE('',#5453,#5454);
#5453 = CARTESIAN_POINT('',(2.5,10.93,1.25));
#5454 = VECTOR('',#5455,1.);
#5455 = DIRECTION('',(3.330669073875E-16,-1.110223024625E-16,-1.));
#5456 = ORIENTED_EDGE('',*,*,#5457,.F.);
#5457 = EDGE_CURVE('',#5425,#5450,#5458,.T.);
#5458 = LINE('',#5459,#5460);
#5459 = CARTESIAN_POINT('',(2.5,23.18,1.25));
#5460 = VECTOR('',#5461,1.);
#5461 = DIRECTION('',(-4.440892098501E-16,1.,-1.7763568394E-15));
#5462 = ORIENTED_EDGE('',*,*,#5434,.T.);
#5463 = PLANE('',#5464);
#5464 = AXIS2_PLACEMENT_3D('',#5465,#5466,#5467);
#5465 = CARTESIAN_POINT('',(2.5,-3.169642678836E-15,1.56020021645));
#5466 = DIRECTION('',(1.,-1.7763568394E-15,-4.440892098501E-16));
#5467 = DIRECTION('',(-2.22044604925E-15,-4.440892098501E-16,1.));
#5468 = ADVANCED_FACE('',(#5469),#5487,.T.);
#5469 = FACE_BOUND('',#5470,.T.);
#5470 = EDGE_LOOP('',(#5471,#5479,#5480,#5481));
#5471 = ORIENTED_EDGE('',*,*,#5472,.F.);
#5472 = EDGE_CURVE('',#5450,#5473,#5475,.T.);
#5473 = VERTEX_POINT('',#5474);
#5474 = CARTESIAN_POINT('',(2.,11.43,1.25));
#5475 = LINE('',#5476,#5477);
#5476 = CARTESIAN_POINT('',(2.5,10.93,1.25));
#5477 = VECTOR('',#5478,1.);
#5478 = DIRECTION('',(-0.707106781187,0.707106781187,-3.140184917368E-16
    ));
#5479 = ORIENTED_EDGE('',*,*,#5449,.T.);
#5480 = ORIENTED_EDGE('',*,*,#1927,.F.);
#5481 = ORIENTED_EDGE('',*,*,#5482,.F.);
#5482 = EDGE_CURVE('',#5473,#1920,#5483,.T.);
#5483 = LINE('',#5484,#5485);
#5484 = CARTESIAN_POINT('',(2.,11.43,1.25));
#5485 = VECTOR('',#5486,1.);
#5486 = DIRECTION('',(3.330669073875E-16,-1.110223024625E-16,-1.));
#5487 = PLANE('',#5488);
#5488 = AXIS2_PLACEMENT_3D('',#5489,#5490,#5491);
#5489 = CARTESIAN_POINT('',(2.5,10.93,1.25));
#5490 = DIRECTION('',(0.707106781187,0.707106781187,1.570092458684E-16)
  );
#5491 = DIRECTION('',(-0.707106781187,0.707106781187,-3.140184917368E-16
    ));
#5492 = ADVANCED_FACE('',(#5493),#5511,.T.);
#5493 = FACE_BOUND('',#5494,.T.);
#5494 = EDGE_LOOP('',(#5495,#5503,#5504,#5505));
#5495 = ORIENTED_EDGE('',*,*,#5496,.F.);
#5496 = EDGE_CURVE('',#5473,#5497,#5499,.T.);
#5497 = VERTEX_POINT('',#5498);
#5498 = CARTESIAN_POINT('',(2.5,11.93,1.25));
#5499 = LINE('',#5500,#5501);
#5500 = CARTESIAN_POINT('',(2.,11.43,1.25));
#5501 = VECTOR('',#5502,1.);
#5502 = DIRECTION('',(0.707106781187,0.707106781187,-4.710277376051E-16)
  );
#5503 = ORIENTED_EDGE('',*,*,#5482,.T.);
#5504 = ORIENTED_EDGE('',*,*,#1919,.F.);
#5505 = ORIENTED_EDGE('',*,*,#5506,.F.);
#5506 = EDGE_CURVE('',#5497,#1912,#5507,.T.);
#5507 = LINE('',#5508,#5509);
#5508 = CARTESIAN_POINT('',(2.5,11.93,1.25));
#5509 = VECTOR('',#5510,1.);
#5510 = DIRECTION('',(3.330669073875E-16,-1.110223024625E-16,-1.));
#5511 = PLANE('',#5512);
#5512 = AXIS2_PLACEMENT_3D('',#5513,#5514,#5515);
#5513 = CARTESIAN_POINT('',(2.,11.43,1.25));
#5514 = DIRECTION('',(0.707106781187,-0.707106781187,3.140184917368E-16)
  );
#5515 = DIRECTION('',(0.707106781187,0.707106781187,-1.570092458684E-16)
  );
#5516 = ADVANCED_FACE('',(#5517),#5535,.T.);
#5517 = FACE_BOUND('',#5518,.T.);
#5518 = EDGE_LOOP('',(#5519,#5520,#5528,#5534));
#5519 = ORIENTED_EDGE('',*,*,#1911,.F.);
#5520 = ORIENTED_EDGE('',*,*,#5521,.F.);
#5521 = EDGE_CURVE('',#5522,#1904,#5524,.T.);
#5522 = VERTEX_POINT('',#5523);
#5523 = CARTESIAN_POINT('',(2.5,13.47,1.25));
#5524 = LINE('',#5525,#5526);
#5525 = CARTESIAN_POINT('',(2.5,13.47,1.25));
#5526 = VECTOR('',#5527,1.);
#5527 = DIRECTION('',(3.330669073875E-16,-1.110223024625E-16,-1.));
#5528 = ORIENTED_EDGE('',*,*,#5529,.F.);
#5529 = EDGE_CURVE('',#5497,#5522,#5530,.T.);
#5530 = LINE('',#5531,#5532);
#5531 = CARTESIAN_POINT('',(2.5,23.18,1.25));
#5532 = VECTOR('',#5533,1.);
#5533 = DIRECTION('',(-4.440892098501E-16,1.,-1.7763568394E-15));
#5534 = ORIENTED_EDGE('',*,*,#5506,.T.);
#5535 = PLANE('',#5536);
#5536 = AXIS2_PLACEMENT_3D('',#5537,#5538,#5539);
#5537 = CARTESIAN_POINT('',(2.5,-3.169642678836E-15,1.56020021645));
#5538 = DIRECTION('',(1.,-1.7763568394E-15,-4.440892098501E-16));
#5539 = DIRECTION('',(-2.22044604925E-15,-4.440892098501E-16,1.));
#5540 = ADVANCED_FACE('',(#5541),#5559,.F.);
#5541 = FACE_BOUND('',#5542,.F.);
#5542 = EDGE_LOOP('',(#5543,#5551,#5557,#5558));
#5543 = ORIENTED_EDGE('',*,*,#5544,.F.);
#5544 = EDGE_CURVE('',#5545,#5522,#5547,.T.);
#5545 = VERTEX_POINT('',#5546);
#5546 = CARTESIAN_POINT('',(2.,13.97,1.25));
#5547 = LINE('',#5548,#5549);
#5548 = CARTESIAN_POINT('',(2.,13.97,1.25));
#5549 = VECTOR('',#5550,1.);
#5550 = DIRECTION('',(0.707106781187,-0.707106781187,3.140184917368E-16)
  );
#5551 = ORIENTED_EDGE('',*,*,#5552,.T.);
#5552 = EDGE_CURVE('',#5545,#1896,#5553,.T.);
#5553 = LINE('',#5554,#5555);
#5554 = CARTESIAN_POINT('',(2.,13.97,1.25));
#5555 = VECTOR('',#5556,1.);
#5556 = DIRECTION('',(3.330669073875E-16,-1.110223024625E-16,-1.));
#5557 = ORIENTED_EDGE('',*,*,#1903,.F.);
#5558 = ORIENTED_EDGE('',*,*,#5521,.F.);
#5559 = PLANE('',#5560);
#5560 = AXIS2_PLACEMENT_3D('',#5561,#5562,#5563);
#5561 = CARTESIAN_POINT('',(2.,13.97,1.25));
#5562 = DIRECTION('',(-0.707106781187,-0.707106781187,
    -1.570092458684E-16));
#5563 = DIRECTION('',(0.707106781187,-0.707106781187,3.140184917368E-16)
  );
#5564 = ADVANCED_FACE('',(#5565),#5583,.F.);
#5565 = FACE_BOUND('',#5566,.F.);
#5566 = EDGE_LOOP('',(#5567,#5575,#5581,#5582));
#5567 = ORIENTED_EDGE('',*,*,#5568,.F.);
#5568 = EDGE_CURVE('',#5569,#5545,#5571,.T.);
#5569 = VERTEX_POINT('',#5570);
#5570 = CARTESIAN_POINT('',(2.5,14.47,1.25));
#5571 = LINE('',#5572,#5573);
#5572 = CARTESIAN_POINT('',(2.5,14.47,1.25));
#5573 = VECTOR('',#5574,1.);
#5574 = DIRECTION('',(-0.707106781187,-0.707106781187,4.710277376051E-16
    ));
#5575 = ORIENTED_EDGE('',*,*,#5576,.T.);
#5576 = EDGE_CURVE('',#5569,#1888,#5577,.T.);
#5577 = LINE('',#5578,#5579);
#5578 = CARTESIAN_POINT('',(2.5,14.47,1.25));
#5579 = VECTOR('',#5580,1.);
#5580 = DIRECTION('',(3.330669073875E-16,-1.110223024625E-16,-1.));
#5581 = ORIENTED_EDGE('',*,*,#1895,.F.);
#5582 = ORIENTED_EDGE('',*,*,#5552,.F.);
#5583 = PLANE('',#5584);
#5584 = AXIS2_PLACEMENT_3D('',#5585,#5586,#5587);
#5585 = CARTESIAN_POINT('',(2.5,14.47,1.25));
#5586 = DIRECTION('',(-0.707106781187,0.707106781187,-3.140184917368E-16
    ));
#5587 = DIRECTION('',(-0.707106781187,-0.707106781187,1.570092458684E-16
    ));
#5588 = ADVANCED_FACE('',(#5589),#5607,.T.);
#5589 = FACE_BOUND('',#5590,.T.);
#5590 = EDGE_LOOP('',(#5591,#5592,#5600,#5606));
#5591 = ORIENTED_EDGE('',*,*,#1887,.F.);
#5592 = ORIENTED_EDGE('',*,*,#5593,.F.);
#5593 = EDGE_CURVE('',#5594,#1880,#5596,.T.);
#5594 = VERTEX_POINT('',#5595);
#5595 = CARTESIAN_POINT('',(2.5,16.01,1.25));
#5596 = LINE('',#5597,#5598);
#5597 = CARTESIAN_POINT('',(2.5,16.01,1.25));
#5598 = VECTOR('',#5599,1.);
#5599 = DIRECTION('',(3.330669073875E-16,-1.110223024625E-16,-1.));
#5600 = ORIENTED_EDGE('',*,*,#5601,.F.);
#5601 = EDGE_CURVE('',#5569,#5594,#5602,.T.);
#5602 = LINE('',#5603,#5604);
#5603 = CARTESIAN_POINT('',(2.5,23.18,1.25));
#5604 = VECTOR('',#5605,1.);
#5605 = DIRECTION('',(-4.440892098501E-16,1.,-1.7763568394E-15));
#5606 = ORIENTED_EDGE('',*,*,#5576,.T.);
#5607 = PLANE('',#5608);
#5608 = AXIS2_PLACEMENT_3D('',#5609,#5610,#5611);
#5609 = CARTESIAN_POINT('',(2.5,-3.169642678836E-15,1.56020021645));
#5610 = DIRECTION('',(1.,-1.7763568394E-15,-4.440892098501E-16));
#5611 = DIRECTION('',(-2.22044604925E-15,-4.440892098501E-16,1.));
#5612 = ADVANCED_FACE('',(#5613),#5631,.T.);
#5613 = FACE_BOUND('',#5614,.T.);
#5614 = EDGE_LOOP('',(#5615,#5623,#5624,#5625));
#5615 = ORIENTED_EDGE('',*,*,#5616,.F.);
#5616 = EDGE_CURVE('',#5594,#5617,#5619,.T.);
#5617 = VERTEX_POINT('',#5618);
#5618 = CARTESIAN_POINT('',(2.,16.51,1.25));
#5619 = LINE('',#5620,#5621);
#5620 = CARTESIAN_POINT('',(2.5,16.01,1.25));
#5621 = VECTOR('',#5622,1.);
#5622 = DIRECTION('',(-0.707106781187,0.707106781187,-3.140184917368E-16
    ));
#5623 = ORIENTED_EDGE('',*,*,#5593,.T.);
#5624 = ORIENTED_EDGE('',*,*,#1879,.F.);
#5625 = ORIENTED_EDGE('',*,*,#5626,.F.);
#5626 = EDGE_CURVE('',#5617,#1872,#5627,.T.);
#5627 = LINE('',#5628,#5629);
#5628 = CARTESIAN_POINT('',(2.,16.51,1.25));
#5629 = VECTOR('',#5630,1.);
#5630 = DIRECTION('',(3.330669073875E-16,-1.110223024625E-16,-1.));
#5631 = PLANE('',#5632);
#5632 = AXIS2_PLACEMENT_3D('',#5633,#5634,#5635);
#5633 = CARTESIAN_POINT('',(2.5,16.01,1.25));
#5634 = DIRECTION('',(0.707106781187,0.707106781187,1.570092458684E-16)
  );
#5635 = DIRECTION('',(-0.707106781187,0.707106781187,-3.140184917368E-16
    ));
#5636 = ADVANCED_FACE('',(#5637),#5655,.T.);
#5637 = FACE_BOUND('',#5638,.T.);
#5638 = EDGE_LOOP('',(#5639,#5647,#5648,#5649));
#5639 = ORIENTED_EDGE('',*,*,#5640,.F.);
#5640 = EDGE_CURVE('',#5617,#5641,#5643,.T.);
#5641 = VERTEX_POINT('',#5642);
#5642 = CARTESIAN_POINT('',(2.5,17.01,1.25));
#5643 = LINE('',#5644,#5645);
#5644 = CARTESIAN_POINT('',(2.,16.51,1.25));
#5645 = VECTOR('',#5646,1.);
#5646 = DIRECTION('',(0.707106781187,0.707106781187,-4.710277376051E-16)
  );
#5647 = ORIENTED_EDGE('',*,*,#5626,.T.);
#5648 = ORIENTED_EDGE('',*,*,#1871,.F.);
#5649 = ORIENTED_EDGE('',*,*,#5650,.F.);
#5650 = EDGE_CURVE('',#5641,#1864,#5651,.T.);
#5651 = LINE('',#5652,#5653);
#5652 = CARTESIAN_POINT('',(2.5,17.01,1.25));
#5653 = VECTOR('',#5654,1.);
#5654 = DIRECTION('',(3.330669073875E-16,-1.110223024625E-16,-1.));
#5655 = PLANE('',#5656);
#5656 = AXIS2_PLACEMENT_3D('',#5657,#5658,#5659);
#5657 = CARTESIAN_POINT('',(2.,16.51,1.25));
#5658 = DIRECTION('',(0.707106781187,-0.707106781187,3.140184917368E-16)
  );
#5659 = DIRECTION('',(0.707106781187,0.707106781187,-1.570092458684E-16)
  );
#5660 = ADVANCED_FACE('',(#5661),#5679,.T.);
#5661 = FACE_BOUND('',#5662,.T.);
#5662 = EDGE_LOOP('',(#5663,#5664,#5672,#5678));
#5663 = ORIENTED_EDGE('',*,*,#1863,.F.);
#5664 = ORIENTED_EDGE('',*,*,#5665,.F.);
#5665 = EDGE_CURVE('',#5666,#1856,#5668,.T.);
#5666 = VERTEX_POINT('',#5667);
#5667 = CARTESIAN_POINT('',(2.5,18.55,1.25));
#5668 = LINE('',#5669,#5670);
#5669 = CARTESIAN_POINT('',(2.5,18.55,1.25));
#5670 = VECTOR('',#5671,1.);
#5671 = DIRECTION('',(3.330669073875E-16,-1.110223024625E-16,-1.));
#5672 = ORIENTED_EDGE('',*,*,#5673,.F.);
#5673 = EDGE_CURVE('',#5641,#5666,#5674,.T.);
#5674 = LINE('',#5675,#5676);
#5675 = CARTESIAN_POINT('',(2.5,23.18,1.25));
#5676 = VECTOR('',#5677,1.);
#5677 = DIRECTION('',(-4.440892098501E-16,1.,-1.7763568394E-15));
#5678 = ORIENTED_EDGE('',*,*,#5650,.T.);
#5679 = PLANE('',#5680);
#5680 = AXIS2_PLACEMENT_3D('',#5681,#5682,#5683);
#5681 = CARTESIAN_POINT('',(2.5,-3.169642678836E-15,1.56020021645));
#5682 = DIRECTION('',(1.,-1.7763568394E-15,-4.440892098501E-16));
#5683 = DIRECTION('',(-2.22044604925E-15,-4.440892098501E-16,1.));
#5684 = ADVANCED_FACE('',(#5685),#5703,.F.);
#5685 = FACE_BOUND('',#5686,.F.);
#5686 = EDGE_LOOP('',(#5687,#5695,#5701,#5702));
#5687 = ORIENTED_EDGE('',*,*,#5688,.F.);
#5688 = EDGE_CURVE('',#5689,#5666,#5691,.T.);
#5689 = VERTEX_POINT('',#5690);
#5690 = CARTESIAN_POINT('',(2.,19.05,1.25));
#5691 = LINE('',#5692,#5693);
#5692 = CARTESIAN_POINT('',(2.,19.05,1.25));
#5693 = VECTOR('',#5694,1.);
#5694 = DIRECTION('',(0.707106781187,-0.707106781187,3.140184917368E-16)
  );
#5695 = ORIENTED_EDGE('',*,*,#5696,.T.);
#5696 = EDGE_CURVE('',#5689,#1848,#5697,.T.);
#5697 = LINE('',#5698,#5699);
#5698 = CARTESIAN_POINT('',(2.,19.05,1.25));
#5699 = VECTOR('',#5700,1.);
#5700 = DIRECTION('',(3.330669073875E-16,-1.110223024625E-16,-1.));
#5701 = ORIENTED_EDGE('',*,*,#1855,.F.);
#5702 = ORIENTED_EDGE('',*,*,#5665,.F.);
#5703 = PLANE('',#5704);
#5704 = AXIS2_PLACEMENT_3D('',#5705,#5706,#5707);
#5705 = CARTESIAN_POINT('',(2.,19.05,1.25));
#5706 = DIRECTION('',(-0.707106781187,-0.707106781187,
    -1.570092458684E-16));
#5707 = DIRECTION('',(0.707106781187,-0.707106781187,3.140184917368E-16)
  );
#5708 = ADVANCED_FACE('',(#5709),#5727,.F.);
#5709 = FACE_BOUND('',#5710,.F.);
#5710 = EDGE_LOOP('',(#5711,#5719,#5725,#5726));
#5711 = ORIENTED_EDGE('',*,*,#5712,.F.);
#5712 = EDGE_CURVE('',#5713,#5689,#5715,.T.);
#5713 = VERTEX_POINT('',#5714);
#5714 = CARTESIAN_POINT('',(2.5,19.55,1.25));
#5715 = LINE('',#5716,#5717);
#5716 = CARTESIAN_POINT('',(2.5,19.55,1.25));
#5717 = VECTOR('',#5718,1.);
#5718 = DIRECTION('',(-0.707106781187,-0.707106781187,4.710277376051E-16
    ));
#5719 = ORIENTED_EDGE('',*,*,#5720,.T.);
#5720 = EDGE_CURVE('',#5713,#1840,#5721,.T.);
#5721 = LINE('',#5722,#5723);
#5722 = CARTESIAN_POINT('',(2.5,19.55,1.25));
#5723 = VECTOR('',#5724,1.);
#5724 = DIRECTION('',(3.330669073875E-16,-1.110223024625E-16,-1.));
#5725 = ORIENTED_EDGE('',*,*,#1847,.F.);
#5726 = ORIENTED_EDGE('',*,*,#5696,.F.);
#5727 = PLANE('',#5728);
#5728 = AXIS2_PLACEMENT_3D('',#5729,#5730,#5731);
#5729 = CARTESIAN_POINT('',(2.5,19.55,1.25));
#5730 = DIRECTION('',(-0.707106781187,0.707106781187,-3.140184917368E-16
    ));
#5731 = DIRECTION('',(-0.707106781187,-0.707106781187,1.570092458684E-16
    ));
#5732 = ADVANCED_FACE('',(#5733),#5751,.T.);
#5733 = FACE_BOUND('',#5734,.T.);
#5734 = EDGE_LOOP('',(#5735,#5736,#5744,#5750));
#5735 = ORIENTED_EDGE('',*,*,#1839,.F.);
#5736 = ORIENTED_EDGE('',*,*,#5737,.F.);
#5737 = EDGE_CURVE('',#5738,#1832,#5740,.T.);
#5738 = VERTEX_POINT('',#5739);
#5739 = CARTESIAN_POINT('',(2.5,21.09,1.25));
#5740 = LINE('',#5741,#5742);
#5741 = CARTESIAN_POINT('',(2.5,21.09,1.25));
#5742 = VECTOR('',#5743,1.);
#5743 = DIRECTION('',(3.330669073875E-16,-1.110223024625E-16,-1.));
#5744 = ORIENTED_EDGE('',*,*,#5745,.F.);
#5745 = EDGE_CURVE('',#5713,#5738,#5746,.T.);
#5746 = LINE('',#5747,#5748);
#5747 = CARTESIAN_POINT('',(2.5,23.18,1.25));
#5748 = VECTOR('',#5749,1.);
#5749 = DIRECTION('',(-4.440892098501E-16,1.,-1.7763568394E-15));
#5750 = ORIENTED_EDGE('',*,*,#5720,.T.);
#5751 = PLANE('',#5752);
#5752 = AXIS2_PLACEMENT_3D('',#5753,#5754,#5755);
#5753 = CARTESIAN_POINT('',(2.5,-3.169642678836E-15,1.56020021645));
#5754 = DIRECTION('',(1.,-1.7763568394E-15,-4.440892098501E-16));
#5755 = DIRECTION('',(-2.22044604925E-15,-4.440892098501E-16,1.));
#5756 = ADVANCED_FACE('',(#5757),#5775,.F.);
#5757 = FACE_BOUND('',#5758,.F.);
#5758 = EDGE_LOOP('',(#5759,#5767,#5773,#5774));
#5759 = ORIENTED_EDGE('',*,*,#5760,.F.);
#5760 = EDGE_CURVE('',#5761,#5738,#5763,.T.);
#5761 = VERTEX_POINT('',#5762);
#5762 = CARTESIAN_POINT('',(2.,21.59,1.25));
#5763 = LINE('',#5764,#5765);
#5764 = CARTESIAN_POINT('',(2.,21.59,1.25));
#5765 = VECTOR('',#5766,1.);
#5766 = DIRECTION('',(0.707106781187,-0.707106781187,3.140184917368E-16)
  );
#5767 = ORIENTED_EDGE('',*,*,#5768,.T.);
#5768 = EDGE_CURVE('',#5761,#1824,#5769,.T.);
#5769 = LINE('',#5770,#5771);
#5770 = CARTESIAN_POINT('',(2.,21.59,1.25));
#5771 = VECTOR('',#5772,1.);
#5772 = DIRECTION('',(3.330669073875E-16,-1.110223024625E-16,-1.));
#5773 = ORIENTED_EDGE('',*,*,#1831,.F.);
#5774 = ORIENTED_EDGE('',*,*,#5737,.F.);
#5775 = PLANE('',#5776);
#5776 = AXIS2_PLACEMENT_3D('',#5777,#5778,#5779);
#5777 = CARTESIAN_POINT('',(2.,21.59,1.25));
#5778 = DIRECTION('',(-0.707106781187,-0.707106781187,
    -1.570092458684E-16));
#5779 = DIRECTION('',(0.707106781187,-0.707106781187,3.140184917368E-16)
  );
#5780 = ADVANCED_FACE('',(#5781),#5799,.F.);
#5781 = FACE_BOUND('',#5782,.F.);
#5782 = EDGE_LOOP('',(#5783,#5791,#5797,#5798));
#5783 = ORIENTED_EDGE('',*,*,#5784,.F.);
#5784 = EDGE_CURVE('',#5785,#5761,#5787,.T.);
#5785 = VERTEX_POINT('',#5786);
#5786 = CARTESIAN_POINT('',(2.5,22.09,1.25));
#5787 = LINE('',#5788,#5789);
#5788 = CARTESIAN_POINT('',(2.5,22.09,1.25));
#5789 = VECTOR('',#5790,1.);
#5790 = DIRECTION('',(-0.707106781187,-0.707106781187,4.710277376051E-16
    ));
#5791 = ORIENTED_EDGE('',*,*,#5792,.T.);
#5792 = EDGE_CURVE('',#5785,#1816,#5793,.T.);
#5793 = LINE('',#5794,#5795);
#5794 = CARTESIAN_POINT('',(2.5,22.09,1.25));
#5795 = VECTOR('',#5796,1.);
#5796 = DIRECTION('',(3.330669073875E-16,-1.110223024625E-16,-1.));
#5797 = ORIENTED_EDGE('',*,*,#1823,.F.);
#5798 = ORIENTED_EDGE('',*,*,#5768,.F.);
#5799 = PLANE('',#5800);
#5800 = AXIS2_PLACEMENT_3D('',#5801,#5802,#5803);
#5801 = CARTESIAN_POINT('',(2.5,22.09,1.25));
#5802 = DIRECTION('',(-0.707106781187,0.707106781187,-3.140184917368E-16
    ));
#5803 = DIRECTION('',(-0.707106781187,-0.707106781187,1.570092458684E-16
    ));
#5804 = ADVANCED_FACE('',(#5805),#5823,.T.);
#5805 = FACE_BOUND('',#5806,.T.);
#5806 = EDGE_LOOP('',(#5807,#5808,#5816,#5822));
#5807 = ORIENTED_EDGE('',*,*,#1815,.F.);
#5808 = ORIENTED_EDGE('',*,*,#5809,.F.);
#5809 = EDGE_CURVE('',#5810,#1808,#5812,.T.);
#5810 = VERTEX_POINT('',#5811);
#5811 = CARTESIAN_POINT('',(2.5,23.63,1.25));
#5812 = LINE('',#5813,#5814);
#5813 = CARTESIAN_POINT('',(2.5,23.63,1.25));
#5814 = VECTOR('',#5815,1.);
#5815 = DIRECTION('',(3.330669073875E-16,-1.110223024625E-16,-1.));
#5816 = ORIENTED_EDGE('',*,*,#5817,.F.);
#5817 = EDGE_CURVE('',#5785,#5810,#5818,.T.);
#5818 = LINE('',#5819,#5820);
#5819 = CARTESIAN_POINT('',(2.5,23.18,1.25));
#5820 = VECTOR('',#5821,1.);
#5821 = DIRECTION('',(-4.440892098501E-16,1.,-1.7763568394E-15));
#5822 = ORIENTED_EDGE('',*,*,#5792,.T.);
#5823 = PLANE('',#5824);
#5824 = AXIS2_PLACEMENT_3D('',#5825,#5826,#5827);
#5825 = CARTESIAN_POINT('',(2.5,-3.169642678836E-15,1.56020021645));
#5826 = DIRECTION('',(1.,-1.7763568394E-15,-4.440892098501E-16));
#5827 = DIRECTION('',(-2.22044604925E-15,-4.440892098501E-16,1.));
#5828 = ADVANCED_FACE('',(#5829),#5847,.F.);
#5829 = FACE_BOUND('',#5830,.F.);
#5830 = EDGE_LOOP('',(#5831,#5839,#5845,#5846));
#5831 = ORIENTED_EDGE('',*,*,#5832,.F.);
#5832 = EDGE_CURVE('',#5833,#5810,#5835,.T.);
#5833 = VERTEX_POINT('',#5834);
#5834 = CARTESIAN_POINT('',(2.,24.13,1.25));
#5835 = LINE('',#5836,#5837);
#5836 = CARTESIAN_POINT('',(2.,24.13,1.25));
#5837 = VECTOR('',#5838,1.);
#5838 = DIRECTION('',(0.707106781187,-0.707106781187,3.140184917368E-16)
  );
#5839 = ORIENTED_EDGE('',*,*,#5840,.T.);
#5840 = EDGE_CURVE('',#5833,#1800,#5841,.T.);
#5841 = LINE('',#5842,#5843);
#5842 = CARTESIAN_POINT('',(2.,24.13,1.25));
#5843 = VECTOR('',#5844,1.);
#5844 = DIRECTION('',(3.330669073875E-16,-1.110223024625E-16,-1.));
#5845 = ORIENTED_EDGE('',*,*,#1807,.F.);
#5846 = ORIENTED_EDGE('',*,*,#5809,.F.);
#5847 = PLANE('',#5848);
#5848 = AXIS2_PLACEMENT_3D('',#5849,#5850,#5851);
#5849 = CARTESIAN_POINT('',(2.,24.13,1.25));
#5850 = DIRECTION('',(-0.707106781187,-0.707106781187,
    -1.570092458684E-16));
#5851 = DIRECTION('',(0.707106781187,-0.707106781187,3.140184917368E-16)
  );
#5852 = ADVANCED_FACE('',(#5853),#5864,.F.);
#5853 = FACE_BOUND('',#5854,.F.);
#5854 = EDGE_LOOP('',(#5855,#5856,#5857,#5858));
#5855 = ORIENTED_EDGE('',*,*,#3099,.T.);
#5856 = ORIENTED_EDGE('',*,*,#1799,.T.);
#5857 = ORIENTED_EDGE('',*,*,#5840,.F.);
#5858 = ORIENTED_EDGE('',*,*,#5859,.F.);
#5859 = EDGE_CURVE('',#3090,#5833,#5860,.T.);
#5860 = LINE('',#5861,#5862);
#5861 = CARTESIAN_POINT('',(-1.857181075593E-14,24.13,1.25));
#5862 = VECTOR('',#5863,1.);
#5863 = DIRECTION('',(1.,-1.554312234475E-15,-2.22044604925E-16));
#5864 = PLANE('',#5865);
#5865 = AXIS2_PLACEMENT_3D('',#5866,#5867,#5868);
#5866 = CARTESIAN_POINT('',(-1.357580714512E-14,24.13,-1.25));
#5867 = DIRECTION('',(4.440892098501E-16,-1.,1.7763568394E-15));
#5868 = DIRECTION('',(-1.998401444325E-15,-2.22044604925E-16,1.));
#5869 = ADVANCED_FACE('',(#5870),#5898,.T.);
#5870 = FACE_BOUND('',#5871,.T.);
#5871 = EDGE_LOOP('',(#5872,#5883,#5888,#5889,#5890,#5891));
#5872 = ORIENTED_EDGE('',*,*,#5873,.F.);
#5873 = EDGE_CURVE('',#5874,#5876,#5878,.T.);
#5874 = VERTEX_POINT('',#5875);
#5875 = CARTESIAN_POINT('',(1.25,23.18,-4.25));
#5876 = VERTEX_POINT('',#5877);
#5877 = CARTESIAN_POINT('',(1.25,22.54,-4.25));
#5878 = CIRCLE('',#5879,0.32);
#5879 = AXIS2_PLACEMENT_3D('',#5880,#5881,#5882);
#5880 = CARTESIAN_POINT('',(1.25,22.86,-4.25));
#5881 = DIRECTION('',(-2.341930812375E-31,-8.881784197001E-16,-1.));
#5882 = DIRECTION('',(3.451266460342E-31,1.,-8.881784197001E-16));
#5883 = ORIENTED_EDGE('',*,*,#5884,.F.);
#5884 = EDGE_CURVE('',#2722,#5874,#5885,.T.);
#5885 = B_SPLINE_CURVE_WITH_KNOTS('',1,(#5886,#5887),.UNSPECIFIED.,.F.,
  .F.,(2,2),(-3.,0.),.PIECEWISE_BEZIER_KNOTS.);
#5886 = CARTESIAN_POINT('',(1.25,23.18,-1.25));
#5887 = CARTESIAN_POINT('',(1.25,23.18,-4.25));
#5888 = ORIENTED_EDGE('',*,*,#2730,.T.);
#5889 = ORIENTED_EDGE('',*,*,#2719,.T.);
#5890 = ORIENTED_EDGE('',*,*,#5884,.T.);
#5891 = ORIENTED_EDGE('',*,*,#5892,.F.);
#5892 = EDGE_CURVE('',#5876,#5874,#5893,.T.);
#5893 = CIRCLE('',#5894,0.32);
#5894 = AXIS2_PLACEMENT_3D('',#5895,#5896,#5897);
#5895 = CARTESIAN_POINT('',(1.25,22.86,-4.25));
#5896 = DIRECTION('',(-2.341930812375E-31,-8.881784197001E-16,-1.));
#5897 = DIRECTION('',(3.451266460342E-31,1.,-8.881784197001E-16));
#5898 = CYLINDRICAL_SURFACE('',#5899,0.32);
#5899 = AXIS2_PLACEMENT_3D('',#5900,#5901,#5902);
#5900 = CARTESIAN_POINT('',(1.25,22.86,-4.25));
#5901 = DIRECTION('',(6.661338147751E-16,-2.22044604925E-16,-1.));
#5902 = DIRECTION('',(3.451266460342E-31,1.,-8.881784197001E-16));
#5903 = ADVANCED_FACE('',(#5904),#5932,.T.);
#5904 = FACE_BOUND('',#5905,.T.);
#5905 = EDGE_LOOP('',(#5906,#5917,#5922,#5923,#5924,#5925));
#5906 = ORIENTED_EDGE('',*,*,#5907,.F.);
#5907 = EDGE_CURVE('',#5908,#5910,#5912,.T.);
#5908 = VERTEX_POINT('',#5909);
#5909 = CARTESIAN_POINT('',(1.25,20.64,-4.25));
#5910 = VERTEX_POINT('',#5911);
#5911 = CARTESIAN_POINT('',(1.25,20.,-4.25));
#5912 = CIRCLE('',#5913,0.32);
#5913 = AXIS2_PLACEMENT_3D('',#5914,#5915,#5916);
#5914 = CARTESIAN_POINT('',(1.25,20.32,-4.25));
#5915 = DIRECTION('',(-2.341930812375E-31,-8.881784197001E-16,-1.));
#5916 = DIRECTION('',(3.451266460342E-31,1.,-8.881784197001E-16));
#5917 = ORIENTED_EDGE('',*,*,#5918,.F.);
#5918 = EDGE_CURVE('',#2742,#5908,#5919,.T.);
#5919 = B_SPLINE_CURVE_WITH_KNOTS('',1,(#5920,#5921),.UNSPECIFIED.,.F.,
  .F.,(2,2),(-3.,0.),.PIECEWISE_BEZIER_KNOTS.);
#5920 = CARTESIAN_POINT('',(1.25,20.64,-1.25));
#5921 = CARTESIAN_POINT('',(1.25,20.64,-4.25));
#5922 = ORIENTED_EDGE('',*,*,#2750,.T.);
#5923 = ORIENTED_EDGE('',*,*,#2739,.T.);
#5924 = ORIENTED_EDGE('',*,*,#5918,.T.);
#5925 = ORIENTED_EDGE('',*,*,#5926,.F.);
#5926 = EDGE_CURVE('',#5910,#5908,#5927,.T.);
#5927 = CIRCLE('',#5928,0.32);
#5928 = AXIS2_PLACEMENT_3D('',#5929,#5930,#5931);
#5929 = CARTESIAN_POINT('',(1.25,20.32,-4.25));
#5930 = DIRECTION('',(-2.341930812375E-31,-8.881784197001E-16,-1.));
#5931 = DIRECTION('',(3.451266460342E-31,1.,-8.881784197001E-16));
#5932 = CYLINDRICAL_SURFACE('',#5933,0.32);
#5933 = AXIS2_PLACEMENT_3D('',#5934,#5935,#5936);
#5934 = CARTESIAN_POINT('',(1.25,20.32,-4.25));
#5935 = DIRECTION('',(6.661338147751E-16,-2.22044604925E-16,-1.));
#5936 = DIRECTION('',(3.451266460342E-31,1.,-8.881784197001E-16));
#5937 = ADVANCED_FACE('',(#5938),#5966,.T.);
#5938 = FACE_BOUND('',#5939,.T.);
#5939 = EDGE_LOOP('',(#5940,#5951,#5956,#5957,#5958,#5959));
#5940 = ORIENTED_EDGE('',*,*,#5941,.F.);
#5941 = EDGE_CURVE('',#5942,#5944,#5946,.T.);
#5942 = VERTEX_POINT('',#5943);
#5943 = CARTESIAN_POINT('',(1.25,18.1,-4.25));
#5944 = VERTEX_POINT('',#5945);
#5945 = CARTESIAN_POINT('',(1.25,17.46,-4.25));
#5946 = CIRCLE('',#5947,0.32);
#5947 = AXIS2_PLACEMENT_3D('',#5948,#5949,#5950);
#5948 = CARTESIAN_POINT('',(1.25,17.78,-4.25));
#5949 = DIRECTION('',(-2.341930812375E-31,-8.881784197001E-16,-1.));
#5950 = DIRECTION('',(3.451266460342E-31,1.,-8.881784197001E-16));
#5951 = ORIENTED_EDGE('',*,*,#5952,.F.);
#5952 = EDGE_CURVE('',#2762,#5942,#5953,.T.);
#5953 = B_SPLINE_CURVE_WITH_KNOTS('',1,(#5954,#5955),.UNSPECIFIED.,.F.,
  .F.,(2,2),(-3.,-8.881784197001E-16),.PIECEWISE_BEZIER_KNOTS.);
#5954 = CARTESIAN_POINT('',(1.25,18.1,-1.25));
#5955 = CARTESIAN_POINT('',(1.25,18.1,-4.25));
#5956 = ORIENTED_EDGE('',*,*,#2770,.T.);
#5957 = ORIENTED_EDGE('',*,*,#2759,.T.);
#5958 = ORIENTED_EDGE('',*,*,#5952,.T.);
#5959 = ORIENTED_EDGE('',*,*,#5960,.F.);
#5960 = EDGE_CURVE('',#5944,#5942,#5961,.T.);
#5961 = CIRCLE('',#5962,0.32);
#5962 = AXIS2_PLACEMENT_3D('',#5963,#5964,#5965);
#5963 = CARTESIAN_POINT('',(1.25,17.78,-4.25));
#5964 = DIRECTION('',(-2.341930812375E-31,-8.881784197001E-16,-1.));
#5965 = DIRECTION('',(3.451266460342E-31,1.,-8.881784197001E-16));
#5966 = CYLINDRICAL_SURFACE('',#5967,0.32);
#5967 = AXIS2_PLACEMENT_3D('',#5968,#5969,#5970);
#5968 = CARTESIAN_POINT('',(1.25,17.78,-4.25));
#5969 = DIRECTION('',(6.661338147751E-16,-2.22044604925E-16,-1.));
#5970 = DIRECTION('',(3.451266460342E-31,1.,-8.881784197001E-16));
#5971 = ADVANCED_FACE('',(#5972),#6000,.T.);
#5972 = FACE_BOUND('',#5973,.T.);
#5973 = EDGE_LOOP('',(#5974,#5985,#5990,#5991,#5992,#5993));
#5974 = ORIENTED_EDGE('',*,*,#5975,.F.);
#5975 = EDGE_CURVE('',#5976,#5978,#5980,.T.);
#5976 = VERTEX_POINT('',#5977);
#5977 = CARTESIAN_POINT('',(1.25,15.56,-4.25));
#5978 = VERTEX_POINT('',#5979);
#5979 = CARTESIAN_POINT('',(1.25,14.92,-4.25));
#5980 = CIRCLE('',#5981,0.32);
#5981 = AXIS2_PLACEMENT_3D('',#5982,#5983,#5984);
#5982 = CARTESIAN_POINT('',(1.25,15.24,-4.25));
#5983 = DIRECTION('',(-2.341930812375E-31,-8.881784197001E-16,-1.));
#5984 = DIRECTION('',(3.451266460342E-31,1.,-8.881784197001E-16));
#5985 = ORIENTED_EDGE('',*,*,#5986,.F.);
#5986 = EDGE_CURVE('',#2782,#5976,#5987,.T.);
#5987 = B_SPLINE_CURVE_WITH_KNOTS('',1,(#5988,#5989),.UNSPECIFIED.,.F.,
  .F.,(2,2),(-3.,0.),.PIECEWISE_BEZIER_KNOTS.);
#5988 = CARTESIAN_POINT('',(1.25,15.56,-1.25));
#5989 = CARTESIAN_POINT('',(1.25,15.56,-4.25));
#5990 = ORIENTED_EDGE('',*,*,#2790,.T.);
#5991 = ORIENTED_EDGE('',*,*,#2779,.T.);
#5992 = ORIENTED_EDGE('',*,*,#5986,.T.);
#5993 = ORIENTED_EDGE('',*,*,#5994,.F.);
#5994 = EDGE_CURVE('',#5978,#5976,#5995,.T.);
#5995 = CIRCLE('',#5996,0.32);
#5996 = AXIS2_PLACEMENT_3D('',#5997,#5998,#5999);
#5997 = CARTESIAN_POINT('',(1.25,15.24,-4.25));
#5998 = DIRECTION('',(-2.341930812375E-31,-8.881784197001E-16,-1.));
#5999 = DIRECTION('',(3.451266460342E-31,1.,-8.881784197001E-16));
#6000 = CYLINDRICAL_SURFACE('',#6001,0.32);
#6001 = AXIS2_PLACEMENT_3D('',#6002,#6003,#6004);
#6002 = CARTESIAN_POINT('',(1.25,15.24,-4.25));
#6003 = DIRECTION('',(6.661338147751E-16,-2.22044604925E-16,-1.));
#6004 = DIRECTION('',(3.451266460342E-31,1.,-8.881784197001E-16));
#6005 = ADVANCED_FACE('',(#6006),#6034,.T.);
#6006 = FACE_BOUND('',#6007,.T.);
#6007 = EDGE_LOOP('',(#6008,#6019,#6024,#6025,#6026,#6027));
#6008 = ORIENTED_EDGE('',*,*,#6009,.F.);
#6009 = EDGE_CURVE('',#6010,#6012,#6014,.T.);
#6010 = VERTEX_POINT('',#6011);
#6011 = CARTESIAN_POINT('',(1.25,13.02,-4.25));
#6012 = VERTEX_POINT('',#6013);
#6013 = CARTESIAN_POINT('',(1.25,12.38,-4.25));
#6014 = CIRCLE('',#6015,0.32);
#6015 = AXIS2_PLACEMENT_3D('',#6016,#6017,#6018);
#6016 = CARTESIAN_POINT('',(1.25,12.7,-4.25));
#6017 = DIRECTION('',(-2.341930812375E-31,-8.881784197001E-16,-1.));
#6018 = DIRECTION('',(3.451266460342E-31,1.,-8.881784197001E-16));
#6019 = ORIENTED_EDGE('',*,*,#6020,.F.);
#6020 = EDGE_CURVE('',#2802,#6010,#6021,.T.);
#6021 = B_SPLINE_CURVE_WITH_KNOTS('',1,(#6022,#6023),.UNSPECIFIED.,.F.,
  .F.,(2,2),(-3.,0.),.PIECEWISE_BEZIER_KNOTS.);
#6022 = CARTESIAN_POINT('',(1.25,13.02,-1.25));
#6023 = CARTESIAN_POINT('',(1.25,13.02,-4.25));
#6024 = ORIENTED_EDGE('',*,*,#2810,.T.);
#6025 = ORIENTED_EDGE('',*,*,#2799,.T.);
#6026 = ORIENTED_EDGE('',*,*,#6020,.T.);
#6027 = ORIENTED_EDGE('',*,*,#6028,.F.);
#6028 = EDGE_CURVE('',#6012,#6010,#6029,.T.);
#6029 = CIRCLE('',#6030,0.32);
#6030 = AXIS2_PLACEMENT_3D('',#6031,#6032,#6033);
#6031 = CARTESIAN_POINT('',(1.25,12.7,-4.25));
#6032 = DIRECTION('',(-2.341930812375E-31,-8.881784197001E-16,-1.));
#6033 = DIRECTION('',(3.451266460342E-31,1.,-8.881784197001E-16));
#6034 = CYLINDRICAL_SURFACE('',#6035,0.32);
#6035 = AXIS2_PLACEMENT_3D('',#6036,#6037,#6038);
#6036 = CARTESIAN_POINT('',(1.25,12.7,-4.25));
#6037 = DIRECTION('',(6.661338147751E-16,-2.22044604925E-16,-1.));
#6038 = DIRECTION('',(3.451266460342E-31,1.,-8.881784197001E-16));
#6039 = ADVANCED_FACE('',(#6040),#6068,.T.);
#6040 = FACE_BOUND('',#6041,.T.);
#6041 = EDGE_LOOP('',(#6042,#6053,#6058,#6059,#6060,#6061));
#6042 = ORIENTED_EDGE('',*,*,#6043,.F.);
#6043 = EDGE_CURVE('',#6044,#6046,#6048,.T.);
#6044 = VERTEX_POINT('',#6045);
#6045 = CARTESIAN_POINT('',(1.25,10.48,-4.25));
#6046 = VERTEX_POINT('',#6047);
#6047 = CARTESIAN_POINT('',(1.25,9.84,-4.25));
#6048 = CIRCLE('',#6049,0.32);
#6049 = AXIS2_PLACEMENT_3D('',#6050,#6051,#6052);
#6050 = CARTESIAN_POINT('',(1.25,10.16,-4.25));
#6051 = DIRECTION('',(-2.341930812375E-31,-8.881784197001E-16,-1.));
#6052 = DIRECTION('',(3.451266460342E-31,1.,-8.881784197001E-16));
#6053 = ORIENTED_EDGE('',*,*,#6054,.F.);
#6054 = EDGE_CURVE('',#2822,#6044,#6055,.T.);
#6055 = B_SPLINE_CURVE_WITH_KNOTS('',1,(#6056,#6057),.UNSPECIFIED.,.F.,
  .F.,(2,2),(-3.,0.),.PIECEWISE_BEZIER_KNOTS.);
#6056 = CARTESIAN_POINT('',(1.25,10.48,-1.25));
#6057 = CARTESIAN_POINT('',(1.25,10.48,-4.25));
#6058 = ORIENTED_EDGE('',*,*,#2830,.T.);
#6059 = ORIENTED_EDGE('',*,*,#2819,.T.);
#6060 = ORIENTED_EDGE('',*,*,#6054,.T.);
#6061 = ORIENTED_EDGE('',*,*,#6062,.F.);
#6062 = EDGE_CURVE('',#6046,#6044,#6063,.T.);
#6063 = CIRCLE('',#6064,0.32);
#6064 = AXIS2_PLACEMENT_3D('',#6065,#6066,#6067);
#6065 = CARTESIAN_POINT('',(1.25,10.16,-4.25));
#6066 = DIRECTION('',(-2.341930812375E-31,-8.881784197001E-16,-1.));
#6067 = DIRECTION('',(3.451266460342E-31,1.,-8.881784197001E-16));
#6068 = CYLINDRICAL_SURFACE('',#6069,0.32);
#6069 = AXIS2_PLACEMENT_3D('',#6070,#6071,#6072);
#6070 = CARTESIAN_POINT('',(1.25,10.16,-4.25));
#6071 = DIRECTION('',(6.661338147751E-16,-2.22044604925E-16,-1.));
#6072 = DIRECTION('',(3.451266460342E-31,1.,-8.881784197001E-16));
#6073 = ADVANCED_FACE('',(#6074),#6102,.T.);
#6074 = FACE_BOUND('',#6075,.T.);
#6075 = EDGE_LOOP('',(#6076,#6087,#6092,#6093,#6094,#6095));
#6076 = ORIENTED_EDGE('',*,*,#6077,.F.);
#6077 = EDGE_CURVE('',#6078,#6080,#6082,.T.);
#6078 = VERTEX_POINT('',#6079);
#6079 = CARTESIAN_POINT('',(1.25,7.94,-4.25));
#6080 = VERTEX_POINT('',#6081);
#6081 = CARTESIAN_POINT('',(1.25,7.3,-4.25));
#6082 = CIRCLE('',#6083,0.32);
#6083 = AXIS2_PLACEMENT_3D('',#6084,#6085,#6086);
#6084 = CARTESIAN_POINT('',(1.25,7.62,-4.25));
#6085 = DIRECTION('',(-2.341930812375E-31,-8.881784197001E-16,-1.));
#6086 = DIRECTION('',(3.451266460342E-31,1.,-8.881784197001E-16));
#6087 = ORIENTED_EDGE('',*,*,#6088,.F.);
#6088 = EDGE_CURVE('',#2842,#6078,#6089,.T.);
#6089 = B_SPLINE_CURVE_WITH_KNOTS('',1,(#6090,#6091),.UNSPECIFIED.,.F.,
  .F.,(2,2),(-3.,0.),.PIECEWISE_BEZIER_KNOTS.);
#6090 = CARTESIAN_POINT('',(1.25,7.94,-1.25));
#6091 = CARTESIAN_POINT('',(1.25,7.94,-4.25));
#6092 = ORIENTED_EDGE('',*,*,#2850,.T.);
#6093 = ORIENTED_EDGE('',*,*,#2839,.T.);
#6094 = ORIENTED_EDGE('',*,*,#6088,.T.);
#6095 = ORIENTED_EDGE('',*,*,#6096,.F.);
#6096 = EDGE_CURVE('',#6080,#6078,#6097,.T.);
#6097 = CIRCLE('',#6098,0.32);
#6098 = AXIS2_PLACEMENT_3D('',#6099,#6100,#6101);
#6099 = CARTESIAN_POINT('',(1.25,7.62,-4.25));
#6100 = DIRECTION('',(-2.341930812375E-31,-8.881784197001E-16,-1.));
#6101 = DIRECTION('',(3.451266460342E-31,1.,-8.881784197001E-16));
#6102 = CYLINDRICAL_SURFACE('',#6103,0.32);
#6103 = AXIS2_PLACEMENT_3D('',#6104,#6105,#6106);
#6104 = CARTESIAN_POINT('',(1.25,7.62,-4.25));
#6105 = DIRECTION('',(6.661338147751E-16,-2.22044604925E-16,-1.));
#6106 = DIRECTION('',(3.451266460342E-31,1.,-8.881784197001E-16));
#6107 = ADVANCED_FACE('',(#6108),#6136,.T.);
#6108 = FACE_BOUND('',#6109,.T.);
#6109 = EDGE_LOOP('',(#6110,#6121,#6126,#6127,#6128,#6129));
#6110 = ORIENTED_EDGE('',*,*,#6111,.F.);
#6111 = EDGE_CURVE('',#6112,#6114,#6116,.T.);
#6112 = VERTEX_POINT('',#6113);
#6113 = CARTESIAN_POINT('',(1.25,5.4,-4.25));
#6114 = VERTEX_POINT('',#6115);
#6115 = CARTESIAN_POINT('',(1.25,4.76,-4.25));
#6116 = CIRCLE('',#6117,0.32);
#6117 = AXIS2_PLACEMENT_3D('',#6118,#6119,#6120);
#6118 = CARTESIAN_POINT('',(1.25,5.08,-4.25));
#6119 = DIRECTION('',(-2.341930812375E-31,-8.881784197001E-16,-1.));
#6120 = DIRECTION('',(3.451266460342E-31,1.,-8.881784197001E-16));
#6121 = ORIENTED_EDGE('',*,*,#6122,.F.);
#6122 = EDGE_CURVE('',#2862,#6112,#6123,.T.);
#6123 = B_SPLINE_CURVE_WITH_KNOTS('',1,(#6124,#6125),.UNSPECIFIED.,.F.,
  .F.,(2,2),(-3.,0.),.PIECEWISE_BEZIER_KNOTS.);
#6124 = CARTESIAN_POINT('',(1.25,5.4,-1.25));
#6125 = CARTESIAN_POINT('',(1.25,5.4,-4.25));
#6126 = ORIENTED_EDGE('',*,*,#2870,.T.);
#6127 = ORIENTED_EDGE('',*,*,#2859,.T.);
#6128 = ORIENTED_EDGE('',*,*,#6122,.T.);
#6129 = ORIENTED_EDGE('',*,*,#6130,.F.);
#6130 = EDGE_CURVE('',#6114,#6112,#6131,.T.);
#6131 = CIRCLE('',#6132,0.32);
#6132 = AXIS2_PLACEMENT_3D('',#6133,#6134,#6135);
#6133 = CARTESIAN_POINT('',(1.25,5.08,-4.25));
#6134 = DIRECTION('',(-2.341930812375E-31,-8.881784197001E-16,-1.));
#6135 = DIRECTION('',(3.451266460342E-31,1.,-8.881784197001E-16));
#6136 = CYLINDRICAL_SURFACE('',#6137,0.32);
#6137 = AXIS2_PLACEMENT_3D('',#6138,#6139,#6140);
#6138 = CARTESIAN_POINT('',(1.25,5.08,-4.25));
#6139 = DIRECTION('',(6.661338147751E-16,-2.22044604925E-16,-1.));
#6140 = DIRECTION('',(3.451266460342E-31,1.,-8.881784197001E-16));
#6141 = ADVANCED_FACE('',(#6142),#6170,.T.);
#6142 = FACE_BOUND('',#6143,.T.);
#6143 = EDGE_LOOP('',(#6144,#6155,#6160,#6161,#6162,#6163));
#6144 = ORIENTED_EDGE('',*,*,#6145,.F.);
#6145 = EDGE_CURVE('',#6146,#6148,#6150,.T.);
#6146 = VERTEX_POINT('',#6147);
#6147 = CARTESIAN_POINT('',(1.25,2.86,-4.25));
#6148 = VERTEX_POINT('',#6149);
#6149 = CARTESIAN_POINT('',(1.25,2.22,-4.25));
#6150 = CIRCLE('',#6151,0.32);
#6151 = AXIS2_PLACEMENT_3D('',#6152,#6153,#6154);
#6152 = CARTESIAN_POINT('',(1.25,2.54,-4.25));
#6153 = DIRECTION('',(-2.341930812375E-31,-8.881784197001E-16,-1.));
#6154 = DIRECTION('',(3.451266460342E-31,1.,-8.881784197001E-16));
#6155 = ORIENTED_EDGE('',*,*,#6156,.F.);
#6156 = EDGE_CURVE('',#2882,#6146,#6157,.T.);
#6157 = B_SPLINE_CURVE_WITH_KNOTS('',1,(#6158,#6159),.UNSPECIFIED.,.F.,
  .F.,(2,2),(-3.,0.),.PIECEWISE_BEZIER_KNOTS.);
#6158 = CARTESIAN_POINT('',(1.25,2.86,-1.25));
#6159 = CARTESIAN_POINT('',(1.25,2.86,-4.25));
#6160 = ORIENTED_EDGE('',*,*,#2890,.T.);
#6161 = ORIENTED_EDGE('',*,*,#2879,.T.);
#6162 = ORIENTED_EDGE('',*,*,#6156,.T.);
#6163 = ORIENTED_EDGE('',*,*,#6164,.F.);
#6164 = EDGE_CURVE('',#6148,#6146,#6165,.T.);
#6165 = CIRCLE('',#6166,0.32);
#6166 = AXIS2_PLACEMENT_3D('',#6167,#6168,#6169);
#6167 = CARTESIAN_POINT('',(1.25,2.54,-4.25));
#6168 = DIRECTION('',(-2.341930812375E-31,-8.881784197001E-16,-1.));
#6169 = DIRECTION('',(3.451266460342E-31,1.,-8.881784197001E-16));
#6170 = CYLINDRICAL_SURFACE('',#6171,0.32);
#6171 = AXIS2_PLACEMENT_3D('',#6172,#6173,#6174);
#6172 = CARTESIAN_POINT('',(1.25,2.54,-4.25));
#6173 = DIRECTION('',(6.661338147751E-16,-2.22044604925E-16,-1.));
#6174 = DIRECTION('',(3.451266460342E-31,1.,-8.881784197001E-16));
#6175 = ADVANCED_FACE('',(#6176),#6204,.T.);
#6176 = FACE_BOUND('',#6177,.T.);
#6177 = EDGE_LOOP('',(#6178,#6189,#6194,#6195,#6196,#6197));
#6178 = ORIENTED_EDGE('',*,*,#6179,.F.);
#6179 = EDGE_CURVE('',#6180,#6182,#6184,.T.);
#6180 = VERTEX_POINT('',#6181);
#6181 = CARTESIAN_POINT('',(1.25,0.32,-4.25));
#6182 = VERTEX_POINT('',#6183);
#6183 = CARTESIAN_POINT('',(1.25,-0.32,-4.25));
#6184 = CIRCLE('',#6185,0.32);
#6185 = AXIS2_PLACEMENT_3D('',#6186,#6187,#6188);
#6186 = CARTESIAN_POINT('',(1.25,-2.997602166488E-15,-4.25));
#6187 = DIRECTION('',(-2.341930812375E-31,-8.881784197001E-16,-1.));
#6188 = DIRECTION('',(3.451266460342E-31,1.,-8.881784197001E-16));
#6189 = ORIENTED_EDGE('',*,*,#6190,.F.);
#6190 = EDGE_CURVE('',#2902,#6180,#6191,.T.);
#6191 = B_SPLINE_CURVE_WITH_KNOTS('',1,(#6192,#6193),.UNSPECIFIED.,.F.,
  .F.,(2,2),(-3.,0.),.PIECEWISE_BEZIER_KNOTS.);
#6192 = CARTESIAN_POINT('',(1.25,0.32,-1.25));
#6193 = CARTESIAN_POINT('',(1.25,0.32,-4.25));
#6194 = ORIENTED_EDGE('',*,*,#2910,.T.);
#6195 = ORIENTED_EDGE('',*,*,#2899,.T.);
#6196 = ORIENTED_EDGE('',*,*,#6190,.T.);
#6197 = ORIENTED_EDGE('',*,*,#6198,.F.);
#6198 = EDGE_CURVE('',#6182,#6180,#6199,.T.);
#6199 = CIRCLE('',#6200,0.32);
#6200 = AXIS2_PLACEMENT_3D('',#6201,#6202,#6203);
#6201 = CARTESIAN_POINT('',(1.25,-2.997602166488E-15,-4.25));
#6202 = DIRECTION('',(-2.341930812375E-31,-8.881784197001E-16,-1.));
#6203 = DIRECTION('',(3.451266460342E-31,1.,-8.881784197001E-16));
#6204 = CYLINDRICAL_SURFACE('',#6205,0.32);
#6205 = AXIS2_PLACEMENT_3D('',#6206,#6207,#6208);
#6206 = CARTESIAN_POINT('',(1.25,-2.997602166488E-15,-4.25));
#6207 = DIRECTION('',(6.661338147751E-16,-2.22044604925E-16,-1.));
#6208 = DIRECTION('',(3.451266460342E-31,1.,-8.881784197001E-16));
#6209 = ADVANCED_FACE('',(#6210),#6238,.T.);
#6210 = FACE_BOUND('',#6211,.T.);
#6211 = EDGE_LOOP('',(#6212,#6223,#6228,#6229,#6230,#6231));
#6212 = ORIENTED_EDGE('',*,*,#6213,.F.);
#6213 = EDGE_CURVE('',#6214,#6216,#6218,.T.);
#6214 = VERTEX_POINT('',#6215);
#6215 = CARTESIAN_POINT('',(1.25,-4.76,-4.25));
#6216 = VERTEX_POINT('',#6217);
#6217 = CARTESIAN_POINT('',(1.25,-5.4,-4.25));
#6218 = CIRCLE('',#6219,0.32);
#6219 = AXIS2_PLACEMENT_3D('',#6220,#6221,#6222);
#6220 = CARTESIAN_POINT('',(1.25,-5.08,-4.25));
#6221 = DIRECTION('',(-2.341930812375E-31,-8.881784197001E-16,-1.));
#6222 = DIRECTION('',(3.451266460342E-31,1.,-8.881784197001E-16));
#6223 = ORIENTED_EDGE('',*,*,#6224,.F.);
#6224 = EDGE_CURVE('',#2926,#6214,#6225,.T.);
#6225 = B_SPLINE_CURVE_WITH_KNOTS('',1,(#6226,#6227),.UNSPECIFIED.,.F.,
  .F.,(2,2),(-3.,0.),.PIECEWISE_BEZIER_KNOTS.);
#6226 = CARTESIAN_POINT('',(1.25,-4.76,-1.25));
#6227 = CARTESIAN_POINT('',(1.25,-4.76,-4.25));
#6228 = ORIENTED_EDGE('',*,*,#2934,.T.);
#6229 = ORIENTED_EDGE('',*,*,#2923,.T.);
#6230 = ORIENTED_EDGE('',*,*,#6224,.T.);
#6231 = ORIENTED_EDGE('',*,*,#6232,.F.);
#6232 = EDGE_CURVE('',#6216,#6214,#6233,.T.);
#6233 = CIRCLE('',#6234,0.32);
#6234 = AXIS2_PLACEMENT_3D('',#6235,#6236,#6237);
#6235 = CARTESIAN_POINT('',(1.25,-5.08,-4.25));
#6236 = DIRECTION('',(-2.341930812375E-31,-8.881784197001E-16,-1.));
#6237 = DIRECTION('',(3.451266460342E-31,1.,-8.881784197001E-16));
#6238 = CYLINDRICAL_SURFACE('',#6239,0.32);
#6239 = AXIS2_PLACEMENT_3D('',#6240,#6241,#6242);
#6240 = CARTESIAN_POINT('',(1.25,-5.08,-4.25));
#6241 = DIRECTION('',(6.661338147751E-16,-2.22044604925E-16,-1.));
#6242 = DIRECTION('',(3.451266460342E-31,1.,-8.881784197001E-16));
#6243 = ADVANCED_FACE('',(#6244),#6272,.T.);
#6244 = FACE_BOUND('',#6245,.T.);
#6245 = EDGE_LOOP('',(#6246,#6257,#6262,#6263,#6264,#6265));
#6246 = ORIENTED_EDGE('',*,*,#6247,.F.);
#6247 = EDGE_CURVE('',#6248,#6250,#6252,.T.);
#6248 = VERTEX_POINT('',#6249);
#6249 = CARTESIAN_POINT('',(1.25,-7.3,-4.25));
#6250 = VERTEX_POINT('',#6251);
#6251 = CARTESIAN_POINT('',(1.25,-7.94,-4.25));
#6252 = CIRCLE('',#6253,0.32);
#6253 = AXIS2_PLACEMENT_3D('',#6254,#6255,#6256);
#6254 = CARTESIAN_POINT('',(1.25,-7.62,-4.25));
#6255 = DIRECTION('',(-2.341930812375E-31,-8.881784197001E-16,-1.));
#6256 = DIRECTION('',(3.451266460342E-31,1.,-8.881784197001E-16));
#6257 = ORIENTED_EDGE('',*,*,#6258,.F.);
#6258 = EDGE_CURVE('',#2946,#6248,#6259,.T.);
#6259 = B_SPLINE_CURVE_WITH_KNOTS('',1,(#6260,#6261),.UNSPECIFIED.,.F.,
  .F.,(2,2),(-3.,0.),.PIECEWISE_BEZIER_KNOTS.);
#6260 = CARTESIAN_POINT('',(1.25,-7.3,-1.25));
#6261 = CARTESIAN_POINT('',(1.25,-7.3,-4.25));
#6262 = ORIENTED_EDGE('',*,*,#2954,.T.);
#6263 = ORIENTED_EDGE('',*,*,#2943,.T.);
#6264 = ORIENTED_EDGE('',*,*,#6258,.T.);
#6265 = ORIENTED_EDGE('',*,*,#6266,.F.);
#6266 = EDGE_CURVE('',#6250,#6248,#6267,.T.);
#6267 = CIRCLE('',#6268,0.32);
#6268 = AXIS2_PLACEMENT_3D('',#6269,#6270,#6271);
#6269 = CARTESIAN_POINT('',(1.25,-7.62,-4.25));
#6270 = DIRECTION('',(-2.341930812375E-31,-8.881784197001E-16,-1.));
#6271 = DIRECTION('',(3.451266460342E-31,1.,-8.881784197001E-16));
#6272 = CYLINDRICAL_SURFACE('',#6273,0.32);
#6273 = AXIS2_PLACEMENT_3D('',#6274,#6275,#6276);
#6274 = CARTESIAN_POINT('',(1.25,-7.62,-4.25));
#6275 = DIRECTION('',(6.661338147751E-16,-2.22044604925E-16,-1.));
#6276 = DIRECTION('',(3.451266460342E-31,1.,-8.881784197001E-16));
#6277 = ADVANCED_FACE('',(#6278),#6306,.T.);
#6278 = FACE_BOUND('',#6279,.T.);
#6279 = EDGE_LOOP('',(#6280,#6291,#6296,#6297,#6298,#6299));
#6280 = ORIENTED_EDGE('',*,*,#6281,.F.);
#6281 = EDGE_CURVE('',#6282,#6284,#6286,.T.);
#6282 = VERTEX_POINT('',#6283);
#6283 = CARTESIAN_POINT('',(1.25,-9.84,-4.25));
#6284 = VERTEX_POINT('',#6285);
#6285 = CARTESIAN_POINT('',(1.25,-10.48,-4.25));
#6286 = CIRCLE('',#6287,0.32);
#6287 = AXIS2_PLACEMENT_3D('',#6288,#6289,#6290);
#6288 = CARTESIAN_POINT('',(1.25,-10.16,-4.25));
#6289 = DIRECTION('',(-2.341930812375E-31,-8.881784197001E-16,-1.));
#6290 = DIRECTION('',(3.451266460342E-31,1.,-8.881784197001E-16));
#6291 = ORIENTED_EDGE('',*,*,#6292,.F.);
#6292 = EDGE_CURVE('',#2966,#6282,#6293,.T.);
#6293 = B_SPLINE_CURVE_WITH_KNOTS('',1,(#6294,#6295),.UNSPECIFIED.,.F.,
  .F.,(2,2),(-3.,-8.881784197001E-16),.PIECEWISE_BEZIER_KNOTS.);
#6294 = CARTESIAN_POINT('',(1.25,-9.84,-1.25));
#6295 = CARTESIAN_POINT('',(1.25,-9.84,-4.25));
#6296 = ORIENTED_EDGE('',*,*,#2974,.T.);
#6297 = ORIENTED_EDGE('',*,*,#2963,.T.);
#6298 = ORIENTED_EDGE('',*,*,#6292,.T.);
#6299 = ORIENTED_EDGE('',*,*,#6300,.F.);
#6300 = EDGE_CURVE('',#6284,#6282,#6301,.T.);
#6301 = CIRCLE('',#6302,0.32);
#6302 = AXIS2_PLACEMENT_3D('',#6303,#6304,#6305);
#6303 = CARTESIAN_POINT('',(1.25,-10.16,-4.25));
#6304 = DIRECTION('',(-2.341930812375E-31,-8.881784197001E-16,-1.));
#6305 = DIRECTION('',(3.451266460342E-31,1.,-8.881784197001E-16));
#6306 = CYLINDRICAL_SURFACE('',#6307,0.32);
#6307 = AXIS2_PLACEMENT_3D('',#6308,#6309,#6310);
#6308 = CARTESIAN_POINT('',(1.25,-10.16,-4.25));
#6309 = DIRECTION('',(6.661338147751E-16,-2.22044604925E-16,-1.));
#6310 = DIRECTION('',(3.451266460342E-31,1.,-8.881784197001E-16));
#6311 = ADVANCED_FACE('',(#6312),#6340,.T.);
#6312 = FACE_BOUND('',#6313,.T.);
#6313 = EDGE_LOOP('',(#6314,#6325,#6330,#6331,#6332,#6333));
#6314 = ORIENTED_EDGE('',*,*,#6315,.F.);
#6315 = EDGE_CURVE('',#6316,#6318,#6320,.T.);
#6316 = VERTEX_POINT('',#6317);
#6317 = CARTESIAN_POINT('',(1.25,-12.38,-4.25));
#6318 = VERTEX_POINT('',#6319);
#6319 = CARTESIAN_POINT('',(1.25,-13.02,-4.25));
#6320 = CIRCLE('',#6321,0.32);
#6321 = AXIS2_PLACEMENT_3D('',#6322,#6323,#6324);
#6322 = CARTESIAN_POINT('',(1.25,-12.7,-4.25));
#6323 = DIRECTION('',(-2.341930812375E-31,-8.881784197001E-16,-1.));
#6324 = DIRECTION('',(3.451266460342E-31,1.,-8.881784197001E-16));
#6325 = ORIENTED_EDGE('',*,*,#6326,.F.);
#6326 = EDGE_CURVE('',#2986,#6316,#6327,.T.);
#6327 = B_SPLINE_CURVE_WITH_KNOTS('',1,(#6328,#6329),.UNSPECIFIED.,.F.,
  .F.,(2,2),(-3.,0.),.PIECEWISE_BEZIER_KNOTS.);
#6328 = CARTESIAN_POINT('',(1.25,-12.38,-1.25));
#6329 = CARTESIAN_POINT('',(1.25,-12.38,-4.25));
#6330 = ORIENTED_EDGE('',*,*,#2994,.T.);
#6331 = ORIENTED_EDGE('',*,*,#2983,.T.);
#6332 = ORIENTED_EDGE('',*,*,#6326,.T.);
#6333 = ORIENTED_EDGE('',*,*,#6334,.F.);
#6334 = EDGE_CURVE('',#6318,#6316,#6335,.T.);
#6335 = CIRCLE('',#6336,0.32);
#6336 = AXIS2_PLACEMENT_3D('',#6337,#6338,#6339);
#6337 = CARTESIAN_POINT('',(1.25,-12.7,-4.25));
#6338 = DIRECTION('',(-2.341930812375E-31,-8.881784197001E-16,-1.));
#6339 = DIRECTION('',(3.451266460342E-31,1.,-8.881784197001E-16));
#6340 = CYLINDRICAL_SURFACE('',#6341,0.32);
#6341 = AXIS2_PLACEMENT_3D('',#6342,#6343,#6344);
#6342 = CARTESIAN_POINT('',(1.25,-12.7,-4.25));
#6343 = DIRECTION('',(6.661338147751E-16,-2.22044604925E-16,-1.));
#6344 = DIRECTION('',(3.451266460342E-31,1.,-8.881784197001E-16));
#6345 = ADVANCED_FACE('',(#6346),#6374,.T.);
#6346 = FACE_BOUND('',#6347,.T.);
#6347 = EDGE_LOOP('',(#6348,#6359,#6364,#6365,#6366,#6367));
#6348 = ORIENTED_EDGE('',*,*,#6349,.F.);
#6349 = EDGE_CURVE('',#6350,#6352,#6354,.T.);
#6350 = VERTEX_POINT('',#6351);
#6351 = CARTESIAN_POINT('',(1.25,-14.92,-4.25));
#6352 = VERTEX_POINT('',#6353);
#6353 = CARTESIAN_POINT('',(1.25,-15.56,-4.25));
#6354 = CIRCLE('',#6355,0.32);
#6355 = AXIS2_PLACEMENT_3D('',#6356,#6357,#6358);
#6356 = CARTESIAN_POINT('',(1.25,-15.24,-4.25));
#6357 = DIRECTION('',(-2.341930812375E-31,-8.881784197001E-16,-1.));
#6358 = DIRECTION('',(3.451266460342E-31,1.,-8.881784197001E-16));
#6359 = ORIENTED_EDGE('',*,*,#6360,.F.);
#6360 = EDGE_CURVE('',#3006,#6350,#6361,.T.);
#6361 = B_SPLINE_CURVE_WITH_KNOTS('',1,(#6362,#6363),.UNSPECIFIED.,.F.,
  .F.,(2,2),(-3.,0.),.PIECEWISE_BEZIER_KNOTS.);
#6362 = CARTESIAN_POINT('',(1.25,-14.92,-1.25));
#6363 = CARTESIAN_POINT('',(1.25,-14.92,-4.25));
#6364 = ORIENTED_EDGE('',*,*,#3014,.T.);
#6365 = ORIENTED_EDGE('',*,*,#3003,.T.);
#6366 = ORIENTED_EDGE('',*,*,#6360,.T.);
#6367 = ORIENTED_EDGE('',*,*,#6368,.F.);
#6368 = EDGE_CURVE('',#6352,#6350,#6369,.T.);
#6369 = CIRCLE('',#6370,0.32);
#6370 = AXIS2_PLACEMENT_3D('',#6371,#6372,#6373);
#6371 = CARTESIAN_POINT('',(1.25,-15.24,-4.25));
#6372 = DIRECTION('',(-2.341930812375E-31,-8.881784197001E-16,-1.));
#6373 = DIRECTION('',(3.451266460342E-31,1.,-8.881784197001E-16));
#6374 = CYLINDRICAL_SURFACE('',#6375,0.32);
#6375 = AXIS2_PLACEMENT_3D('',#6376,#6377,#6378);
#6376 = CARTESIAN_POINT('',(1.25,-15.24,-4.25));
#6377 = DIRECTION('',(6.661338147751E-16,-2.22044604925E-16,-1.));
#6378 = DIRECTION('',(3.451266460342E-31,1.,-8.881784197001E-16));
#6379 = ADVANCED_FACE('',(#6380),#6408,.T.);
#6380 = FACE_BOUND('',#6381,.T.);
#6381 = EDGE_LOOP('',(#6382,#6393,#6398,#6399,#6400,#6401));
#6382 = ORIENTED_EDGE('',*,*,#6383,.F.);
#6383 = EDGE_CURVE('',#6384,#6386,#6388,.T.);
#6384 = VERTEX_POINT('',#6385);
#6385 = CARTESIAN_POINT('',(1.25,-17.46,-4.25));
#6386 = VERTEX_POINT('',#6387);
#6387 = CARTESIAN_POINT('',(1.25,-18.1,-4.25));
#6388 = CIRCLE('',#6389,0.32);
#6389 = AXIS2_PLACEMENT_3D('',#6390,#6391,#6392);
#6390 = CARTESIAN_POINT('',(1.25,-17.78,-4.25));
#6391 = DIRECTION('',(-2.341930812375E-31,-8.881784197001E-16,-1.));
#6392 = DIRECTION('',(3.451266460342E-31,1.,-8.881784197001E-16));
#6393 = ORIENTED_EDGE('',*,*,#6394,.F.);
#6394 = EDGE_CURVE('',#3026,#6384,#6395,.T.);
#6395 = B_SPLINE_CURVE_WITH_KNOTS('',1,(#6396,#6397),.UNSPECIFIED.,.F.,
  .F.,(2,2),(-3.,0.),.PIECEWISE_BEZIER_KNOTS.);
#6396 = CARTESIAN_POINT('',(1.25,-17.46,-1.25));
#6397 = CARTESIAN_POINT('',(1.25,-17.46,-4.25));
#6398 = ORIENTED_EDGE('',*,*,#3034,.T.);
#6399 = ORIENTED_EDGE('',*,*,#3023,.T.);
#6400 = ORIENTED_EDGE('',*,*,#6394,.T.);
#6401 = ORIENTED_EDGE('',*,*,#6402,.F.);
#6402 = EDGE_CURVE('',#6386,#6384,#6403,.T.);
#6403 = CIRCLE('',#6404,0.32);
#6404 = AXIS2_PLACEMENT_3D('',#6405,#6406,#6407);
#6405 = CARTESIAN_POINT('',(1.25,-17.78,-4.25));
#6406 = DIRECTION('',(-2.341930812375E-31,-8.881784197001E-16,-1.));
#6407 = DIRECTION('',(3.451266460342E-31,1.,-8.881784197001E-16));
#6408 = CYLINDRICAL_SURFACE('',#6409,0.32);
#6409 = AXIS2_PLACEMENT_3D('',#6410,#6411,#6412);
#6410 = CARTESIAN_POINT('',(1.25,-17.78,-4.25));
#6411 = DIRECTION('',(6.661338147751E-16,-2.22044604925E-16,-1.));
#6412 = DIRECTION('',(3.451266460342E-31,1.,-8.881784197001E-16));
#6413 = ADVANCED_FACE('',(#6414),#6442,.T.);
#6414 = FACE_BOUND('',#6415,.T.);
#6415 = EDGE_LOOP('',(#6416,#6427,#6432,#6433,#6434,#6435));
#6416 = ORIENTED_EDGE('',*,*,#6417,.F.);
#6417 = EDGE_CURVE('',#6418,#6420,#6422,.T.);
#6418 = VERTEX_POINT('',#6419);
#6419 = CARTESIAN_POINT('',(1.25,-20.,-4.25));
#6420 = VERTEX_POINT('',#6421);
#6421 = CARTESIAN_POINT('',(1.25,-20.64,-4.25));
#6422 = CIRCLE('',#6423,0.32);
#6423 = AXIS2_PLACEMENT_3D('',#6424,#6425,#6426);
#6424 = CARTESIAN_POINT('',(1.25,-20.32,-4.25));
#6425 = DIRECTION('',(-2.341930812375E-31,-8.881784197001E-16,-1.));
#6426 = DIRECTION('',(3.451266460342E-31,1.,-8.881784197001E-16));
#6427 = ORIENTED_EDGE('',*,*,#6428,.F.);
#6428 = EDGE_CURVE('',#3046,#6418,#6429,.T.);
#6429 = B_SPLINE_CURVE_WITH_KNOTS('',1,(#6430,#6431),.UNSPECIFIED.,.F.,
  .F.,(2,2),(-3.,0.),.PIECEWISE_BEZIER_KNOTS.);
#6430 = CARTESIAN_POINT('',(1.25,-20.,-1.25));
#6431 = CARTESIAN_POINT('',(1.25,-20.,-4.25));
#6432 = ORIENTED_EDGE('',*,*,#3054,.T.);
#6433 = ORIENTED_EDGE('',*,*,#3043,.T.);
#6434 = ORIENTED_EDGE('',*,*,#6428,.T.);
#6435 = ORIENTED_EDGE('',*,*,#6436,.F.);
#6436 = EDGE_CURVE('',#6420,#6418,#6437,.T.);
#6437 = CIRCLE('',#6438,0.32);
#6438 = AXIS2_PLACEMENT_3D('',#6439,#6440,#6441);
#6439 = CARTESIAN_POINT('',(1.25,-20.32,-4.25));
#6440 = DIRECTION('',(-2.341930812375E-31,-8.881784197001E-16,-1.));
#6441 = DIRECTION('',(3.451266460342E-31,1.,-8.881784197001E-16));
#6442 = CYLINDRICAL_SURFACE('',#6443,0.32);
#6443 = AXIS2_PLACEMENT_3D('',#6444,#6445,#6446);
#6444 = CARTESIAN_POINT('',(1.25,-20.32,-4.25));
#6445 = DIRECTION('',(6.661338147751E-16,-2.22044604925E-16,-1.));
#6446 = DIRECTION('',(3.451266460342E-31,1.,-8.881784197001E-16));
#6447 = ADVANCED_FACE('',(#6448),#6476,.T.);
#6448 = FACE_BOUND('',#6449,.T.);
#6449 = EDGE_LOOP('',(#6450,#6461,#6466,#6467,#6468,#6469));
#6450 = ORIENTED_EDGE('',*,*,#6451,.F.);
#6451 = EDGE_CURVE('',#6452,#6454,#6456,.T.);
#6452 = VERTEX_POINT('',#6453);
#6453 = CARTESIAN_POINT('',(1.25,-22.54,-4.25));
#6454 = VERTEX_POINT('',#6455);
#6455 = CARTESIAN_POINT('',(1.25,-23.18,-4.25));
#6456 = CIRCLE('',#6457,0.32);
#6457 = AXIS2_PLACEMENT_3D('',#6458,#6459,#6460);
#6458 = CARTESIAN_POINT('',(1.25,-22.86,-4.25));
#6459 = DIRECTION('',(-2.341930812375E-31,-8.881784197001E-16,-1.));
#6460 = DIRECTION('',(3.451266460342E-31,1.,-8.881784197001E-16));
#6461 = ORIENTED_EDGE('',*,*,#6462,.F.);
#6462 = EDGE_CURVE('',#3066,#6452,#6463,.T.);
#6463 = B_SPLINE_CURVE_WITH_KNOTS('',1,(#6464,#6465),.UNSPECIFIED.,.F.,
  .F.,(2,2),(-3.,0.),.PIECEWISE_BEZIER_KNOTS.);
#6464 = CARTESIAN_POINT('',(1.25,-22.54,-1.25));
#6465 = CARTESIAN_POINT('',(1.25,-22.54,-4.25));
#6466 = ORIENTED_EDGE('',*,*,#3074,.T.);
#6467 = ORIENTED_EDGE('',*,*,#3063,.T.);
#6468 = ORIENTED_EDGE('',*,*,#6462,.T.);
#6469 = ORIENTED_EDGE('',*,*,#6470,.F.);
#6470 = EDGE_CURVE('',#6454,#6452,#6471,.T.);
#6471 = CIRCLE('',#6472,0.32);
#6472 = AXIS2_PLACEMENT_3D('',#6473,#6474,#6475);
#6473 = CARTESIAN_POINT('',(1.25,-22.86,-4.25));
#6474 = DIRECTION('',(-2.341930812375E-31,-8.881784197001E-16,-1.));
#6475 = DIRECTION('',(3.451266460342E-31,1.,-8.881784197001E-16));
#6476 = CYLINDRICAL_SURFACE('',#6477,0.32);
#6477 = AXIS2_PLACEMENT_3D('',#6478,#6479,#6480);
#6478 = CARTESIAN_POINT('',(1.25,-22.86,-4.25));
#6479 = DIRECTION('',(6.661338147751E-16,-2.22044604925E-16,-1.));
#6480 = DIRECTION('',(3.451266460342E-31,1.,-8.881784197001E-16));
#6481 = ADVANCED_FACE('',(#6482,#6600,#6620,#6640,#6660,#6680,#6700,
    #6720,#6740,#6760,#6780,#6800,#6820,#6840,#6860,#6880,#6900,#6920,
    #6940,#6960),#6980,.T.);
#6482 = FACE_BOUND('',#6483,.T.);
#6483 = EDGE_LOOP('',(#6484,#6485,#6486,#6487,#6488,#6489,#6490,#6491,
    #6492,#6493,#6494,#6495,#6496,#6497,#6498,#6499,#6500,#6501,#6502,
    #6503,#6504,#6505,#6506,#6507,#6508,#6509,#6510,#6511,#6512,#6513,
    #6514,#6515,#6516,#6517,#6518,#6519,#6520,#6521,#6522,#6523,#6524,
    #6525,#6526,#6527,#6528,#6529,#6530,#6531,#6532,#6533,#6534,#6535,
    #6536,#6537,#6538,#6539,#6540,#6541,#6542,#6543,#6544,#6545,#6546,
    #6547,#6548,#6549,#6550,#6551,#6552,#6553,#6554,#6555,#6556,#6557,
    #6558,#6559,#6560,#6561,#6562,#6563,#6564,#6565,#6566,#6567,#6568,
    #6569,#6570,#6571,#6572,#6573,#6574,#6575,#6576,#6577,#6578,#6579,
    #6580,#6581,#6582,#6583,#6584,#6585,#6586,#6587,#6588,#6589,#6590,
    #6591,#6592,#6593,#6594,#6595,#6596,#6597,#6598,#6599));
#6484 = ORIENTED_EDGE('',*,*,#5859,.F.);
#6485 = ORIENTED_EDGE('',*,*,#3089,.T.);
#6486 = ORIENTED_EDGE('',*,*,#3122,.F.);
#6487 = ORIENTED_EDGE('',*,*,#3144,.F.);
#6488 = ORIENTED_EDGE('',*,*,#3168,.T.);
#6489 = ORIENTED_EDGE('',*,*,#3194,.F.);
#6490 = ORIENTED_EDGE('',*,*,#3216,.T.);
#6491 = ORIENTED_EDGE('',*,*,#3240,.T.);
#6492 = ORIENTED_EDGE('',*,*,#3266,.F.);
#6493 = ORIENTED_EDGE('',*,*,#3288,.F.);
#6494 = ORIENTED_EDGE('',*,*,#3312,.F.);
#6495 = ORIENTED_EDGE('',*,*,#3338,.F.);
#6496 = ORIENTED_EDGE('',*,*,#3360,.T.);
#6497 = ORIENTED_EDGE('',*,*,#3384,.T.);
#6498 = ORIENTED_EDGE('',*,*,#3410,.F.);
#6499 = ORIENTED_EDGE('',*,*,#3432,.T.);
#6500 = ORIENTED_EDGE('',*,*,#3456,.T.);
#6501 = ORIENTED_EDGE('',*,*,#3482,.F.);
#6502 = ORIENTED_EDGE('',*,*,#3504,.F.);
#6503 = ORIENTED_EDGE('',*,*,#3528,.F.);
#6504 = ORIENTED_EDGE('',*,*,#3554,.F.);
#6505 = ORIENTED_EDGE('',*,*,#3576,.F.);
#6506 = ORIENTED_EDGE('',*,*,#3600,.F.);
#6507 = ORIENTED_EDGE('',*,*,#3626,.F.);
#6508 = ORIENTED_EDGE('',*,*,#3648,.F.);
#6509 = ORIENTED_EDGE('',*,*,#3672,.F.);
#6510 = ORIENTED_EDGE('',*,*,#3698,.F.);
#6511 = ORIENTED_EDGE('',*,*,#3720,.F.);
#6512 = ORIENTED_EDGE('',*,*,#3744,.F.);
#6513 = ORIENTED_EDGE('',*,*,#3770,.F.);
#6514 = ORIENTED_EDGE('',*,*,#3792,.T.);
#6515 = ORIENTED_EDGE('',*,*,#3816,.T.);
#6516 = ORIENTED_EDGE('',*,*,#3842,.F.);
#6517 = ORIENTED_EDGE('',*,*,#3864,.T.);
#6518 = ORIENTED_EDGE('',*,*,#3888,.T.);
#6519 = ORIENTED_EDGE('',*,*,#3914,.F.);
#6520 = ORIENTED_EDGE('',*,*,#3936,.T.);
#6521 = ORIENTED_EDGE('',*,*,#3960,.T.);
#6522 = ORIENTED_EDGE('',*,*,#3986,.F.);
#6523 = ORIENTED_EDGE('',*,*,#4008,.T.);
#6524 = ORIENTED_EDGE('',*,*,#4032,.T.);
#6525 = ORIENTED_EDGE('',*,*,#4058,.F.);
#6526 = ORIENTED_EDGE('',*,*,#4080,.F.);
#6527 = ORIENTED_EDGE('',*,*,#4104,.F.);
#6528 = ORIENTED_EDGE('',*,*,#4130,.F.);
#6529 = ORIENTED_EDGE('',*,*,#4152,.F.);
#6530 = ORIENTED_EDGE('',*,*,#4176,.F.);
#6531 = ORIENTED_EDGE('',*,*,#4202,.F.);
#6532 = ORIENTED_EDGE('',*,*,#4224,.T.);
#6533 = ORIENTED_EDGE('',*,*,#4248,.T.);
#6534 = ORIENTED_EDGE('',*,*,#4274,.F.);
#6535 = ORIENTED_EDGE('',*,*,#4296,.F.);
#6536 = ORIENTED_EDGE('',*,*,#4320,.F.);
#6537 = ORIENTED_EDGE('',*,*,#4346,.F.);
#6538 = ORIENTED_EDGE('',*,*,#4368,.F.);
#6539 = ORIENTED_EDGE('',*,*,#4392,.T.);
#6540 = ORIENTED_EDGE('',*,*,#4418,.F.);
#6541 = ORIENTED_EDGE('',*,*,#4440,.F.);
#6542 = ORIENTED_EDGE('',*,*,#4465,.T.);
#6543 = ORIENTED_EDGE('',*,*,#4488,.T.);
#6544 = ORIENTED_EDGE('',*,*,#4521,.T.);
#6545 = ORIENTED_EDGE('',*,*,#4536,.T.);
#6546 = ORIENTED_EDGE('',*,*,#4560,.T.);
#6547 = ORIENTED_EDGE('',*,*,#4593,.T.);
#6548 = ORIENTED_EDGE('',*,*,#4608,.T.);
#6549 = ORIENTED_EDGE('',*,*,#4632,.T.);
#6550 = ORIENTED_EDGE('',*,*,#4665,.T.);
#6551 = ORIENTED_EDGE('',*,*,#4680,.F.);
#6552 = ORIENTED_EDGE('',*,*,#4704,.F.);
#6553 = ORIENTED_EDGE('',*,*,#4737,.T.);
#6554 = ORIENTED_EDGE('',*,*,#4752,.T.);
#6555 = ORIENTED_EDGE('',*,*,#4776,.T.);
#6556 = ORIENTED_EDGE('',*,*,#4809,.T.);
#6557 = ORIENTED_EDGE('',*,*,#4824,.F.);
#6558 = ORIENTED_EDGE('',*,*,#4848,.F.);
#6559 = ORIENTED_EDGE('',*,*,#4881,.T.);
#6560 = ORIENTED_EDGE('',*,*,#4896,.F.);
#6561 = ORIENTED_EDGE('',*,*,#4920,.F.);
#6562 = ORIENTED_EDGE('',*,*,#4953,.T.);
#6563 = ORIENTED_EDGE('',*,*,#4968,.F.);
#6564 = ORIENTED_EDGE('',*,*,#4992,.F.);
#6565 = ORIENTED_EDGE('',*,*,#5025,.T.);
#6566 = ORIENTED_EDGE('',*,*,#5040,.F.);
#6567 = ORIENTED_EDGE('',*,*,#5064,.F.);
#6568 = ORIENTED_EDGE('',*,*,#5097,.T.);
#6569 = ORIENTED_EDGE('',*,*,#5112,.F.);
#6570 = ORIENTED_EDGE('',*,*,#5136,.F.);
#6571 = ORIENTED_EDGE('',*,*,#5169,.T.);
#6572 = ORIENTED_EDGE('',*,*,#5184,.T.);
#6573 = ORIENTED_EDGE('',*,*,#5208,.T.);
#6574 = ORIENTED_EDGE('',*,*,#5241,.T.);
#6575 = ORIENTED_EDGE('',*,*,#5256,.T.);
#6576 = ORIENTED_EDGE('',*,*,#5280,.T.);
#6577 = ORIENTED_EDGE('',*,*,#5313,.T.);
#6578 = ORIENTED_EDGE('',*,*,#5328,.T.);
#6579 = ORIENTED_EDGE('',*,*,#5352,.T.);
#6580 = ORIENTED_EDGE('',*,*,#5385,.T.);
#6581 = ORIENTED_EDGE('',*,*,#5400,.T.);
#6582 = ORIENTED_EDGE('',*,*,#5424,.T.);
#6583 = ORIENTED_EDGE('',*,*,#5457,.T.);
#6584 = ORIENTED_EDGE('',*,*,#5472,.T.);
#6585 = ORIENTED_EDGE('',*,*,#5496,.T.);
#6586 = ORIENTED_EDGE('',*,*,#5529,.T.);
#6587 = ORIENTED_EDGE('',*,*,#5544,.F.);
#6588 = ORIENTED_EDGE('',*,*,#5568,.F.);
#6589 = ORIENTED_EDGE('',*,*,#5601,.T.);
#6590 = ORIENTED_EDGE('',*,*,#5616,.T.);
#6591 = ORIENTED_EDGE('',*,*,#5640,.T.);
#6592 = ORIENTED_EDGE('',*,*,#5673,.T.);
#6593 = ORIENTED_EDGE('',*,*,#5688,.F.);
#6594 = ORIENTED_EDGE('',*,*,#5712,.F.);
#6595 = ORIENTED_EDGE('',*,*,#5745,.T.);
#6596 = ORIENTED_EDGE('',*,*,#5760,.F.);
#6597 = ORIENTED_EDGE('',*,*,#5784,.F.);
#6598 = ORIENTED_EDGE('',*,*,#5817,.T.);
#6599 = ORIENTED_EDGE('',*,*,#5832,.F.);
#6600 = FACE_BOUND('',#6601,.T.);
#6601 = EDGE_LOOP('',(#6602,#6613));
#6602 = ORIENTED_EDGE('',*,*,#6603,.F.);
#6603 = EDGE_CURVE('',#6604,#6606,#6608,.T.);
#6604 = VERTEX_POINT('',#6605);
#6605 = CARTESIAN_POINT('',(1.25,-22.54,1.25));
#6606 = VERTEX_POINT('',#6607);
#6607 = CARTESIAN_POINT('',(1.25,-23.18,1.25));
#6608 = CIRCLE('',#6609,0.32);
#6609 = AXIS2_PLACEMENT_3D('',#6610,#6611,#6612);
#6610 = CARTESIAN_POINT('',(1.25,-22.86,1.25));
#6611 = DIRECTION('',(1.110223024625E-16,1.443289932013E-15,1.));
#6612 = DIRECTION('',(6.661338147751E-16,-1.,1.443289932013E-15));
#6613 = ORIENTED_EDGE('',*,*,#6614,.F.);
#6614 = EDGE_CURVE('',#6606,#6604,#6615,.T.);
#6615 = CIRCLE('',#6616,0.32);
#6616 = AXIS2_PLACEMENT_3D('',#6617,#6618,#6619);
#6617 = CARTESIAN_POINT('',(1.25,-22.86,1.25));
#6618 = DIRECTION('',(1.110223024625E-16,1.443289932013E-15,1.));
#6619 = DIRECTION('',(6.661338147751E-16,-1.,1.443289932013E-15));
#6620 = FACE_BOUND('',#6621,.T.);
#6621 = EDGE_LOOP('',(#6622,#6633));
#6622 = ORIENTED_EDGE('',*,*,#6623,.F.);
#6623 = EDGE_CURVE('',#6624,#6626,#6628,.T.);
#6624 = VERTEX_POINT('',#6625);
#6625 = CARTESIAN_POINT('',(1.25,-20.,1.25));
#6626 = VERTEX_POINT('',#6627);
#6627 = CARTESIAN_POINT('',(1.25,-20.64,1.25));
#6628 = CIRCLE('',#6629,0.32);
#6629 = AXIS2_PLACEMENT_3D('',#6630,#6631,#6632);
#6630 = CARTESIAN_POINT('',(1.25,-20.32,1.25));
#6631 = DIRECTION('',(1.110223024625E-16,1.443289932013E-15,1.));
#6632 = DIRECTION('',(6.661338147751E-16,-1.,1.443289932013E-15));
#6633 = ORIENTED_EDGE('',*,*,#6634,.F.);
#6634 = EDGE_CURVE('',#6626,#6624,#6635,.T.);
#6635 = CIRCLE('',#6636,0.32);
#6636 = AXIS2_PLACEMENT_3D('',#6637,#6638,#6639);
#6637 = CARTESIAN_POINT('',(1.25,-20.32,1.25));
#6638 = DIRECTION('',(1.110223024625E-16,1.443289932013E-15,1.));
#6639 = DIRECTION('',(6.661338147751E-16,-1.,1.443289932013E-15));
#6640 = FACE_BOUND('',#6641,.T.);
#6641 = EDGE_LOOP('',(#6642,#6653));
#6642 = ORIENTED_EDGE('',*,*,#6643,.F.);
#6643 = EDGE_CURVE('',#6644,#6646,#6648,.T.);
#6644 = VERTEX_POINT('',#6645);
#6645 = CARTESIAN_POINT('',(1.25,-17.46,1.25));
#6646 = VERTEX_POINT('',#6647);
#6647 = CARTESIAN_POINT('',(1.25,-18.1,1.25));
#6648 = CIRCLE('',#6649,0.32);
#6649 = AXIS2_PLACEMENT_3D('',#6650,#6651,#6652);
#6650 = CARTESIAN_POINT('',(1.25,-17.78,1.25));
#6651 = DIRECTION('',(1.110223024625E-16,1.443289932013E-15,1.));
#6652 = DIRECTION('',(6.661338147751E-16,-1.,1.443289932013E-15));
#6653 = ORIENTED_EDGE('',*,*,#6654,.F.);
#6654 = EDGE_CURVE('',#6646,#6644,#6655,.T.);
#6655 = CIRCLE('',#6656,0.32);
#6656 = AXIS2_PLACEMENT_3D('',#6657,#6658,#6659);
#6657 = CARTESIAN_POINT('',(1.25,-17.78,1.25));
#6658 = DIRECTION('',(1.110223024625E-16,1.443289932013E-15,1.));
#6659 = DIRECTION('',(6.661338147751E-16,-1.,1.443289932013E-15));
#6660 = FACE_BOUND('',#6661,.T.);
#6661 = EDGE_LOOP('',(#6662,#6673));
#6662 = ORIENTED_EDGE('',*,*,#6663,.F.);
#6663 = EDGE_CURVE('',#6664,#6666,#6668,.T.);
#6664 = VERTEX_POINT('',#6665);
#6665 = CARTESIAN_POINT('',(1.25,-14.92,1.25));
#6666 = VERTEX_POINT('',#6667);
#6667 = CARTESIAN_POINT('',(1.25,-15.56,1.25));
#6668 = CIRCLE('',#6669,0.32);
#6669 = AXIS2_PLACEMENT_3D('',#6670,#6671,#6672);
#6670 = CARTESIAN_POINT('',(1.25,-15.24,1.25));
#6671 = DIRECTION('',(1.110223024625E-16,1.443289932013E-15,1.));
#6672 = DIRECTION('',(6.661338147751E-16,-1.,1.443289932013E-15));
#6673 = ORIENTED_EDGE('',*,*,#6674,.F.);
#6674 = EDGE_CURVE('',#6666,#6664,#6675,.T.);
#6675 = CIRCLE('',#6676,0.32);
#6676 = AXIS2_PLACEMENT_3D('',#6677,#6678,#6679);
#6677 = CARTESIAN_POINT('',(1.25,-15.24,1.25));
#6678 = DIRECTION('',(1.110223024625E-16,1.443289932013E-15,1.));
#6679 = DIRECTION('',(6.661338147751E-16,-1.,1.443289932013E-15));
#6680 = FACE_BOUND('',#6681,.T.);
#6681 = EDGE_LOOP('',(#6682,#6693));
#6682 = ORIENTED_EDGE('',*,*,#6683,.F.);
#6683 = EDGE_CURVE('',#6684,#6686,#6688,.T.);
#6684 = VERTEX_POINT('',#6685);
#6685 = CARTESIAN_POINT('',(1.25,-12.38,1.25));
#6686 = VERTEX_POINT('',#6687);
#6687 = CARTESIAN_POINT('',(1.25,-13.02,1.25));
#6688 = CIRCLE('',#6689,0.32);
#6689 = AXIS2_PLACEMENT_3D('',#6690,#6691,#6692);
#6690 = CARTESIAN_POINT('',(1.25,-12.7,1.25));
#6691 = DIRECTION('',(1.110223024625E-16,1.443289932013E-15,1.));
#6692 = DIRECTION('',(6.661338147751E-16,-1.,1.443289932013E-15));
#6693 = ORIENTED_EDGE('',*,*,#6694,.F.);
#6694 = EDGE_CURVE('',#6686,#6684,#6695,.T.);
#6695 = CIRCLE('',#6696,0.32);
#6696 = AXIS2_PLACEMENT_3D('',#6697,#6698,#6699);
#6697 = CARTESIAN_POINT('',(1.25,-12.7,1.25));
#6698 = DIRECTION('',(1.110223024625E-16,1.443289932013E-15,1.));
#6699 = DIRECTION('',(6.661338147751E-16,-1.,1.443289932013E-15));
#6700 = FACE_BOUND('',#6701,.T.);
#6701 = EDGE_LOOP('',(#6702,#6713));
#6702 = ORIENTED_EDGE('',*,*,#6703,.F.);
#6703 = EDGE_CURVE('',#6704,#6706,#6708,.T.);
#6704 = VERTEX_POINT('',#6705);
#6705 = CARTESIAN_POINT('',(1.25,-9.84,1.25));
#6706 = VERTEX_POINT('',#6707);
#6707 = CARTESIAN_POINT('',(1.25,-10.48,1.25));
#6708 = CIRCLE('',#6709,0.32);
#6709 = AXIS2_PLACEMENT_3D('',#6710,#6711,#6712);
#6710 = CARTESIAN_POINT('',(1.25,-10.16,1.25));
#6711 = DIRECTION('',(1.110223024625E-16,1.443289932013E-15,1.));
#6712 = DIRECTION('',(6.661338147751E-16,-1.,1.443289932013E-15));
#6713 = ORIENTED_EDGE('',*,*,#6714,.F.);
#6714 = EDGE_CURVE('',#6706,#6704,#6715,.T.);
#6715 = CIRCLE('',#6716,0.32);
#6716 = AXIS2_PLACEMENT_3D('',#6717,#6718,#6719);
#6717 = CARTESIAN_POINT('',(1.25,-10.16,1.25));
#6718 = DIRECTION('',(1.110223024625E-16,1.443289932013E-15,1.));
#6719 = DIRECTION('',(6.661338147751E-16,-1.,1.443289932013E-15));
#6720 = FACE_BOUND('',#6721,.T.);
#6721 = EDGE_LOOP('',(#6722,#6733));
#6722 = ORIENTED_EDGE('',*,*,#6723,.F.);
#6723 = EDGE_CURVE('',#6724,#6726,#6728,.T.);
#6724 = VERTEX_POINT('',#6725);
#6725 = CARTESIAN_POINT('',(1.25,-7.3,1.25));
#6726 = VERTEX_POINT('',#6727);
#6727 = CARTESIAN_POINT('',(1.25,-7.94,1.25));
#6728 = CIRCLE('',#6729,0.32);
#6729 = AXIS2_PLACEMENT_3D('',#6730,#6731,#6732);
#6730 = CARTESIAN_POINT('',(1.25,-7.62,1.25));
#6731 = DIRECTION('',(1.110223024625E-16,1.443289932013E-15,1.));
#6732 = DIRECTION('',(6.661338147751E-16,-1.,1.443289932013E-15));
#6733 = ORIENTED_EDGE('',*,*,#6734,.F.);
#6734 = EDGE_CURVE('',#6726,#6724,#6735,.T.);
#6735 = CIRCLE('',#6736,0.32);
#6736 = AXIS2_PLACEMENT_3D('',#6737,#6738,#6739);
#6737 = CARTESIAN_POINT('',(1.25,-7.62,1.25));
#6738 = DIRECTION('',(1.110223024625E-16,1.443289932013E-15,1.));
#6739 = DIRECTION('',(6.661338147751E-16,-1.,1.443289932013E-15));
#6740 = FACE_BOUND('',#6741,.T.);
#6741 = EDGE_LOOP('',(#6742,#6753));
#6742 = ORIENTED_EDGE('',*,*,#6743,.F.);
#6743 = EDGE_CURVE('',#6744,#6746,#6748,.T.);
#6744 = VERTEX_POINT('',#6745);
#6745 = CARTESIAN_POINT('',(1.25,-4.76,1.25));
#6746 = VERTEX_POINT('',#6747);
#6747 = CARTESIAN_POINT('',(1.25,-5.4,1.25));
#6748 = CIRCLE('',#6749,0.32);
#6749 = AXIS2_PLACEMENT_3D('',#6750,#6751,#6752);
#6750 = CARTESIAN_POINT('',(1.25,-5.08,1.25));
#6751 = DIRECTION('',(1.110223024625E-16,1.443289932013E-15,1.));
#6752 = DIRECTION('',(6.661338147751E-16,-1.,1.443289932013E-15));
#6753 = ORIENTED_EDGE('',*,*,#6754,.F.);
#6754 = EDGE_CURVE('',#6746,#6744,#6755,.T.);
#6755 = CIRCLE('',#6756,0.32);
#6756 = AXIS2_PLACEMENT_3D('',#6757,#6758,#6759);
#6757 = CARTESIAN_POINT('',(1.25,-5.08,1.25));
#6758 = DIRECTION('',(1.110223024625E-16,1.443289932013E-15,1.));
#6759 = DIRECTION('',(6.661338147751E-16,-1.,1.443289932013E-15));
#6760 = FACE_BOUND('',#6761,.T.);
#6761 = EDGE_LOOP('',(#6762,#6773));
#6762 = ORIENTED_EDGE('',*,*,#6763,.F.);
#6763 = EDGE_CURVE('',#6764,#6766,#6768,.T.);
#6764 = VERTEX_POINT('',#6765);
#6765 = CARTESIAN_POINT('',(1.25,-2.22,1.25));
#6766 = VERTEX_POINT('',#6767);
#6767 = CARTESIAN_POINT('',(1.25,-2.86,1.25));
#6768 = CIRCLE('',#6769,0.32);
#6769 = AXIS2_PLACEMENT_3D('',#6770,#6771,#6772);
#6770 = CARTESIAN_POINT('',(1.25,-2.54,1.25));
#6771 = DIRECTION('',(1.110223024625E-16,1.443289932013E-15,1.));
#6772 = DIRECTION('',(6.661338147751E-16,-1.,1.443289932013E-15));
#6773 = ORIENTED_EDGE('',*,*,#6774,.F.);
#6774 = EDGE_CURVE('',#6766,#6764,#6775,.T.);
#6775 = CIRCLE('',#6776,0.32);
#6776 = AXIS2_PLACEMENT_3D('',#6777,#6778,#6779);
#6777 = CARTESIAN_POINT('',(1.25,-2.54,1.25));
#6778 = DIRECTION('',(1.110223024625E-16,1.443289932013E-15,1.));
#6779 = DIRECTION('',(6.661338147751E-16,-1.,1.443289932013E-15));
#6780 = FACE_BOUND('',#6781,.T.);
#6781 = EDGE_LOOP('',(#6782,#6793));
#6782 = ORIENTED_EDGE('',*,*,#6783,.F.);
#6783 = EDGE_CURVE('',#6784,#6786,#6788,.T.);
#6784 = VERTEX_POINT('',#6785);
#6785 = CARTESIAN_POINT('',(1.25,0.32,1.25));
#6786 = VERTEX_POINT('',#6787);
#6787 = CARTESIAN_POINT('',(1.25,-0.32,1.25));
#6788 = CIRCLE('',#6789,0.32);
#6789 = AXIS2_PLACEMENT_3D('',#6790,#6791,#6792);
#6790 = CARTESIAN_POINT('',(1.25,1.165734175856E-15,1.25));
#6791 = DIRECTION('',(1.110223024625E-16,1.443289932013E-15,1.));
#6792 = DIRECTION('',(6.661338147751E-16,-1.,1.443289932013E-15));
#6793 = ORIENTED_EDGE('',*,*,#6794,.F.);
#6794 = EDGE_CURVE('',#6786,#6784,#6795,.T.);
#6795 = CIRCLE('',#6796,0.32);
#6796 = AXIS2_PLACEMENT_3D('',#6797,#6798,#6799);
#6797 = CARTESIAN_POINT('',(1.25,1.165734175856E-15,1.25));
#6798 = DIRECTION('',(1.110223024625E-16,1.443289932013E-15,1.));
#6799 = DIRECTION('',(6.661338147751E-16,-1.,1.443289932013E-15));
#6800 = FACE_BOUND('',#6801,.T.);
#6801 = EDGE_LOOP('',(#6802,#6813));
#6802 = ORIENTED_EDGE('',*,*,#6803,.F.);
#6803 = EDGE_CURVE('',#6804,#6806,#6808,.T.);
#6804 = VERTEX_POINT('',#6805);
#6805 = CARTESIAN_POINT('',(1.25,2.86,1.25));
#6806 = VERTEX_POINT('',#6807);
#6807 = CARTESIAN_POINT('',(1.25,2.22,1.25));
#6808 = CIRCLE('',#6809,0.32);
#6809 = AXIS2_PLACEMENT_3D('',#6810,#6811,#6812);
#6810 = CARTESIAN_POINT('',(1.25,2.54,1.25));
#6811 = DIRECTION('',(1.110223024625E-16,1.443289932013E-15,1.));
#6812 = DIRECTION('',(6.661338147751E-16,-1.,1.443289932013E-15));
#6813 = ORIENTED_EDGE('',*,*,#6814,.F.);
#6814 = EDGE_CURVE('',#6806,#6804,#6815,.T.);
#6815 = CIRCLE('',#6816,0.32);
#6816 = AXIS2_PLACEMENT_3D('',#6817,#6818,#6819);
#6817 = CARTESIAN_POINT('',(1.25,2.54,1.25));
#6818 = DIRECTION('',(1.110223024625E-16,1.443289932013E-15,1.));
#6819 = DIRECTION('',(6.661338147751E-16,-1.,1.443289932013E-15));
#6820 = FACE_BOUND('',#6821,.T.);
#6821 = EDGE_LOOP('',(#6822,#6833));
#6822 = ORIENTED_EDGE('',*,*,#6823,.F.);
#6823 = EDGE_CURVE('',#6824,#6826,#6828,.T.);
#6824 = VERTEX_POINT('',#6825);
#6825 = CARTESIAN_POINT('',(1.25,5.4,1.25));
#6826 = VERTEX_POINT('',#6827);
#6827 = CARTESIAN_POINT('',(1.25,4.76,1.25));
#6828 = CIRCLE('',#6829,0.32);
#6829 = AXIS2_PLACEMENT_3D('',#6830,#6831,#6832);
#6830 = CARTESIAN_POINT('',(1.25,5.08,1.25));
#6831 = DIRECTION('',(1.110223024625E-16,1.443289932013E-15,1.));
#6832 = DIRECTION('',(6.661338147751E-16,-1.,1.443289932013E-15));
#6833 = ORIENTED_EDGE('',*,*,#6834,.F.);
#6834 = EDGE_CURVE('',#6826,#6824,#6835,.T.);
#6835 = CIRCLE('',#6836,0.32);
#6836 = AXIS2_PLACEMENT_3D('',#6837,#6838,#6839);
#6837 = CARTESIAN_POINT('',(1.25,5.08,1.25));
#6838 = DIRECTION('',(1.110223024625E-16,1.443289932013E-15,1.));
#6839 = DIRECTION('',(6.661338147751E-16,-1.,1.443289932013E-15));
#6840 = FACE_BOUND('',#6841,.T.);
#6841 = EDGE_LOOP('',(#6842,#6853));
#6842 = ORIENTED_EDGE('',*,*,#6843,.F.);
#6843 = EDGE_CURVE('',#6844,#6846,#6848,.T.);
#6844 = VERTEX_POINT('',#6845);
#6845 = CARTESIAN_POINT('',(1.25,7.94,1.25));
#6846 = VERTEX_POINT('',#6847);
#6847 = CARTESIAN_POINT('',(1.25,7.3,1.25));
#6848 = CIRCLE('',#6849,0.32);
#6849 = AXIS2_PLACEMENT_3D('',#6850,#6851,#6852);
#6850 = CARTESIAN_POINT('',(1.25,7.62,1.25));
#6851 = DIRECTION('',(1.110223024625E-16,1.443289932013E-15,1.));
#6852 = DIRECTION('',(6.661338147751E-16,-1.,1.443289932013E-15));
#6853 = ORIENTED_EDGE('',*,*,#6854,.F.);
#6854 = EDGE_CURVE('',#6846,#6844,#6855,.T.);
#6855 = CIRCLE('',#6856,0.32);
#6856 = AXIS2_PLACEMENT_3D('',#6857,#6858,#6859);
#6857 = CARTESIAN_POINT('',(1.25,7.62,1.25));
#6858 = DIRECTION('',(1.110223024625E-16,1.443289932013E-15,1.));
#6859 = DIRECTION('',(6.661338147751E-16,-1.,1.443289932013E-15));
#6860 = FACE_BOUND('',#6861,.T.);
#6861 = EDGE_LOOP('',(#6862,#6873));
#6862 = ORIENTED_EDGE('',*,*,#6863,.F.);
#6863 = EDGE_CURVE('',#6864,#6866,#6868,.T.);
#6864 = VERTEX_POINT('',#6865);
#6865 = CARTESIAN_POINT('',(1.25,10.48,1.25));
#6866 = VERTEX_POINT('',#6867);
#6867 = CARTESIAN_POINT('',(1.25,9.84,1.25));
#6868 = CIRCLE('',#6869,0.32);
#6869 = AXIS2_PLACEMENT_3D('',#6870,#6871,#6872);
#6870 = CARTESIAN_POINT('',(1.25,10.16,1.25));
#6871 = DIRECTION('',(1.110223024625E-16,1.443289932013E-15,1.));
#6872 = DIRECTION('',(6.661338147751E-16,-1.,1.443289932013E-15));
#6873 = ORIENTED_EDGE('',*,*,#6874,.F.);
#6874 = EDGE_CURVE('',#6866,#6864,#6875,.T.);
#6875 = CIRCLE('',#6876,0.32);
#6876 = AXIS2_PLACEMENT_3D('',#6877,#6878,#6879);
#6877 = CARTESIAN_POINT('',(1.25,10.16,1.25));
#6878 = DIRECTION('',(1.110223024625E-16,1.443289932013E-15,1.));
#6879 = DIRECTION('',(6.661338147751E-16,-1.,1.443289932013E-15));
#6880 = FACE_BOUND('',#6881,.T.);
#6881 = EDGE_LOOP('',(#6882,#6893));
#6882 = ORIENTED_EDGE('',*,*,#6883,.F.);
#6883 = EDGE_CURVE('',#6884,#6886,#6888,.T.);
#6884 = VERTEX_POINT('',#6885);
#6885 = CARTESIAN_POINT('',(1.25,13.02,1.25));
#6886 = VERTEX_POINT('',#6887);
#6887 = CARTESIAN_POINT('',(1.25,12.38,1.25));
#6888 = CIRCLE('',#6889,0.32);
#6889 = AXIS2_PLACEMENT_3D('',#6890,#6891,#6892);
#6890 = CARTESIAN_POINT('',(1.25,12.7,1.25));
#6891 = DIRECTION('',(1.110223024625E-16,1.443289932013E-15,1.));
#6892 = DIRECTION('',(6.661338147751E-16,-1.,1.443289932013E-15));
#6893 = ORIENTED_EDGE('',*,*,#6894,.F.);
#6894 = EDGE_CURVE('',#6886,#6884,#6895,.T.);
#6895 = CIRCLE('',#6896,0.32);
#6896 = AXIS2_PLACEMENT_3D('',#6897,#6898,#6899);
#6897 = CARTESIAN_POINT('',(1.25,12.7,1.25));
#6898 = DIRECTION('',(1.110223024625E-16,1.443289932013E-15,1.));
#6899 = DIRECTION('',(6.661338147751E-16,-1.,1.443289932013E-15));
#6900 = FACE_BOUND('',#6901,.T.);
#6901 = EDGE_LOOP('',(#6902,#6913));
#6902 = ORIENTED_EDGE('',*,*,#6903,.F.);
#6903 = EDGE_CURVE('',#6904,#6906,#6908,.T.);
#6904 = VERTEX_POINT('',#6905);
#6905 = CARTESIAN_POINT('',(1.25,15.56,1.25));
#6906 = VERTEX_POINT('',#6907);
#6907 = CARTESIAN_POINT('',(1.25,14.92,1.25));
#6908 = CIRCLE('',#6909,0.32);
#6909 = AXIS2_PLACEMENT_3D('',#6910,#6911,#6912);
#6910 = CARTESIAN_POINT('',(1.25,15.24,1.25));
#6911 = DIRECTION('',(1.110223024625E-16,1.443289932013E-15,1.));
#6912 = DIRECTION('',(6.661338147751E-16,-1.,1.443289932013E-15));
#6913 = ORIENTED_EDGE('',*,*,#6914,.F.);
#6914 = EDGE_CURVE('',#6906,#6904,#6915,.T.);
#6915 = CIRCLE('',#6916,0.32);
#6916 = AXIS2_PLACEMENT_3D('',#6917,#6918,#6919);
#6917 = CARTESIAN_POINT('',(1.25,15.24,1.25));
#6918 = DIRECTION('',(1.110223024625E-16,1.443289932013E-15,1.));
#6919 = DIRECTION('',(6.661338147751E-16,-1.,1.443289932013E-15));
#6920 = FACE_BOUND('',#6921,.T.);
#6921 = EDGE_LOOP('',(#6922,#6933));
#6922 = ORIENTED_EDGE('',*,*,#6923,.F.);
#6923 = EDGE_CURVE('',#6924,#6926,#6928,.T.);
#6924 = VERTEX_POINT('',#6925);
#6925 = CARTESIAN_POINT('',(1.25,18.1,1.25));
#6926 = VERTEX_POINT('',#6927);
#6927 = CARTESIAN_POINT('',(1.25,17.46,1.25));
#6928 = CIRCLE('',#6929,0.32);
#6929 = AXIS2_PLACEMENT_3D('',#6930,#6931,#6932);
#6930 = CARTESIAN_POINT('',(1.25,17.78,1.25));
#6931 = DIRECTION('',(1.110223024625E-16,1.443289932013E-15,1.));
#6932 = DIRECTION('',(6.661338147751E-16,-1.,1.443289932013E-15));
#6933 = ORIENTED_EDGE('',*,*,#6934,.F.);
#6934 = EDGE_CURVE('',#6926,#6924,#6935,.T.);
#6935 = CIRCLE('',#6936,0.32);
#6936 = AXIS2_PLACEMENT_3D('',#6937,#6938,#6939);
#6937 = CARTESIAN_POINT('',(1.25,17.78,1.25));
#6938 = DIRECTION('',(1.110223024625E-16,1.443289932013E-15,1.));
#6939 = DIRECTION('',(6.661338147751E-16,-1.,1.443289932013E-15));
#6940 = FACE_BOUND('',#6941,.T.);
#6941 = EDGE_LOOP('',(#6942,#6953));
#6942 = ORIENTED_EDGE('',*,*,#6943,.F.);
#6943 = EDGE_CURVE('',#6944,#6946,#6948,.T.);
#6944 = VERTEX_POINT('',#6945);
#6945 = CARTESIAN_POINT('',(1.25,20.64,1.25));
#6946 = VERTEX_POINT('',#6947);
#6947 = CARTESIAN_POINT('',(1.25,20.,1.25));
#6948 = CIRCLE('',#6949,0.32);
#6949 = AXIS2_PLACEMENT_3D('',#6950,#6951,#6952);
#6950 = CARTESIAN_POINT('',(1.25,20.32,1.25));
#6951 = DIRECTION('',(1.110223024625E-16,1.443289932013E-15,1.));
#6952 = DIRECTION('',(6.661338147751E-16,-1.,1.443289932013E-15));
#6953 = ORIENTED_EDGE('',*,*,#6954,.F.);
#6954 = EDGE_CURVE('',#6946,#6944,#6955,.T.);
#6955 = CIRCLE('',#6956,0.32);
#6956 = AXIS2_PLACEMENT_3D('',#6957,#6958,#6959);
#6957 = CARTESIAN_POINT('',(1.25,20.32,1.25));
#6958 = DIRECTION('',(1.110223024625E-16,1.443289932013E-15,1.));
#6959 = DIRECTION('',(6.661338147751E-16,-1.,1.443289932013E-15));
#6960 = FACE_BOUND('',#6961,.T.);
#6961 = EDGE_LOOP('',(#6962,#6973));
#6962 = ORIENTED_EDGE('',*,*,#6963,.F.);
#6963 = EDGE_CURVE('',#6964,#6966,#6968,.T.);
#6964 = VERTEX_POINT('',#6965);
#6965 = CARTESIAN_POINT('',(1.25,23.18,1.25));
#6966 = VERTEX_POINT('',#6967);
#6967 = CARTESIAN_POINT('',(1.25,22.54,1.25));
#6968 = CIRCLE('',#6969,0.32);
#6969 = AXIS2_PLACEMENT_3D('',#6970,#6971,#6972);
#6970 = CARTESIAN_POINT('',(1.25,22.86,1.25));
#6971 = DIRECTION('',(1.110223024625E-16,1.443289932013E-15,1.));
#6972 = DIRECTION('',(6.661338147751E-16,-1.,1.443289932013E-15));
#6973 = ORIENTED_EDGE('',*,*,#6974,.F.);
#6974 = EDGE_CURVE('',#6966,#6964,#6975,.T.);
#6975 = CIRCLE('',#6976,0.32);
#6976 = AXIS2_PLACEMENT_3D('',#6977,#6978,#6979);
#6977 = CARTESIAN_POINT('',(1.25,22.86,1.25));
#6978 = DIRECTION('',(1.110223024625E-16,1.443289932013E-15,1.));
#6979 = DIRECTION('',(6.661338147751E-16,-1.,1.443289932013E-15));
#6980 = PLANE('',#6981);
#6981 = AXIS2_PLACEMENT_3D('',#6982,#6983,#6984);
#6982 = CARTESIAN_POINT('',(1.25,1.340644607849E-15,1.25));
#6983 = DIRECTION('',(-1.221245327088E-15,3.716470951776E-16,1.));
#6984 = DIRECTION('',(-4.440892098501E-16,1.,-1.703914724728E-15));
#6985 = ADVANCED_FACE('',(#6986),#6990,.T.);
#6986 = FACE_BOUND('',#6987,.T.);
#6987 = EDGE_LOOP('',(#6988,#6989));
#6988 = ORIENTED_EDGE('',*,*,#5892,.T.);
#6989 = ORIENTED_EDGE('',*,*,#5873,.T.);
#6990 = PLANE('',#6991);
#6991 = AXIS2_PLACEMENT_3D('',#6992,#6993,#6994);
#6992 = CARTESIAN_POINT('',(-6.947775688104E-15,23.18,-4.25));
#6993 = DIRECTION('',(1.7763568394E-15,-1.627025617018E-30,-1.));
#6994 = DIRECTION('',(6.661338147751E-16,-1.,1.998401444325E-15));
#6995 = ADVANCED_FACE('',(#6996),#7000,.T.);
#6996 = FACE_BOUND('',#6997,.T.);
#6997 = EDGE_LOOP('',(#6998,#6999));
#6998 = ORIENTED_EDGE('',*,*,#5926,.T.);
#6999 = ORIENTED_EDGE('',*,*,#5907,.T.);
#7000 = PLANE('',#7001);
#7001 = AXIS2_PLACEMENT_3D('',#7002,#7003,#7004);
#7002 = CARTESIAN_POINT('',(-5.255795798575E-15,20.64,-4.25));
#7003 = DIRECTION('',(1.7763568394E-15,-1.627025617018E-30,-1.));
#7004 = DIRECTION('',(6.661338147751E-16,-1.,1.998401444325E-15));
#7005 = ADVANCED_FACE('',(#7006),#7010,.F.);
#7006 = FACE_BOUND('',#7007,.F.);
#7007 = EDGE_LOOP('',(#7008,#7009));
#7008 = ORIENTED_EDGE('',*,*,#5960,.F.);
#7009 = ORIENTED_EDGE('',*,*,#5941,.F.);
#7010 = PLANE('',#7011);
#7011 = AXIS2_PLACEMENT_3D('',#7012,#7013,#7014);
#7012 = CARTESIAN_POINT('',(-3.137490267591E-15,17.46,-4.25));
#7013 = DIRECTION('',(-1.7763568394E-15,1.627025617018E-30,1.));
#7014 = DIRECTION('',(-6.661338147751E-16,1.,-1.998401444325E-15));
#7015 = ADVANCED_FACE('',(#7016),#7020,.T.);
#7016 = FACE_BOUND('',#7017,.T.);
#7017 = EDGE_LOOP('',(#7018,#7019));
#7018 = ORIENTED_EDGE('',*,*,#5994,.T.);
#7019 = ORIENTED_EDGE('',*,*,#5975,.T.);
#7020 = PLANE('',#7021);
#7021 = AXIS2_PLACEMENT_3D('',#7022,#7023,#7024);
#7022 = CARTESIAN_POINT('',(-1.871836019518E-15,15.56,-4.25));
#7023 = DIRECTION('',(1.7763568394E-15,-1.627025617018E-30,-1.));
#7024 = DIRECTION('',(6.661338147751E-16,-1.,1.998401444325E-15));
#7025 = ADVANCED_FACE('',(#7026),#7030,.T.);
#7026 = FACE_BOUND('',#7027,.T.);
#7027 = EDGE_LOOP('',(#7028,#7029));
#7028 = ORIENTED_EDGE('',*,*,#6028,.T.);
#7029 = ORIENTED_EDGE('',*,*,#6009,.T.);
#7030 = PLANE('',#7031);
#7031 = AXIS2_PLACEMENT_3D('',#7032,#7033,#7034);
#7032 = CARTESIAN_POINT('',(-1.798561299893E-16,13.02,-4.25));
#7033 = DIRECTION('',(1.7763568394E-15,-1.627025617018E-30,-1.));
#7034 = DIRECTION('',(6.661338147751E-16,-1.,1.998401444325E-15));
#7035 = ADVANCED_FACE('',(#7036),#7040,.T.);
#7036 = FACE_BOUND('',#7037,.T.);
#7037 = EDGE_LOOP('',(#7038,#7039));
#7038 = ORIENTED_EDGE('',*,*,#6062,.T.);
#7039 = ORIENTED_EDGE('',*,*,#6043,.T.);
#7040 = PLANE('',#7041);
#7041 = AXIS2_PLACEMENT_3D('',#7042,#7043,#7044);
#7042 = CARTESIAN_POINT('',(1.512123759539E-15,10.48,-4.25));
#7043 = DIRECTION('',(1.7763568394E-15,-1.627025617018E-30,-1.));
#7044 = DIRECTION('',(6.661338147751E-16,-1.,1.998401444325E-15));
#7045 = ADVANCED_FACE('',(#7046),#7050,.T.);
#7046 = FACE_BOUND('',#7047,.T.);
#7047 = EDGE_LOOP('',(#7048,#7049));
#7048 = ORIENTED_EDGE('',*,*,#6096,.T.);
#7049 = ORIENTED_EDGE('',*,*,#6077,.T.);
#7050 = PLANE('',#7051);
#7051 = AXIS2_PLACEMENT_3D('',#7052,#7053,#7054);
#7052 = CARTESIAN_POINT('',(3.204103649068E-15,7.94,-4.25));
#7053 = DIRECTION('',(1.7763568394E-15,-1.627025617018E-30,-1.));
#7054 = DIRECTION('',(6.661338147751E-16,-1.,1.998401444325E-15));
#7055 = ADVANCED_FACE('',(#7056),#7060,.T.);
#7056 = FACE_BOUND('',#7057,.T.);
#7057 = EDGE_LOOP('',(#7058,#7059));
#7058 = ORIENTED_EDGE('',*,*,#6130,.T.);
#7059 = ORIENTED_EDGE('',*,*,#6111,.T.);
#7060 = PLANE('',#7061);
#7061 = AXIS2_PLACEMENT_3D('',#7062,#7063,#7064);
#7062 = CARTESIAN_POINT('',(4.896083538597E-15,5.4,-4.25));
#7063 = DIRECTION('',(1.7763568394E-15,-1.627025617018E-30,-1.));
#7064 = DIRECTION('',(6.661338147751E-16,-1.,1.998401444325E-15));
#7065 = ADVANCED_FACE('',(#7066),#7070,.T.);
#7066 = FACE_BOUND('',#7067,.T.);
#7067 = EDGE_LOOP('',(#7068,#7069));
#7068 = ORIENTED_EDGE('',*,*,#6164,.T.);
#7069 = ORIENTED_EDGE('',*,*,#6145,.T.);
#7070 = PLANE('',#7071);
#7071 = AXIS2_PLACEMENT_3D('',#7072,#7073,#7074);
#7072 = CARTESIAN_POINT('',(6.588063428126E-15,2.86,-4.25));
#7073 = DIRECTION('',(1.7763568394E-15,-1.627025617018E-30,-1.));
#7074 = DIRECTION('',(6.661338147751E-16,-1.,1.998401444325E-15));
#7075 = ADVANCED_FACE('',(#7076),#7080,.F.);
#7076 = FACE_BOUND('',#7077,.F.);
#7077 = EDGE_LOOP('',(#7078,#7079));
#7078 = ORIENTED_EDGE('',*,*,#6198,.F.);
#7079 = ORIENTED_EDGE('',*,*,#6179,.F.);
#7080 = PLANE('',#7081);
#7081 = AXIS2_PLACEMENT_3D('',#7082,#7083,#7084);
#7082 = CARTESIAN_POINT('',(8.70636895911E-15,-0.32,-4.25));
#7083 = DIRECTION('',(-1.7763568394E-15,1.627025617018E-30,1.));
#7084 = DIRECTION('',(-6.661338147751E-16,1.,-1.998401444325E-15));
#7085 = ADVANCED_FACE('',(#7086),#7090,.F.);
#7086 = FACE_BOUND('',#7087,.F.);
#7087 = EDGE_LOOP('',(#7088,#7089));
#7088 = ORIENTED_EDGE('',*,*,#6232,.F.);
#7089 = ORIENTED_EDGE('',*,*,#6213,.F.);
#7090 = PLANE('',#7091);
#7091 = AXIS2_PLACEMENT_3D('',#7092,#7093,#7094);
#7092 = CARTESIAN_POINT('',(1.209032873817E-14,-5.4,-4.25));
#7093 = DIRECTION('',(-1.7763568394E-15,1.627025617018E-30,1.));
#7094 = DIRECTION('',(-6.661338147751E-16,1.,-1.998401444325E-15));
#7095 = ADVANCED_FACE('',(#7096),#7100,.F.);
#7096 = FACE_BOUND('',#7097,.F.);
#7097 = EDGE_LOOP('',(#7098,#7099));
#7098 = ORIENTED_EDGE('',*,*,#6266,.F.);
#7099 = ORIENTED_EDGE('',*,*,#6247,.F.);
#7100 = PLANE('',#7101);
#7101 = AXIS2_PLACEMENT_3D('',#7102,#7103,#7104);
#7102 = CARTESIAN_POINT('',(1.37823086277E-14,-7.94,-4.25));
#7103 = DIRECTION('',(-1.7763568394E-15,1.627025617018E-30,1.));
#7104 = DIRECTION('',(-6.661338147751E-16,1.,-1.998401444325E-15));
#7105 = ADVANCED_FACE('',(#7106),#7110,.F.);
#7106 = FACE_BOUND('',#7107,.F.);
#7107 = EDGE_LOOP('',(#7108,#7109));
#7108 = ORIENTED_EDGE('',*,*,#6300,.F.);
#7109 = ORIENTED_EDGE('',*,*,#6281,.F.);
#7110 = PLANE('',#7111);
#7111 = AXIS2_PLACEMENT_3D('',#7112,#7113,#7114);
#7112 = CARTESIAN_POINT('',(1.547428851723E-14,-10.48,-4.25));
#7113 = DIRECTION('',(-1.7763568394E-15,1.627025617018E-30,1.));
#7114 = DIRECTION('',(-6.661338147751E-16,1.,-1.998401444325E-15));
#7115 = ADVANCED_FACE('',(#7116),#7120,.F.);
#7116 = FACE_BOUND('',#7117,.F.);
#7117 = EDGE_LOOP('',(#7118,#7119));
#7118 = ORIENTED_EDGE('',*,*,#6334,.F.);
#7119 = ORIENTED_EDGE('',*,*,#6315,.F.);
#7120 = PLANE('',#7121);
#7121 = AXIS2_PLACEMENT_3D('',#7122,#7123,#7124);
#7122 = CARTESIAN_POINT('',(1.716626840675E-14,-13.02,-4.25));
#7123 = DIRECTION('',(-1.7763568394E-15,1.627025617018E-30,1.));
#7124 = DIRECTION('',(-6.661338147751E-16,1.,-1.998401444325E-15));
#7125 = ADVANCED_FACE('',(#7126),#7130,.F.);
#7126 = FACE_BOUND('',#7127,.F.);
#7127 = EDGE_LOOP('',(#7128,#7129));
#7128 = ORIENTED_EDGE('',*,*,#6368,.F.);
#7129 = ORIENTED_EDGE('',*,*,#6349,.F.);
#7130 = PLANE('',#7131);
#7131 = AXIS2_PLACEMENT_3D('',#7132,#7133,#7134);
#7132 = CARTESIAN_POINT('',(1.885824829628E-14,-15.56,-4.25));
#7133 = DIRECTION('',(-1.7763568394E-15,1.627025617018E-30,1.));
#7134 = DIRECTION('',(-6.661338147751E-16,1.,-1.998401444325E-15));
#7135 = ADVANCED_FACE('',(#7136),#7140,.T.);
#7136 = FACE_BOUND('',#7137,.T.);
#7137 = EDGE_LOOP('',(#7138,#7139));
#7138 = ORIENTED_EDGE('',*,*,#6402,.T.);
#7139 = ORIENTED_EDGE('',*,*,#6383,.T.);
#7140 = PLANE('',#7141);
#7141 = AXIS2_PLACEMENT_3D('',#7142,#7143,#7144);
#7142 = CARTESIAN_POINT('',(2.012390254436E-14,-17.46,-4.25));
#7143 = DIRECTION('',(1.7763568394E-15,-1.627025617018E-30,-1.));
#7144 = DIRECTION('',(6.661338147751E-16,-1.,1.998401444325E-15));
#7145 = ADVANCED_FACE('',(#7146),#7150,.F.);
#7146 = FACE_BOUND('',#7147,.F.);
#7147 = EDGE_LOOP('',(#7148,#7149));
#7148 = ORIENTED_EDGE('',*,*,#6436,.F.);
#7149 = ORIENTED_EDGE('',*,*,#6417,.F.);
#7150 = PLANE('',#7151);
#7151 = AXIS2_PLACEMENT_3D('',#7152,#7153,#7154);
#7152 = CARTESIAN_POINT('',(2.224220807534E-14,-20.64,-4.25));
#7153 = DIRECTION('',(-1.7763568394E-15,1.627025617018E-30,1.));
#7154 = DIRECTION('',(-6.661338147751E-16,1.,-1.998401444325E-15));
#7155 = ADVANCED_FACE('',(#7156),#7160,.F.);
#7156 = FACE_BOUND('',#7157,.F.);
#7157 = EDGE_LOOP('',(#7158,#7159));
#7158 = ORIENTED_EDGE('',*,*,#6470,.F.);
#7159 = ORIENTED_EDGE('',*,*,#6451,.F.);
#7160 = PLANE('',#7161);
#7161 = AXIS2_PLACEMENT_3D('',#7162,#7163,#7164);
#7162 = CARTESIAN_POINT('',(2.393418796487E-14,-23.18,-4.25));
#7163 = DIRECTION('',(-1.7763568394E-15,1.627025617018E-30,1.));
#7164 = DIRECTION('',(-6.661338147751E-16,1.,-1.998401444325E-15));
#7165 = ADVANCED_FACE('',(#7166),#7194,.T.);
#7166 = FACE_BOUND('',#7167,.T.);
#7167 = EDGE_LOOP('',(#7168,#7179,#7184,#7185,#7186,#7187));
#7168 = ORIENTED_EDGE('',*,*,#7169,.F.);
#7169 = EDGE_CURVE('',#7170,#7172,#7174,.T.);
#7170 = VERTEX_POINT('',#7171);
#7171 = CARTESIAN_POINT('',(1.25,-23.18,7.25));
#7172 = VERTEX_POINT('',#7173);
#7173 = CARTESIAN_POINT('',(1.25,-22.54,7.25));
#7174 = CIRCLE('',#7175,0.32);
#7175 = AXIS2_PLACEMENT_3D('',#7176,#7177,#7178);
#7176 = CARTESIAN_POINT('',(1.25,-22.86,7.25));
#7177 = DIRECTION('',(1.110223024625E-16,1.443289932013E-15,1.));
#7178 = DIRECTION('',(6.661338147751E-16,-1.,1.443289932013E-15));
#7179 = ORIENTED_EDGE('',*,*,#7180,.F.);
#7180 = EDGE_CURVE('',#6606,#7170,#7181,.T.);
#7181 = B_SPLINE_CURVE_WITH_KNOTS('',1,(#7182,#7183),.UNSPECIFIED.,.F.,
  .F.,(2,2),(-6.,0.),.PIECEWISE_BEZIER_KNOTS.);
#7182 = CARTESIAN_POINT('',(1.25,-23.18,1.25));
#7183 = CARTESIAN_POINT('',(1.25,-23.18,7.25));
#7184 = ORIENTED_EDGE('',*,*,#6614,.T.);
#7185 = ORIENTED_EDGE('',*,*,#6603,.T.);
#7186 = ORIENTED_EDGE('',*,*,#7180,.T.);
#7187 = ORIENTED_EDGE('',*,*,#7188,.F.);
#7188 = EDGE_CURVE('',#7172,#7170,#7189,.T.);
#7189 = CIRCLE('',#7190,0.32);
#7190 = AXIS2_PLACEMENT_3D('',#7191,#7192,#7193);
#7191 = CARTESIAN_POINT('',(1.25,-22.86,7.25));
#7192 = DIRECTION('',(1.110223024625E-16,1.443289932013E-15,1.));
#7193 = DIRECTION('',(6.661338147751E-16,-1.,1.443289932013E-15));
#7194 = CYLINDRICAL_SURFACE('',#7195,0.32);
#7195 = AXIS2_PLACEMENT_3D('',#7196,#7197,#7198);
#7196 = CARTESIAN_POINT('',(1.25,-22.86,7.25));
#7197 = DIRECTION('',(-1.221245327088E-15,1.110223024625E-16,1.));
#7198 = DIRECTION('',(6.661338147751E-16,-1.,1.443289932013E-15));
#7199 = ADVANCED_FACE('',(#7200),#7228,.T.);
#7200 = FACE_BOUND('',#7201,.T.);
#7201 = EDGE_LOOP('',(#7202,#7213,#7218,#7219,#7220,#7221));
#7202 = ORIENTED_EDGE('',*,*,#7203,.F.);
#7203 = EDGE_CURVE('',#7204,#7206,#7208,.T.);
#7204 = VERTEX_POINT('',#7205);
#7205 = CARTESIAN_POINT('',(1.25,-20.64,7.25));
#7206 = VERTEX_POINT('',#7207);
#7207 = CARTESIAN_POINT('',(1.25,-20.,7.25));
#7208 = CIRCLE('',#7209,0.32);
#7209 = AXIS2_PLACEMENT_3D('',#7210,#7211,#7212);
#7210 = CARTESIAN_POINT('',(1.25,-20.32,7.25));
#7211 = DIRECTION('',(1.110223024625E-16,1.443289932013E-15,1.));
#7212 = DIRECTION('',(6.661338147751E-16,-1.,1.443289932013E-15));
#7213 = ORIENTED_EDGE('',*,*,#7214,.F.);
#7214 = EDGE_CURVE('',#6626,#7204,#7215,.T.);
#7215 = B_SPLINE_CURVE_WITH_KNOTS('',1,(#7216,#7217),.UNSPECIFIED.,.F.,
  .F.,(2,2),(-6.,0.),.PIECEWISE_BEZIER_KNOTS.);
#7216 = CARTESIAN_POINT('',(1.25,-20.64,1.25));
#7217 = CARTESIAN_POINT('',(1.25,-20.64,7.25));
#7218 = ORIENTED_EDGE('',*,*,#6634,.T.);
#7219 = ORIENTED_EDGE('',*,*,#6623,.T.);
#7220 = ORIENTED_EDGE('',*,*,#7214,.T.);
#7221 = ORIENTED_EDGE('',*,*,#7222,.F.);
#7222 = EDGE_CURVE('',#7206,#7204,#7223,.T.);
#7223 = CIRCLE('',#7224,0.32);
#7224 = AXIS2_PLACEMENT_3D('',#7225,#7226,#7227);
#7225 = CARTESIAN_POINT('',(1.25,-20.32,7.25));
#7226 = DIRECTION('',(1.110223024625E-16,1.443289932013E-15,1.));
#7227 = DIRECTION('',(6.661338147751E-16,-1.,1.443289932013E-15));
#7228 = CYLINDRICAL_SURFACE('',#7229,0.32);
#7229 = AXIS2_PLACEMENT_3D('',#7230,#7231,#7232);
#7230 = CARTESIAN_POINT('',(1.25,-20.32,7.25));
#7231 = DIRECTION('',(-1.221245327088E-15,1.110223024625E-16,1.));
#7232 = DIRECTION('',(6.661338147751E-16,-1.,1.443289932013E-15));
#7233 = ADVANCED_FACE('',(#7234),#7262,.T.);
#7234 = FACE_BOUND('',#7235,.T.);
#7235 = EDGE_LOOP('',(#7236,#7247,#7252,#7253,#7254,#7255));
#7236 = ORIENTED_EDGE('',*,*,#7237,.F.);
#7237 = EDGE_CURVE('',#7238,#7240,#7242,.T.);
#7238 = VERTEX_POINT('',#7239);
#7239 = CARTESIAN_POINT('',(1.25,-18.1,7.25));
#7240 = VERTEX_POINT('',#7241);
#7241 = CARTESIAN_POINT('',(1.25,-17.46,7.25));
#7242 = CIRCLE('',#7243,0.32);
#7243 = AXIS2_PLACEMENT_3D('',#7244,#7245,#7246);
#7244 = CARTESIAN_POINT('',(1.25,-17.78,7.25));
#7245 = DIRECTION('',(1.110223024625E-16,1.443289932013E-15,1.));
#7246 = DIRECTION('',(6.661338147751E-16,-1.,1.443289932013E-15));
#7247 = ORIENTED_EDGE('',*,*,#7248,.F.);
#7248 = EDGE_CURVE('',#6646,#7238,#7249,.T.);
#7249 = B_SPLINE_CURVE_WITH_KNOTS('',1,(#7250,#7251),.UNSPECIFIED.,.F.,
  .F.,(2,2),(-6.,-8.881784197001E-16),.PIECEWISE_BEZIER_KNOTS.);
#7250 = CARTESIAN_POINT('',(1.25,-18.1,1.25));
#7251 = CARTESIAN_POINT('',(1.25,-18.1,7.25));
#7252 = ORIENTED_EDGE('',*,*,#6654,.T.);
#7253 = ORIENTED_EDGE('',*,*,#6643,.T.);
#7254 = ORIENTED_EDGE('',*,*,#7248,.T.);
#7255 = ORIENTED_EDGE('',*,*,#7256,.F.);
#7256 = EDGE_CURVE('',#7240,#7238,#7257,.T.);
#7257 = CIRCLE('',#7258,0.32);
#7258 = AXIS2_PLACEMENT_3D('',#7259,#7260,#7261);
#7259 = CARTESIAN_POINT('',(1.25,-17.78,7.25));
#7260 = DIRECTION('',(1.110223024625E-16,1.443289932013E-15,1.));
#7261 = DIRECTION('',(6.661338147751E-16,-1.,1.443289932013E-15));
#7262 = CYLINDRICAL_SURFACE('',#7263,0.32);
#7263 = AXIS2_PLACEMENT_3D('',#7264,#7265,#7266);
#7264 = CARTESIAN_POINT('',(1.25,-17.78,7.25));
#7265 = DIRECTION('',(-1.221245327088E-15,1.110223024625E-16,1.));
#7266 = DIRECTION('',(6.661338147751E-16,-1.,1.443289932013E-15));
#7267 = ADVANCED_FACE('',(#7268),#7296,.T.);
#7268 = FACE_BOUND('',#7269,.T.);
#7269 = EDGE_LOOP('',(#7270,#7281,#7286,#7287,#7288,#7289));
#7270 = ORIENTED_EDGE('',*,*,#7271,.F.);
#7271 = EDGE_CURVE('',#7272,#7274,#7276,.T.);
#7272 = VERTEX_POINT('',#7273);
#7273 = CARTESIAN_POINT('',(1.25,-15.56,7.25));
#7274 = VERTEX_POINT('',#7275);
#7275 = CARTESIAN_POINT('',(1.25,-14.92,7.25));
#7276 = CIRCLE('',#7277,0.32);
#7277 = AXIS2_PLACEMENT_3D('',#7278,#7279,#7280);
#7278 = CARTESIAN_POINT('',(1.25,-15.24,7.25));
#7279 = DIRECTION('',(1.110223024625E-16,1.443289932013E-15,1.));
#7280 = DIRECTION('',(6.661338147751E-16,-1.,1.443289932013E-15));
#7281 = ORIENTED_EDGE('',*,*,#7282,.F.);
#7282 = EDGE_CURVE('',#6666,#7272,#7283,.T.);
#7283 = B_SPLINE_CURVE_WITH_KNOTS('',1,(#7284,#7285),.UNSPECIFIED.,.F.,
  .F.,(2,2),(-6.,0.),.PIECEWISE_BEZIER_KNOTS.);
#7284 = CARTESIAN_POINT('',(1.25,-15.56,1.25));
#7285 = CARTESIAN_POINT('',(1.25,-15.56,7.25));
#7286 = ORIENTED_EDGE('',*,*,#6674,.T.);
#7287 = ORIENTED_EDGE('',*,*,#6663,.T.);
#7288 = ORIENTED_EDGE('',*,*,#7282,.T.);
#7289 = ORIENTED_EDGE('',*,*,#7290,.F.);
#7290 = EDGE_CURVE('',#7274,#7272,#7291,.T.);
#7291 = CIRCLE('',#7292,0.32);
#7292 = AXIS2_PLACEMENT_3D('',#7293,#7294,#7295);
#7293 = CARTESIAN_POINT('',(1.25,-15.24,7.25));
#7294 = DIRECTION('',(1.110223024625E-16,1.443289932013E-15,1.));
#7295 = DIRECTION('',(6.661338147751E-16,-1.,1.443289932013E-15));
#7296 = CYLINDRICAL_SURFACE('',#7297,0.32);
#7297 = AXIS2_PLACEMENT_3D('',#7298,#7299,#7300);
#7298 = CARTESIAN_POINT('',(1.25,-15.24,7.25));
#7299 = DIRECTION('',(-1.221245327088E-15,1.110223024625E-16,1.));
#7300 = DIRECTION('',(6.661338147751E-16,-1.,1.443289932013E-15));
#7301 = ADVANCED_FACE('',(#7302),#7330,.T.);
#7302 = FACE_BOUND('',#7303,.T.);
#7303 = EDGE_LOOP('',(#7304,#7315,#7320,#7321,#7322,#7323));
#7304 = ORIENTED_EDGE('',*,*,#7305,.F.);
#7305 = EDGE_CURVE('',#7306,#7308,#7310,.T.);
#7306 = VERTEX_POINT('',#7307);
#7307 = CARTESIAN_POINT('',(1.25,-13.02,7.25));
#7308 = VERTEX_POINT('',#7309);
#7309 = CARTESIAN_POINT('',(1.25,-12.38,7.25));
#7310 = CIRCLE('',#7311,0.32);
#7311 = AXIS2_PLACEMENT_3D('',#7312,#7313,#7314);
#7312 = CARTESIAN_POINT('',(1.25,-12.7,7.25));
#7313 = DIRECTION('',(1.110223024625E-16,1.443289932013E-15,1.));
#7314 = DIRECTION('',(6.661338147751E-16,-1.,1.443289932013E-15));
#7315 = ORIENTED_EDGE('',*,*,#7316,.F.);
#7316 = EDGE_CURVE('',#6686,#7306,#7317,.T.);
#7317 = B_SPLINE_CURVE_WITH_KNOTS('',1,(#7318,#7319),.UNSPECIFIED.,.F.,
  .F.,(2,2),(-6.,0.),.PIECEWISE_BEZIER_KNOTS.);
#7318 = CARTESIAN_POINT('',(1.25,-13.02,1.25));
#7319 = CARTESIAN_POINT('',(1.25,-13.02,7.25));
#7320 = ORIENTED_EDGE('',*,*,#6694,.T.);
#7321 = ORIENTED_EDGE('',*,*,#6683,.T.);
#7322 = ORIENTED_EDGE('',*,*,#7316,.T.);
#7323 = ORIENTED_EDGE('',*,*,#7324,.F.);
#7324 = EDGE_CURVE('',#7308,#7306,#7325,.T.);
#7325 = CIRCLE('',#7326,0.32);
#7326 = AXIS2_PLACEMENT_3D('',#7327,#7328,#7329);
#7327 = CARTESIAN_POINT('',(1.25,-12.7,7.25));
#7328 = DIRECTION('',(1.110223024625E-16,1.443289932013E-15,1.));
#7329 = DIRECTION('',(6.661338147751E-16,-1.,1.443289932013E-15));
#7330 = CYLINDRICAL_SURFACE('',#7331,0.32);
#7331 = AXIS2_PLACEMENT_3D('',#7332,#7333,#7334);
#7332 = CARTESIAN_POINT('',(1.25,-12.7,7.25));
#7333 = DIRECTION('',(-1.221245327088E-15,1.110223024625E-16,1.));
#7334 = DIRECTION('',(6.661338147751E-16,-1.,1.443289932013E-15));
#7335 = ADVANCED_FACE('',(#7336),#7364,.T.);
#7336 = FACE_BOUND('',#7337,.T.);
#7337 = EDGE_LOOP('',(#7338,#7349,#7354,#7355,#7356,#7357));
#7338 = ORIENTED_EDGE('',*,*,#7339,.F.);
#7339 = EDGE_CURVE('',#7340,#7342,#7344,.T.);
#7340 = VERTEX_POINT('',#7341);
#7341 = CARTESIAN_POINT('',(1.25,-10.48,7.25));
#7342 = VERTEX_POINT('',#7343);
#7343 = CARTESIAN_POINT('',(1.25,-9.84,7.25));
#7344 = CIRCLE('',#7345,0.32);
#7345 = AXIS2_PLACEMENT_3D('',#7346,#7347,#7348);
#7346 = CARTESIAN_POINT('',(1.25,-10.16,7.25));
#7347 = DIRECTION('',(1.110223024625E-16,1.443289932013E-15,1.));
#7348 = DIRECTION('',(6.661338147751E-16,-1.,1.443289932013E-15));
#7349 = ORIENTED_EDGE('',*,*,#7350,.F.);
#7350 = EDGE_CURVE('',#6706,#7340,#7351,.T.);
#7351 = B_SPLINE_CURVE_WITH_KNOTS('',1,(#7352,#7353),.UNSPECIFIED.,.F.,
  .F.,(2,2),(-6.,0.),.PIECEWISE_BEZIER_KNOTS.);
#7352 = CARTESIAN_POINT('',(1.25,-10.48,1.25));
#7353 = CARTESIAN_POINT('',(1.25,-10.48,7.25));
#7354 = ORIENTED_EDGE('',*,*,#6714,.T.);
#7355 = ORIENTED_EDGE('',*,*,#6703,.T.);
#7356 = ORIENTED_EDGE('',*,*,#7350,.T.);
#7357 = ORIENTED_EDGE('',*,*,#7358,.F.);
#7358 = EDGE_CURVE('',#7342,#7340,#7359,.T.);
#7359 = CIRCLE('',#7360,0.32);
#7360 = AXIS2_PLACEMENT_3D('',#7361,#7362,#7363);
#7361 = CARTESIAN_POINT('',(1.25,-10.16,7.25));
#7362 = DIRECTION('',(1.110223024625E-16,1.443289932013E-15,1.));
#7363 = DIRECTION('',(6.661338147751E-16,-1.,1.443289932013E-15));
#7364 = CYLINDRICAL_SURFACE('',#7365,0.32);
#7365 = AXIS2_PLACEMENT_3D('',#7366,#7367,#7368);
#7366 = CARTESIAN_POINT('',(1.25,-10.16,7.25));
#7367 = DIRECTION('',(-1.221245327088E-15,1.110223024625E-16,1.));
#7368 = DIRECTION('',(6.661338147751E-16,-1.,1.443289932013E-15));
#7369 = ADVANCED_FACE('',(#7370),#7398,.T.);
#7370 = FACE_BOUND('',#7371,.T.);
#7371 = EDGE_LOOP('',(#7372,#7383,#7388,#7389,#7390,#7391));
#7372 = ORIENTED_EDGE('',*,*,#7373,.F.);
#7373 = EDGE_CURVE('',#7374,#7376,#7378,.T.);
#7374 = VERTEX_POINT('',#7375);
#7375 = CARTESIAN_POINT('',(1.25,-7.94,7.25));
#7376 = VERTEX_POINT('',#7377);
#7377 = CARTESIAN_POINT('',(1.25,-7.3,7.25));
#7378 = CIRCLE('',#7379,0.32);
#7379 = AXIS2_PLACEMENT_3D('',#7380,#7381,#7382);
#7380 = CARTESIAN_POINT('',(1.25,-7.62,7.25));
#7381 = DIRECTION('',(1.110223024625E-16,1.443289932013E-15,1.));
#7382 = DIRECTION('',(6.661338147751E-16,-1.,1.443289932013E-15));
#7383 = ORIENTED_EDGE('',*,*,#7384,.F.);
#7384 = EDGE_CURVE('',#6726,#7374,#7385,.T.);
#7385 = B_SPLINE_CURVE_WITH_KNOTS('',1,(#7386,#7387),.UNSPECIFIED.,.F.,
  .F.,(2,2),(-6.,0.),.PIECEWISE_BEZIER_KNOTS.);
#7386 = CARTESIAN_POINT('',(1.25,-7.94,1.25));
#7387 = CARTESIAN_POINT('',(1.25,-7.94,7.25));
#7388 = ORIENTED_EDGE('',*,*,#6734,.T.);
#7389 = ORIENTED_EDGE('',*,*,#6723,.T.);
#7390 = ORIENTED_EDGE('',*,*,#7384,.T.);
#7391 = ORIENTED_EDGE('',*,*,#7392,.F.);
#7392 = EDGE_CURVE('',#7376,#7374,#7393,.T.);
#7393 = CIRCLE('',#7394,0.32);
#7394 = AXIS2_PLACEMENT_3D('',#7395,#7396,#7397);
#7395 = CARTESIAN_POINT('',(1.25,-7.62,7.25));
#7396 = DIRECTION('',(1.110223024625E-16,1.443289932013E-15,1.));
#7397 = DIRECTION('',(6.661338147751E-16,-1.,1.443289932013E-15));
#7398 = CYLINDRICAL_SURFACE('',#7399,0.32);
#7399 = AXIS2_PLACEMENT_3D('',#7400,#7401,#7402);
#7400 = CARTESIAN_POINT('',(1.25,-7.62,7.25));
#7401 = DIRECTION('',(-1.221245327088E-15,1.110223024625E-16,1.));
#7402 = DIRECTION('',(6.661338147751E-16,-1.,1.443289932013E-15));
#7403 = ADVANCED_FACE('',(#7404),#7432,.T.);
#7404 = FACE_BOUND('',#7405,.T.);
#7405 = EDGE_LOOP('',(#7406,#7417,#7422,#7423,#7424,#7425));
#7406 = ORIENTED_EDGE('',*,*,#7407,.F.);
#7407 = EDGE_CURVE('',#7408,#7410,#7412,.T.);
#7408 = VERTEX_POINT('',#7409);
#7409 = CARTESIAN_POINT('',(1.25,-5.4,7.25));
#7410 = VERTEX_POINT('',#7411);
#7411 = CARTESIAN_POINT('',(1.25,-4.76,7.25));
#7412 = CIRCLE('',#7413,0.32);
#7413 = AXIS2_PLACEMENT_3D('',#7414,#7415,#7416);
#7414 = CARTESIAN_POINT('',(1.25,-5.08,7.25));
#7415 = DIRECTION('',(1.110223024625E-16,1.443289932013E-15,1.));
#7416 = DIRECTION('',(6.661338147751E-16,-1.,1.443289932013E-15));
#7417 = ORIENTED_EDGE('',*,*,#7418,.F.);
#7418 = EDGE_CURVE('',#6746,#7408,#7419,.T.);
#7419 = B_SPLINE_CURVE_WITH_KNOTS('',1,(#7420,#7421),.UNSPECIFIED.,.F.,
  .F.,(2,2),(-6.,0.),.PIECEWISE_BEZIER_KNOTS.);
#7420 = CARTESIAN_POINT('',(1.25,-5.4,1.25));
#7421 = CARTESIAN_POINT('',(1.25,-5.4,7.25));
#7422 = ORIENTED_EDGE('',*,*,#6754,.T.);
#7423 = ORIENTED_EDGE('',*,*,#6743,.T.);
#7424 = ORIENTED_EDGE('',*,*,#7418,.T.);
#7425 = ORIENTED_EDGE('',*,*,#7426,.F.);
#7426 = EDGE_CURVE('',#7410,#7408,#7427,.T.);
#7427 = CIRCLE('',#7428,0.32);
#7428 = AXIS2_PLACEMENT_3D('',#7429,#7430,#7431);
#7429 = CARTESIAN_POINT('',(1.25,-5.08,7.25));
#7430 = DIRECTION('',(1.110223024625E-16,1.443289932013E-15,1.));
#7431 = DIRECTION('',(6.661338147751E-16,-1.,1.443289932013E-15));
#7432 = CYLINDRICAL_SURFACE('',#7433,0.32);
#7433 = AXIS2_PLACEMENT_3D('',#7434,#7435,#7436);
#7434 = CARTESIAN_POINT('',(1.25,-5.08,7.25));
#7435 = DIRECTION('',(-1.221245327088E-15,1.110223024625E-16,1.));
#7436 = DIRECTION('',(6.661338147751E-16,-1.,1.443289932013E-15));
#7437 = ADVANCED_FACE('',(#7438),#7466,.T.);
#7438 = FACE_BOUND('',#7439,.T.);
#7439 = EDGE_LOOP('',(#7440,#7451,#7456,#7457,#7458,#7459));
#7440 = ORIENTED_EDGE('',*,*,#7441,.F.);
#7441 = EDGE_CURVE('',#7442,#7444,#7446,.T.);
#7442 = VERTEX_POINT('',#7443);
#7443 = CARTESIAN_POINT('',(1.25,-2.86,7.25));
#7444 = VERTEX_POINT('',#7445);
#7445 = CARTESIAN_POINT('',(1.25,-2.22,7.25));
#7446 = CIRCLE('',#7447,0.32);
#7447 = AXIS2_PLACEMENT_3D('',#7448,#7449,#7450);
#7448 = CARTESIAN_POINT('',(1.25,-2.54,7.25));
#7449 = DIRECTION('',(1.110223024625E-16,1.443289932013E-15,1.));
#7450 = DIRECTION('',(6.661338147751E-16,-1.,1.443289932013E-15));
#7451 = ORIENTED_EDGE('',*,*,#7452,.F.);
#7452 = EDGE_CURVE('',#6766,#7442,#7453,.T.);
#7453 = B_SPLINE_CURVE_WITH_KNOTS('',1,(#7454,#7455),.UNSPECIFIED.,.F.,
  .F.,(2,2),(-6.,0.),.PIECEWISE_BEZIER_KNOTS.);
#7454 = CARTESIAN_POINT('',(1.25,-2.86,1.25));
#7455 = CARTESIAN_POINT('',(1.25,-2.86,7.25));
#7456 = ORIENTED_EDGE('',*,*,#6774,.T.);
#7457 = ORIENTED_EDGE('',*,*,#6763,.T.);
#7458 = ORIENTED_EDGE('',*,*,#7452,.T.);
#7459 = ORIENTED_EDGE('',*,*,#7460,.F.);
#7460 = EDGE_CURVE('',#7444,#7442,#7461,.T.);
#7461 = CIRCLE('',#7462,0.32);
#7462 = AXIS2_PLACEMENT_3D('',#7463,#7464,#7465);
#7463 = CARTESIAN_POINT('',(1.25,-2.54,7.25));
#7464 = DIRECTION('',(1.110223024625E-16,1.443289932013E-15,1.));
#7465 = DIRECTION('',(6.661338147751E-16,-1.,1.443289932013E-15));
#7466 = CYLINDRICAL_SURFACE('',#7467,0.32);
#7467 = AXIS2_PLACEMENT_3D('',#7468,#7469,#7470);
#7468 = CARTESIAN_POINT('',(1.25,-2.54,7.25));
#7469 = DIRECTION('',(-1.221245327088E-15,1.110223024625E-16,1.));
#7470 = DIRECTION('',(6.661338147751E-16,-1.,1.443289932013E-15));
#7471 = ADVANCED_FACE('',(#7472),#7500,.T.);
#7472 = FACE_BOUND('',#7473,.T.);
#7473 = EDGE_LOOP('',(#7474,#7485,#7490,#7491,#7492,#7493));
#7474 = ORIENTED_EDGE('',*,*,#7475,.F.);
#7475 = EDGE_CURVE('',#7476,#7478,#7480,.T.);
#7476 = VERTEX_POINT('',#7477);
#7477 = CARTESIAN_POINT('',(1.25,-0.32,7.25));
#7478 = VERTEX_POINT('',#7479);
#7479 = CARTESIAN_POINT('',(1.25,0.32,7.25));
#7480 = CIRCLE('',#7481,0.32);
#7481 = AXIS2_PLACEMENT_3D('',#7482,#7483,#7484);
#7482 = CARTESIAN_POINT('',(1.25,4.996003610813E-16,7.25));
#7483 = DIRECTION('',(1.110223024625E-16,1.443289932013E-15,1.));
#7484 = DIRECTION('',(6.661338147751E-16,-1.,1.443289932013E-15));
#7485 = ORIENTED_EDGE('',*,*,#7486,.F.);
#7486 = EDGE_CURVE('',#6786,#7476,#7487,.T.);
#7487 = B_SPLINE_CURVE_WITH_KNOTS('',1,(#7488,#7489),.UNSPECIFIED.,.F.,
  .F.,(2,2),(-6.,0.),.PIECEWISE_BEZIER_KNOTS.);
#7488 = CARTESIAN_POINT('',(1.25,-0.32,1.25));
#7489 = CARTESIAN_POINT('',(1.25,-0.32,7.25));
#7490 = ORIENTED_EDGE('',*,*,#6794,.T.);
#7491 = ORIENTED_EDGE('',*,*,#6783,.T.);
#7492 = ORIENTED_EDGE('',*,*,#7486,.T.);
#7493 = ORIENTED_EDGE('',*,*,#7494,.F.);
#7494 = EDGE_CURVE('',#7478,#7476,#7495,.T.);
#7495 = CIRCLE('',#7496,0.32);
#7496 = AXIS2_PLACEMENT_3D('',#7497,#7498,#7499);
#7497 = CARTESIAN_POINT('',(1.25,4.996003610813E-16,7.25));
#7498 = DIRECTION('',(1.110223024625E-16,1.443289932013E-15,1.));
#7499 = DIRECTION('',(6.661338147751E-16,-1.,1.443289932013E-15));
#7500 = CYLINDRICAL_SURFACE('',#7501,0.32);
#7501 = AXIS2_PLACEMENT_3D('',#7502,#7503,#7504);
#7502 = CARTESIAN_POINT('',(1.25,4.996003610813E-16,7.25));
#7503 = DIRECTION('',(-1.221245327088E-15,1.110223024625E-16,1.));
#7504 = DIRECTION('',(6.661338147751E-16,-1.,1.443289932013E-15));
#7505 = ADVANCED_FACE('',(#7506),#7534,.T.);
#7506 = FACE_BOUND('',#7507,.T.);
#7507 = EDGE_LOOP('',(#7508,#7519,#7524,#7525,#7526,#7527));
#7508 = ORIENTED_EDGE('',*,*,#7509,.F.);
#7509 = EDGE_CURVE('',#7510,#7512,#7514,.T.);
#7510 = VERTEX_POINT('',#7511);
#7511 = CARTESIAN_POINT('',(1.25,2.22,7.25));
#7512 = VERTEX_POINT('',#7513);
#7513 = CARTESIAN_POINT('',(1.25,2.86,7.25));
#7514 = CIRCLE('',#7515,0.32);
#7515 = AXIS2_PLACEMENT_3D('',#7516,#7517,#7518);
#7516 = CARTESIAN_POINT('',(1.25,2.54,7.25));
#7517 = DIRECTION('',(1.110223024625E-16,1.443289932013E-15,1.));
#7518 = DIRECTION('',(6.661338147751E-16,-1.,1.443289932013E-15));
#7519 = ORIENTED_EDGE('',*,*,#7520,.F.);
#7520 = EDGE_CURVE('',#6806,#7510,#7521,.T.);
#7521 = B_SPLINE_CURVE_WITH_KNOTS('',1,(#7522,#7523),.UNSPECIFIED.,.F.,
  .F.,(2,2),(-6.,0.),.PIECEWISE_BEZIER_KNOTS.);
#7522 = CARTESIAN_POINT('',(1.25,2.22,1.25));
#7523 = CARTESIAN_POINT('',(1.25,2.22,7.25));
#7524 = ORIENTED_EDGE('',*,*,#6814,.T.);
#7525 = ORIENTED_EDGE('',*,*,#6803,.T.);
#7526 = ORIENTED_EDGE('',*,*,#7520,.T.);
#7527 = ORIENTED_EDGE('',*,*,#7528,.F.);
#7528 = EDGE_CURVE('',#7512,#7510,#7529,.T.);
#7529 = CIRCLE('',#7530,0.32);
#7530 = AXIS2_PLACEMENT_3D('',#7531,#7532,#7533);
#7531 = CARTESIAN_POINT('',(1.25,2.54,7.25));
#7532 = DIRECTION('',(1.110223024625E-16,1.443289932013E-15,1.));
#7533 = DIRECTION('',(6.661338147751E-16,-1.,1.443289932013E-15));
#7534 = CYLINDRICAL_SURFACE('',#7535,0.32);
#7535 = AXIS2_PLACEMENT_3D('',#7536,#7537,#7538);
#7536 = CARTESIAN_POINT('',(1.25,2.54,7.25));
#7537 = DIRECTION('',(-1.221245327088E-15,1.110223024625E-16,1.));
#7538 = DIRECTION('',(6.661338147751E-16,-1.,1.443289932013E-15));
#7539 = ADVANCED_FACE('',(#7540),#7568,.T.);
#7540 = FACE_BOUND('',#7541,.T.);
#7541 = EDGE_LOOP('',(#7542,#7553,#7558,#7559,#7560,#7561));
#7542 = ORIENTED_EDGE('',*,*,#7543,.F.);
#7543 = EDGE_CURVE('',#7544,#7546,#7548,.T.);
#7544 = VERTEX_POINT('',#7545);
#7545 = CARTESIAN_POINT('',(1.25,4.76,7.25));
#7546 = VERTEX_POINT('',#7547);
#7547 = CARTESIAN_POINT('',(1.25,5.4,7.25));
#7548 = CIRCLE('',#7549,0.32);
#7549 = AXIS2_PLACEMENT_3D('',#7550,#7551,#7552);
#7550 = CARTESIAN_POINT('',(1.25,5.08,7.25));
#7551 = DIRECTION('',(1.110223024625E-16,1.443289932013E-15,1.));
#7552 = DIRECTION('',(6.661338147751E-16,-1.,1.443289932013E-15));
#7553 = ORIENTED_EDGE('',*,*,#7554,.F.);
#7554 = EDGE_CURVE('',#6826,#7544,#7555,.T.);
#7555 = B_SPLINE_CURVE_WITH_KNOTS('',1,(#7556,#7557),.UNSPECIFIED.,.F.,
  .F.,(2,2),(-6.,0.),.PIECEWISE_BEZIER_KNOTS.);
#7556 = CARTESIAN_POINT('',(1.25,4.76,1.25));
#7557 = CARTESIAN_POINT('',(1.25,4.76,7.25));
#7558 = ORIENTED_EDGE('',*,*,#6834,.T.);
#7559 = ORIENTED_EDGE('',*,*,#6823,.T.);
#7560 = ORIENTED_EDGE('',*,*,#7554,.T.);
#7561 = ORIENTED_EDGE('',*,*,#7562,.F.);
#7562 = EDGE_CURVE('',#7546,#7544,#7563,.T.);
#7563 = CIRCLE('',#7564,0.32);
#7564 = AXIS2_PLACEMENT_3D('',#7565,#7566,#7567);
#7565 = CARTESIAN_POINT('',(1.25,5.08,7.25));
#7566 = DIRECTION('',(1.110223024625E-16,1.443289932013E-15,1.));
#7567 = DIRECTION('',(6.661338147751E-16,-1.,1.443289932013E-15));
#7568 = CYLINDRICAL_SURFACE('',#7569,0.32);
#7569 = AXIS2_PLACEMENT_3D('',#7570,#7571,#7572);
#7570 = CARTESIAN_POINT('',(1.25,5.08,7.25));
#7571 = DIRECTION('',(-1.221245327088E-15,1.110223024625E-16,1.));
#7572 = DIRECTION('',(6.661338147751E-16,-1.,1.443289932013E-15));
#7573 = ADVANCED_FACE('',(#7574),#7602,.T.);
#7574 = FACE_BOUND('',#7575,.T.);
#7575 = EDGE_LOOP('',(#7576,#7587,#7592,#7593,#7594,#7595));
#7576 = ORIENTED_EDGE('',*,*,#7577,.F.);
#7577 = EDGE_CURVE('',#7578,#7580,#7582,.T.);
#7578 = VERTEX_POINT('',#7579);
#7579 = CARTESIAN_POINT('',(1.25,7.3,7.25));
#7580 = VERTEX_POINT('',#7581);
#7581 = CARTESIAN_POINT('',(1.25,7.94,7.25));
#7582 = CIRCLE('',#7583,0.32);
#7583 = AXIS2_PLACEMENT_3D('',#7584,#7585,#7586);
#7584 = CARTESIAN_POINT('',(1.25,7.62,7.25));
#7585 = DIRECTION('',(1.110223024625E-16,1.443289932013E-15,1.));
#7586 = DIRECTION('',(6.661338147751E-16,-1.,1.443289932013E-15));
#7587 = ORIENTED_EDGE('',*,*,#7588,.F.);
#7588 = EDGE_CURVE('',#6846,#7578,#7589,.T.);
#7589 = B_SPLINE_CURVE_WITH_KNOTS('',1,(#7590,#7591),.UNSPECIFIED.,.F.,
  .F.,(2,2),(-6.,0.),.PIECEWISE_BEZIER_KNOTS.);
#7590 = CARTESIAN_POINT('',(1.25,7.3,1.25));
#7591 = CARTESIAN_POINT('',(1.25,7.3,7.25));
#7592 = ORIENTED_EDGE('',*,*,#6854,.T.);
#7593 = ORIENTED_EDGE('',*,*,#6843,.T.);
#7594 = ORIENTED_EDGE('',*,*,#7588,.T.);
#7595 = ORIENTED_EDGE('',*,*,#7596,.F.);
#7596 = EDGE_CURVE('',#7580,#7578,#7597,.T.);
#7597 = CIRCLE('',#7598,0.32);
#7598 = AXIS2_PLACEMENT_3D('',#7599,#7600,#7601);
#7599 = CARTESIAN_POINT('',(1.25,7.62,7.25));
#7600 = DIRECTION('',(1.110223024625E-16,1.443289932013E-15,1.));
#7601 = DIRECTION('',(6.661338147751E-16,-1.,1.443289932013E-15));
#7602 = CYLINDRICAL_SURFACE('',#7603,0.32);
#7603 = AXIS2_PLACEMENT_3D('',#7604,#7605,#7606);
#7604 = CARTESIAN_POINT('',(1.25,7.62,7.25));
#7605 = DIRECTION('',(-1.221245327088E-15,1.110223024625E-16,1.));
#7606 = DIRECTION('',(6.661338147751E-16,-1.,1.443289932013E-15));
#7607 = ADVANCED_FACE('',(#7608),#7636,.T.);
#7608 = FACE_BOUND('',#7609,.T.);
#7609 = EDGE_LOOP('',(#7610,#7621,#7626,#7627,#7628,#7629));
#7610 = ORIENTED_EDGE('',*,*,#7611,.F.);
#7611 = EDGE_CURVE('',#7612,#7614,#7616,.T.);
#7612 = VERTEX_POINT('',#7613);
#7613 = CARTESIAN_POINT('',(1.25,9.84,7.25));
#7614 = VERTEX_POINT('',#7615);
#7615 = CARTESIAN_POINT('',(1.25,10.48,7.25));
#7616 = CIRCLE('',#7617,0.32);
#7617 = AXIS2_PLACEMENT_3D('',#7618,#7619,#7620);
#7618 = CARTESIAN_POINT('',(1.25,10.16,7.25));
#7619 = DIRECTION('',(1.110223024625E-16,1.443289932013E-15,1.));
#7620 = DIRECTION('',(6.661338147751E-16,-1.,1.443289932013E-15));
#7621 = ORIENTED_EDGE('',*,*,#7622,.F.);
#7622 = EDGE_CURVE('',#6866,#7612,#7623,.T.);
#7623 = B_SPLINE_CURVE_WITH_KNOTS('',1,(#7624,#7625),.UNSPECIFIED.,.F.,
  .F.,(2,2),(-6.,-8.881784197001E-16),.PIECEWISE_BEZIER_KNOTS.);
#7624 = CARTESIAN_POINT('',(1.25,9.84,1.25));
#7625 = CARTESIAN_POINT('',(1.25,9.84,7.25));
#7626 = ORIENTED_EDGE('',*,*,#6874,.T.);
#7627 = ORIENTED_EDGE('',*,*,#6863,.T.);
#7628 = ORIENTED_EDGE('',*,*,#7622,.T.);
#7629 = ORIENTED_EDGE('',*,*,#7630,.F.);
#7630 = EDGE_CURVE('',#7614,#7612,#7631,.T.);
#7631 = CIRCLE('',#7632,0.32);
#7632 = AXIS2_PLACEMENT_3D('',#7633,#7634,#7635);
#7633 = CARTESIAN_POINT('',(1.25,10.16,7.25));
#7634 = DIRECTION('',(1.110223024625E-16,1.443289932013E-15,1.));
#7635 = DIRECTION('',(6.661338147751E-16,-1.,1.443289932013E-15));
#7636 = CYLINDRICAL_SURFACE('',#7637,0.32);
#7637 = AXIS2_PLACEMENT_3D('',#7638,#7639,#7640);
#7638 = CARTESIAN_POINT('',(1.25,10.16,7.25));
#7639 = DIRECTION('',(-1.221245327088E-15,1.110223024625E-16,1.));
#7640 = DIRECTION('',(6.661338147751E-16,-1.,1.443289932013E-15));
#7641 = ADVANCED_FACE('',(#7642),#7670,.T.);
#7642 = FACE_BOUND('',#7643,.T.);
#7643 = EDGE_LOOP('',(#7644,#7655,#7660,#7661,#7662,#7663));
#7644 = ORIENTED_EDGE('',*,*,#7645,.F.);
#7645 = EDGE_CURVE('',#7646,#7648,#7650,.T.);
#7646 = VERTEX_POINT('',#7647);
#7647 = CARTESIAN_POINT('',(1.25,12.38,7.25));
#7648 = VERTEX_POINT('',#7649);
#7649 = CARTESIAN_POINT('',(1.25,13.02,7.25));
#7650 = CIRCLE('',#7651,0.32);
#7651 = AXIS2_PLACEMENT_3D('',#7652,#7653,#7654);
#7652 = CARTESIAN_POINT('',(1.25,12.7,7.25));
#7653 = DIRECTION('',(1.110223024625E-16,1.443289932013E-15,1.));
#7654 = DIRECTION('',(6.661338147751E-16,-1.,1.443289932013E-15));
#7655 = ORIENTED_EDGE('',*,*,#7656,.F.);
#7656 = EDGE_CURVE('',#6886,#7646,#7657,.T.);
#7657 = B_SPLINE_CURVE_WITH_KNOTS('',1,(#7658,#7659),.UNSPECIFIED.,.F.,
  .F.,(2,2),(-6.,0.),.PIECEWISE_BEZIER_KNOTS.);
#7658 = CARTESIAN_POINT('',(1.25,12.38,1.25));
#7659 = CARTESIAN_POINT('',(1.25,12.38,7.25));
#7660 = ORIENTED_EDGE('',*,*,#6894,.T.);
#7661 = ORIENTED_EDGE('',*,*,#6883,.T.);
#7662 = ORIENTED_EDGE('',*,*,#7656,.T.);
#7663 = ORIENTED_EDGE('',*,*,#7664,.F.);
#7664 = EDGE_CURVE('',#7648,#7646,#7665,.T.);
#7665 = CIRCLE('',#7666,0.32);
#7666 = AXIS2_PLACEMENT_3D('',#7667,#7668,#7669);
#7667 = CARTESIAN_POINT('',(1.25,12.7,7.25));
#7668 = DIRECTION('',(1.110223024625E-16,1.443289932013E-15,1.));
#7669 = DIRECTION('',(6.661338147751E-16,-1.,1.443289932013E-15));
#7670 = CYLINDRICAL_SURFACE('',#7671,0.32);
#7671 = AXIS2_PLACEMENT_3D('',#7672,#7673,#7674);
#7672 = CARTESIAN_POINT('',(1.25,12.7,7.25));
#7673 = DIRECTION('',(-1.221245327088E-15,1.110223024625E-16,1.));
#7674 = DIRECTION('',(6.661338147751E-16,-1.,1.443289932013E-15));
#7675 = ADVANCED_FACE('',(#7676),#7704,.T.);
#7676 = FACE_BOUND('',#7677,.T.);
#7677 = EDGE_LOOP('',(#7678,#7689,#7694,#7695,#7696,#7697));
#7678 = ORIENTED_EDGE('',*,*,#7679,.F.);
#7679 = EDGE_CURVE('',#7680,#7682,#7684,.T.);
#7680 = VERTEX_POINT('',#7681);
#7681 = CARTESIAN_POINT('',(1.25,14.92,7.25));
#7682 = VERTEX_POINT('',#7683);
#7683 = CARTESIAN_POINT('',(1.25,15.56,7.25));
#7684 = CIRCLE('',#7685,0.32);
#7685 = AXIS2_PLACEMENT_3D('',#7686,#7687,#7688);
#7686 = CARTESIAN_POINT('',(1.25,15.24,7.25));
#7687 = DIRECTION('',(1.110223024625E-16,1.443289932013E-15,1.));
#7688 = DIRECTION('',(6.661338147751E-16,-1.,1.443289932013E-15));
#7689 = ORIENTED_EDGE('',*,*,#7690,.F.);
#7690 = EDGE_CURVE('',#6906,#7680,#7691,.T.);
#7691 = B_SPLINE_CURVE_WITH_KNOTS('',1,(#7692,#7693),.UNSPECIFIED.,.F.,
  .F.,(2,2),(-6.,0.),.PIECEWISE_BEZIER_KNOTS.);
#7692 = CARTESIAN_POINT('',(1.25,14.92,1.25));
#7693 = CARTESIAN_POINT('',(1.25,14.92,7.25));
#7694 = ORIENTED_EDGE('',*,*,#6914,.T.);
#7695 = ORIENTED_EDGE('',*,*,#6903,.T.);
#7696 = ORIENTED_EDGE('',*,*,#7690,.T.);
#7697 = ORIENTED_EDGE('',*,*,#7698,.F.);
#7698 = EDGE_CURVE('',#7682,#7680,#7699,.T.);
#7699 = CIRCLE('',#7700,0.32);
#7700 = AXIS2_PLACEMENT_3D('',#7701,#7702,#7703);
#7701 = CARTESIAN_POINT('',(1.25,15.24,7.25));
#7702 = DIRECTION('',(1.110223024625E-16,1.443289932013E-15,1.));
#7703 = DIRECTION('',(6.661338147751E-16,-1.,1.443289932013E-15));
#7704 = CYLINDRICAL_SURFACE('',#7705,0.32);
#7705 = AXIS2_PLACEMENT_3D('',#7706,#7707,#7708);
#7706 = CARTESIAN_POINT('',(1.25,15.24,7.25));
#7707 = DIRECTION('',(-1.221245327088E-15,1.110223024625E-16,1.));
#7708 = DIRECTION('',(6.661338147751E-16,-1.,1.443289932013E-15));
#7709 = ADVANCED_FACE('',(#7710),#7738,.T.);
#7710 = FACE_BOUND('',#7711,.T.);
#7711 = EDGE_LOOP('',(#7712,#7723,#7728,#7729,#7730,#7731));
#7712 = ORIENTED_EDGE('',*,*,#7713,.F.);
#7713 = EDGE_CURVE('',#7714,#7716,#7718,.T.);
#7714 = VERTEX_POINT('',#7715);
#7715 = CARTESIAN_POINT('',(1.25,17.46,7.25));
#7716 = VERTEX_POINT('',#7717);
#7717 = CARTESIAN_POINT('',(1.25,18.1,7.25));
#7718 = CIRCLE('',#7719,0.32);
#7719 = AXIS2_PLACEMENT_3D('',#7720,#7721,#7722);
#7720 = CARTESIAN_POINT('',(1.25,17.78,7.25));
#7721 = DIRECTION('',(1.110223024625E-16,1.443289932013E-15,1.));
#7722 = DIRECTION('',(6.661338147751E-16,-1.,1.443289932013E-15));
#7723 = ORIENTED_EDGE('',*,*,#7724,.F.);
#7724 = EDGE_CURVE('',#6926,#7714,#7725,.T.);
#7725 = B_SPLINE_CURVE_WITH_KNOTS('',1,(#7726,#7727),.UNSPECIFIED.,.F.,
  .F.,(2,2),(-6.,0.),.PIECEWISE_BEZIER_KNOTS.);
#7726 = CARTESIAN_POINT('',(1.25,17.46,1.25));
#7727 = CARTESIAN_POINT('',(1.25,17.46,7.25));
#7728 = ORIENTED_EDGE('',*,*,#6934,.T.);
#7729 = ORIENTED_EDGE('',*,*,#6923,.T.);
#7730 = ORIENTED_EDGE('',*,*,#7724,.T.);
#7731 = ORIENTED_EDGE('',*,*,#7732,.F.);
#7732 = EDGE_CURVE('',#7716,#7714,#7733,.T.);
#7733 = CIRCLE('',#7734,0.32);
#7734 = AXIS2_PLACEMENT_3D('',#7735,#7736,#7737);
#7735 = CARTESIAN_POINT('',(1.25,17.78,7.25));
#7736 = DIRECTION('',(1.110223024625E-16,1.443289932013E-15,1.));
#7737 = DIRECTION('',(6.661338147751E-16,-1.,1.443289932013E-15));
#7738 = CYLINDRICAL_SURFACE('',#7739,0.32);
#7739 = AXIS2_PLACEMENT_3D('',#7740,#7741,#7742);
#7740 = CARTESIAN_POINT('',(1.25,17.78,7.25));
#7741 = DIRECTION('',(-1.221245327088E-15,1.110223024625E-16,1.));
#7742 = DIRECTION('',(6.661338147751E-16,-1.,1.443289932013E-15));
#7743 = ADVANCED_FACE('',(#7744),#7772,.T.);
#7744 = FACE_BOUND('',#7745,.T.);
#7745 = EDGE_LOOP('',(#7746,#7757,#7762,#7763,#7764,#7765));
#7746 = ORIENTED_EDGE('',*,*,#7747,.F.);
#7747 = EDGE_CURVE('',#7748,#7750,#7752,.T.);
#7748 = VERTEX_POINT('',#7749);
#7749 = CARTESIAN_POINT('',(1.25,20.,7.25));
#7750 = VERTEX_POINT('',#7751);
#7751 = CARTESIAN_POINT('',(1.25,20.64,7.25));
#7752 = CIRCLE('',#7753,0.32);
#7753 = AXIS2_PLACEMENT_3D('',#7754,#7755,#7756);
#7754 = CARTESIAN_POINT('',(1.25,20.32,7.25));
#7755 = DIRECTION('',(1.110223024625E-16,1.443289932013E-15,1.));
#7756 = DIRECTION('',(6.661338147751E-16,-1.,1.443289932013E-15));
#7757 = ORIENTED_EDGE('',*,*,#7758,.F.);
#7758 = EDGE_CURVE('',#6946,#7748,#7759,.T.);
#7759 = B_SPLINE_CURVE_WITH_KNOTS('',1,(#7760,#7761),.UNSPECIFIED.,.F.,
  .F.,(2,2),(-6.,0.),.PIECEWISE_BEZIER_KNOTS.);
#7760 = CARTESIAN_POINT('',(1.25,20.,1.25));
#7761 = CARTESIAN_POINT('',(1.25,20.,7.25));
#7762 = ORIENTED_EDGE('',*,*,#6954,.T.);
#7763 = ORIENTED_EDGE('',*,*,#6943,.T.);
#7764 = ORIENTED_EDGE('',*,*,#7758,.T.);
#7765 = ORIENTED_EDGE('',*,*,#7766,.F.);
#7766 = EDGE_CURVE('',#7750,#7748,#7767,.T.);
#7767 = CIRCLE('',#7768,0.32);
#7768 = AXIS2_PLACEMENT_3D('',#7769,#7770,#7771);
#7769 = CARTESIAN_POINT('',(1.25,20.32,7.25));
#7770 = DIRECTION('',(1.110223024625E-16,1.443289932013E-15,1.));
#7771 = DIRECTION('',(6.661338147751E-16,-1.,1.443289932013E-15));
#7772 = CYLINDRICAL_SURFACE('',#7773,0.32);
#7773 = AXIS2_PLACEMENT_3D('',#7774,#7775,#7776);
#7774 = CARTESIAN_POINT('',(1.25,20.32,7.25));
#7775 = DIRECTION('',(-1.221245327088E-15,1.110223024625E-16,1.));
#7776 = DIRECTION('',(6.661338147751E-16,-1.,1.443289932013E-15));
#7777 = ADVANCED_FACE('',(#7778),#7806,.T.);
#7778 = FACE_BOUND('',#7779,.T.);
#7779 = EDGE_LOOP('',(#7780,#7791,#7796,#7797,#7798,#7799));
#7780 = ORIENTED_EDGE('',*,*,#7781,.F.);
#7781 = EDGE_CURVE('',#7782,#7784,#7786,.T.);
#7782 = VERTEX_POINT('',#7783);
#7783 = CARTESIAN_POINT('',(1.25,22.54,7.25));
#7784 = VERTEX_POINT('',#7785);
#7785 = CARTESIAN_POINT('',(1.25,23.18,7.25));
#7786 = CIRCLE('',#7787,0.32);
#7787 = AXIS2_PLACEMENT_3D('',#7788,#7789,#7790);
#7788 = CARTESIAN_POINT('',(1.25,22.86,7.25));
#7789 = DIRECTION('',(1.110223024625E-16,1.443289932013E-15,1.));
#7790 = DIRECTION('',(6.661338147751E-16,-1.,1.443289932013E-15));
#7791 = ORIENTED_EDGE('',*,*,#7792,.F.);
#7792 = EDGE_CURVE('',#6966,#7782,#7793,.T.);
#7793 = B_SPLINE_CURVE_WITH_KNOTS('',1,(#7794,#7795),.UNSPECIFIED.,.F.,
  .F.,(2,2),(-6.,0.),.PIECEWISE_BEZIER_KNOTS.);
#7794 = CARTESIAN_POINT('',(1.25,22.54,1.25));
#7795 = CARTESIAN_POINT('',(1.25,22.54,7.25));
#7796 = ORIENTED_EDGE('',*,*,#6974,.T.);
#7797 = ORIENTED_EDGE('',*,*,#6963,.T.);
#7798 = ORIENTED_EDGE('',*,*,#7792,.T.);
#7799 = ORIENTED_EDGE('',*,*,#7800,.F.);
#7800 = EDGE_CURVE('',#7784,#7782,#7801,.T.);
#7801 = CIRCLE('',#7802,0.32);
#7802 = AXIS2_PLACEMENT_3D('',#7803,#7804,#7805);
#7803 = CARTESIAN_POINT('',(1.25,22.86,7.25));
#7804 = DIRECTION('',(1.110223024625E-16,1.443289932013E-15,1.));
#7805 = DIRECTION('',(6.661338147751E-16,-1.,1.443289932013E-15));
#7806 = CYLINDRICAL_SURFACE('',#7807,0.32);
#7807 = AXIS2_PLACEMENT_3D('',#7808,#7809,#7810);
#7808 = CARTESIAN_POINT('',(1.25,22.86,7.25));
#7809 = DIRECTION('',(-1.221245327088E-15,1.110223024625E-16,1.));
#7810 = DIRECTION('',(6.661338147751E-16,-1.,1.443289932013E-15));
#7811 = ADVANCED_FACE('',(#7812),#7816,.F.);
#7812 = FACE_BOUND('',#7813,.F.);
#7813 = EDGE_LOOP('',(#7814,#7815));
#7814 = ORIENTED_EDGE('',*,*,#7188,.F.);
#7815 = ORIENTED_EDGE('',*,*,#7169,.F.);
#7816 = PLANE('',#7817);
#7817 = AXIS2_PLACEMENT_3D('',#7818,#7819,#7820);
#7818 = CARTESIAN_POINT('',(5.262457136723E-16,-22.54,7.25));
#7819 = DIRECTION('',(1.7763568394E-15,-1.627025617018E-30,-1.));
#7820 = DIRECTION('',(6.661338147751E-16,-1.,1.998401444325E-15));
#7821 = ADVANCED_FACE('',(#7822),#7826,.F.);
#7822 = FACE_BOUND('',#7823,.F.);
#7823 = EDGE_LOOP('',(#7824,#7825));
#7824 = ORIENTED_EDGE('',*,*,#7222,.F.);
#7825 = ORIENTED_EDGE('',*,*,#7203,.F.);
#7826 = PLANE('',#7827);
#7827 = AXIS2_PLACEMENT_3D('',#7828,#7829,#7830);
#7828 = CARTESIAN_POINT('',(-1.165734175856E-15,-20.,7.25));
#7829 = DIRECTION('',(1.7763568394E-15,-1.627025617018E-30,-1.));
#7830 = DIRECTION('',(6.661338147751E-16,-1.,1.998401444325E-15));
#7831 = ADVANCED_FACE('',(#7832),#7836,.F.);
#7832 = FACE_BOUND('',#7833,.F.);
#7833 = EDGE_LOOP('',(#7834,#7835));
#7834 = ORIENTED_EDGE('',*,*,#7256,.F.);
#7835 = ORIENTED_EDGE('',*,*,#7237,.F.);
#7836 = PLANE('',#7837);
#7837 = AXIS2_PLACEMENT_3D('',#7838,#7839,#7840);
#7838 = CARTESIAN_POINT('',(-2.857714065385E-15,-17.46,7.25));
#7839 = DIRECTION('',(1.7763568394E-15,-1.627025617018E-30,-1.));
#7840 = DIRECTION('',(6.661338147751E-16,-1.,1.998401444325E-15));
#7841 = ADVANCED_FACE('',(#7842),#7846,.F.);
#7842 = FACE_BOUND('',#7843,.F.);
#7843 = EDGE_LOOP('',(#7844,#7845));
#7844 = ORIENTED_EDGE('',*,*,#7290,.F.);
#7845 = ORIENTED_EDGE('',*,*,#7271,.F.);
#7846 = PLANE('',#7847);
#7847 = AXIS2_PLACEMENT_3D('',#7848,#7849,#7850);
#7848 = CARTESIAN_POINT('',(-4.549693954914E-15,-14.92,7.25));
#7849 = DIRECTION('',(1.7763568394E-15,-1.627025617018E-30,-1.));
#7850 = DIRECTION('',(6.661338147751E-16,-1.,1.998401444325E-15));
#7851 = ADVANCED_FACE('',(#7852),#7856,.F.);
#7852 = FACE_BOUND('',#7853,.F.);
#7853 = EDGE_LOOP('',(#7854,#7855));
#7854 = ORIENTED_EDGE('',*,*,#7324,.F.);
#7855 = ORIENTED_EDGE('',*,*,#7305,.F.);
#7856 = PLANE('',#7857);
#7857 = AXIS2_PLACEMENT_3D('',#7858,#7859,#7860);
#7858 = CARTESIAN_POINT('',(-6.241673844443E-15,-12.38,7.25));
#7859 = DIRECTION('',(1.7763568394E-15,-1.627025617018E-30,-1.));
#7860 = DIRECTION('',(6.661338147751E-16,-1.,1.998401444325E-15));
#7861 = ADVANCED_FACE('',(#7862),#7866,.F.);
#7862 = FACE_BOUND('',#7863,.F.);
#7863 = EDGE_LOOP('',(#7864,#7865));
#7864 = ORIENTED_EDGE('',*,*,#7358,.F.);
#7865 = ORIENTED_EDGE('',*,*,#7339,.F.);
#7866 = PLANE('',#7867);
#7867 = AXIS2_PLACEMENT_3D('',#7868,#7869,#7870);
#7868 = CARTESIAN_POINT('',(-7.933653733971E-15,-9.84,7.25));
#7869 = DIRECTION('',(1.7763568394E-15,-1.627025617018E-30,-1.));
#7870 = DIRECTION('',(6.661338147751E-16,-1.,1.998401444325E-15));
#7871 = ADVANCED_FACE('',(#7872),#7876,.F.);
#7872 = FACE_BOUND('',#7873,.F.);
#7873 = EDGE_LOOP('',(#7874,#7875));
#7874 = ORIENTED_EDGE('',*,*,#7392,.F.);
#7875 = ORIENTED_EDGE('',*,*,#7373,.F.);
#7876 = PLANE('',#7877);
#7877 = AXIS2_PLACEMENT_3D('',#7878,#7879,#7880);
#7878 = CARTESIAN_POINT('',(-9.6256336235E-15,-7.3,7.25));
#7879 = DIRECTION('',(1.7763568394E-15,-1.627025617018E-30,-1.));
#7880 = DIRECTION('',(6.661338147751E-16,-1.,1.998401444325E-15));
#7881 = ADVANCED_FACE('',(#7882),#7886,.F.);
#7882 = FACE_BOUND('',#7883,.F.);
#7883 = EDGE_LOOP('',(#7884,#7885));
#7884 = ORIENTED_EDGE('',*,*,#7426,.F.);
#7885 = ORIENTED_EDGE('',*,*,#7407,.F.);
#7886 = PLANE('',#7887);
#7887 = AXIS2_PLACEMENT_3D('',#7888,#7889,#7890);
#7888 = CARTESIAN_POINT('',(-1.131761351303E-14,-4.76,7.25));
#7889 = DIRECTION('',(1.7763568394E-15,-1.627025617018E-30,-1.));
#7890 = DIRECTION('',(6.661338147751E-16,-1.,1.998401444325E-15));
#7891 = ADVANCED_FACE('',(#7892),#7896,.F.);
#7892 = FACE_BOUND('',#7893,.F.);
#7893 = EDGE_LOOP('',(#7894,#7895));
#7894 = ORIENTED_EDGE('',*,*,#7460,.F.);
#7895 = ORIENTED_EDGE('',*,*,#7441,.F.);
#7896 = PLANE('',#7897);
#7897 = AXIS2_PLACEMENT_3D('',#7898,#7899,#7900);
#7898 = CARTESIAN_POINT('',(-1.300959340256E-14,-2.22,7.25));
#7899 = DIRECTION('',(1.7763568394E-15,-1.627025617018E-30,-1.));
#7900 = DIRECTION('',(6.661338147751E-16,-1.,1.998401444325E-15));
#7901 = ADVANCED_FACE('',(#7902),#7906,.F.);
#7902 = FACE_BOUND('',#7903,.F.);
#7903 = EDGE_LOOP('',(#7904,#7905));
#7904 = ORIENTED_EDGE('',*,*,#7494,.F.);
#7905 = ORIENTED_EDGE('',*,*,#7475,.F.);
#7906 = PLANE('',#7907);
#7907 = AXIS2_PLACEMENT_3D('',#7908,#7909,#7910);
#7908 = CARTESIAN_POINT('',(-1.470157329209E-14,0.32,7.25));
#7909 = DIRECTION('',(1.7763568394E-15,-1.627025617018E-30,-1.));
#7910 = DIRECTION('',(6.661338147751E-16,-1.,1.998401444325E-15));
#7911 = ADVANCED_FACE('',(#7912),#7916,.F.);
#7912 = FACE_BOUND('',#7913,.F.);
#7913 = EDGE_LOOP('',(#7914,#7915));
#7914 = ORIENTED_EDGE('',*,*,#7528,.F.);
#7915 = ORIENTED_EDGE('',*,*,#7509,.F.);
#7916 = PLANE('',#7917);
#7917 = AXIS2_PLACEMENT_3D('',#7918,#7919,#7920);
#7918 = CARTESIAN_POINT('',(-1.639355318162E-14,2.86,7.25));
#7919 = DIRECTION('',(1.7763568394E-15,-1.627025617018E-30,-1.));
#7920 = DIRECTION('',(6.661338147751E-16,-1.,1.998401444325E-15));
#7921 = ADVANCED_FACE('',(#7922),#7926,.F.);
#7922 = FACE_BOUND('',#7923,.F.);
#7923 = EDGE_LOOP('',(#7924,#7925));
#7924 = ORIENTED_EDGE('',*,*,#7562,.F.);
#7925 = ORIENTED_EDGE('',*,*,#7543,.F.);
#7926 = PLANE('',#7927);
#7927 = AXIS2_PLACEMENT_3D('',#7928,#7929,#7930);
#7928 = CARTESIAN_POINT('',(-1.808553307114E-14,5.4,7.25));
#7929 = DIRECTION('',(1.7763568394E-15,-1.627025617018E-30,-1.));
#7930 = DIRECTION('',(6.661338147751E-16,-1.,1.998401444325E-15));
#7931 = ADVANCED_FACE('',(#7932),#7936,.F.);
#7932 = FACE_BOUND('',#7933,.F.);
#7933 = EDGE_LOOP('',(#7934,#7935));
#7934 = ORIENTED_EDGE('',*,*,#7596,.F.);
#7935 = ORIENTED_EDGE('',*,*,#7577,.F.);
#7936 = PLANE('',#7937);
#7937 = AXIS2_PLACEMENT_3D('',#7938,#7939,#7940);
#7938 = CARTESIAN_POINT('',(-1.977751296067E-14,7.94,7.25));
#7939 = DIRECTION('',(1.7763568394E-15,-1.627025617018E-30,-1.));
#7940 = DIRECTION('',(6.661338147751E-16,-1.,1.998401444325E-15));
#7941 = ADVANCED_FACE('',(#7942),#7946,.F.);
#7942 = FACE_BOUND('',#7943,.F.);
#7943 = EDGE_LOOP('',(#7944,#7945));
#7944 = ORIENTED_EDGE('',*,*,#7630,.F.);
#7945 = ORIENTED_EDGE('',*,*,#7611,.F.);
#7946 = PLANE('',#7947);
#7947 = AXIS2_PLACEMENT_3D('',#7948,#7949,#7950);
#7948 = CARTESIAN_POINT('',(-2.14694928502E-14,10.48,7.25));
#7949 = DIRECTION('',(1.7763568394E-15,-1.627025617018E-30,-1.));
#7950 = DIRECTION('',(6.661338147751E-16,-1.,1.998401444325E-15));
#7951 = ADVANCED_FACE('',(#7952),#7956,.F.);
#7952 = FACE_BOUND('',#7953,.F.);
#7953 = EDGE_LOOP('',(#7954,#7955));
#7954 = ORIENTED_EDGE('',*,*,#7664,.F.);
#7955 = ORIENTED_EDGE('',*,*,#7645,.F.);
#7956 = PLANE('',#7957);
#7957 = AXIS2_PLACEMENT_3D('',#7958,#7959,#7960);
#7958 = CARTESIAN_POINT('',(-2.316147273973E-14,13.02,7.25));
#7959 = DIRECTION('',(1.7763568394E-15,-1.627025617018E-30,-1.));
#7960 = DIRECTION('',(6.661338147751E-16,-1.,1.998401444325E-15));
#7961 = ADVANCED_FACE('',(#7962),#7966,.F.);
#7962 = FACE_BOUND('',#7963,.F.);
#7963 = EDGE_LOOP('',(#7964,#7965));
#7964 = ORIENTED_EDGE('',*,*,#7698,.F.);
#7965 = ORIENTED_EDGE('',*,*,#7679,.F.);
#7966 = PLANE('',#7967);
#7967 = AXIS2_PLACEMENT_3D('',#7968,#7969,#7970);
#7968 = CARTESIAN_POINT('',(-2.485345262926E-14,15.56,7.25));
#7969 = DIRECTION('',(1.7763568394E-15,-1.627025617018E-30,-1.));
#7970 = DIRECTION('',(6.661338147751E-16,-1.,1.998401444325E-15));
#7971 = ADVANCED_FACE('',(#7972),#7976,.F.);
#7972 = FACE_BOUND('',#7973,.F.);
#7973 = EDGE_LOOP('',(#7974,#7975));
#7974 = ORIENTED_EDGE('',*,*,#7732,.F.);
#7975 = ORIENTED_EDGE('',*,*,#7713,.F.);
#7976 = PLANE('',#7977);
#7977 = AXIS2_PLACEMENT_3D('',#7978,#7979,#7980);
#7978 = CARTESIAN_POINT('',(-2.654543251879E-14,18.1,7.25));
#7979 = DIRECTION('',(1.7763568394E-15,-1.627025617018E-30,-1.));
#7980 = DIRECTION('',(6.661338147751E-16,-1.,1.998401444325E-15));
#7981 = ADVANCED_FACE('',(#7982),#7986,.F.);
#7982 = FACE_BOUND('',#7983,.F.);
#7983 = EDGE_LOOP('',(#7984,#7985));
#7984 = ORIENTED_EDGE('',*,*,#7766,.F.);
#7985 = ORIENTED_EDGE('',*,*,#7747,.F.);
#7986 = PLANE('',#7987);
#7987 = AXIS2_PLACEMENT_3D('',#7988,#7989,#7990);
#7988 = CARTESIAN_POINT('',(-2.823741240832E-14,20.64,7.25));
#7989 = DIRECTION('',(1.7763568394E-15,-1.627025617018E-30,-1.));
#7990 = DIRECTION('',(6.661338147751E-16,-1.,1.998401444325E-15));
#7991 = ADVANCED_FACE('',(#7992),#7996,.F.);
#7992 = FACE_BOUND('',#7993,.F.);
#7993 = EDGE_LOOP('',(#7994,#7995));
#7994 = ORIENTED_EDGE('',*,*,#7800,.F.);
#7995 = ORIENTED_EDGE('',*,*,#7781,.F.);
#7996 = PLANE('',#7997);
#7997 = AXIS2_PLACEMENT_3D('',#7998,#7999,#8000);
#7998 = CARTESIAN_POINT('',(-2.992939229784E-14,23.18,7.25));
#7999 = DIRECTION('',(1.7763568394E-15,-1.627025617018E-30,-1.));
#8000 = DIRECTION('',(6.661338147751E-16,-1.,1.998401444325E-15));
#8001 = ( GEOMETRIC_REPRESENTATION_CONTEXT(3) 
GLOBAL_UNCERTAINTY_ASSIGNED_CONTEXT((#8005)) 
GLOBAL_UNIT_ASSIGNED_CONTEXT((#8002,#8003,#8004)) REPRESENTATION_CONTEXT
('Context #1','3D Context with UNIT and UNCERTAINTY') );
#8002 = ( LENGTH_UNIT() NAMED_UNIT(*) SI_UNIT(.MILLI.,.METRE.) );
#8003 = ( NAMED_UNIT(*) PLANE_ANGLE_UNIT() SI_UNIT($,.RADIAN.) );
#8004 = ( NAMED_UNIT(*) SI_UNIT($,.STERADIAN.) SOLID_ANGLE_UNIT() );
#8005 = UNCERTAINTY_MEASURE_WITH_UNIT(LENGTH_MEASURE(1.E-05),#8002,
  'distance_accuracy_value','confusion accuracy');
#8006 = CONTEXT_DEPENDENT_SHAPE_REPRESENTATION(#8007,#8009);
#8007 = ( REPRESENTATION_RELATIONSHIP('','',#1722,#10) 
REPRESENTATION_RELATIONSHIP_WITH_TRANSFORMATION(#8008) 
SHAPE_REPRESENTATION_RELATIONSHIP() );
#8008 = ITEM_DEFINED_TRANSFORMATION('','',#11,#23);
#8009 = PRODUCT_DEFINITION_SHAPE('Placement','Placement of an item',
  #8010);
#8010 = NEXT_ASSEMBLY_USAGE_OCCURRENCE('3','Pin Header 002','',#5,#1717,
  $);
#8011 = PRODUCT_RELATED_PRODUCT_CATEGORY('part',$,(#1719));
#8012 = CONTEXT_DEPENDENT_SHAPE_REPRESENTATION(#8013,#8015);
#8013 = ( REPRESENTATION_RELATIONSHIP('','',#1722,#10) 
REPRESENTATION_RELATIONSHIP_WITH_TRANSFORMATION(#8014) 
SHAPE_REPRESENTATION_RELATIONSHIP() );
#8014 = ITEM_DEFINED_TRANSFORMATION('','',#11,#27);
#8015 = PRODUCT_DEFINITION_SHAPE('Placement','Placement of an item',
  #8016);
#8016 = NEXT_ASSEMBLY_USAGE_OCCURRENCE('4','Pin Header 003','',#5,#1717,
  $);
#8017 = SHAPE_DEFINITION_REPRESENTATION(#8018,#8024);
#8018 = PRODUCT_DEFINITION_SHAPE('','',#8019);
#8019 = PRODUCT_DEFINITION('design','',#8020,#8023);
#8020 = PRODUCT_DEFINITION_FORMATION('','',#8021);
#8021 = PRODUCT('Pin Socket 1','Pin Socket 1','',(#8022));
#8022 = PRODUCT_CONTEXT('',#2,'mechanical');
#8023 = PRODUCT_DEFINITION_CONTEXT('part definition',#2,'design');
#8024 = ADVANCED_BREP_SHAPE_REPRESENTATION('',(#11,#8025),#10246);
#8025 = MANIFOLD_SOLID_BREP('',#8026);
#8026 = CLOSED_SHELL('',(#8027,#8053,#8087,#8491,#8522,#8546,#8570,#8587
    ,#8621,#8655,#8689,#8723,#8757,#8791,#8825,#8859,#8893,#8927,#8961,
    #8995,#9029,#9063,#9097,#9131,#9165,#9199,#9420,#9430,#9440,#9450,
    #9460,#9470,#9480,#9490,#9500,#9510,#9520,#9530,#9540,#9550,#9560,
    #9570,#9580,#9590,#9600,#9625,#9650,#9675,#9700,#9725,#9750,#9775,
    #9800,#9825,#9850,#9875,#9900,#9925,#9950,#9975,#10000,#10025,#10050
    ,#10075,#10084,#10093,#10102,#10111,#10120,#10129,#10138,#10147,
    #10156,#10165,#10174,#10183,#10192,#10201,#10210,#10219,#10228,
    #10237));
#8027 = ADVANCED_FACE('',(#8028),#8048,.F.);
#8028 = FACE_BOUND('',#8029,.F.);
#8029 = EDGE_LOOP('',(#8030,#8041));
#8030 = ORIENTED_EDGE('',*,*,#8031,.F.);
#8031 = EDGE_CURVE('',#8032,#8034,#8036,.T.);
#8032 = VERTEX_POINT('',#8033);
#8033 = CARTESIAN_POINT('',(1.25,-23.185,-7.25));
#8034 = VERTEX_POINT('',#8035);
#8035 = CARTESIAN_POINT('',(1.25,-22.535,-7.25));
#8036 = CIRCLE('',#8037,0.325);
#8037 = AXIS2_PLACEMENT_3D('',#8038,#8039,#8040);
#8038 = CARTESIAN_POINT('',(1.25,-22.86,-7.25));
#8039 = DIRECTION('',(-2.341930812375E-31,-8.881784197001E-16,-1.));
#8040 = DIRECTION('',(3.451266460342E-31,1.,-8.881784197001E-16));
#8041 = ORIENTED_EDGE('',*,*,#8042,.F.);
#8042 = EDGE_CURVE('',#8034,#8032,#8043,.T.);
#8043 = CIRCLE('',#8044,0.325);
#8044 = AXIS2_PLACEMENT_3D('',#8045,#8046,#8047);
#8045 = CARTESIAN_POINT('',(1.25,-22.86,-7.25));
#8046 = DIRECTION('',(-2.341930812375E-31,-8.881784197001E-16,-1.));
#8047 = DIRECTION('',(3.451266460342E-31,1.,-8.881784197001E-16));
#8048 = PLANE('',#8049);
#8049 = AXIS2_PLACEMENT_3D('',#8050,#8051,#8052);
#8050 = CARTESIAN_POINT('',(2.076006033747E-14,-23.185,-7.25));
#8051 = DIRECTION('',(-1.221245327088E-15,1.110223024625E-16,1.));
#8052 = DIRECTION('',(-4.440892098501E-16,1.,-1.443289932013E-15));
#8053 = ADVANCED_FACE('',(#8054),#8082,.T.);
#8054 = FACE_BOUND('',#8055,.T.);
#8055 = EDGE_LOOP('',(#8056,#8057,#8064,#8073,#8080,#8081));
#8056 = ORIENTED_EDGE('',*,*,#8042,.F.);
#8057 = ORIENTED_EDGE('',*,*,#8058,.F.);
#8058 = EDGE_CURVE('',#8059,#8034,#8061,.T.);
#8059 = VERTEX_POINT('',#8060);
#8060 = CARTESIAN_POINT('',(1.25,-22.535,-4.25));
#8061 = B_SPLINE_CURVE_WITH_KNOTS('',1,(#8062,#8063),.UNSPECIFIED.,.F.,
  .F.,(2,2),(-3.,0.),.PIECEWISE_BEZIER_KNOTS.);
#8062 = CARTESIAN_POINT('',(1.25,-22.535,-4.25));
#8063 = CARTESIAN_POINT('',(1.25,-22.535,-7.25));
#8064 = ORIENTED_EDGE('',*,*,#8065,.T.);
#8065 = EDGE_CURVE('',#8059,#8066,#8068,.T.);
#8066 = VERTEX_POINT('',#8067);
#8067 = CARTESIAN_POINT('',(1.25,-23.185,-4.25));
#8068 = CIRCLE('',#8069,0.325);
#8069 = AXIS2_PLACEMENT_3D('',#8070,#8071,#8072);
#8070 = CARTESIAN_POINT('',(1.25,-22.86,-4.25));
#8071 = DIRECTION('',(-2.341930812375E-31,-8.881784197001E-16,-1.));
#8072 = DIRECTION('',(3.451266460342E-31,1.,-8.881784197001E-16));
#8073 = ORIENTED_EDGE('',*,*,#8074,.T.);
#8074 = EDGE_CURVE('',#8066,#8059,#8075,.T.);
#8075 = CIRCLE('',#8076,0.325);
#8076 = AXIS2_PLACEMENT_3D('',#8077,#8078,#8079);
#8077 = CARTESIAN_POINT('',(1.25,-22.86,-4.25));
#8078 = DIRECTION('',(-2.341930812375E-31,-8.881784197001E-16,-1.));
#8079 = DIRECTION('',(3.451266460342E-31,1.,-8.881784197001E-16));
#8080 = ORIENTED_EDGE('',*,*,#8058,.T.);
#8081 = ORIENTED_EDGE('',*,*,#8031,.F.);
#8082 = CYLINDRICAL_SURFACE('',#8083,0.325);
#8083 = AXIS2_PLACEMENT_3D('',#8084,#8085,#8086);
#8084 = CARTESIAN_POINT('',(1.25,-22.86,-7.25));
#8085 = DIRECTION('',(6.661338147751E-16,-2.22044604925E-16,-1.));
#8086 = DIRECTION('',(3.451266460342E-31,1.,-8.881784197001E-16));
#8087 = ADVANCED_FACE('',(#8088,#8122,#8142,#8162,#8182,#8202,#8222,
    #8242,#8262,#8282,#8302,#8322,#8342,#8362,#8366,#8386,#8406,#8426,
    #8446,#8466),#8486,.T.);
#8088 = FACE_BOUND('',#8089,.T.);
#8089 = EDGE_LOOP('',(#8090,#8100,#8108,#8116));
#8090 = ORIENTED_EDGE('',*,*,#8091,.T.);
#8091 = EDGE_CURVE('',#8092,#8094,#8096,.T.);
#8092 = VERTEX_POINT('',#8093);
#8093 = CARTESIAN_POINT('',(4.246603069191E-15,24.13,-4.25));
#8094 = VERTEX_POINT('',#8095);
#8095 = CARTESIAN_POINT('',(2.5,24.13,-4.25));
#8096 = LINE('',#8097,#8098);
#8097 = CARTESIAN_POINT('',(-4.581890422628E-15,24.13,-4.25));
#8098 = VECTOR('',#8099,1.);
#8099 = DIRECTION('',(1.,-1.110223024625E-15,-1.110223024625E-16));
#8100 = ORIENTED_EDGE('',*,*,#8101,.F.);
#8101 = EDGE_CURVE('',#8102,#8094,#8104,.T.);
#8102 = VERTEX_POINT('',#8103);
#8103 = CARTESIAN_POINT('',(2.5,-24.13,-4.25));
#8104 = LINE('',#8105,#8106);
#8105 = CARTESIAN_POINT('',(2.5,-24.13,-4.25));
#8106 = VECTOR('',#8107,1.);
#8107 = DIRECTION('',(-2.22044604925E-16,1.,-1.221245327088E-15));
#8108 = ORIENTED_EDGE('',*,*,#8109,.F.);
#8109 = EDGE_CURVE('',#8110,#8102,#8112,.T.);
#8110 = VERTEX_POINT('',#8111);
#8111 = CARTESIAN_POINT('',(4.246603069191E-15,-24.13,-4.25));
#8112 = LINE('',#8113,#8114);
#8113 = CARTESIAN_POINT('',(1.684985484474E-14,-24.13,-4.25));
#8114 = VECTOR('',#8115,1.);
#8115 = DIRECTION('',(1.,-1.110223024625E-15,-1.110223024625E-16));
#8116 = ORIENTED_EDGE('',*,*,#8117,.F.);
#8117 = EDGE_CURVE('',#8092,#8110,#8118,.T.);
#8118 = LINE('',#8119,#8120);
#8119 = CARTESIAN_POINT('',(-1.676436767184E-16,24.13,-4.25));
#8120 = VECTOR('',#8121,1.);
#8121 = DIRECTION('',(2.22044604925E-16,-1.,1.221245327088E-15));
#8122 = FACE_BOUND('',#8123,.T.);
#8123 = EDGE_LOOP('',(#8124,#8135));
#8124 = ORIENTED_EDGE('',*,*,#8125,.F.);
#8125 = EDGE_CURVE('',#8126,#8128,#8130,.T.);
#8126 = VERTEX_POINT('',#8127);
#8127 = CARTESIAN_POINT('',(1.25,4.755,-4.25));
#8128 = VERTEX_POINT('',#8129);
#8129 = CARTESIAN_POINT('',(1.25,5.405,-4.25));
#8130 = CIRCLE('',#8131,0.325);
#8131 = AXIS2_PLACEMENT_3D('',#8132,#8133,#8134);
#8132 = CARTESIAN_POINT('',(1.25,5.08,-4.25));
#8133 = DIRECTION('',(-2.341930812375E-31,-8.881784197001E-16,-1.));
#8134 = DIRECTION('',(3.451266460342E-31,1.,-8.881784197001E-16));
#8135 = ORIENTED_EDGE('',*,*,#8136,.F.);
#8136 = EDGE_CURVE('',#8128,#8126,#8137,.T.);
#8137 = CIRCLE('',#8138,0.325);
#8138 = AXIS2_PLACEMENT_3D('',#8139,#8140,#8141);
#8139 = CARTESIAN_POINT('',(1.25,5.08,-4.25));
#8140 = DIRECTION('',(-2.341930812375E-31,-8.881784197001E-16,-1.));
#8141 = DIRECTION('',(3.451266460342E-31,1.,-8.881784197001E-16));
#8142 = FACE_BOUND('',#8143,.T.);
#8143 = EDGE_LOOP('',(#8144,#8155));
#8144 = ORIENTED_EDGE('',*,*,#8145,.F.);
#8145 = EDGE_CURVE('',#8146,#8148,#8150,.T.);
#8146 = VERTEX_POINT('',#8147);
#8147 = CARTESIAN_POINT('',(1.25,-5.405,-4.25));
#8148 = VERTEX_POINT('',#8149);
#8149 = CARTESIAN_POINT('',(1.25,-4.755,-4.25));
#8150 = CIRCLE('',#8151,0.325);
#8151 = AXIS2_PLACEMENT_3D('',#8152,#8153,#8154);
#8152 = CARTESIAN_POINT('',(1.25,-5.08,-4.25));
#8153 = DIRECTION('',(-2.341930812375E-31,-8.881784197001E-16,-1.));
#8154 = DIRECTION('',(3.451266460342E-31,1.,-8.881784197001E-16));
#8155 = ORIENTED_EDGE('',*,*,#8156,.F.);
#8156 = EDGE_CURVE('',#8148,#8146,#8157,.T.);
#8157 = CIRCLE('',#8158,0.325);
#8158 = AXIS2_PLACEMENT_3D('',#8159,#8160,#8161);
#8159 = CARTESIAN_POINT('',(1.25,-5.08,-4.25));
#8160 = DIRECTION('',(-2.341930812375E-31,-8.881784197001E-16,-1.));
#8161 = DIRECTION('',(3.451266460342E-31,1.,-8.881784197001E-16));
#8162 = FACE_BOUND('',#8163,.T.);
#8163 = EDGE_LOOP('',(#8164,#8175));
#8164 = ORIENTED_EDGE('',*,*,#8165,.F.);
#8165 = EDGE_CURVE('',#8166,#8168,#8170,.T.);
#8166 = VERTEX_POINT('',#8167);
#8167 = CARTESIAN_POINT('',(1.25,7.295,-4.25));
#8168 = VERTEX_POINT('',#8169);
#8169 = CARTESIAN_POINT('',(1.25,7.945,-4.25));
#8170 = CIRCLE('',#8171,0.325);
#8171 = AXIS2_PLACEMENT_3D('',#8172,#8173,#8174);
#8172 = CARTESIAN_POINT('',(1.25,7.62,-4.25));
#8173 = DIRECTION('',(-2.341930812375E-31,-8.881784197001E-16,-1.));
#8174 = DIRECTION('',(3.451266460342E-31,1.,-8.881784197001E-16));
#8175 = ORIENTED_EDGE('',*,*,#8176,.F.);
#8176 = EDGE_CURVE('',#8168,#8166,#8177,.T.);
#8177 = CIRCLE('',#8178,0.325);
#8178 = AXIS2_PLACEMENT_3D('',#8179,#8180,#8181);
#8179 = CARTESIAN_POINT('',(1.25,7.62,-4.25));
#8180 = DIRECTION('',(-2.341930812375E-31,-8.881784197001E-16,-1.));
#8181 = DIRECTION('',(3.451266460342E-31,1.,-8.881784197001E-16));
#8182 = FACE_BOUND('',#8183,.T.);
#8183 = EDGE_LOOP('',(#8184,#8195));
#8184 = ORIENTED_EDGE('',*,*,#8185,.F.);
#8185 = EDGE_CURVE('',#8186,#8188,#8190,.T.);
#8186 = VERTEX_POINT('',#8187);
#8187 = CARTESIAN_POINT('',(1.25,-7.945,-4.25));
#8188 = VERTEX_POINT('',#8189);
#8189 = CARTESIAN_POINT('',(1.25,-7.295,-4.25));
#8190 = CIRCLE('',#8191,0.325);
#8191 = AXIS2_PLACEMENT_3D('',#8192,#8193,#8194);
#8192 = CARTESIAN_POINT('',(1.25,-7.62,-4.25));
#8193 = DIRECTION('',(-2.341930812375E-31,-8.881784197001E-16,-1.));
#8194 = DIRECTION('',(3.451266460342E-31,1.,-8.881784197001E-16));
#8195 = ORIENTED_EDGE('',*,*,#8196,.F.);
#8196 = EDGE_CURVE('',#8188,#8186,#8197,.T.);
#8197 = CIRCLE('',#8198,0.325);
#8198 = AXIS2_PLACEMENT_3D('',#8199,#8200,#8201);
#8199 = CARTESIAN_POINT('',(1.25,-7.62,-4.25));
#8200 = DIRECTION('',(-2.341930812375E-31,-8.881784197001E-16,-1.));
#8201 = DIRECTION('',(3.451266460342E-31,1.,-8.881784197001E-16));
#8202 = FACE_BOUND('',#8203,.T.);
#8203 = EDGE_LOOP('',(#8204,#8215));
#8204 = ORIENTED_EDGE('',*,*,#8205,.F.);
#8205 = EDGE_CURVE('',#8206,#8208,#8210,.T.);
#8206 = VERTEX_POINT('',#8207);
#8207 = CARTESIAN_POINT('',(1.25,-0.325,-4.25));
#8208 = VERTEX_POINT('',#8209);
#8209 = CARTESIAN_POINT('',(1.25,0.325,-4.25));
#8210 = CIRCLE('',#8211,0.325);
#8211 = AXIS2_PLACEMENT_3D('',#8212,#8213,#8214);
#8212 = CARTESIAN_POINT('',(1.25,-8.49037068879E-16,-4.25));
#8213 = DIRECTION('',(-2.341930812375E-31,-8.881784197001E-16,-1.));
#8214 = DIRECTION('',(3.451266460342E-31,1.,-8.881784197001E-16));
#8215 = ORIENTED_EDGE('',*,*,#8216,.F.);
#8216 = EDGE_CURVE('',#8208,#8206,#8217,.T.);
#8217 = CIRCLE('',#8218,0.325);
#8218 = AXIS2_PLACEMENT_3D('',#8219,#8220,#8221);
#8219 = CARTESIAN_POINT('',(1.25,-8.49037068879E-16,-4.25));
#8220 = DIRECTION('',(-2.341930812375E-31,-8.881784197001E-16,-1.));
#8221 = DIRECTION('',(3.451266460342E-31,1.,-8.881784197001E-16));
#8222 = FACE_BOUND('',#8223,.T.);
#8223 = EDGE_LOOP('',(#8224,#8235));
#8224 = ORIENTED_EDGE('',*,*,#8225,.F.);
#8225 = EDGE_CURVE('',#8226,#8228,#8230,.T.);
#8226 = VERTEX_POINT('',#8227);
#8227 = CARTESIAN_POINT('',(1.25,2.215,-4.25));
#8228 = VERTEX_POINT('',#8229);
#8229 = CARTESIAN_POINT('',(1.25,2.865,-4.25));
#8230 = CIRCLE('',#8231,0.325);
#8231 = AXIS2_PLACEMENT_3D('',#8232,#8233,#8234);
#8232 = CARTESIAN_POINT('',(1.25,2.54,-4.25));
#8233 = DIRECTION('',(-2.341930812375E-31,-8.881784197001E-16,-1.));
#8234 = DIRECTION('',(3.451266460342E-31,1.,-8.881784197001E-16));
#8235 = ORIENTED_EDGE('',*,*,#8236,.F.);
#8236 = EDGE_CURVE('',#8228,#8226,#8237,.T.);
#8237 = CIRCLE('',#8238,0.325);
#8238 = AXIS2_PLACEMENT_3D('',#8239,#8240,#8241);
#8239 = CARTESIAN_POINT('',(1.25,2.54,-4.25));
#8240 = DIRECTION('',(-2.341930812375E-31,-8.881784197001E-16,-1.));
#8241 = DIRECTION('',(3.451266460342E-31,1.,-8.881784197001E-16));
#8242 = FACE_BOUND('',#8243,.T.);
#8243 = EDGE_LOOP('',(#8244,#8255));
#8244 = ORIENTED_EDGE('',*,*,#8245,.F.);
#8245 = EDGE_CURVE('',#8246,#8248,#8250,.T.);
#8246 = VERTEX_POINT('',#8247);
#8247 = CARTESIAN_POINT('',(1.25,-2.865,-4.25));
#8248 = VERTEX_POINT('',#8249);
#8249 = CARTESIAN_POINT('',(1.25,-2.215,-4.25));
#8250 = CIRCLE('',#8251,0.325);
#8251 = AXIS2_PLACEMENT_3D('',#8252,#8253,#8254);
#8252 = CARTESIAN_POINT('',(1.25,-2.54,-4.25));
#8253 = DIRECTION('',(-2.341930812375E-31,-8.881784197001E-16,-1.));
#8254 = DIRECTION('',(3.451266460342E-31,1.,-8.881784197001E-16));
#8255 = ORIENTED_EDGE('',*,*,#8256,.F.);
#8256 = EDGE_CURVE('',#8248,#8246,#8257,.T.);
#8257 = CIRCLE('',#8258,0.325);
#8258 = AXIS2_PLACEMENT_3D('',#8259,#8260,#8261);
#8259 = CARTESIAN_POINT('',(1.25,-2.54,-4.25));
#8260 = DIRECTION('',(-2.341930812375E-31,-8.881784197001E-16,-1.));
#8261 = DIRECTION('',(3.451266460342E-31,1.,-8.881784197001E-16));
#8262 = FACE_BOUND('',#8263,.T.);
#8263 = EDGE_LOOP('',(#8264,#8275));
#8264 = ORIENTED_EDGE('',*,*,#8265,.F.);
#8265 = EDGE_CURVE('',#8266,#8268,#8270,.T.);
#8266 = VERTEX_POINT('',#8267);
#8267 = CARTESIAN_POINT('',(1.25,22.535,-4.25));
#8268 = VERTEX_POINT('',#8269);
#8269 = CARTESIAN_POINT('',(1.25,23.185,-4.25));
#8270 = CIRCLE('',#8271,0.325);
#8271 = AXIS2_PLACEMENT_3D('',#8272,#8273,#8274);
#8272 = CARTESIAN_POINT('',(1.25,22.86,-4.25));
#8273 = DIRECTION('',(-2.341930812375E-31,-8.881784197001E-16,-1.));
#8274 = DIRECTION('',(3.451266460342E-31,1.,-8.881784197001E-16));
#8275 = ORIENTED_EDGE('',*,*,#8276,.F.);
#8276 = EDGE_CURVE('',#8268,#8266,#8277,.T.);
#8277 = CIRCLE('',#8278,0.325);
#8278 = AXIS2_PLACEMENT_3D('',#8279,#8280,#8281);
#8279 = CARTESIAN_POINT('',(1.25,22.86,-4.25));
#8280 = DIRECTION('',(-2.341930812375E-31,-8.881784197001E-16,-1.));
#8281 = DIRECTION('',(3.451266460342E-31,1.,-8.881784197001E-16));
#8282 = FACE_BOUND('',#8283,.T.);
#8283 = EDGE_LOOP('',(#8284,#8295));
#8284 = ORIENTED_EDGE('',*,*,#8285,.F.);
#8285 = EDGE_CURVE('',#8286,#8288,#8290,.T.);
#8286 = VERTEX_POINT('',#8287);
#8287 = CARTESIAN_POINT('',(1.25,14.915,-4.25));
#8288 = VERTEX_POINT('',#8289);
#8289 = CARTESIAN_POINT('',(1.25,15.565,-4.25));
#8290 = CIRCLE('',#8291,0.325);
#8291 = AXIS2_PLACEMENT_3D('',#8292,#8293,#8294);
#8292 = CARTESIAN_POINT('',(1.25,15.24,-4.25));
#8293 = DIRECTION('',(-2.341930812375E-31,-8.881784197001E-16,-1.));
#8294 = DIRECTION('',(3.451266460342E-31,1.,-8.881784197001E-16));
#8295 = ORIENTED_EDGE('',*,*,#8296,.F.);
#8296 = EDGE_CURVE('',#8288,#8286,#8297,.T.);
#8297 = CIRCLE('',#8298,0.325);
#8298 = AXIS2_PLACEMENT_3D('',#8299,#8300,#8301);
#8299 = CARTESIAN_POINT('',(1.25,15.24,-4.25));
#8300 = DIRECTION('',(-2.341930812375E-31,-8.881784197001E-16,-1.));
#8301 = DIRECTION('',(3.451266460342E-31,1.,-8.881784197001E-16));
#8302 = FACE_BOUND('',#8303,.T.);
#8303 = EDGE_LOOP('',(#8304,#8315));
#8304 = ORIENTED_EDGE('',*,*,#8305,.F.);
#8305 = EDGE_CURVE('',#8306,#8308,#8310,.T.);
#8306 = VERTEX_POINT('',#8307);
#8307 = CARTESIAN_POINT('',(1.25,12.375,-4.25));
#8308 = VERTEX_POINT('',#8309);
#8309 = CARTESIAN_POINT('',(1.25,13.025,-4.25));
#8310 = CIRCLE('',#8311,0.325);
#8311 = AXIS2_PLACEMENT_3D('',#8312,#8313,#8314);
#8312 = CARTESIAN_POINT('',(1.25,12.7,-4.25));
#8313 = DIRECTION('',(-2.341930812375E-31,-8.881784197001E-16,-1.));
#8314 = DIRECTION('',(3.451266460342E-31,1.,-8.881784197001E-16));
#8315 = ORIENTED_EDGE('',*,*,#8316,.F.);
#8316 = EDGE_CURVE('',#8308,#8306,#8317,.T.);
#8317 = CIRCLE('',#8318,0.325);
#8318 = AXIS2_PLACEMENT_3D('',#8319,#8320,#8321);
#8319 = CARTESIAN_POINT('',(1.25,12.7,-4.25));
#8320 = DIRECTION('',(-2.341930812375E-31,-8.881784197001E-16,-1.));
#8321 = DIRECTION('',(3.451266460342E-31,1.,-8.881784197001E-16));
#8322 = FACE_BOUND('',#8323,.T.);
#8323 = EDGE_LOOP('',(#8324,#8335));
#8324 = ORIENTED_EDGE('',*,*,#8325,.F.);
#8325 = EDGE_CURVE('',#8326,#8328,#8330,.T.);
#8326 = VERTEX_POINT('',#8327);
#8327 = CARTESIAN_POINT('',(1.25,-13.025,-4.25));
#8328 = VERTEX_POINT('',#8329);
#8329 = CARTESIAN_POINT('',(1.25,-12.375,-4.25));
#8330 = CIRCLE('',#8331,0.325);
#8331 = AXIS2_PLACEMENT_3D('',#8332,#8333,#8334);
#8332 = CARTESIAN_POINT('',(1.25,-12.7,-4.25));
#8333 = DIRECTION('',(-2.341930812375E-31,-8.881784197001E-16,-1.));
#8334 = DIRECTION('',(3.451266460342E-31,1.,-8.881784197001E-16));
#8335 = ORIENTED_EDGE('',*,*,#8336,.F.);
#8336 = EDGE_CURVE('',#8328,#8326,#8337,.T.);
#8337 = CIRCLE('',#8338,0.325);
#8338 = AXIS2_PLACEMENT_3D('',#8339,#8340,#8341);
#8339 = CARTESIAN_POINT('',(1.25,-12.7,-4.25));
#8340 = DIRECTION('',(-2.341930812375E-31,-8.881784197001E-16,-1.));
#8341 = DIRECTION('',(3.451266460342E-31,1.,-8.881784197001E-16));
#8342 = FACE_BOUND('',#8343,.T.);
#8343 = EDGE_LOOP('',(#8344,#8355));
#8344 = ORIENTED_EDGE('',*,*,#8345,.F.);
#8345 = EDGE_CURVE('',#8346,#8348,#8350,.T.);
#8346 = VERTEX_POINT('',#8347);
#8347 = CARTESIAN_POINT('',(1.25,-15.565,-4.25));
#8348 = VERTEX_POINT('',#8349);
#8349 = CARTESIAN_POINT('',(1.25,-14.915,-4.25));
#8350 = CIRCLE('',#8351,0.325);
#8351 = AXIS2_PLACEMENT_3D('',#8352,#8353,#8354);
#8352 = CARTESIAN_POINT('',(1.25,-15.24,-4.25));
#8353 = DIRECTION('',(-2.341930812375E-31,-8.881784197001E-16,-1.));
#8354 = DIRECTION('',(3.451266460342E-31,1.,-8.881784197001E-16));
#8355 = ORIENTED_EDGE('',*,*,#8356,.F.);
#8356 = EDGE_CURVE('',#8348,#8346,#8357,.T.);
#8357 = CIRCLE('',#8358,0.325);
#8358 = AXIS2_PLACEMENT_3D('',#8359,#8360,#8361);
#8359 = CARTESIAN_POINT('',(1.25,-15.24,-4.25));
#8360 = DIRECTION('',(-2.341930812375E-31,-8.881784197001E-16,-1.));
#8361 = DIRECTION('',(3.451266460342E-31,1.,-8.881784197001E-16));
#8362 = FACE_BOUND('',#8363,.T.);
#8363 = EDGE_LOOP('',(#8364,#8365));
#8364 = ORIENTED_EDGE('',*,*,#8074,.F.);
#8365 = ORIENTED_EDGE('',*,*,#8065,.F.);
#8366 = FACE_BOUND('',#8367,.T.);
#8367 = EDGE_LOOP('',(#8368,#8379));
#8368 = ORIENTED_EDGE('',*,*,#8369,.F.);
#8369 = EDGE_CURVE('',#8370,#8372,#8374,.T.);
#8370 = VERTEX_POINT('',#8371);
#8371 = CARTESIAN_POINT('',(1.25,19.995,-4.25));
#8372 = VERTEX_POINT('',#8373);
#8373 = CARTESIAN_POINT('',(1.25,20.645,-4.25));
#8374 = CIRCLE('',#8375,0.325);
#8375 = AXIS2_PLACEMENT_3D('',#8376,#8377,#8378);
#8376 = CARTESIAN_POINT('',(1.25,20.32,-4.25));
#8377 = DIRECTION('',(-2.341930812375E-31,-8.881784197001E-16,-1.));
#8378 = DIRECTION('',(3.451266460342E-31,1.,-8.881784197001E-16));
#8379 = ORIENTED_EDGE('',*,*,#8380,.F.);
#8380 = EDGE_CURVE('',#8372,#8370,#8381,.T.);
#8381 = CIRCLE('',#8382,0.325);
#8382 = AXIS2_PLACEMENT_3D('',#8383,#8384,#8385);
#8383 = CARTESIAN_POINT('',(1.25,20.32,-4.25));
#8384 = DIRECTION('',(-2.341930812375E-31,-8.881784197001E-16,-1.));
#8385 = DIRECTION('',(3.451266460342E-31,1.,-8.881784197001E-16));
#8386 = FACE_BOUND('',#8387,.T.);
#8387 = EDGE_LOOP('',(#8388,#8399));
#8388 = ORIENTED_EDGE('',*,*,#8389,.F.);
#8389 = EDGE_CURVE('',#8390,#8392,#8394,.T.);
#8390 = VERTEX_POINT('',#8391);
#8391 = CARTESIAN_POINT('',(1.25,17.455,-4.25));
#8392 = VERTEX_POINT('',#8393);
#8393 = CARTESIAN_POINT('',(1.25,18.105,-4.25));
#8394 = CIRCLE('',#8395,0.325);
#8395 = AXIS2_PLACEMENT_3D('',#8396,#8397,#8398);
#8396 = CARTESIAN_POINT('',(1.25,17.78,-4.25));
#8397 = DIRECTION('',(-2.341930812375E-31,-8.881784197001E-16,-1.));
#8398 = DIRECTION('',(3.451266460342E-31,1.,-8.881784197001E-16));
#8399 = ORIENTED_EDGE('',*,*,#8400,.F.);
#8400 = EDGE_CURVE('',#8392,#8390,#8401,.T.);
#8401 = CIRCLE('',#8402,0.325);
#8402 = AXIS2_PLACEMENT_3D('',#8403,#8404,#8405);
#8403 = CARTESIAN_POINT('',(1.25,17.78,-4.25));
#8404 = DIRECTION('',(-2.341930812375E-31,-8.881784197001E-16,-1.));
#8405 = DIRECTION('',(3.451266460342E-31,1.,-8.881784197001E-16));
#8406 = FACE_BOUND('',#8407,.T.);
#8407 = EDGE_LOOP('',(#8408,#8419));
#8408 = ORIENTED_EDGE('',*,*,#8409,.F.);
#8409 = EDGE_CURVE('',#8410,#8412,#8414,.T.);
#8410 = VERTEX_POINT('',#8411);
#8411 = CARTESIAN_POINT('',(1.25,9.835,-4.25));
#8412 = VERTEX_POINT('',#8413);
#8413 = CARTESIAN_POINT('',(1.25,10.485,-4.25));
#8414 = CIRCLE('',#8415,0.325);
#8415 = AXIS2_PLACEMENT_3D('',#8416,#8417,#8418);
#8416 = CARTESIAN_POINT('',(1.25,10.16,-4.25));
#8417 = DIRECTION('',(-2.341930812375E-31,-8.881784197001E-16,-1.));
#8418 = DIRECTION('',(3.451266460342E-31,1.,-8.881784197001E-16));
#8419 = ORIENTED_EDGE('',*,*,#8420,.F.);
#8420 = EDGE_CURVE('',#8412,#8410,#8421,.T.);
#8421 = CIRCLE('',#8422,0.325);
#8422 = AXIS2_PLACEMENT_3D('',#8423,#8424,#8425);
#8423 = CARTESIAN_POINT('',(1.25,10.16,-4.25));
#8424 = DIRECTION('',(-2.341930812375E-31,-8.881784197001E-16,-1.));
#8425 = DIRECTION('',(3.451266460342E-31,1.,-8.881784197001E-16));
#8426 = FACE_BOUND('',#8427,.T.);
#8427 = EDGE_LOOP('',(#8428,#8439));
#8428 = ORIENTED_EDGE('',*,*,#8429,.F.);
#8429 = EDGE_CURVE('',#8430,#8432,#8434,.T.);
#8430 = VERTEX_POINT('',#8431);
#8431 = CARTESIAN_POINT('',(1.25,-10.485,-4.25));
#8432 = VERTEX_POINT('',#8433);
#8433 = CARTESIAN_POINT('',(1.25,-9.835,-4.25));
#8434 = CIRCLE('',#8435,0.325);
#8435 = AXIS2_PLACEMENT_3D('',#8436,#8437,#8438);
#8436 = CARTESIAN_POINT('',(1.25,-10.16,-4.25));
#8437 = DIRECTION('',(-2.341930812375E-31,-8.881784197001E-16,-1.));
#8438 = DIRECTION('',(3.451266460342E-31,1.,-8.881784197001E-16));
#8439 = ORIENTED_EDGE('',*,*,#8440,.F.);
#8440 = EDGE_CURVE('',#8432,#8430,#8441,.T.);
#8441 = CIRCLE('',#8442,0.325);
#8442 = AXIS2_PLACEMENT_3D('',#8443,#8444,#8445);
#8443 = CARTESIAN_POINT('',(1.25,-10.16,-4.25));
#8444 = DIRECTION('',(-2.341930812375E-31,-8.881784197001E-16,-1.));
#8445 = DIRECTION('',(3.451266460342E-31,1.,-8.881784197001E-16));
#8446 = FACE_BOUND('',#8447,.T.);
#8447 = EDGE_LOOP('',(#8448,#8459));
#8448 = ORIENTED_EDGE('',*,*,#8449,.F.);
#8449 = EDGE_CURVE('',#8450,#8452,#8454,.T.);
#8450 = VERTEX_POINT('',#8451);
#8451 = CARTESIAN_POINT('',(1.25,-18.105,-4.25));
#8452 = VERTEX_POINT('',#8453);
#8453 = CARTESIAN_POINT('',(1.25,-17.455,-4.25));
#8454 = CIRCLE('',#8455,0.325);
#8455 = AXIS2_PLACEMENT_3D('',#8456,#8457,#8458);
#8456 = CARTESIAN_POINT('',(1.25,-17.78,-4.25));
#8457 = DIRECTION('',(-2.341930812375E-31,-8.881784197001E-16,-1.));
#8458 = DIRECTION('',(3.451266460342E-31,1.,-8.881784197001E-16));
#8459 = ORIENTED_EDGE('',*,*,#8460,.F.);
#8460 = EDGE_CURVE('',#8452,#8450,#8461,.T.);
#8461 = CIRCLE('',#8462,0.325);
#8462 = AXIS2_PLACEMENT_3D('',#8463,#8464,#8465);
#8463 = CARTESIAN_POINT('',(1.25,-17.78,-4.25));
#8464 = DIRECTION('',(-2.341930812375E-31,-8.881784197001E-16,-1.));
#8465 = DIRECTION('',(3.451266460342E-31,1.,-8.881784197001E-16));
#8466 = FACE_BOUND('',#8467,.T.);
#8467 = EDGE_LOOP('',(#8468,#8479));
#8468 = ORIENTED_EDGE('',*,*,#8469,.F.);
#8469 = EDGE_CURVE('',#8470,#8472,#8474,.T.);
#8470 = VERTEX_POINT('',#8471);
#8471 = CARTESIAN_POINT('',(1.25,-20.645,-4.25));
#8472 = VERTEX_POINT('',#8473);
#8473 = CARTESIAN_POINT('',(1.25,-19.995,-4.25));
#8474 = CIRCLE('',#8475,0.325);
#8475 = AXIS2_PLACEMENT_3D('',#8476,#8477,#8478);
#8476 = CARTESIAN_POINT('',(1.25,-20.32,-4.25));
#8477 = DIRECTION('',(-2.341930812375E-31,-8.881784197001E-16,-1.));
#8478 = DIRECTION('',(3.451266460342E-31,1.,-8.881784197001E-16));
#8479 = ORIENTED_EDGE('',*,*,#8480,.F.);
#8480 = EDGE_CURVE('',#8472,#8470,#8481,.T.);
#8481 = CIRCLE('',#8482,0.325);
#8482 = AXIS2_PLACEMENT_3D('',#8483,#8484,#8485);
#8483 = CARTESIAN_POINT('',(1.25,-20.32,-4.25));
#8484 = DIRECTION('',(-2.341930812375E-31,-8.881784197001E-16,-1.));
#8485 = DIRECTION('',(3.451266460342E-31,1.,-8.881784197001E-16));
#8486 = PLANE('',#8487);
#8487 = AXIS2_PLACEMENT_3D('',#8488,#8489,#8490);
#8488 = CARTESIAN_POINT('',(1.25,-2.584833669232E-15,-4.25));
#8489 = DIRECTION('',(6.661338147751E-16,-4.795803299199E-16,-1.));
#8490 = DIRECTION('',(2.22044604925E-16,-1.,1.145714144695E-15));
#8491 = ADVANCED_FACE('',(#8492),#8517,.F.);
#8492 = FACE_BOUND('',#8493,.F.);
#8493 = EDGE_LOOP('',(#8494,#8495,#8503,#8511));
#8494 = ORIENTED_EDGE('',*,*,#8091,.T.);
#8495 = ORIENTED_EDGE('',*,*,#8496,.T.);
#8496 = EDGE_CURVE('',#8094,#8497,#8499,.T.);
#8497 = VERTEX_POINT('',#8498);
#8498 = CARTESIAN_POINT('',(2.5,24.13,4.25));
#8499 = LINE('',#8500,#8501);
#8500 = CARTESIAN_POINT('',(2.5,24.13,-4.25));
#8501 = VECTOR('',#8502,1.);
#8502 = DIRECTION('',(-1.665334536938E-15,-3.330669073875E-16,1.));
#8503 = ORIENTED_EDGE('',*,*,#8504,.F.);
#8504 = EDGE_CURVE('',#8505,#8497,#8507,.T.);
#8505 = VERTEX_POINT('',#8506);
#8506 = CARTESIAN_POINT('',(-4.246603069191E-15,24.13,4.25));
#8507 = LINE('',#8508,#8509);
#8508 = CARTESIAN_POINT('',(-1.684985484474E-14,24.13,4.25));
#8509 = VECTOR('',#8510,1.);
#8510 = DIRECTION('',(1.,-1.110223024625E-15,-1.110223024625E-16));
#8511 = ORIENTED_EDGE('',*,*,#8512,.F.);
#8512 = EDGE_CURVE('',#8092,#8505,#8513,.T.);
#8513 = LINE('',#8514,#8515);
#8514 = CARTESIAN_POINT('',(-8.996137168538E-15,24.13,-4.25));
#8515 = VECTOR('',#8516,1.);
#8516 = DIRECTION('',(-1.665334536938E-15,-3.330669073875E-16,1.));
#8517 = PLANE('',#8518);
#8518 = AXIS2_PLACEMENT_3D('',#8519,#8520,#8521);
#8519 = CARTESIAN_POINT('',(-4.581890422628E-15,24.13,-4.25));
#8520 = DIRECTION('',(2.22044604925E-16,-1.,1.221245327088E-15));
#8521 = DIRECTION('',(-1.443289932013E-15,-1.110223024625E-16,1.));
#8522 = ADVANCED_FACE('',(#8523),#8541,.T.);
#8523 = FACE_BOUND('',#8524,.T.);
#8524 = EDGE_LOOP('',(#8525,#8526,#8527,#8535));
#8525 = ORIENTED_EDGE('',*,*,#8101,.T.);
#8526 = ORIENTED_EDGE('',*,*,#8496,.T.);
#8527 = ORIENTED_EDGE('',*,*,#8528,.T.);
#8528 = EDGE_CURVE('',#8497,#8529,#8531,.T.);
#8529 = VERTEX_POINT('',#8530);
#8530 = CARTESIAN_POINT('',(2.5,-24.13,4.25));
#8531 = LINE('',#8532,#8533);
#8532 = CARTESIAN_POINT('',(2.5,24.13,4.25));
#8533 = VECTOR('',#8534,1.);
#8534 = DIRECTION('',(6.661338147751E-16,-1.,1.665334536938E-15));
#8535 = ORIENTED_EDGE('',*,*,#8536,.T.);
#8536 = EDGE_CURVE('',#8529,#8102,#8537,.T.);
#8537 = LINE('',#8538,#8539);
#8538 = CARTESIAN_POINT('',(2.5,-24.13,4.25));
#8539 = VECTOR('',#8540,1.);
#8540 = DIRECTION('',(1.665334536938E-15,3.330669073875E-16,-1.));
#8541 = PLANE('',#8542);
#8542 = AXIS2_PLACEMENT_3D('',#8543,#8544,#8545);
#8543 = CARTESIAN_POINT('',(2.5,-1.276107481913E-15,-3.043908227848));
#8544 = DIRECTION('',(1.,-1.33226762955E-15,-3.330669073875E-16));
#8545 = DIRECTION('',(-1.665334536938E-15,-3.330669073875E-16,1.));
#8546 = ADVANCED_FACE('',(#8547),#8565,.F.);
#8547 = FACE_BOUND('',#8548,.F.);
#8548 = EDGE_LOOP('',(#8549,#8557,#8558,#8559));
#8549 = ORIENTED_EDGE('',*,*,#8550,.T.);
#8550 = EDGE_CURVE('',#8551,#8529,#8553,.T.);
#8551 = VERTEX_POINT('',#8552);
#8552 = CARTESIAN_POINT('',(-4.246603069191E-15,-24.13,4.25));
#8553 = LINE('',#8554,#8555);
#8554 = CARTESIAN_POINT('',(4.581890422628E-15,-24.13,4.25));
#8555 = VECTOR('',#8556,1.);
#8556 = DIRECTION('',(1.,-1.110223024625E-15,-1.110223024625E-16));
#8557 = ORIENTED_EDGE('',*,*,#8536,.T.);
#8558 = ORIENTED_EDGE('',*,*,#8109,.F.);
#8559 = ORIENTED_EDGE('',*,*,#8560,.F.);
#8560 = EDGE_CURVE('',#8551,#8110,#8561,.T.);
#8561 = LINE('',#8562,#8563);
#8562 = CARTESIAN_POINT('',(8.996137168538E-15,-24.13,4.25));
#8563 = VECTOR('',#8564,1.);
#8564 = DIRECTION('',(1.665334536938E-15,3.330669073875E-16,-1.));
#8565 = PLANE('',#8566);
#8566 = AXIS2_PLACEMENT_3D('',#8567,#8568,#8569);
#8567 = CARTESIAN_POINT('',(4.581890422628E-15,-24.13,4.25));
#8568 = DIRECTION('',(-2.22044604925E-16,1.,-1.221245327088E-15));
#8569 = DIRECTION('',(1.443289932013E-15,1.110223024625E-16,-1.));
#8570 = ADVANCED_FACE('',(#8571),#8582,.F.);
#8571 = FACE_BOUND('',#8572,.F.);
#8572 = EDGE_LOOP('',(#8573,#8574,#8575,#8581));
#8573 = ORIENTED_EDGE('',*,*,#8117,.F.);
#8574 = ORIENTED_EDGE('',*,*,#8512,.T.);
#8575 = ORIENTED_EDGE('',*,*,#8576,.T.);
#8576 = EDGE_CURVE('',#8505,#8551,#8577,.T.);
#8577 = LINE('',#8578,#8579);
#8578 = CARTESIAN_POINT('',(-2.315148073251E-14,24.13,4.25));
#8579 = VECTOR('',#8580,1.);
#8580 = DIRECTION('',(6.661338147751E-16,-1.,1.665334536938E-15));
#8581 = ORIENTED_EDGE('',*,*,#8560,.T.);
#8582 = PLANE('',#8583);
#8583 = AXIS2_PLACEMENT_3D('',#8584,#8585,#8586);
#8584 = CARTESIAN_POINT('',(5.069125499104E-15,3.892270550247E-16,
    -3.043908227848));
#8585 = DIRECTION('',(1.,-1.33226762955E-15,-3.330669073875E-16));
#8586 = DIRECTION('',(-1.665334536938E-15,-3.330669073875E-16,1.));
#8587 = ADVANCED_FACE('',(#8588),#8616,.T.);
#8588 = FACE_BOUND('',#8589,.T.);
#8589 = EDGE_LOOP('',(#8590,#8601,#8606,#8607,#8608,#8609));
#8590 = ORIENTED_EDGE('',*,*,#8591,.F.);
#8591 = EDGE_CURVE('',#8592,#8594,#8596,.T.);
#8592 = VERTEX_POINT('',#8593);
#8593 = CARTESIAN_POINT('',(1.25,5.405,-7.25));
#8594 = VERTEX_POINT('',#8595);
#8595 = CARTESIAN_POINT('',(1.25,4.755,-7.25));
#8596 = CIRCLE('',#8597,0.325);
#8597 = AXIS2_PLACEMENT_3D('',#8598,#8599,#8600);
#8598 = CARTESIAN_POINT('',(1.25,5.08,-7.25));
#8599 = DIRECTION('',(-2.341930812375E-31,-8.881784197001E-16,-1.));
#8600 = DIRECTION('',(3.451266460342E-31,1.,-8.881784197001E-16));
#8601 = ORIENTED_EDGE('',*,*,#8602,.F.);
#8602 = EDGE_CURVE('',#8128,#8592,#8603,.T.);
#8603 = B_SPLINE_CURVE_WITH_KNOTS('',1,(#8604,#8605),.UNSPECIFIED.,.F.,
  .F.,(2,2),(-3.,0.),.PIECEWISE_BEZIER_KNOTS.);
#8604 = CARTESIAN_POINT('',(1.25,5.405,-4.25));
#8605 = CARTESIAN_POINT('',(1.25,5.405,-7.25));
#8606 = ORIENTED_EDGE('',*,*,#8136,.T.);
#8607 = ORIENTED_EDGE('',*,*,#8125,.T.);
#8608 = ORIENTED_EDGE('',*,*,#8602,.T.);
#8609 = ORIENTED_EDGE('',*,*,#8610,.F.);
#8610 = EDGE_CURVE('',#8594,#8592,#8611,.T.);
#8611 = CIRCLE('',#8612,0.325);
#8612 = AXIS2_PLACEMENT_3D('',#8613,#8614,#8615);
#8613 = CARTESIAN_POINT('',(1.25,5.08,-7.25));
#8614 = DIRECTION('',(-2.341930812375E-31,-8.881784197001E-16,-1.));
#8615 = DIRECTION('',(3.451266460342E-31,1.,-8.881784197001E-16));
#8616 = CYLINDRICAL_SURFACE('',#8617,0.325);
#8617 = AXIS2_PLACEMENT_3D('',#8618,#8619,#8620);
#8618 = CARTESIAN_POINT('',(1.25,5.08,-7.25));
#8619 = DIRECTION('',(6.661338147751E-16,-2.22044604925E-16,-1.));
#8620 = DIRECTION('',(3.451266460342E-31,1.,-8.881784197001E-16));
#8621 = ADVANCED_FACE('',(#8622),#8650,.T.);
#8622 = FACE_BOUND('',#8623,.T.);
#8623 = EDGE_LOOP('',(#8624,#8635,#8640,#8641,#8642,#8643));
#8624 = ORIENTED_EDGE('',*,*,#8625,.F.);
#8625 = EDGE_CURVE('',#8626,#8628,#8630,.T.);
#8626 = VERTEX_POINT('',#8627);
#8627 = CARTESIAN_POINT('',(1.25,-4.755,-7.25));
#8628 = VERTEX_POINT('',#8629);
#8629 = CARTESIAN_POINT('',(1.25,-5.405,-7.25));
#8630 = CIRCLE('',#8631,0.325);
#8631 = AXIS2_PLACEMENT_3D('',#8632,#8633,#8634);
#8632 = CARTESIAN_POINT('',(1.25,-5.08,-7.25));
#8633 = DIRECTION('',(-2.341930812375E-31,-8.881784197001E-16,-1.));
#8634 = DIRECTION('',(3.451266460342E-31,1.,-8.881784197001E-16));
#8635 = ORIENTED_EDGE('',*,*,#8636,.F.);
#8636 = EDGE_CURVE('',#8148,#8626,#8637,.T.);
#8637 = B_SPLINE_CURVE_WITH_KNOTS('',1,(#8638,#8639),.UNSPECIFIED.,.F.,
  .F.,(2,2),(-3.,0.),.PIECEWISE_BEZIER_KNOTS.);
#8638 = CARTESIAN_POINT('',(1.25,-4.755,-4.25));
#8639 = CARTESIAN_POINT('',(1.25,-4.755,-7.25));
#8640 = ORIENTED_EDGE('',*,*,#8156,.T.);
#8641 = ORIENTED_EDGE('',*,*,#8145,.T.);
#8642 = ORIENTED_EDGE('',*,*,#8636,.T.);
#8643 = ORIENTED_EDGE('',*,*,#8644,.F.);
#8644 = EDGE_CURVE('',#8628,#8626,#8645,.T.);
#8645 = CIRCLE('',#8646,0.325);
#8646 = AXIS2_PLACEMENT_3D('',#8647,#8648,#8649);
#8647 = CARTESIAN_POINT('',(1.25,-5.08,-7.25));
#8648 = DIRECTION('',(-2.341930812375E-31,-8.881784197001E-16,-1.));
#8649 = DIRECTION('',(3.451266460342E-31,1.,-8.881784197001E-16));
#8650 = CYLINDRICAL_SURFACE('',#8651,0.325);
#8651 = AXIS2_PLACEMENT_3D('',#8652,#8653,#8654);
#8652 = CARTESIAN_POINT('',(1.25,-5.08,-7.25));
#8653 = DIRECTION('',(6.661338147751E-16,-2.22044604925E-16,-1.));
#8654 = DIRECTION('',(3.451266460342E-31,1.,-8.881784197001E-16));
#8655 = ADVANCED_FACE('',(#8656),#8684,.T.);
#8656 = FACE_BOUND('',#8657,.T.);
#8657 = EDGE_LOOP('',(#8658,#8669,#8674,#8675,#8676,#8677));
#8658 = ORIENTED_EDGE('',*,*,#8659,.F.);
#8659 = EDGE_CURVE('',#8660,#8662,#8664,.T.);
#8660 = VERTEX_POINT('',#8661);
#8661 = CARTESIAN_POINT('',(1.25,7.945,-7.25));
#8662 = VERTEX_POINT('',#8663);
#8663 = CARTESIAN_POINT('',(1.25,7.295,-7.25));
#8664 = CIRCLE('',#8665,0.325);
#8665 = AXIS2_PLACEMENT_3D('',#8666,#8667,#8668);
#8666 = CARTESIAN_POINT('',(1.25,7.62,-7.25));
#8667 = DIRECTION('',(-2.341930812375E-31,-8.881784197001E-16,-1.));
#8668 = DIRECTION('',(3.451266460342E-31,1.,-8.881784197001E-16));
#8669 = ORIENTED_EDGE('',*,*,#8670,.F.);
#8670 = EDGE_CURVE('',#8168,#8660,#8671,.T.);
#8671 = B_SPLINE_CURVE_WITH_KNOTS('',1,(#8672,#8673),.UNSPECIFIED.,.F.,
  .F.,(2,2),(-3.,0.),.PIECEWISE_BEZIER_KNOTS.);
#8672 = CARTESIAN_POINT('',(1.25,7.945,-4.25));
#8673 = CARTESIAN_POINT('',(1.25,7.945,-7.25));
#8674 = ORIENTED_EDGE('',*,*,#8176,.T.);
#8675 = ORIENTED_EDGE('',*,*,#8165,.T.);
#8676 = ORIENTED_EDGE('',*,*,#8670,.T.);
#8677 = ORIENTED_EDGE('',*,*,#8678,.F.);
#8678 = EDGE_CURVE('',#8662,#8660,#8679,.T.);
#8679 = CIRCLE('',#8680,0.325);
#8680 = AXIS2_PLACEMENT_3D('',#8681,#8682,#8683);
#8681 = CARTESIAN_POINT('',(1.25,7.62,-7.25));
#8682 = DIRECTION('',(-2.341930812375E-31,-8.881784197001E-16,-1.));
#8683 = DIRECTION('',(3.451266460342E-31,1.,-8.881784197001E-16));
#8684 = CYLINDRICAL_SURFACE('',#8685,0.325);
#8685 = AXIS2_PLACEMENT_3D('',#8686,#8687,#8688);
#8686 = CARTESIAN_POINT('',(1.25,7.62,-7.25));
#8687 = DIRECTION('',(6.661338147751E-16,-2.22044604925E-16,-1.));
#8688 = DIRECTION('',(3.451266460342E-31,1.,-8.881784197001E-16));
#8689 = ADVANCED_FACE('',(#8690),#8718,.T.);
#8690 = FACE_BOUND('',#8691,.T.);
#8691 = EDGE_LOOP('',(#8692,#8703,#8708,#8709,#8710,#8711));
#8692 = ORIENTED_EDGE('',*,*,#8693,.F.);
#8693 = EDGE_CURVE('',#8694,#8696,#8698,.T.);
#8694 = VERTEX_POINT('',#8695);
#8695 = CARTESIAN_POINT('',(1.25,-7.295,-7.25));
#8696 = VERTEX_POINT('',#8697);
#8697 = CARTESIAN_POINT('',(1.25,-7.945,-7.25));
#8698 = CIRCLE('',#8699,0.325);
#8699 = AXIS2_PLACEMENT_3D('',#8700,#8701,#8702);
#8700 = CARTESIAN_POINT('',(1.25,-7.62,-7.25));
#8701 = DIRECTION('',(-2.341930812375E-31,-8.881784197001E-16,-1.));
#8702 = DIRECTION('',(3.451266460342E-31,1.,-8.881784197001E-16));
#8703 = ORIENTED_EDGE('',*,*,#8704,.F.);
#8704 = EDGE_CURVE('',#8188,#8694,#8705,.T.);
#8705 = B_SPLINE_CURVE_WITH_KNOTS('',1,(#8706,#8707),.UNSPECIFIED.,.F.,
  .F.,(2,2),(-3.,0.),.PIECEWISE_BEZIER_KNOTS.);
#8706 = CARTESIAN_POINT('',(1.25,-7.295,-4.25));
#8707 = CARTESIAN_POINT('',(1.25,-7.295,-7.25));
#8708 = ORIENTED_EDGE('',*,*,#8196,.T.);
#8709 = ORIENTED_EDGE('',*,*,#8185,.T.);
#8710 = ORIENTED_EDGE('',*,*,#8704,.T.);
#8711 = ORIENTED_EDGE('',*,*,#8712,.F.);
#8712 = EDGE_CURVE('',#8696,#8694,#8713,.T.);
#8713 = CIRCLE('',#8714,0.325);
#8714 = AXIS2_PLACEMENT_3D('',#8715,#8716,#8717);
#8715 = CARTESIAN_POINT('',(1.25,-7.62,-7.25));
#8716 = DIRECTION('',(-2.341930812375E-31,-8.881784197001E-16,-1.));
#8717 = DIRECTION('',(3.451266460342E-31,1.,-8.881784197001E-16));
#8718 = CYLINDRICAL_SURFACE('',#8719,0.325);
#8719 = AXIS2_PLACEMENT_3D('',#8720,#8721,#8722);
#8720 = CARTESIAN_POINT('',(1.25,-7.62,-7.25));
#8721 = DIRECTION('',(6.661338147751E-16,-2.22044604925E-16,-1.));
#8722 = DIRECTION('',(3.451266460342E-31,1.,-8.881784197001E-16));
#8723 = ADVANCED_FACE('',(#8724),#8752,.T.);
#8724 = FACE_BOUND('',#8725,.T.);
#8725 = EDGE_LOOP('',(#8726,#8737,#8742,#8743,#8744,#8745));
#8726 = ORIENTED_EDGE('',*,*,#8727,.F.);
#8727 = EDGE_CURVE('',#8728,#8730,#8732,.T.);
#8728 = VERTEX_POINT('',#8729);
#8729 = CARTESIAN_POINT('',(1.25,0.325,-7.25));
#8730 = VERTEX_POINT('',#8731);
#8731 = CARTESIAN_POINT('',(1.25,-0.325,-7.25));
#8732 = CIRCLE('',#8733,0.325);
#8733 = AXIS2_PLACEMENT_3D('',#8734,#8735,#8736);
#8734 = CARTESIAN_POINT('',(1.25,-8.49037068879E-16,-7.25));
#8735 = DIRECTION('',(-2.341930812375E-31,-8.881784197001E-16,-1.));
#8736 = DIRECTION('',(3.451266460342E-31,1.,-8.881784197001E-16));
#8737 = ORIENTED_EDGE('',*,*,#8738,.F.);
#8738 = EDGE_CURVE('',#8208,#8728,#8739,.T.);
#8739 = B_SPLINE_CURVE_WITH_KNOTS('',1,(#8740,#8741),.UNSPECIFIED.,.F.,
  .F.,(2,2),(-3.,0.),.PIECEWISE_BEZIER_KNOTS.);
#8740 = CARTESIAN_POINT('',(1.25,0.325,-4.25));
#8741 = CARTESIAN_POINT('',(1.25,0.325,-7.25));
#8742 = ORIENTED_EDGE('',*,*,#8216,.T.);
#8743 = ORIENTED_EDGE('',*,*,#8205,.T.);
#8744 = ORIENTED_EDGE('',*,*,#8738,.T.);
#8745 = ORIENTED_EDGE('',*,*,#8746,.F.);
#8746 = EDGE_CURVE('',#8730,#8728,#8747,.T.);
#8747 = CIRCLE('',#8748,0.325);
#8748 = AXIS2_PLACEMENT_3D('',#8749,#8750,#8751);
#8749 = CARTESIAN_POINT('',(1.25,-8.49037068879E-16,-7.25));
#8750 = DIRECTION('',(-2.341930812375E-31,-8.881784197001E-16,-1.));
#8751 = DIRECTION('',(3.451266460342E-31,1.,-8.881784197001E-16));
#8752 = CYLINDRICAL_SURFACE('',#8753,0.325);
#8753 = AXIS2_PLACEMENT_3D('',#8754,#8755,#8756);
#8754 = CARTESIAN_POINT('',(1.25,-8.49037068879E-16,-7.25));
#8755 = DIRECTION('',(6.661338147751E-16,-2.22044604925E-16,-1.));
#8756 = DIRECTION('',(3.451266460342E-31,1.,-8.881784197001E-16));
#8757 = ADVANCED_FACE('',(#8758),#8786,.T.);
#8758 = FACE_BOUND('',#8759,.T.);
#8759 = EDGE_LOOP('',(#8760,#8771,#8776,#8777,#8778,#8779));
#8760 = ORIENTED_EDGE('',*,*,#8761,.F.);
#8761 = EDGE_CURVE('',#8762,#8764,#8766,.T.);
#8762 = VERTEX_POINT('',#8763);
#8763 = CARTESIAN_POINT('',(1.25,2.865,-7.25));
#8764 = VERTEX_POINT('',#8765);
#8765 = CARTESIAN_POINT('',(1.25,2.215,-7.25));
#8766 = CIRCLE('',#8767,0.325);
#8767 = AXIS2_PLACEMENT_3D('',#8768,#8769,#8770);
#8768 = CARTESIAN_POINT('',(1.25,2.54,-7.25));
#8769 = DIRECTION('',(-2.341930812375E-31,-8.881784197001E-16,-1.));
#8770 = DIRECTION('',(3.451266460342E-31,1.,-8.881784197001E-16));
#8771 = ORIENTED_EDGE('',*,*,#8772,.F.);
#8772 = EDGE_CURVE('',#8228,#8762,#8773,.T.);
#8773 = B_SPLINE_CURVE_WITH_KNOTS('',1,(#8774,#8775),.UNSPECIFIED.,.F.,
  .F.,(2,2),(-3.,0.),.PIECEWISE_BEZIER_KNOTS.);
#8774 = CARTESIAN_POINT('',(1.25,2.865,-4.25));
#8775 = CARTESIAN_POINT('',(1.25,2.865,-7.25));
#8776 = ORIENTED_EDGE('',*,*,#8236,.T.);
#8777 = ORIENTED_EDGE('',*,*,#8225,.T.);
#8778 = ORIENTED_EDGE('',*,*,#8772,.T.);
#8779 = ORIENTED_EDGE('',*,*,#8780,.F.);
#8780 = EDGE_CURVE('',#8764,#8762,#8781,.T.);
#8781 = CIRCLE('',#8782,0.325);
#8782 = AXIS2_PLACEMENT_3D('',#8783,#8784,#8785);
#8783 = CARTESIAN_POINT('',(1.25,2.54,-7.25));
#8784 = DIRECTION('',(-2.341930812375E-31,-8.881784197001E-16,-1.));
#8785 = DIRECTION('',(3.451266460342E-31,1.,-8.881784197001E-16));
#8786 = CYLINDRICAL_SURFACE('',#8787,0.325);
#8787 = AXIS2_PLACEMENT_3D('',#8788,#8789,#8790);
#8788 = CARTESIAN_POINT('',(1.25,2.54,-7.25));
#8789 = DIRECTION('',(6.661338147751E-16,-2.22044604925E-16,-1.));
#8790 = DIRECTION('',(3.451266460342E-31,1.,-8.881784197001E-16));
#8791 = ADVANCED_FACE('',(#8792),#8820,.T.);
#8792 = FACE_BOUND('',#8793,.T.);
#8793 = EDGE_LOOP('',(#8794,#8805,#8810,#8811,#8812,#8813));
#8794 = ORIENTED_EDGE('',*,*,#8795,.F.);
#8795 = EDGE_CURVE('',#8796,#8798,#8800,.T.);
#8796 = VERTEX_POINT('',#8797);
#8797 = CARTESIAN_POINT('',(1.25,-2.215,-7.25));
#8798 = VERTEX_POINT('',#8799);
#8799 = CARTESIAN_POINT('',(1.25,-2.865,-7.25));
#8800 = CIRCLE('',#8801,0.325);
#8801 = AXIS2_PLACEMENT_3D('',#8802,#8803,#8804);
#8802 = CARTESIAN_POINT('',(1.25,-2.54,-7.25));
#8803 = DIRECTION('',(-2.341930812375E-31,-8.881784197001E-16,-1.));
#8804 = DIRECTION('',(3.451266460342E-31,1.,-8.881784197001E-16));
#8805 = ORIENTED_EDGE('',*,*,#8806,.F.);
#8806 = EDGE_CURVE('',#8248,#8796,#8807,.T.);
#8807 = B_SPLINE_CURVE_WITH_KNOTS('',1,(#8808,#8809),.UNSPECIFIED.,.F.,
  .F.,(2,2),(-3.,0.),.PIECEWISE_BEZIER_KNOTS.);
#8808 = CARTESIAN_POINT('',(1.25,-2.215,-4.25));
#8809 = CARTESIAN_POINT('',(1.25,-2.215,-7.25));
#8810 = ORIENTED_EDGE('',*,*,#8256,.T.);
#8811 = ORIENTED_EDGE('',*,*,#8245,.T.);
#8812 = ORIENTED_EDGE('',*,*,#8806,.T.);
#8813 = ORIENTED_EDGE('',*,*,#8814,.F.);
#8814 = EDGE_CURVE('',#8798,#8796,#8815,.T.);
#8815 = CIRCLE('',#8816,0.325);
#8816 = AXIS2_PLACEMENT_3D('',#8817,#8818,#8819);
#8817 = CARTESIAN_POINT('',(1.25,-2.54,-7.25));
#8818 = DIRECTION('',(-2.341930812375E-31,-8.881784197001E-16,-1.));
#8819 = DIRECTION('',(3.451266460342E-31,1.,-8.881784197001E-16));
#8820 = CYLINDRICAL_SURFACE('',#8821,0.325);
#8821 = AXIS2_PLACEMENT_3D('',#8822,#8823,#8824);
#8822 = CARTESIAN_POINT('',(1.25,-2.54,-7.25));
#8823 = DIRECTION('',(6.661338147751E-16,-2.22044604925E-16,-1.));
#8824 = DIRECTION('',(3.451266460342E-31,1.,-8.881784197001E-16));
#8825 = ADVANCED_FACE('',(#8826),#8854,.T.);
#8826 = FACE_BOUND('',#8827,.T.);
#8827 = EDGE_LOOP('',(#8828,#8839,#8844,#8845,#8846,#8847));
#8828 = ORIENTED_EDGE('',*,*,#8829,.F.);
#8829 = EDGE_CURVE('',#8830,#8832,#8834,.T.);
#8830 = VERTEX_POINT('',#8831);
#8831 = CARTESIAN_POINT('',(1.25,23.185,-7.25));
#8832 = VERTEX_POINT('',#8833);
#8833 = CARTESIAN_POINT('',(1.25,22.535,-7.25));
#8834 = CIRCLE('',#8835,0.325);
#8835 = AXIS2_PLACEMENT_3D('',#8836,#8837,#8838);
#8836 = CARTESIAN_POINT('',(1.25,22.86,-7.25));
#8837 = DIRECTION('',(-2.341930812375E-31,-8.881784197001E-16,-1.));
#8838 = DIRECTION('',(3.451266460342E-31,1.,-8.881784197001E-16));
#8839 = ORIENTED_EDGE('',*,*,#8840,.F.);
#8840 = EDGE_CURVE('',#8268,#8830,#8841,.T.);
#8841 = B_SPLINE_CURVE_WITH_KNOTS('',1,(#8842,#8843),.UNSPECIFIED.,.F.,
  .F.,(2,2),(-3.,0.),.PIECEWISE_BEZIER_KNOTS.);
#8842 = CARTESIAN_POINT('',(1.25,23.185,-4.25));
#8843 = CARTESIAN_POINT('',(1.25,23.185,-7.25));
#8844 = ORIENTED_EDGE('',*,*,#8276,.T.);
#8845 = ORIENTED_EDGE('',*,*,#8265,.T.);
#8846 = ORIENTED_EDGE('',*,*,#8840,.T.);
#8847 = ORIENTED_EDGE('',*,*,#8848,.F.);
#8848 = EDGE_CURVE('',#8832,#8830,#8849,.T.);
#8849 = CIRCLE('',#8850,0.325);
#8850 = AXIS2_PLACEMENT_3D('',#8851,#8852,#8853);
#8851 = CARTESIAN_POINT('',(1.25,22.86,-7.25));
#8852 = DIRECTION('',(-2.341930812375E-31,-8.881784197001E-16,-1.));
#8853 = DIRECTION('',(3.451266460342E-31,1.,-8.881784197001E-16));
#8854 = CYLINDRICAL_SURFACE('',#8855,0.325);
#8855 = AXIS2_PLACEMENT_3D('',#8856,#8857,#8858);
#8856 = CARTESIAN_POINT('',(1.25,22.86,-7.25));
#8857 = DIRECTION('',(6.661338147751E-16,-2.22044604925E-16,-1.));
#8858 = DIRECTION('',(3.451266460342E-31,1.,-8.881784197001E-16));
#8859 = ADVANCED_FACE('',(#8860),#8888,.T.);
#8860 = FACE_BOUND('',#8861,.T.);
#8861 = EDGE_LOOP('',(#8862,#8873,#8878,#8879,#8880,#8881));
#8862 = ORIENTED_EDGE('',*,*,#8863,.F.);
#8863 = EDGE_CURVE('',#8864,#8866,#8868,.T.);
#8864 = VERTEX_POINT('',#8865);
#8865 = CARTESIAN_POINT('',(1.25,15.565,-7.25));
#8866 = VERTEX_POINT('',#8867);
#8867 = CARTESIAN_POINT('',(1.25,14.915,-7.25));
#8868 = CIRCLE('',#8869,0.325);
#8869 = AXIS2_PLACEMENT_3D('',#8870,#8871,#8872);
#8870 = CARTESIAN_POINT('',(1.25,15.24,-7.25));
#8871 = DIRECTION('',(-2.341930812375E-31,-8.881784197001E-16,-1.));
#8872 = DIRECTION('',(3.451266460342E-31,1.,-8.881784197001E-16));
#8873 = ORIENTED_EDGE('',*,*,#8874,.F.);
#8874 = EDGE_CURVE('',#8288,#8864,#8875,.T.);
#8875 = B_SPLINE_CURVE_WITH_KNOTS('',1,(#8876,#8877),.UNSPECIFIED.,.F.,
  .F.,(2,2),(-3.,0.),.PIECEWISE_BEZIER_KNOTS.);
#8876 = CARTESIAN_POINT('',(1.25,15.565,-4.25));
#8877 = CARTESIAN_POINT('',(1.25,15.565,-7.25));
#8878 = ORIENTED_EDGE('',*,*,#8296,.T.);
#8879 = ORIENTED_EDGE('',*,*,#8285,.T.);
#8880 = ORIENTED_EDGE('',*,*,#8874,.T.);
#8881 = ORIENTED_EDGE('',*,*,#8882,.F.);
#8882 = EDGE_CURVE('',#8866,#8864,#8883,.T.);
#8883 = CIRCLE('',#8884,0.325);
#8884 = AXIS2_PLACEMENT_3D('',#8885,#8886,#8887);
#8885 = CARTESIAN_POINT('',(1.25,15.24,-7.25));
#8886 = DIRECTION('',(-2.341930812375E-31,-8.881784197001E-16,-1.));
#8887 = DIRECTION('',(3.451266460342E-31,1.,-8.881784197001E-16));
#8888 = CYLINDRICAL_SURFACE('',#8889,0.325);
#8889 = AXIS2_PLACEMENT_3D('',#8890,#8891,#8892);
#8890 = CARTESIAN_POINT('',(1.25,15.24,-7.25));
#8891 = DIRECTION('',(6.661338147751E-16,-2.22044604925E-16,-1.));
#8892 = DIRECTION('',(3.451266460342E-31,1.,-8.881784197001E-16));
#8893 = ADVANCED_FACE('',(#8894),#8922,.T.);
#8894 = FACE_BOUND('',#8895,.T.);
#8895 = EDGE_LOOP('',(#8896,#8907,#8912,#8913,#8914,#8915));
#8896 = ORIENTED_EDGE('',*,*,#8897,.F.);
#8897 = EDGE_CURVE('',#8898,#8900,#8902,.T.);
#8898 = VERTEX_POINT('',#8899);
#8899 = CARTESIAN_POINT('',(1.25,13.025,-7.25));
#8900 = VERTEX_POINT('',#8901);
#8901 = CARTESIAN_POINT('',(1.25,12.375,-7.25));
#8902 = CIRCLE('',#8903,0.325);
#8903 = AXIS2_PLACEMENT_3D('',#8904,#8905,#8906);
#8904 = CARTESIAN_POINT('',(1.25,12.7,-7.25));
#8905 = DIRECTION('',(-2.341930812375E-31,-8.881784197001E-16,-1.));
#8906 = DIRECTION('',(3.451266460342E-31,1.,-8.881784197001E-16));
#8907 = ORIENTED_EDGE('',*,*,#8908,.F.);
#8908 = EDGE_CURVE('',#8308,#8898,#8909,.T.);
#8909 = B_SPLINE_CURVE_WITH_KNOTS('',1,(#8910,#8911),.UNSPECIFIED.,.F.,
  .F.,(2,2),(-3.,0.),.PIECEWISE_BEZIER_KNOTS.);
#8910 = CARTESIAN_POINT('',(1.25,13.025,-4.25));
#8911 = CARTESIAN_POINT('',(1.25,13.025,-7.25));
#8912 = ORIENTED_EDGE('',*,*,#8316,.T.);
#8913 = ORIENTED_EDGE('',*,*,#8305,.T.);
#8914 = ORIENTED_EDGE('',*,*,#8908,.T.);
#8915 = ORIENTED_EDGE('',*,*,#8916,.F.);
#8916 = EDGE_CURVE('',#8900,#8898,#8917,.T.);
#8917 = CIRCLE('',#8918,0.325);
#8918 = AXIS2_PLACEMENT_3D('',#8919,#8920,#8921);
#8919 = CARTESIAN_POINT('',(1.25,12.7,-7.25));
#8920 = DIRECTION('',(-2.341930812375E-31,-8.881784197001E-16,-1.));
#8921 = DIRECTION('',(3.451266460342E-31,1.,-8.881784197001E-16));
#8922 = CYLINDRICAL_SURFACE('',#8923,0.325);
#8923 = AXIS2_PLACEMENT_3D('',#8924,#8925,#8926);
#8924 = CARTESIAN_POINT('',(1.25,12.7,-7.25));
#8925 = DIRECTION('',(6.661338147751E-16,-2.22044604925E-16,-1.));
#8926 = DIRECTION('',(3.451266460342E-31,1.,-8.881784197001E-16));
#8927 = ADVANCED_FACE('',(#8928),#8956,.T.);
#8928 = FACE_BOUND('',#8929,.T.);
#8929 = EDGE_LOOP('',(#8930,#8941,#8946,#8947,#8948,#8949));
#8930 = ORIENTED_EDGE('',*,*,#8931,.F.);
#8931 = EDGE_CURVE('',#8932,#8934,#8936,.T.);
#8932 = VERTEX_POINT('',#8933);
#8933 = CARTESIAN_POINT('',(1.25,-12.375,-7.25));
#8934 = VERTEX_POINT('',#8935);
#8935 = CARTESIAN_POINT('',(1.25,-13.025,-7.25));
#8936 = CIRCLE('',#8937,0.325);
#8937 = AXIS2_PLACEMENT_3D('',#8938,#8939,#8940);
#8938 = CARTESIAN_POINT('',(1.25,-12.7,-7.25));
#8939 = DIRECTION('',(-2.341930812375E-31,-8.881784197001E-16,-1.));
#8940 = DIRECTION('',(3.451266460342E-31,1.,-8.881784197001E-16));
#8941 = ORIENTED_EDGE('',*,*,#8942,.F.);
#8942 = EDGE_CURVE('',#8328,#8932,#8943,.T.);
#8943 = B_SPLINE_CURVE_WITH_KNOTS('',1,(#8944,#8945),.UNSPECIFIED.,.F.,
  .F.,(2,2),(-3.,0.),.PIECEWISE_BEZIER_KNOTS.);
#8944 = CARTESIAN_POINT('',(1.25,-12.375,-4.25));
#8945 = CARTESIAN_POINT('',(1.25,-12.375,-7.25));
#8946 = ORIENTED_EDGE('',*,*,#8336,.T.);
#8947 = ORIENTED_EDGE('',*,*,#8325,.T.);
#8948 = ORIENTED_EDGE('',*,*,#8942,.T.);
#8949 = ORIENTED_EDGE('',*,*,#8950,.F.);
#8950 = EDGE_CURVE('',#8934,#8932,#8951,.T.);
#8951 = CIRCLE('',#8952,0.325);
#8952 = AXIS2_PLACEMENT_3D('',#8953,#8954,#8955);
#8953 = CARTESIAN_POINT('',(1.25,-12.7,-7.25));
#8954 = DIRECTION('',(-2.341930812375E-31,-8.881784197001E-16,-1.));
#8955 = DIRECTION('',(3.451266460342E-31,1.,-8.881784197001E-16));
#8956 = CYLINDRICAL_SURFACE('',#8957,0.325);
#8957 = AXIS2_PLACEMENT_3D('',#8958,#8959,#8960);
#8958 = CARTESIAN_POINT('',(1.25,-12.7,-7.25));
#8959 = DIRECTION('',(6.661338147751E-16,-2.22044604925E-16,-1.));
#8960 = DIRECTION('',(3.451266460342E-31,1.,-8.881784197001E-16));
#8961 = ADVANCED_FACE('',(#8962),#8990,.T.);
#8962 = FACE_BOUND('',#8963,.T.);
#8963 = EDGE_LOOP('',(#8964,#8975,#8980,#8981,#8982,#8983));
#8964 = ORIENTED_EDGE('',*,*,#8965,.F.);
#8965 = EDGE_CURVE('',#8966,#8968,#8970,.T.);
#8966 = VERTEX_POINT('',#8967);
#8967 = CARTESIAN_POINT('',(1.25,-14.915,-7.25));
#8968 = VERTEX_POINT('',#8969);
#8969 = CARTESIAN_POINT('',(1.25,-15.565,-7.25));
#8970 = CIRCLE('',#8971,0.325);
#8971 = AXIS2_PLACEMENT_3D('',#8972,#8973,#8974);
#8972 = CARTESIAN_POINT('',(1.25,-15.24,-7.25));
#8973 = DIRECTION('',(-2.341930812375E-31,-8.881784197001E-16,-1.));
#8974 = DIRECTION('',(3.451266460342E-31,1.,-8.881784197001E-16));
#8975 = ORIENTED_EDGE('',*,*,#8976,.F.);
#8976 = EDGE_CURVE('',#8348,#8966,#8977,.T.);
#8977 = B_SPLINE_CURVE_WITH_KNOTS('',1,(#8978,#8979),.UNSPECIFIED.,.F.,
  .F.,(2,2),(-3.,0.),.PIECEWISE_BEZIER_KNOTS.);
#8978 = CARTESIAN_POINT('',(1.25,-14.915,-4.25));
#8979 = CARTESIAN_POINT('',(1.25,-14.915,-7.25));
#8980 = ORIENTED_EDGE('',*,*,#8356,.T.);
#8981 = ORIENTED_EDGE('',*,*,#8345,.T.);
#8982 = ORIENTED_EDGE('',*,*,#8976,.T.);
#8983 = ORIENTED_EDGE('',*,*,#8984,.F.);
#8984 = EDGE_CURVE('',#8968,#8966,#8985,.T.);
#8985 = CIRCLE('',#8986,0.325);
#8986 = AXIS2_PLACEMENT_3D('',#8987,#8988,#8989);
#8987 = CARTESIAN_POINT('',(1.25,-15.24,-7.25));
#8988 = DIRECTION('',(-2.341930812375E-31,-8.881784197001E-16,-1.));
#8989 = DIRECTION('',(3.451266460342E-31,1.,-8.881784197001E-16));
#8990 = CYLINDRICAL_SURFACE('',#8991,0.325);
#8991 = AXIS2_PLACEMENT_3D('',#8992,#8993,#8994);
#8992 = CARTESIAN_POINT('',(1.25,-15.24,-7.25));
#8993 = DIRECTION('',(6.661338147751E-16,-2.22044604925E-16,-1.));
#8994 = DIRECTION('',(3.451266460342E-31,1.,-8.881784197001E-16));
#8995 = ADVANCED_FACE('',(#8996),#9024,.T.);
#8996 = FACE_BOUND('',#8997,.T.);
#8997 = EDGE_LOOP('',(#8998,#9009,#9014,#9015,#9016,#9017));
#8998 = ORIENTED_EDGE('',*,*,#8999,.F.);
#8999 = EDGE_CURVE('',#9000,#9002,#9004,.T.);
#9000 = VERTEX_POINT('',#9001);
#9001 = CARTESIAN_POINT('',(1.25,20.645,-7.25));
#9002 = VERTEX_POINT('',#9003);
#9003 = CARTESIAN_POINT('',(1.25,19.995,-7.25));
#9004 = CIRCLE('',#9005,0.325);
#9005 = AXIS2_PLACEMENT_3D('',#9006,#9007,#9008);
#9006 = CARTESIAN_POINT('',(1.25,20.32,-7.25));
#9007 = DIRECTION('',(-2.341930812375E-31,-8.881784197001E-16,-1.));
#9008 = DIRECTION('',(3.451266460342E-31,1.,-8.881784197001E-16));
#9009 = ORIENTED_EDGE('',*,*,#9010,.F.);
#9010 = EDGE_CURVE('',#8372,#9000,#9011,.T.);
#9011 = B_SPLINE_CURVE_WITH_KNOTS('',1,(#9012,#9013),.UNSPECIFIED.,.F.,
  .F.,(2,2),(-3.,0.),.PIECEWISE_BEZIER_KNOTS.);
#9012 = CARTESIAN_POINT('',(1.25,20.645,-4.25));
#9013 = CARTESIAN_POINT('',(1.25,20.645,-7.25));
#9014 = ORIENTED_EDGE('',*,*,#8380,.T.);
#9015 = ORIENTED_EDGE('',*,*,#8369,.T.);
#9016 = ORIENTED_EDGE('',*,*,#9010,.T.);
#9017 = ORIENTED_EDGE('',*,*,#9018,.F.);
#9018 = EDGE_CURVE('',#9002,#9000,#9019,.T.);
#9019 = CIRCLE('',#9020,0.325);
#9020 = AXIS2_PLACEMENT_3D('',#9021,#9022,#9023);
#9021 = CARTESIAN_POINT('',(1.25,20.32,-7.25));
#9022 = DIRECTION('',(-2.341930812375E-31,-8.881784197001E-16,-1.));
#9023 = DIRECTION('',(3.451266460342E-31,1.,-8.881784197001E-16));
#9024 = CYLINDRICAL_SURFACE('',#9025,0.325);
#9025 = AXIS2_PLACEMENT_3D('',#9026,#9027,#9028);
#9026 = CARTESIAN_POINT('',(1.25,20.32,-7.25));
#9027 = DIRECTION('',(6.661338147751E-16,-2.22044604925E-16,-1.));
#9028 = DIRECTION('',(3.451266460342E-31,1.,-8.881784197001E-16));
#9029 = ADVANCED_FACE('',(#9030),#9058,.T.);
#9030 = FACE_BOUND('',#9031,.T.);
#9031 = EDGE_LOOP('',(#9032,#9043,#9048,#9049,#9050,#9051));
#9032 = ORIENTED_EDGE('',*,*,#9033,.F.);
#9033 = EDGE_CURVE('',#9034,#9036,#9038,.T.);
#9034 = VERTEX_POINT('',#9035);
#9035 = CARTESIAN_POINT('',(1.25,18.105,-7.25));
#9036 = VERTEX_POINT('',#9037);
#9037 = CARTESIAN_POINT('',(1.25,17.455,-7.25));
#9038 = CIRCLE('',#9039,0.325);
#9039 = AXIS2_PLACEMENT_3D('',#9040,#9041,#9042);
#9040 = CARTESIAN_POINT('',(1.25,17.78,-7.25));
#9041 = DIRECTION('',(-2.341930812375E-31,-8.881784197001E-16,-1.));
#9042 = DIRECTION('',(3.451266460342E-31,1.,-8.881784197001E-16));
#9043 = ORIENTED_EDGE('',*,*,#9044,.F.);
#9044 = EDGE_CURVE('',#8392,#9034,#9045,.T.);
#9045 = B_SPLINE_CURVE_WITH_KNOTS('',1,(#9046,#9047),.UNSPECIFIED.,.F.,
  .F.,(2,2),(-3.,-8.881784197001E-16),.PIECEWISE_BEZIER_KNOTS.);
#9046 = CARTESIAN_POINT('',(1.25,18.105,-4.25));
#9047 = CARTESIAN_POINT('',(1.25,18.105,-7.25));
#9048 = ORIENTED_EDGE('',*,*,#8400,.T.);
#9049 = ORIENTED_EDGE('',*,*,#8389,.T.);
#9050 = ORIENTED_EDGE('',*,*,#9044,.T.);
#9051 = ORIENTED_EDGE('',*,*,#9052,.F.);
#9052 = EDGE_CURVE('',#9036,#9034,#9053,.T.);
#9053 = CIRCLE('',#9054,0.325);
#9054 = AXIS2_PLACEMENT_3D('',#9055,#9056,#9057);
#9055 = CARTESIAN_POINT('',(1.25,17.78,-7.25));
#9056 = DIRECTION('',(-2.341930812375E-31,-8.881784197001E-16,-1.));
#9057 = DIRECTION('',(3.451266460342E-31,1.,-8.881784197001E-16));
#9058 = CYLINDRICAL_SURFACE('',#9059,0.325);
#9059 = AXIS2_PLACEMENT_3D('',#9060,#9061,#9062);
#9060 = CARTESIAN_POINT('',(1.25,17.78,-7.25));
#9061 = DIRECTION('',(6.661338147751E-16,-2.22044604925E-16,-1.));
#9062 = DIRECTION('',(3.451266460342E-31,1.,-8.881784197001E-16));
#9063 = ADVANCED_FACE('',(#9064),#9092,.T.);
#9064 = FACE_BOUND('',#9065,.T.);
#9065 = EDGE_LOOP('',(#9066,#9077,#9082,#9083,#9084,#9085));
#9066 = ORIENTED_EDGE('',*,*,#9067,.F.);
#9067 = EDGE_CURVE('',#9068,#9070,#9072,.T.);
#9068 = VERTEX_POINT('',#9069);
#9069 = CARTESIAN_POINT('',(1.25,10.485,-7.25));
#9070 = VERTEX_POINT('',#9071);
#9071 = CARTESIAN_POINT('',(1.25,9.835,-7.25));
#9072 = CIRCLE('',#9073,0.325);
#9073 = AXIS2_PLACEMENT_3D('',#9074,#9075,#9076);
#9074 = CARTESIAN_POINT('',(1.25,10.16,-7.25));
#9075 = DIRECTION('',(-2.341930812375E-31,-8.881784197001E-16,-1.));
#9076 = DIRECTION('',(3.451266460342E-31,1.,-8.881784197001E-16));
#9077 = ORIENTED_EDGE('',*,*,#9078,.F.);
#9078 = EDGE_CURVE('',#8412,#9068,#9079,.T.);
#9079 = B_SPLINE_CURVE_WITH_KNOTS('',1,(#9080,#9081),.UNSPECIFIED.,.F.,
  .F.,(2,2),(-3.,0.),.PIECEWISE_BEZIER_KNOTS.);
#9080 = CARTESIAN_POINT('',(1.25,10.485,-4.25));
#9081 = CARTESIAN_POINT('',(1.25,10.485,-7.25));
#9082 = ORIENTED_EDGE('',*,*,#8420,.T.);
#9083 = ORIENTED_EDGE('',*,*,#8409,.T.);
#9084 = ORIENTED_EDGE('',*,*,#9078,.T.);
#9085 = ORIENTED_EDGE('',*,*,#9086,.F.);
#9086 = EDGE_CURVE('',#9070,#9068,#9087,.T.);
#9087 = CIRCLE('',#9088,0.325);
#9088 = AXIS2_PLACEMENT_3D('',#9089,#9090,#9091);
#9089 = CARTESIAN_POINT('',(1.25,10.16,-7.25));
#9090 = DIRECTION('',(-2.341930812375E-31,-8.881784197001E-16,-1.));
#9091 = DIRECTION('',(3.451266460342E-31,1.,-8.881784197001E-16));
#9092 = CYLINDRICAL_SURFACE('',#9093,0.325);
#9093 = AXIS2_PLACEMENT_3D('',#9094,#9095,#9096);
#9094 = CARTESIAN_POINT('',(1.25,10.16,-7.25));
#9095 = DIRECTION('',(6.661338147751E-16,-2.22044604925E-16,-1.));
#9096 = DIRECTION('',(3.451266460342E-31,1.,-8.881784197001E-16));
#9097 = ADVANCED_FACE('',(#9098),#9126,.T.);
#9098 = FACE_BOUND('',#9099,.T.);
#9099 = EDGE_LOOP('',(#9100,#9111,#9116,#9117,#9118,#9119));
#9100 = ORIENTED_EDGE('',*,*,#9101,.F.);
#9101 = EDGE_CURVE('',#9102,#9104,#9106,.T.);
#9102 = VERTEX_POINT('',#9103);
#9103 = CARTESIAN_POINT('',(1.25,-9.835,-7.25));
#9104 = VERTEX_POINT('',#9105);
#9105 = CARTESIAN_POINT('',(1.25,-10.485,-7.25));
#9106 = CIRCLE('',#9107,0.325);
#9107 = AXIS2_PLACEMENT_3D('',#9108,#9109,#9110);
#9108 = CARTESIAN_POINT('',(1.25,-10.16,-7.25));
#9109 = DIRECTION('',(-2.341930812375E-31,-8.881784197001E-16,-1.));
#9110 = DIRECTION('',(3.451266460342E-31,1.,-8.881784197001E-16));
#9111 = ORIENTED_EDGE('',*,*,#9112,.F.);
#9112 = EDGE_CURVE('',#8432,#9102,#9113,.T.);
#9113 = B_SPLINE_CURVE_WITH_KNOTS('',1,(#9114,#9115),.UNSPECIFIED.,.F.,
  .F.,(2,2),(-3.,-8.881784197001E-16),.PIECEWISE_BEZIER_KNOTS.);
#9114 = CARTESIAN_POINT('',(1.25,-9.835,-4.25));
#9115 = CARTESIAN_POINT('',(1.25,-9.835,-7.25));
#9116 = ORIENTED_EDGE('',*,*,#8440,.T.);
#9117 = ORIENTED_EDGE('',*,*,#8429,.T.);
#9118 = ORIENTED_EDGE('',*,*,#9112,.T.);
#9119 = ORIENTED_EDGE('',*,*,#9120,.F.);
#9120 = EDGE_CURVE('',#9104,#9102,#9121,.T.);
#9121 = CIRCLE('',#9122,0.325);
#9122 = AXIS2_PLACEMENT_3D('',#9123,#9124,#9125);
#9123 = CARTESIAN_POINT('',(1.25,-10.16,-7.25));
#9124 = DIRECTION('',(-2.341930812375E-31,-8.881784197001E-16,-1.));
#9125 = DIRECTION('',(3.451266460342E-31,1.,-8.881784197001E-16));
#9126 = CYLINDRICAL_SURFACE('',#9127,0.325);
#9127 = AXIS2_PLACEMENT_3D('',#9128,#9129,#9130);
#9128 = CARTESIAN_POINT('',(1.25,-10.16,-7.25));
#9129 = DIRECTION('',(6.661338147751E-16,-2.22044604925E-16,-1.));
#9130 = DIRECTION('',(3.451266460342E-31,1.,-8.881784197001E-16));
#9131 = ADVANCED_FACE('',(#9132),#9160,.T.);
#9132 = FACE_BOUND('',#9133,.T.);
#9133 = EDGE_LOOP('',(#9134,#9145,#9150,#9151,#9152,#9153));
#9134 = ORIENTED_EDGE('',*,*,#9135,.F.);
#9135 = EDGE_CURVE('',#9136,#9138,#9140,.T.);
#9136 = VERTEX_POINT('',#9137);
#9137 = CARTESIAN_POINT('',(1.25,-17.455,-7.25));
#9138 = VERTEX_POINT('',#9139);
#9139 = CARTESIAN_POINT('',(1.25,-18.105,-7.25));
#9140 = CIRCLE('',#9141,0.325);
#9141 = AXIS2_PLACEMENT_3D('',#9142,#9143,#9144);
#9142 = CARTESIAN_POINT('',(1.25,-17.78,-7.25));
#9143 = DIRECTION('',(-2.341930812375E-31,-8.881784197001E-16,-1.));
#9144 = DIRECTION('',(3.451266460342E-31,1.,-8.881784197001E-16));
#9145 = ORIENTED_EDGE('',*,*,#9146,.F.);
#9146 = EDGE_CURVE('',#8452,#9136,#9147,.T.);
#9147 = B_SPLINE_CURVE_WITH_KNOTS('',1,(#9148,#9149),.UNSPECIFIED.,.F.,
  .F.,(2,2),(-3.,0.),.PIECEWISE_BEZIER_KNOTS.);
#9148 = CARTESIAN_POINT('',(1.25,-17.455,-4.25));
#9149 = CARTESIAN_POINT('',(1.25,-17.455,-7.25));
#9150 = ORIENTED_EDGE('',*,*,#8460,.T.);
#9151 = ORIENTED_EDGE('',*,*,#8449,.T.);
#9152 = ORIENTED_EDGE('',*,*,#9146,.T.);
#9153 = ORIENTED_EDGE('',*,*,#9154,.F.);
#9154 = EDGE_CURVE('',#9138,#9136,#9155,.T.);
#9155 = CIRCLE('',#9156,0.325);
#9156 = AXIS2_PLACEMENT_3D('',#9157,#9158,#9159);
#9157 = CARTESIAN_POINT('',(1.25,-17.78,-7.25));
#9158 = DIRECTION('',(-2.341930812375E-31,-8.881784197001E-16,-1.));
#9159 = DIRECTION('',(3.451266460342E-31,1.,-8.881784197001E-16));
#9160 = CYLINDRICAL_SURFACE('',#9161,0.325);
#9161 = AXIS2_PLACEMENT_3D('',#9162,#9163,#9164);
#9162 = CARTESIAN_POINT('',(1.25,-17.78,-7.25));
#9163 = DIRECTION('',(6.661338147751E-16,-2.22044604925E-16,-1.));
#9164 = DIRECTION('',(3.451266460342E-31,1.,-8.881784197001E-16));
#9165 = ADVANCED_FACE('',(#9166),#9194,.T.);
#9166 = FACE_BOUND('',#9167,.T.);
#9167 = EDGE_LOOP('',(#9168,#9179,#9184,#9185,#9186,#9187));
#9168 = ORIENTED_EDGE('',*,*,#9169,.F.);
#9169 = EDGE_CURVE('',#9170,#9172,#9174,.T.);
#9170 = VERTEX_POINT('',#9171);
#9171 = CARTESIAN_POINT('',(1.25,-19.995,-7.25));
#9172 = VERTEX_POINT('',#9173);
#9173 = CARTESIAN_POINT('',(1.25,-20.645,-7.25));
#9174 = CIRCLE('',#9175,0.325);
#9175 = AXIS2_PLACEMENT_3D('',#9176,#9177,#9178);
#9176 = CARTESIAN_POINT('',(1.25,-20.32,-7.25));
#9177 = DIRECTION('',(-2.341930812375E-31,-8.881784197001E-16,-1.));
#9178 = DIRECTION('',(3.451266460342E-31,1.,-8.881784197001E-16));
#9179 = ORIENTED_EDGE('',*,*,#9180,.F.);
#9180 = EDGE_CURVE('',#8472,#9170,#9181,.T.);
#9181 = B_SPLINE_CURVE_WITH_KNOTS('',1,(#9182,#9183),.UNSPECIFIED.,.F.,
  .F.,(2,2),(-3.,0.),.PIECEWISE_BEZIER_KNOTS.);
#9182 = CARTESIAN_POINT('',(1.25,-19.995,-4.25));
#9183 = CARTESIAN_POINT('',(1.25,-19.995,-7.25));
#9184 = ORIENTED_EDGE('',*,*,#8480,.T.);
#9185 = ORIENTED_EDGE('',*,*,#8469,.T.);
#9186 = ORIENTED_EDGE('',*,*,#9180,.T.);
#9187 = ORIENTED_EDGE('',*,*,#9188,.F.);
#9188 = EDGE_CURVE('',#9172,#9170,#9189,.T.);
#9189 = CIRCLE('',#9190,0.325);
#9190 = AXIS2_PLACEMENT_3D('',#9191,#9192,#9193);
#9191 = CARTESIAN_POINT('',(1.25,-20.32,-7.25));
#9192 = DIRECTION('',(-2.341930812375E-31,-8.881784197001E-16,-1.));
#9193 = DIRECTION('',(3.451266460342E-31,1.,-8.881784197001E-16));
#9194 = CYLINDRICAL_SURFACE('',#9195,0.325);
#9195 = AXIS2_PLACEMENT_3D('',#9196,#9197,#9198);
#9196 = CARTESIAN_POINT('',(1.25,-20.32,-7.25));
#9197 = DIRECTION('',(6.661338147751E-16,-2.22044604925E-16,-1.));
#9198 = DIRECTION('',(3.451266460342E-31,1.,-8.881784197001E-16));
#9199 = ADVANCED_FACE('',(#9200,#9206,#9217,#9228,#9239,#9250,#9261,
    #9272,#9283,#9294,#9305,#9316,#9327,#9338,#9349,#9360,#9371,#9382,
    #9393,#9404),#9415,.F.);
#9200 = FACE_BOUND('',#9201,.F.);
#9201 = EDGE_LOOP('',(#9202,#9203,#9204,#9205));
#9202 = ORIENTED_EDGE('',*,*,#8504,.T.);
#9203 = ORIENTED_EDGE('',*,*,#8528,.T.);
#9204 = ORIENTED_EDGE('',*,*,#8550,.F.);
#9205 = ORIENTED_EDGE('',*,*,#8576,.F.);
#9206 = FACE_BOUND('',#9207,.F.);
#9207 = EDGE_LOOP('',(#9208));
#9208 = ORIENTED_EDGE('',*,*,#9209,.T.);
#9209 = EDGE_CURVE('',#9210,#9210,#9212,.T.);
#9210 = VERTEX_POINT('',#9211);
#9211 = CARTESIAN_POINT('',(1.25,-10.48,4.25));
#9212 = CIRCLE('',#9213,0.32);
#9213 = AXIS2_PLACEMENT_3D('',#9214,#9215,#9216);
#9214 = CARTESIAN_POINT('',(1.25,-10.16,4.25));
#9215 = DIRECTION('',(1.110223024625E-16,5.551115123126E-16,1.));
#9216 = DIRECTION('',(4.440892098501E-16,-1.,5.551115123126E-16));
#9217 = FACE_BOUND('',#9218,.F.);
#9218 = EDGE_LOOP('',(#9219));
#9219 = ORIENTED_EDGE('',*,*,#9220,.T.);
#9220 = EDGE_CURVE('',#9221,#9221,#9223,.T.);
#9221 = VERTEX_POINT('',#9222);
#9222 = CARTESIAN_POINT('',(1.25,-13.02,4.25));
#9223 = CIRCLE('',#9224,0.32);
#9224 = AXIS2_PLACEMENT_3D('',#9225,#9226,#9227);
#9225 = CARTESIAN_POINT('',(1.25,-12.7,4.25));
#9226 = DIRECTION('',(1.110223024625E-16,5.551115123126E-16,1.));
#9227 = DIRECTION('',(4.440892098501E-16,-1.,5.551115123126E-16));
#9228 = FACE_BOUND('',#9229,.F.);
#9229 = EDGE_LOOP('',(#9230));
#9230 = ORIENTED_EDGE('',*,*,#9231,.T.);
#9231 = EDGE_CURVE('',#9232,#9232,#9234,.T.);
#9232 = VERTEX_POINT('',#9233);
#9233 = CARTESIAN_POINT('',(1.25,-15.56,4.25));
#9234 = CIRCLE('',#9235,0.32);
#9235 = AXIS2_PLACEMENT_3D('',#9236,#9237,#9238);
#9236 = CARTESIAN_POINT('',(1.25,-15.24,4.25));
#9237 = DIRECTION('',(1.110223024625E-16,5.551115123126E-16,1.));
#9238 = DIRECTION('',(4.440892098501E-16,-1.,5.551115123126E-16));
#9239 = FACE_BOUND('',#9240,.F.);
#9240 = EDGE_LOOP('',(#9241));
#9241 = ORIENTED_EDGE('',*,*,#9242,.T.);
#9242 = EDGE_CURVE('',#9243,#9243,#9245,.T.);
#9243 = VERTEX_POINT('',#9244);
#9244 = CARTESIAN_POINT('',(1.25,-18.1,4.25));
#9245 = CIRCLE('',#9246,0.32);
#9246 = AXIS2_PLACEMENT_3D('',#9247,#9248,#9249);
#9247 = CARTESIAN_POINT('',(1.25,-17.78,4.25));
#9248 = DIRECTION('',(1.110223024625E-16,5.551115123126E-16,1.));
#9249 = DIRECTION('',(4.440892098501E-16,-1.,5.551115123126E-16));
#9250 = FACE_BOUND('',#9251,.F.);
#9251 = EDGE_LOOP('',(#9252));
#9252 = ORIENTED_EDGE('',*,*,#9253,.T.);
#9253 = EDGE_CURVE('',#9254,#9254,#9256,.T.);
#9254 = VERTEX_POINT('',#9255);
#9255 = CARTESIAN_POINT('',(1.25,-20.64,4.25));
#9256 = CIRCLE('',#9257,0.32);
#9257 = AXIS2_PLACEMENT_3D('',#9258,#9259,#9260);
#9258 = CARTESIAN_POINT('',(1.25,-20.32,4.25));
#9259 = DIRECTION('',(1.110223024625E-16,5.551115123126E-16,1.));
#9260 = DIRECTION('',(4.440892098501E-16,-1.,5.551115123126E-16));
#9261 = FACE_BOUND('',#9262,.F.);
#9262 = EDGE_LOOP('',(#9263));
#9263 = ORIENTED_EDGE('',*,*,#9264,.T.);
#9264 = EDGE_CURVE('',#9265,#9265,#9267,.T.);
#9265 = VERTEX_POINT('',#9266);
#9266 = CARTESIAN_POINT('',(1.25,-23.18,4.25));
#9267 = CIRCLE('',#9268,0.32);
#9268 = AXIS2_PLACEMENT_3D('',#9269,#9270,#9271);
#9269 = CARTESIAN_POINT('',(1.25,-22.86,4.25));
#9270 = DIRECTION('',(1.110223024625E-16,5.551115123126E-16,1.));
#9271 = DIRECTION('',(4.440892098501E-16,-1.,5.551115123126E-16));
#9272 = FACE_BOUND('',#9273,.F.);
#9273 = EDGE_LOOP('',(#9274));
#9274 = ORIENTED_EDGE('',*,*,#9275,.T.);
#9275 = EDGE_CURVE('',#9276,#9276,#9278,.T.);
#9276 = VERTEX_POINT('',#9277);
#9277 = CARTESIAN_POINT('',(1.25,22.54,4.25));
#9278 = CIRCLE('',#9279,0.32);
#9279 = AXIS2_PLACEMENT_3D('',#9280,#9281,#9282);
#9280 = CARTESIAN_POINT('',(1.25,22.86,4.25));
#9281 = DIRECTION('',(1.110223024625E-16,5.551115123126E-16,1.));
#9282 = DIRECTION('',(4.440892098501E-16,-1.,5.551115123126E-16));
#9283 = FACE_BOUND('',#9284,.F.);
#9284 = EDGE_LOOP('',(#9285));
#9285 = ORIENTED_EDGE('',*,*,#9286,.T.);
#9286 = EDGE_CURVE('',#9287,#9287,#9289,.T.);
#9287 = VERTEX_POINT('',#9288);
#9288 = CARTESIAN_POINT('',(1.25,20.,4.25));
#9289 = CIRCLE('',#9290,0.32);
#9290 = AXIS2_PLACEMENT_3D('',#9291,#9292,#9293);
#9291 = CARTESIAN_POINT('',(1.25,20.32,4.25));
#9292 = DIRECTION('',(1.110223024625E-16,5.551115123126E-16,1.));
#9293 = DIRECTION('',(4.440892098501E-16,-1.,5.551115123126E-16));
#9294 = FACE_BOUND('',#9295,.F.);
#9295 = EDGE_LOOP('',(#9296));
#9296 = ORIENTED_EDGE('',*,*,#9297,.T.);
#9297 = EDGE_CURVE('',#9298,#9298,#9300,.T.);
#9298 = VERTEX_POINT('',#9299);
#9299 = CARTESIAN_POINT('',(1.25,17.46,4.25));
#9300 = CIRCLE('',#9301,0.32);
#9301 = AXIS2_PLACEMENT_3D('',#9302,#9303,#9304);
#9302 = CARTESIAN_POINT('',(1.25,17.78,4.25));
#9303 = DIRECTION('',(1.110223024625E-16,5.551115123126E-16,1.));
#9304 = DIRECTION('',(4.440892098501E-16,-1.,5.551115123126E-16));
#9305 = FACE_BOUND('',#9306,.F.);
#9306 = EDGE_LOOP('',(#9307));
#9307 = ORIENTED_EDGE('',*,*,#9308,.T.);
#9308 = EDGE_CURVE('',#9309,#9309,#9311,.T.);
#9309 = VERTEX_POINT('',#9310);
#9310 = CARTESIAN_POINT('',(1.25,14.92,4.25));
#9311 = CIRCLE('',#9312,0.32);
#9312 = AXIS2_PLACEMENT_3D('',#9313,#9314,#9315);
#9313 = CARTESIAN_POINT('',(1.25,15.24,4.25));
#9314 = DIRECTION('',(1.110223024625E-16,5.551115123126E-16,1.));
#9315 = DIRECTION('',(4.440892098501E-16,-1.,5.551115123126E-16));
#9316 = FACE_BOUND('',#9317,.F.);
#9317 = EDGE_LOOP('',(#9318));
#9318 = ORIENTED_EDGE('',*,*,#9319,.T.);
#9319 = EDGE_CURVE('',#9320,#9320,#9322,.T.);
#9320 = VERTEX_POINT('',#9321);
#9321 = CARTESIAN_POINT('',(1.25,12.38,4.25));
#9322 = CIRCLE('',#9323,0.32);
#9323 = AXIS2_PLACEMENT_3D('',#9324,#9325,#9326);
#9324 = CARTESIAN_POINT('',(1.25,12.7,4.25));
#9325 = DIRECTION('',(1.110223024625E-16,5.551115123126E-16,1.));
#9326 = DIRECTION('',(4.440892098501E-16,-1.,5.551115123126E-16));
#9327 = FACE_BOUND('',#9328,.F.);
#9328 = EDGE_LOOP('',(#9329));
#9329 = ORIENTED_EDGE('',*,*,#9330,.T.);
#9330 = EDGE_CURVE('',#9331,#9331,#9333,.T.);
#9331 = VERTEX_POINT('',#9332);
#9332 = CARTESIAN_POINT('',(1.25,9.84,4.25));
#9333 = CIRCLE('',#9334,0.32);
#9334 = AXIS2_PLACEMENT_3D('',#9335,#9336,#9337);
#9335 = CARTESIAN_POINT('',(1.25,10.16,4.25));
#9336 = DIRECTION('',(1.110223024625E-16,5.551115123126E-16,1.));
#9337 = DIRECTION('',(4.440892098501E-16,-1.,5.551115123126E-16));
#9338 = FACE_BOUND('',#9339,.F.);
#9339 = EDGE_LOOP('',(#9340));
#9340 = ORIENTED_EDGE('',*,*,#9341,.T.);
#9341 = EDGE_CURVE('',#9342,#9342,#9344,.T.);
#9342 = VERTEX_POINT('',#9343);
#9343 = CARTESIAN_POINT('',(1.25,7.3,4.25));
#9344 = CIRCLE('',#9345,0.32);
#9345 = AXIS2_PLACEMENT_3D('',#9346,#9347,#9348);
#9346 = CARTESIAN_POINT('',(1.25,7.62,4.25));
#9347 = DIRECTION('',(1.110223024625E-16,5.551115123126E-16,1.));
#9348 = DIRECTION('',(4.440892098501E-16,-1.,5.551115123126E-16));
#9349 = FACE_BOUND('',#9350,.F.);
#9350 = EDGE_LOOP('',(#9351));
#9351 = ORIENTED_EDGE('',*,*,#9352,.T.);
#9352 = EDGE_CURVE('',#9353,#9353,#9355,.T.);
#9353 = VERTEX_POINT('',#9354);
#9354 = CARTESIAN_POINT('',(1.25,4.76,4.25));
#9355 = CIRCLE('',#9356,0.32);
#9356 = AXIS2_PLACEMENT_3D('',#9357,#9358,#9359);
#9357 = CARTESIAN_POINT('',(1.25,5.08,4.25));
#9358 = DIRECTION('',(1.110223024625E-16,5.551115123126E-16,1.));
#9359 = DIRECTION('',(4.440892098501E-16,-1.,5.551115123126E-16));
#9360 = FACE_BOUND('',#9361,.F.);
#9361 = EDGE_LOOP('',(#9362));
#9362 = ORIENTED_EDGE('',*,*,#9363,.T.);
#9363 = EDGE_CURVE('',#9364,#9364,#9366,.T.);
#9364 = VERTEX_POINT('',#9365);
#9365 = CARTESIAN_POINT('',(1.25,2.22,4.25));
#9366 = CIRCLE('',#9367,0.32);
#9367 = AXIS2_PLACEMENT_3D('',#9368,#9369,#9370);
#9368 = CARTESIAN_POINT('',(1.25,2.54,4.25));
#9369 = DIRECTION('',(1.110223024625E-16,5.551115123126E-16,1.));
#9370 = DIRECTION('',(4.440892098501E-16,-1.,5.551115123126E-16));
#9371 = FACE_BOUND('',#9372,.F.);
#9372 = EDGE_LOOP('',(#9373));
#9373 = ORIENTED_EDGE('',*,*,#9374,.T.);
#9374 = EDGE_CURVE('',#9375,#9375,#9377,.T.);
#9375 = VERTEX_POINT('',#9376);
#9376 = CARTESIAN_POINT('',(1.25,-0.32,4.25));
#9377 = CIRCLE('',#9378,0.32);
#9378 = AXIS2_PLACEMENT_3D('',#9379,#9380,#9381);
#9379 = CARTESIAN_POINT('',(1.25,-4.440892098501E-15,4.25));
#9380 = DIRECTION('',(1.110223024625E-16,5.551115123126E-16,1.));
#9381 = DIRECTION('',(4.440892098501E-16,-1.,5.551115123126E-16));
#9382 = FACE_BOUND('',#9383,.F.);
#9383 = EDGE_LOOP('',(#9384));
#9384 = ORIENTED_EDGE('',*,*,#9385,.T.);
#9385 = EDGE_CURVE('',#9386,#9386,#9388,.T.);
#9386 = VERTEX_POINT('',#9387);
#9387 = CARTESIAN_POINT('',(1.25,-2.86,4.25));
#9388 = CIRCLE('',#9389,0.32);
#9389 = AXIS2_PLACEMENT_3D('',#9390,#9391,#9392);
#9390 = CARTESIAN_POINT('',(1.25,-2.54,4.25));
#9391 = DIRECTION('',(1.110223024625E-16,5.551115123126E-16,1.));
#9392 = DIRECTION('',(4.440892098501E-16,-1.,5.551115123126E-16));
#9393 = FACE_BOUND('',#9394,.F.);
#9394 = EDGE_LOOP('',(#9395));
#9395 = ORIENTED_EDGE('',*,*,#9396,.T.);
#9396 = EDGE_CURVE('',#9397,#9397,#9399,.T.);
#9397 = VERTEX_POINT('',#9398);
#9398 = CARTESIAN_POINT('',(1.25,-5.4,4.25));
#9399 = CIRCLE('',#9400,0.32);
#9400 = AXIS2_PLACEMENT_3D('',#9401,#9402,#9403);
#9401 = CARTESIAN_POINT('',(1.25,-5.08,4.25));
#9402 = DIRECTION('',(1.110223024625E-16,5.551115123126E-16,1.));
#9403 = DIRECTION('',(4.440892098501E-16,-1.,5.551115123126E-16));
#9404 = FACE_BOUND('',#9405,.F.);
#9405 = EDGE_LOOP('',(#9406));
#9406 = ORIENTED_EDGE('',*,*,#9407,.T.);
#9407 = EDGE_CURVE('',#9408,#9408,#9410,.T.);
#9408 = VERTEX_POINT('',#9409);
#9409 = CARTESIAN_POINT('',(1.25,-7.94,4.25));
#9410 = CIRCLE('',#9411,0.32);
#9411 = AXIS2_PLACEMENT_3D('',#9412,#9413,#9414);
#9412 = CARTESIAN_POINT('',(1.25,-7.62,4.25));
#9413 = DIRECTION('',(1.110223024625E-16,5.551115123126E-16,1.));
#9414 = DIRECTION('',(4.440892098501E-16,-1.,5.551115123126E-16));
#9415 = PLANE('',#9416);
#9416 = AXIS2_PLACEMENT_3D('',#9417,#9418,#9419);
#9417 = CARTESIAN_POINT('',(-1.684985484474E-14,24.13,4.25));
#9418 = DIRECTION('',(1.221245327088E-15,-1.110223024625E-16,-1.));
#9419 = DIRECTION('',(4.440892098501E-16,-1.,1.443289932013E-15));
#9420 = ADVANCED_FACE('',(#9421),#9425,.T.);
#9421 = FACE_BOUND('',#9422,.T.);
#9422 = EDGE_LOOP('',(#9423,#9424));
#9423 = ORIENTED_EDGE('',*,*,#8610,.T.);
#9424 = ORIENTED_EDGE('',*,*,#8591,.T.);
#9425 = PLANE('',#9426);
#9426 = AXIS2_PLACEMENT_3D('',#9427,#9428,#9429);
#9427 = CARTESIAN_POINT('',(8.063549827853E-15,5.405,-7.25));
#9428 = DIRECTION('',(1.221245327088E-15,-1.110223024625E-16,-1.));
#9429 = DIRECTION('',(4.440892098501E-16,-1.,1.443289932013E-15));
#9430 = ADVANCED_FACE('',(#9431),#9435,.F.);
#9431 = FACE_BOUND('',#9432,.F.);
#9432 = EDGE_LOOP('',(#9433,#9434));
#9433 = ORIENTED_EDGE('',*,*,#8644,.F.);
#9434 = ORIENTED_EDGE('',*,*,#8625,.F.);
#9435 = PLANE('',#9436);
#9436 = AXIS2_PLACEMENT_3D('',#9437,#9438,#9439);
#9437 = CARTESIAN_POINT('',(1.286415418633E-14,-5.405,-7.25));
#9438 = DIRECTION('',(-1.221245327088E-15,1.110223024625E-16,1.));
#9439 = DIRECTION('',(-4.440892098501E-16,1.,-1.443289932013E-15));
#9440 = ADVANCED_FACE('',(#9441),#9445,.T.);
#9441 = FACE_BOUND('',#9442,.T.);
#9442 = EDGE_LOOP('',(#9443,#9444));
#9443 = ORIENTED_EDGE('',*,*,#8678,.T.);
#9444 = ORIENTED_EDGE('',*,*,#8659,.T.);
#9445 = PLANE('',#9446);
#9446 = AXIS2_PLACEMENT_3D('',#9447,#9448,#9449);
#9447 = CARTESIAN_POINT('',(6.935563234833E-15,7.945,-7.25));
#9448 = DIRECTION('',(1.221245327088E-15,-1.110223024625E-16,-1.));
#9449 = DIRECTION('',(4.440892098501E-16,-1.,1.443289932013E-15));
#9450 = ADVANCED_FACE('',(#9451),#9455,.F.);
#9451 = FACE_BOUND('',#9452,.F.);
#9452 = EDGE_LOOP('',(#9453,#9454));
#9453 = ORIENTED_EDGE('',*,*,#8712,.F.);
#9454 = ORIENTED_EDGE('',*,*,#8693,.F.);
#9455 = PLANE('',#9456);
#9456 = AXIS2_PLACEMENT_3D('',#9457,#9458,#9459);
#9457 = CARTESIAN_POINT('',(1.399214077935E-14,-7.945,-7.25));
#9458 = DIRECTION('',(-1.221245327088E-15,1.110223024625E-16,1.));
#9459 = DIRECTION('',(-4.440892098501E-16,1.,-1.443289932013E-15));
#9460 = ADVANCED_FACE('',(#9461),#9465,.F.);
#9461 = FACE_BOUND('',#9462,.F.);
#9462 = EDGE_LOOP('',(#9463,#9464));
#9463 = ORIENTED_EDGE('',*,*,#8746,.F.);
#9464 = ORIENTED_EDGE('',*,*,#8727,.F.);
#9465 = PLANE('',#9466);
#9466 = AXIS2_PLACEMENT_3D('',#9467,#9468,#9469);
#9467 = CARTESIAN_POINT('',(1.060818100029E-14,-0.325,-7.25));
#9468 = DIRECTION('',(-1.221245327088E-15,1.110223024625E-16,1.));
#9469 = DIRECTION('',(-4.440892098501E-16,1.,-1.443289932013E-15));
#9470 = ADVANCED_FACE('',(#9471),#9475,.T.);
#9471 = FACE_BOUND('',#9472,.T.);
#9472 = EDGE_LOOP('',(#9473,#9474));
#9473 = ORIENTED_EDGE('',*,*,#8780,.T.);
#9474 = ORIENTED_EDGE('',*,*,#8761,.T.);
#9475 = PLANE('',#9476);
#9476 = AXIS2_PLACEMENT_3D('',#9477,#9478,#9479);
#9477 = CARTESIAN_POINT('',(9.191536420872E-15,2.865,-7.25));
#9478 = DIRECTION('',(1.221245327088E-15,-1.110223024625E-16,-1.));
#9479 = DIRECTION('',(4.440892098501E-16,-1.,1.443289932013E-15));
#9480 = ADVANCED_FACE('',(#9481),#9485,.F.);
#9481 = FACE_BOUND('',#9482,.F.);
#9482 = EDGE_LOOP('',(#9483,#9484));
#9483 = ORIENTED_EDGE('',*,*,#8814,.F.);
#9484 = ORIENTED_EDGE('',*,*,#8795,.F.);
#9485 = PLANE('',#9486);
#9486 = AXIS2_PLACEMENT_3D('',#9487,#9488,#9489);
#9487 = CARTESIAN_POINT('',(1.173616759331E-14,-2.865,-7.25));
#9488 = DIRECTION('',(-1.221245327088E-15,1.110223024625E-16,1.));
#9489 = DIRECTION('',(-4.440892098501E-16,1.,-1.443289932013E-15));
#9490 = ADVANCED_FACE('',(#9491),#9495,.T.);
#9491 = FACE_BOUND('',#9492,.T.);
#9492 = EDGE_LOOP('',(#9493,#9494));
#9493 = ORIENTED_EDGE('',*,*,#8848,.T.);
#9494 = ORIENTED_EDGE('',*,*,#8829,.T.);
#9495 = PLANE('',#9496);
#9496 = AXIS2_PLACEMENT_3D('',#9497,#9498,#9499);
#9497 = CARTESIAN_POINT('',(1.676436767184E-16,23.185,-7.25));
#9498 = DIRECTION('',(1.221245327088E-15,-1.110223024625E-16,-1.));
#9499 = DIRECTION('',(4.440892098501E-16,-1.,1.443289932013E-15));
#9500 = ADVANCED_FACE('',(#9501),#9505,.T.);
#9501 = FACE_BOUND('',#9502,.T.);
#9502 = EDGE_LOOP('',(#9503,#9504));
#9503 = ORIENTED_EDGE('',*,*,#8882,.T.);
#9504 = ORIENTED_EDGE('',*,*,#8863,.T.);
#9505 = PLANE('',#9506);
#9506 = AXIS2_PLACEMENT_3D('',#9507,#9508,#9509);
#9507 = CARTESIAN_POINT('',(3.551603455776E-15,15.565,-7.25));
#9508 = DIRECTION('',(1.221245327088E-15,-1.110223024625E-16,-1.));
#9509 = DIRECTION('',(4.440892098501E-16,-1.,1.443289932013E-15));
#9510 = ADVANCED_FACE('',(#9511),#9515,.T.);
#9511 = FACE_BOUND('',#9512,.T.);
#9512 = EDGE_LOOP('',(#9513,#9514));
#9513 = ORIENTED_EDGE('',*,*,#8916,.T.);
#9514 = ORIENTED_EDGE('',*,*,#8897,.T.);
#9515 = PLANE('',#9516);
#9516 = AXIS2_PLACEMENT_3D('',#9517,#9518,#9519);
#9517 = CARTESIAN_POINT('',(4.679590048795E-15,13.025,-7.25));
#9518 = DIRECTION('',(1.221245327088E-15,-1.110223024625E-16,-1.));
#9519 = DIRECTION('',(4.440892098501E-16,-1.,1.443289932013E-15));
#9520 = ADVANCED_FACE('',(#9521),#9525,.F.);
#9521 = FACE_BOUND('',#9522,.F.);
#9522 = EDGE_LOOP('',(#9523,#9524));
#9523 = ORIENTED_EDGE('',*,*,#8950,.F.);
#9524 = ORIENTED_EDGE('',*,*,#8931,.F.);
#9525 = PLANE('',#9526);
#9526 = AXIS2_PLACEMENT_3D('',#9527,#9528,#9529);
#9527 = CARTESIAN_POINT('',(1.624811396539E-14,-13.025,-7.25));
#9528 = DIRECTION('',(-1.221245327088E-15,1.110223024625E-16,1.));
#9529 = DIRECTION('',(-4.440892098501E-16,1.,-1.443289932013E-15));
#9530 = ADVANCED_FACE('',(#9531),#9535,.F.);
#9531 = FACE_BOUND('',#9532,.F.);
#9532 = EDGE_LOOP('',(#9533,#9534));
#9533 = ORIENTED_EDGE('',*,*,#8984,.F.);
#9534 = ORIENTED_EDGE('',*,*,#8965,.F.);
#9535 = PLANE('',#9536);
#9536 = AXIS2_PLACEMENT_3D('',#9537,#9538,#9539);
#9537 = CARTESIAN_POINT('',(1.737610055841E-14,-15.565,-7.25));
#9538 = DIRECTION('',(-1.221245327088E-15,1.110223024625E-16,1.));
#9539 = DIRECTION('',(-4.440892098501E-16,1.,-1.443289932013E-15));
#9540 = ADVANCED_FACE('',(#9541),#9545,.T.);
#9541 = FACE_BOUND('',#9542,.T.);
#9542 = EDGE_LOOP('',(#9543,#9544));
#9543 = ORIENTED_EDGE('',*,*,#9018,.T.);
#9544 = ORIENTED_EDGE('',*,*,#8999,.T.);
#9545 = PLANE('',#9546);
#9546 = AXIS2_PLACEMENT_3D('',#9547,#9548,#9549);
#9547 = CARTESIAN_POINT('',(1.295630269738E-15,20.645,-7.25));
#9548 = DIRECTION('',(1.221245327088E-15,-1.110223024625E-16,-1.));
#9549 = DIRECTION('',(4.440892098501E-16,-1.,1.443289932013E-15));
#9550 = ADVANCED_FACE('',(#9551),#9555,.T.);
#9551 = FACE_BOUND('',#9552,.T.);
#9552 = EDGE_LOOP('',(#9553,#9554));
#9553 = ORIENTED_EDGE('',*,*,#9052,.T.);
#9554 = ORIENTED_EDGE('',*,*,#9033,.T.);
#9555 = PLANE('',#9556);
#9556 = AXIS2_PLACEMENT_3D('',#9557,#9558,#9559);
#9557 = CARTESIAN_POINT('',(2.423616862757E-15,18.105,-7.25));
#9558 = DIRECTION('',(1.221245327088E-15,-1.110223024625E-16,-1.));
#9559 = DIRECTION('',(4.440892098501E-16,-1.,1.443289932013E-15));
#9560 = ADVANCED_FACE('',(#9561),#9565,.T.);
#9561 = FACE_BOUND('',#9562,.T.);
#9562 = EDGE_LOOP('',(#9563,#9564));
#9563 = ORIENTED_EDGE('',*,*,#9086,.T.);
#9564 = ORIENTED_EDGE('',*,*,#9067,.T.);
#9565 = PLANE('',#9566);
#9566 = AXIS2_PLACEMENT_3D('',#9567,#9568,#9569);
#9567 = CARTESIAN_POINT('',(5.807576641814E-15,10.485,-7.25));
#9568 = DIRECTION('',(1.221245327088E-15,-1.110223024625E-16,-1.));
#9569 = DIRECTION('',(4.440892098501E-16,-1.,1.443289932013E-15));
#9570 = ADVANCED_FACE('',(#9571),#9575,.F.);
#9571 = FACE_BOUND('',#9572,.F.);
#9572 = EDGE_LOOP('',(#9573,#9574));
#9573 = ORIENTED_EDGE('',*,*,#9120,.F.);
#9574 = ORIENTED_EDGE('',*,*,#9101,.F.);
#9575 = PLANE('',#9576);
#9576 = AXIS2_PLACEMENT_3D('',#9577,#9578,#9579);
#9577 = CARTESIAN_POINT('',(1.512012737237E-14,-10.485,-7.25));
#9578 = DIRECTION('',(-1.221245327088E-15,1.110223024625E-16,1.));
#9579 = DIRECTION('',(-4.440892098501E-16,1.,-1.443289932013E-15));
#9580 = ADVANCED_FACE('',(#9581),#9585,.F.);
#9581 = FACE_BOUND('',#9582,.F.);
#9582 = EDGE_LOOP('',(#9583,#9584));
#9583 = ORIENTED_EDGE('',*,*,#9154,.F.);
#9584 = ORIENTED_EDGE('',*,*,#9135,.F.);
#9585 = PLANE('',#9586);
#9586 = AXIS2_PLACEMENT_3D('',#9587,#9588,#9589);
#9587 = CARTESIAN_POINT('',(1.850408715143E-14,-18.105,-7.25));
#9588 = DIRECTION('',(-1.221245327088E-15,1.110223024625E-16,1.));
#9589 = DIRECTION('',(-4.440892098501E-16,1.,-1.443289932013E-15));
#9590 = ADVANCED_FACE('',(#9591),#9595,.F.);
#9591 = FACE_BOUND('',#9592,.F.);
#9592 = EDGE_LOOP('',(#9593,#9594));
#9593 = ORIENTED_EDGE('',*,*,#9188,.F.);
#9594 = ORIENTED_EDGE('',*,*,#9169,.F.);
#9595 = PLANE('',#9596);
#9596 = AXIS2_PLACEMENT_3D('',#9597,#9598,#9599);
#9597 = CARTESIAN_POINT('',(1.963207374445E-14,-20.645,-7.25));
#9598 = DIRECTION('',(-1.221245327088E-15,1.110223024625E-16,1.));
#9599 = DIRECTION('',(-4.440892098501E-16,1.,-1.443289932013E-15));
#9600 = ADVANCED_FACE('',(#9601),#9620,.F.);
#9601 = FACE_BOUND('',#9602,.F.);
#9602 = EDGE_LOOP('',(#9603,#9611,#9618,#9619));
#9603 = ORIENTED_EDGE('',*,*,#9604,.T.);
#9604 = EDGE_CURVE('',#9210,#9605,#9607,.T.);
#9605 = VERTEX_POINT('',#9606);
#9606 = CARTESIAN_POINT('',(1.25,-10.48,-1.75));
#9607 = LINE('',#9608,#9609);
#9608 = CARTESIAN_POINT('',(1.25,-10.48,4.25));
#9609 = VECTOR('',#9610,1.);
#9610 = DIRECTION('',(3.330669073875E-16,-1.110223024625E-16,-1.));
#9611 = ORIENTED_EDGE('',*,*,#9612,.T.);
#9612 = EDGE_CURVE('',#9605,#9605,#9613,.T.);
#9613 = CIRCLE('',#9614,0.32);
#9614 = AXIS2_PLACEMENT_3D('',#9615,#9616,#9617);
#9615 = CARTESIAN_POINT('',(1.25,-10.16,-1.75));
#9616 = DIRECTION('',(1.110223024625E-16,5.551115123126E-16,1.));
#9617 = DIRECTION('',(4.440892098501E-16,-1.,5.551115123126E-16));
#9618 = ORIENTED_EDGE('',*,*,#9604,.F.);
#9619 = ORIENTED_EDGE('',*,*,#9209,.F.);
#9620 = CYLINDRICAL_SURFACE('',#9621,0.32);
#9621 = AXIS2_PLACEMENT_3D('',#9622,#9623,#9624);
#9622 = CARTESIAN_POINT('',(1.25,-10.16,4.25));
#9623 = DIRECTION('',(-1.110223024625E-16,3.330669073875E-16,1.));
#9624 = DIRECTION('',(2.22044604925E-16,-1.,3.330669073875E-16));
#9625 = ADVANCED_FACE('',(#9626),#9645,.F.);
#9626 = FACE_BOUND('',#9627,.F.);
#9627 = EDGE_LOOP('',(#9628,#9636,#9643,#9644));
#9628 = ORIENTED_EDGE('',*,*,#9629,.T.);
#9629 = EDGE_CURVE('',#9221,#9630,#9632,.T.);
#9630 = VERTEX_POINT('',#9631);
#9631 = CARTESIAN_POINT('',(1.25,-13.02,-1.75));
#9632 = LINE('',#9633,#9634);
#9633 = CARTESIAN_POINT('',(1.25,-13.02,4.25));
#9634 = VECTOR('',#9635,1.);
#9635 = DIRECTION('',(3.330669073875E-16,-1.110223024625E-16,-1.));
#9636 = ORIENTED_EDGE('',*,*,#9637,.T.);
#9637 = EDGE_CURVE('',#9630,#9630,#9638,.T.);
#9638 = CIRCLE('',#9639,0.32);
#9639 = AXIS2_PLACEMENT_3D('',#9640,#9641,#9642);
#9640 = CARTESIAN_POINT('',(1.25,-12.7,-1.75));
#9641 = DIRECTION('',(1.110223024625E-16,5.551115123126E-16,1.));
#9642 = DIRECTION('',(4.440892098501E-16,-1.,5.551115123126E-16));
#9643 = ORIENTED_EDGE('',*,*,#9629,.F.);
#9644 = ORIENTED_EDGE('',*,*,#9220,.F.);
#9645 = CYLINDRICAL_SURFACE('',#9646,0.32);
#9646 = AXIS2_PLACEMENT_3D('',#9647,#9648,#9649);
#9647 = CARTESIAN_POINT('',(1.25,-12.7,4.25));
#9648 = DIRECTION('',(-1.110223024625E-16,3.330669073875E-16,1.));
#9649 = DIRECTION('',(2.22044604925E-16,-1.,3.330669073875E-16));
#9650 = ADVANCED_FACE('',(#9651),#9670,.F.);
#9651 = FACE_BOUND('',#9652,.F.);
#9652 = EDGE_LOOP('',(#9653,#9661,#9668,#9669));
#9653 = ORIENTED_EDGE('',*,*,#9654,.T.);
#9654 = EDGE_CURVE('',#9232,#9655,#9657,.T.);
#9655 = VERTEX_POINT('',#9656);
#9656 = CARTESIAN_POINT('',(1.25,-15.56,-1.75));
#9657 = LINE('',#9658,#9659);
#9658 = CARTESIAN_POINT('',(1.25,-15.56,4.25));
#9659 = VECTOR('',#9660,1.);
#9660 = DIRECTION('',(3.330669073875E-16,-1.110223024625E-16,-1.));
#9661 = ORIENTED_EDGE('',*,*,#9662,.T.);
#9662 = EDGE_CURVE('',#9655,#9655,#9663,.T.);
#9663 = CIRCLE('',#9664,0.32);
#9664 = AXIS2_PLACEMENT_3D('',#9665,#9666,#9667);
#9665 = CARTESIAN_POINT('',(1.25,-15.24,-1.75));
#9666 = DIRECTION('',(1.110223024625E-16,5.551115123126E-16,1.));
#9667 = DIRECTION('',(4.440892098501E-16,-1.,5.551115123126E-16));
#9668 = ORIENTED_EDGE('',*,*,#9654,.F.);
#9669 = ORIENTED_EDGE('',*,*,#9231,.F.);
#9670 = CYLINDRICAL_SURFACE('',#9671,0.32);
#9671 = AXIS2_PLACEMENT_3D('',#9672,#9673,#9674);
#9672 = CARTESIAN_POINT('',(1.25,-15.24,4.25));
#9673 = DIRECTION('',(-1.110223024625E-16,3.330669073875E-16,1.));
#9674 = DIRECTION('',(2.22044604925E-16,-1.,3.330669073875E-16));
#9675 = ADVANCED_FACE('',(#9676),#9695,.F.);
#9676 = FACE_BOUND('',#9677,.F.);
#9677 = EDGE_LOOP('',(#9678,#9686,#9693,#9694));
#9678 = ORIENTED_EDGE('',*,*,#9679,.T.);
#9679 = EDGE_CURVE('',#9243,#9680,#9682,.T.);
#9680 = VERTEX_POINT('',#9681);
#9681 = CARTESIAN_POINT('',(1.25,-18.1,-1.75));
#9682 = LINE('',#9683,#9684);
#9683 = CARTESIAN_POINT('',(1.25,-18.1,4.25));
#9684 = VECTOR('',#9685,1.);
#9685 = DIRECTION('',(3.330669073875E-16,-1.110223024625E-16,-1.));
#9686 = ORIENTED_EDGE('',*,*,#9687,.T.);
#9687 = EDGE_CURVE('',#9680,#9680,#9688,.T.);
#9688 = CIRCLE('',#9689,0.32);
#9689 = AXIS2_PLACEMENT_3D('',#9690,#9691,#9692);
#9690 = CARTESIAN_POINT('',(1.25,-17.78,-1.75));
#9691 = DIRECTION('',(1.110223024625E-16,5.551115123126E-16,1.));
#9692 = DIRECTION('',(4.440892098501E-16,-1.,5.551115123126E-16));
#9693 = ORIENTED_EDGE('',*,*,#9679,.F.);
#9694 = ORIENTED_EDGE('',*,*,#9242,.F.);
#9695 = CYLINDRICAL_SURFACE('',#9696,0.32);
#9696 = AXIS2_PLACEMENT_3D('',#9697,#9698,#9699);
#9697 = CARTESIAN_POINT('',(1.25,-17.78,4.25));
#9698 = DIRECTION('',(-1.110223024625E-16,3.330669073875E-16,1.));
#9699 = DIRECTION('',(2.22044604925E-16,-1.,3.330669073875E-16));
#9700 = ADVANCED_FACE('',(#9701),#9720,.F.);
#9701 = FACE_BOUND('',#9702,.F.);
#9702 = EDGE_LOOP('',(#9703,#9711,#9718,#9719));
#9703 = ORIENTED_EDGE('',*,*,#9704,.T.);
#9704 = EDGE_CURVE('',#9254,#9705,#9707,.T.);
#9705 = VERTEX_POINT('',#9706);
#9706 = CARTESIAN_POINT('',(1.25,-20.64,-1.75));
#9707 = LINE('',#9708,#9709);
#9708 = CARTESIAN_POINT('',(1.25,-20.64,4.25));
#9709 = VECTOR('',#9710,1.);
#9710 = DIRECTION('',(3.330669073875E-16,-1.110223024625E-16,-1.));
#9711 = ORIENTED_EDGE('',*,*,#9712,.T.);
#9712 = EDGE_CURVE('',#9705,#9705,#9713,.T.);
#9713 = CIRCLE('',#9714,0.32);
#9714 = AXIS2_PLACEMENT_3D('',#9715,#9716,#9717);
#9715 = CARTESIAN_POINT('',(1.25,-20.32,-1.75));
#9716 = DIRECTION('',(1.110223024625E-16,5.551115123126E-16,1.));
#9717 = DIRECTION('',(4.440892098501E-16,-1.,5.551115123126E-16));
#9718 = ORIENTED_EDGE('',*,*,#9704,.F.);
#9719 = ORIENTED_EDGE('',*,*,#9253,.F.);
#9720 = CYLINDRICAL_SURFACE('',#9721,0.32);
#9721 = AXIS2_PLACEMENT_3D('',#9722,#9723,#9724);
#9722 = CARTESIAN_POINT('',(1.25,-20.32,4.25));
#9723 = DIRECTION('',(-1.110223024625E-16,3.330669073875E-16,1.));
#9724 = DIRECTION('',(2.22044604925E-16,-1.,3.330669073875E-16));
#9725 = ADVANCED_FACE('',(#9726),#9745,.F.);
#9726 = FACE_BOUND('',#9727,.F.);
#9727 = EDGE_LOOP('',(#9728,#9736,#9743,#9744));
#9728 = ORIENTED_EDGE('',*,*,#9729,.T.);
#9729 = EDGE_CURVE('',#9265,#9730,#9732,.T.);
#9730 = VERTEX_POINT('',#9731);
#9731 = CARTESIAN_POINT('',(1.25,-23.18,-1.75));
#9732 = LINE('',#9733,#9734);
#9733 = CARTESIAN_POINT('',(1.25,-23.18,4.25));
#9734 = VECTOR('',#9735,1.);
#9735 = DIRECTION('',(3.330669073875E-16,-1.110223024625E-16,-1.));
#9736 = ORIENTED_EDGE('',*,*,#9737,.T.);
#9737 = EDGE_CURVE('',#9730,#9730,#9738,.T.);
#9738 = CIRCLE('',#9739,0.32);
#9739 = AXIS2_PLACEMENT_3D('',#9740,#9741,#9742);
#9740 = CARTESIAN_POINT('',(1.25,-22.86,-1.75));
#9741 = DIRECTION('',(1.110223024625E-16,5.551115123126E-16,1.));
#9742 = DIRECTION('',(4.440892098501E-16,-1.,5.551115123126E-16));
#9743 = ORIENTED_EDGE('',*,*,#9729,.F.);
#9744 = ORIENTED_EDGE('',*,*,#9264,.F.);
#9745 = CYLINDRICAL_SURFACE('',#9746,0.32);
#9746 = AXIS2_PLACEMENT_3D('',#9747,#9748,#9749);
#9747 = CARTESIAN_POINT('',(1.25,-22.86,4.25));
#9748 = DIRECTION('',(-1.110223024625E-16,3.330669073875E-16,1.));
#9749 = DIRECTION('',(2.22044604925E-16,-1.,3.330669073875E-16));
#9750 = ADVANCED_FACE('',(#9751),#9770,.F.);
#9751 = FACE_BOUND('',#9752,.F.);
#9752 = EDGE_LOOP('',(#9753,#9761,#9768,#9769));
#9753 = ORIENTED_EDGE('',*,*,#9754,.T.);
#9754 = EDGE_CURVE('',#9276,#9755,#9757,.T.);
#9755 = VERTEX_POINT('',#9756);
#9756 = CARTESIAN_POINT('',(1.25,22.54,-1.75));
#9757 = LINE('',#9758,#9759);
#9758 = CARTESIAN_POINT('',(1.25,22.54,4.25));
#9759 = VECTOR('',#9760,1.);
#9760 = DIRECTION('',(3.330669073875E-16,-1.110223024625E-16,-1.));
#9761 = ORIENTED_EDGE('',*,*,#9762,.T.);
#9762 = EDGE_CURVE('',#9755,#9755,#9763,.T.);
#9763 = CIRCLE('',#9764,0.32);
#9764 = AXIS2_PLACEMENT_3D('',#9765,#9766,#9767);
#9765 = CARTESIAN_POINT('',(1.25,22.86,-1.75));
#9766 = DIRECTION('',(1.110223024625E-16,5.551115123126E-16,1.));
#9767 = DIRECTION('',(4.440892098501E-16,-1.,5.551115123126E-16));
#9768 = ORIENTED_EDGE('',*,*,#9754,.F.);
#9769 = ORIENTED_EDGE('',*,*,#9275,.F.);
#9770 = CYLINDRICAL_SURFACE('',#9771,0.32);
#9771 = AXIS2_PLACEMENT_3D('',#9772,#9773,#9774);
#9772 = CARTESIAN_POINT('',(1.25,22.86,4.25));
#9773 = DIRECTION('',(-1.110223024625E-16,3.330669073875E-16,1.));
#9774 = DIRECTION('',(2.22044604925E-16,-1.,3.330669073875E-16));
#9775 = ADVANCED_FACE('',(#9776),#9795,.F.);
#9776 = FACE_BOUND('',#9777,.F.);
#9777 = EDGE_LOOP('',(#9778,#9786,#9793,#9794));
#9778 = ORIENTED_EDGE('',*,*,#9779,.T.);
#9779 = EDGE_CURVE('',#9287,#9780,#9782,.T.);
#9780 = VERTEX_POINT('',#9781);
#9781 = CARTESIAN_POINT('',(1.25,20.,-1.75));
#9782 = LINE('',#9783,#9784);
#9783 = CARTESIAN_POINT('',(1.25,20.,4.25));
#9784 = VECTOR('',#9785,1.);
#9785 = DIRECTION('',(3.330669073875E-16,-1.110223024625E-16,-1.));
#9786 = ORIENTED_EDGE('',*,*,#9787,.T.);
#9787 = EDGE_CURVE('',#9780,#9780,#9788,.T.);
#9788 = CIRCLE('',#9789,0.32);
#9789 = AXIS2_PLACEMENT_3D('',#9790,#9791,#9792);
#9790 = CARTESIAN_POINT('',(1.25,20.32,-1.75));
#9791 = DIRECTION('',(1.110223024625E-16,5.551115123126E-16,1.));
#9792 = DIRECTION('',(4.440892098501E-16,-1.,5.551115123126E-16));
#9793 = ORIENTED_EDGE('',*,*,#9779,.F.);
#9794 = ORIENTED_EDGE('',*,*,#9286,.F.);
#9795 = CYLINDRICAL_SURFACE('',#9796,0.32);
#9796 = AXIS2_PLACEMENT_3D('',#9797,#9798,#9799);
#9797 = CARTESIAN_POINT('',(1.25,20.32,4.25));
#9798 = DIRECTION('',(-1.110223024625E-16,3.330669073875E-16,1.));
#9799 = DIRECTION('',(2.22044604925E-16,-1.,3.330669073875E-16));
#9800 = ADVANCED_FACE('',(#9801),#9820,.F.);
#9801 = FACE_BOUND('',#9802,.F.);
#9802 = EDGE_LOOP('',(#9803,#9811,#9818,#9819));
#9803 = ORIENTED_EDGE('',*,*,#9804,.T.);
#9804 = EDGE_CURVE('',#9298,#9805,#9807,.T.);
#9805 = VERTEX_POINT('',#9806);
#9806 = CARTESIAN_POINT('',(1.25,17.46,-1.75));
#9807 = LINE('',#9808,#9809);
#9808 = CARTESIAN_POINT('',(1.25,17.46,4.25));
#9809 = VECTOR('',#9810,1.);
#9810 = DIRECTION('',(3.330669073875E-16,-1.110223024625E-16,-1.));
#9811 = ORIENTED_EDGE('',*,*,#9812,.T.);
#9812 = EDGE_CURVE('',#9805,#9805,#9813,.T.);
#9813 = CIRCLE('',#9814,0.32);
#9814 = AXIS2_PLACEMENT_3D('',#9815,#9816,#9817);
#9815 = CARTESIAN_POINT('',(1.25,17.78,-1.75));
#9816 = DIRECTION('',(1.110223024625E-16,5.551115123126E-16,1.));
#9817 = DIRECTION('',(4.440892098501E-16,-1.,5.551115123126E-16));
#9818 = ORIENTED_EDGE('',*,*,#9804,.F.);
#9819 = ORIENTED_EDGE('',*,*,#9297,.F.);
#9820 = CYLINDRICAL_SURFACE('',#9821,0.32);
#9821 = AXIS2_PLACEMENT_3D('',#9822,#9823,#9824);
#9822 = CARTESIAN_POINT('',(1.25,17.78,4.25));
#9823 = DIRECTION('',(-1.110223024625E-16,3.330669073875E-16,1.));
#9824 = DIRECTION('',(2.22044604925E-16,-1.,3.330669073875E-16));
#9825 = ADVANCED_FACE('',(#9826),#9845,.F.);
#9826 = FACE_BOUND('',#9827,.F.);
#9827 = EDGE_LOOP('',(#9828,#9836,#9843,#9844));
#9828 = ORIENTED_EDGE('',*,*,#9829,.T.);
#9829 = EDGE_CURVE('',#9309,#9830,#9832,.T.);
#9830 = VERTEX_POINT('',#9831);
#9831 = CARTESIAN_POINT('',(1.25,14.92,-1.75));
#9832 = LINE('',#9833,#9834);
#9833 = CARTESIAN_POINT('',(1.25,14.92,4.25));
#9834 = VECTOR('',#9835,1.);
#9835 = DIRECTION('',(3.330669073875E-16,-1.110223024625E-16,-1.));
#9836 = ORIENTED_EDGE('',*,*,#9837,.T.);
#9837 = EDGE_CURVE('',#9830,#9830,#9838,.T.);
#9838 = CIRCLE('',#9839,0.32);
#9839 = AXIS2_PLACEMENT_3D('',#9840,#9841,#9842);
#9840 = CARTESIAN_POINT('',(1.25,15.24,-1.75));
#9841 = DIRECTION('',(1.110223024625E-16,5.551115123126E-16,1.));
#9842 = DIRECTION('',(4.440892098501E-16,-1.,5.551115123126E-16));
#9843 = ORIENTED_EDGE('',*,*,#9829,.F.);
#9844 = ORIENTED_EDGE('',*,*,#9308,.F.);
#9845 = CYLINDRICAL_SURFACE('',#9846,0.32);
#9846 = AXIS2_PLACEMENT_3D('',#9847,#9848,#9849);
#9847 = CARTESIAN_POINT('',(1.25,15.24,4.25));
#9848 = DIRECTION('',(-1.110223024625E-16,3.330669073875E-16,1.));
#9849 = DIRECTION('',(2.22044604925E-16,-1.,3.330669073875E-16));
#9850 = ADVANCED_FACE('',(#9851),#9870,.F.);
#9851 = FACE_BOUND('',#9852,.F.);
#9852 = EDGE_LOOP('',(#9853,#9861,#9868,#9869));
#9853 = ORIENTED_EDGE('',*,*,#9854,.T.);
#9854 = EDGE_CURVE('',#9320,#9855,#9857,.T.);
#9855 = VERTEX_POINT('',#9856);
#9856 = CARTESIAN_POINT('',(1.25,12.38,-1.75));
#9857 = LINE('',#9858,#9859);
#9858 = CARTESIAN_POINT('',(1.25,12.38,4.25));
#9859 = VECTOR('',#9860,1.);
#9860 = DIRECTION('',(3.330669073875E-16,-1.110223024625E-16,-1.));
#9861 = ORIENTED_EDGE('',*,*,#9862,.T.);
#9862 = EDGE_CURVE('',#9855,#9855,#9863,.T.);
#9863 = CIRCLE('',#9864,0.32);
#9864 = AXIS2_PLACEMENT_3D('',#9865,#9866,#9867);
#9865 = CARTESIAN_POINT('',(1.25,12.7,-1.75));
#9866 = DIRECTION('',(1.110223024625E-16,5.551115123126E-16,1.));
#9867 = DIRECTION('',(4.440892098501E-16,-1.,5.551115123126E-16));
#9868 = ORIENTED_EDGE('',*,*,#9854,.F.);
#9869 = ORIENTED_EDGE('',*,*,#9319,.F.);
#9870 = CYLINDRICAL_SURFACE('',#9871,0.32);
#9871 = AXIS2_PLACEMENT_3D('',#9872,#9873,#9874);
#9872 = CARTESIAN_POINT('',(1.25,12.7,4.25));
#9873 = DIRECTION('',(-1.110223024625E-16,3.330669073875E-16,1.));
#9874 = DIRECTION('',(2.22044604925E-16,-1.,3.330669073875E-16));
#9875 = ADVANCED_FACE('',(#9876),#9895,.F.);
#9876 = FACE_BOUND('',#9877,.F.);
#9877 = EDGE_LOOP('',(#9878,#9886,#9893,#9894));
#9878 = ORIENTED_EDGE('',*,*,#9879,.T.);
#9879 = EDGE_CURVE('',#9331,#9880,#9882,.T.);
#9880 = VERTEX_POINT('',#9881);
#9881 = CARTESIAN_POINT('',(1.25,9.84,-1.75));
#9882 = LINE('',#9883,#9884);
#9883 = CARTESIAN_POINT('',(1.25,9.84,4.25));
#9884 = VECTOR('',#9885,1.);
#9885 = DIRECTION('',(3.330669073875E-16,-1.110223024625E-16,-1.));
#9886 = ORIENTED_EDGE('',*,*,#9887,.T.);
#9887 = EDGE_CURVE('',#9880,#9880,#9888,.T.);
#9888 = CIRCLE('',#9889,0.32);
#9889 = AXIS2_PLACEMENT_3D('',#9890,#9891,#9892);
#9890 = CARTESIAN_POINT('',(1.25,10.16,-1.75));
#9891 = DIRECTION('',(1.110223024625E-16,5.551115123126E-16,1.));
#9892 = DIRECTION('',(4.440892098501E-16,-1.,5.551115123126E-16));
#9893 = ORIENTED_EDGE('',*,*,#9879,.F.);
#9894 = ORIENTED_EDGE('',*,*,#9330,.F.);
#9895 = CYLINDRICAL_SURFACE('',#9896,0.32);
#9896 = AXIS2_PLACEMENT_3D('',#9897,#9898,#9899);
#9897 = CARTESIAN_POINT('',(1.25,10.16,4.25));
#9898 = DIRECTION('',(-1.110223024625E-16,3.330669073875E-16,1.));
#9899 = DIRECTION('',(2.22044604925E-16,-1.,3.330669073875E-16));
#9900 = ADVANCED_FACE('',(#9901),#9920,.F.);
#9901 = FACE_BOUND('',#9902,.F.);
#9902 = EDGE_LOOP('',(#9903,#9911,#9918,#9919));
#9903 = ORIENTED_EDGE('',*,*,#9904,.T.);
#9904 = EDGE_CURVE('',#9342,#9905,#9907,.T.);
#9905 = VERTEX_POINT('',#9906);
#9906 = CARTESIAN_POINT('',(1.25,7.3,-1.75));
#9907 = LINE('',#9908,#9909);
#9908 = CARTESIAN_POINT('',(1.25,7.3,4.25));
#9909 = VECTOR('',#9910,1.);
#9910 = DIRECTION('',(3.330669073875E-16,-1.110223024625E-16,-1.));
#9911 = ORIENTED_EDGE('',*,*,#9912,.T.);
#9912 = EDGE_CURVE('',#9905,#9905,#9913,.T.);
#9913 = CIRCLE('',#9914,0.32);
#9914 = AXIS2_PLACEMENT_3D('',#9915,#9916,#9917);
#9915 = CARTESIAN_POINT('',(1.25,7.62,-1.75));
#9916 = DIRECTION('',(1.110223024625E-16,5.551115123126E-16,1.));
#9917 = DIRECTION('',(4.440892098501E-16,-1.,5.551115123126E-16));
#9918 = ORIENTED_EDGE('',*,*,#9904,.F.);
#9919 = ORIENTED_EDGE('',*,*,#9341,.F.);
#9920 = CYLINDRICAL_SURFACE('',#9921,0.32);
#9921 = AXIS2_PLACEMENT_3D('',#9922,#9923,#9924);
#9922 = CARTESIAN_POINT('',(1.25,7.62,4.25));
#9923 = DIRECTION('',(-1.110223024625E-16,3.330669073875E-16,1.));
#9924 = DIRECTION('',(2.22044604925E-16,-1.,3.330669073875E-16));
#9925 = ADVANCED_FACE('',(#9926),#9945,.F.);
#9926 = FACE_BOUND('',#9927,.F.);
#9927 = EDGE_LOOP('',(#9928,#9936,#9943,#9944));
#9928 = ORIENTED_EDGE('',*,*,#9929,.T.);
#9929 = EDGE_CURVE('',#9353,#9930,#9932,.T.);
#9930 = VERTEX_POINT('',#9931);
#9931 = CARTESIAN_POINT('',(1.25,4.76,-1.75));
#9932 = LINE('',#9933,#9934);
#9933 = CARTESIAN_POINT('',(1.25,4.76,4.25));
#9934 = VECTOR('',#9935,1.);
#9935 = DIRECTION('',(3.330669073875E-16,-1.110223024625E-16,-1.));
#9936 = ORIENTED_EDGE('',*,*,#9937,.T.);
#9937 = EDGE_CURVE('',#9930,#9930,#9938,.T.);
#9938 = CIRCLE('',#9939,0.32);
#9939 = AXIS2_PLACEMENT_3D('',#9940,#9941,#9942);
#9940 = CARTESIAN_POINT('',(1.25,5.08,-1.75));
#9941 = DIRECTION('',(1.110223024625E-16,5.551115123126E-16,1.));
#9942 = DIRECTION('',(4.440892098501E-16,-1.,5.551115123126E-16));
#9943 = ORIENTED_EDGE('',*,*,#9929,.F.);
#9944 = ORIENTED_EDGE('',*,*,#9352,.F.);
#9945 = CYLINDRICAL_SURFACE('',#9946,0.32);
#9946 = AXIS2_PLACEMENT_3D('',#9947,#9948,#9949);
#9947 = CARTESIAN_POINT('',(1.25,5.08,4.25));
#9948 = DIRECTION('',(-1.110223024625E-16,3.330669073875E-16,1.));
#9949 = DIRECTION('',(2.22044604925E-16,-1.,3.330669073875E-16));
#9950 = ADVANCED_FACE('',(#9951),#9970,.F.);
#9951 = FACE_BOUND('',#9952,.F.);
#9952 = EDGE_LOOP('',(#9953,#9961,#9968,#9969));
#9953 = ORIENTED_EDGE('',*,*,#9954,.T.);
#9954 = EDGE_CURVE('',#9364,#9955,#9957,.T.);
#9955 = VERTEX_POINT('',#9956);
#9956 = CARTESIAN_POINT('',(1.25,2.22,-1.75));
#9957 = LINE('',#9958,#9959);
#9958 = CARTESIAN_POINT('',(1.25,2.22,4.25));
#9959 = VECTOR('',#9960,1.);
#9960 = DIRECTION('',(3.330669073875E-16,-1.110223024625E-16,-1.));
#9961 = ORIENTED_EDGE('',*,*,#9962,.T.);
#9962 = EDGE_CURVE('',#9955,#9955,#9963,.T.);
#9963 = CIRCLE('',#9964,0.32);
#9964 = AXIS2_PLACEMENT_3D('',#9965,#9966,#9967);
#9965 = CARTESIAN_POINT('',(1.25,2.54,-1.75));
#9966 = DIRECTION('',(1.110223024625E-16,5.551115123126E-16,1.));
#9967 = DIRECTION('',(4.440892098501E-16,-1.,5.551115123126E-16));
#9968 = ORIENTED_EDGE('',*,*,#9954,.F.);
#9969 = ORIENTED_EDGE('',*,*,#9363,.F.);
#9970 = CYLINDRICAL_SURFACE('',#9971,0.32);
#9971 = AXIS2_PLACEMENT_3D('',#9972,#9973,#9974);
#9972 = CARTESIAN_POINT('',(1.25,2.54,4.25));
#9973 = DIRECTION('',(-1.110223024625E-16,3.330669073875E-16,1.));
#9974 = DIRECTION('',(2.22044604925E-16,-1.,3.330669073875E-16));
#9975 = ADVANCED_FACE('',(#9976),#9995,.F.);
#9976 = FACE_BOUND('',#9977,.F.);
#9977 = EDGE_LOOP('',(#9978,#9986,#9993,#9994));
#9978 = ORIENTED_EDGE('',*,*,#9979,.T.);
#9979 = EDGE_CURVE('',#9375,#9980,#9982,.T.);
#9980 = VERTEX_POINT('',#9981);
#9981 = CARTESIAN_POINT('',(1.25,-0.32,-1.75));
#9982 = LINE('',#9983,#9984);
#9983 = CARTESIAN_POINT('',(1.25,-0.32,4.25));
#9984 = VECTOR('',#9985,1.);
#9985 = DIRECTION('',(3.330669073875E-16,-1.110223024625E-16,-1.));
#9986 = ORIENTED_EDGE('',*,*,#9987,.T.);
#9987 = EDGE_CURVE('',#9980,#9980,#9988,.T.);
#9988 = CIRCLE('',#9989,0.32);
#9989 = AXIS2_PLACEMENT_3D('',#9990,#9991,#9992);
#9990 = CARTESIAN_POINT('',(1.25,-1.998401444325E-15,-1.75));
#9991 = DIRECTION('',(1.110223024625E-16,5.551115123126E-16,1.));
#9992 = DIRECTION('',(4.440892098501E-16,-1.,5.551115123126E-16));
#9993 = ORIENTED_EDGE('',*,*,#9979,.F.);
#9994 = ORIENTED_EDGE('',*,*,#9374,.F.);
#9995 = CYLINDRICAL_SURFACE('',#9996,0.32);
#9996 = AXIS2_PLACEMENT_3D('',#9997,#9998,#9999);
#9997 = CARTESIAN_POINT('',(1.25,-2.304938462317E-15,4.25));
#9998 = DIRECTION('',(-1.110223024625E-16,3.330669073875E-16,1.));
#9999 = DIRECTION('',(2.22044604925E-16,-1.,3.330669073875E-16));
#10000 = ADVANCED_FACE('',(#10001),#10020,.F.);
#10001 = FACE_BOUND('',#10002,.F.);
#10002 = EDGE_LOOP('',(#10003,#10011,#10018,#10019));
#10003 = ORIENTED_EDGE('',*,*,#10004,.T.);
#10004 = EDGE_CURVE('',#9386,#10005,#10007,.T.);
#10005 = VERTEX_POINT('',#10006);
#10006 = CARTESIAN_POINT('',(1.25,-2.86,-1.75));
#10007 = LINE('',#10008,#10009);
#10008 = CARTESIAN_POINT('',(1.25,-2.86,4.25));
#10009 = VECTOR('',#10010,1.);
#10010 = DIRECTION('',(3.330669073875E-16,-1.110223024625E-16,-1.));
#10011 = ORIENTED_EDGE('',*,*,#10012,.T.);
#10012 = EDGE_CURVE('',#10005,#10005,#10013,.T.);
#10013 = CIRCLE('',#10014,0.32);
#10014 = AXIS2_PLACEMENT_3D('',#10015,#10016,#10017);
#10015 = CARTESIAN_POINT('',(1.25,-2.54,-1.75));
#10016 = DIRECTION('',(1.110223024625E-16,5.551115123126E-16,1.));
#10017 = DIRECTION('',(4.440892098501E-16,-1.,5.551115123126E-16));
#10018 = ORIENTED_EDGE('',*,*,#10004,.F.);
#10019 = ORIENTED_EDGE('',*,*,#9385,.F.);
#10020 = CYLINDRICAL_SURFACE('',#10021,0.32);
#10021 = AXIS2_PLACEMENT_3D('',#10022,#10023,#10024);
#10022 = CARTESIAN_POINT('',(1.25,-2.54,4.25));
#10023 = DIRECTION('',(-1.110223024625E-16,3.330669073875E-16,1.));
#10024 = DIRECTION('',(2.22044604925E-16,-1.,3.330669073875E-16));
#10025 = ADVANCED_FACE('',(#10026),#10045,.F.);
#10026 = FACE_BOUND('',#10027,.F.);
#10027 = EDGE_LOOP('',(#10028,#10036,#10043,#10044));
#10028 = ORIENTED_EDGE('',*,*,#10029,.T.);
#10029 = EDGE_CURVE('',#9397,#10030,#10032,.T.);
#10030 = VERTEX_POINT('',#10031);
#10031 = CARTESIAN_POINT('',(1.25,-5.4,-1.75));
#10032 = LINE('',#10033,#10034);
#10033 = CARTESIAN_POINT('',(1.25,-5.4,4.25));
#10034 = VECTOR('',#10035,1.);
#10035 = DIRECTION('',(3.330669073875E-16,-1.110223024625E-16,-1.));
#10036 = ORIENTED_EDGE('',*,*,#10037,.T.);
#10037 = EDGE_CURVE('',#10030,#10030,#10038,.T.);
#10038 = CIRCLE('',#10039,0.32);
#10039 = AXIS2_PLACEMENT_3D('',#10040,#10041,#10042);
#10040 = CARTESIAN_POINT('',(1.25,-5.08,-1.75));
#10041 = DIRECTION('',(1.110223024625E-16,5.551115123126E-16,1.));
#10042 = DIRECTION('',(4.440892098501E-16,-1.,5.551115123126E-16));
#10043 = ORIENTED_EDGE('',*,*,#10029,.F.);
#10044 = ORIENTED_EDGE('',*,*,#9396,.F.);
#10045 = CYLINDRICAL_SURFACE('',#10046,0.32);
#10046 = AXIS2_PLACEMENT_3D('',#10047,#10048,#10049);
#10047 = CARTESIAN_POINT('',(1.25,-5.08,4.25));
#10048 = DIRECTION('',(-1.110223024625E-16,3.330669073875E-16,1.));
#10049 = DIRECTION('',(2.22044604925E-16,-1.,3.330669073875E-16));
#10050 = ADVANCED_FACE('',(#10051),#10070,.F.);
#10051 = FACE_BOUND('',#10052,.F.);
#10052 = EDGE_LOOP('',(#10053,#10061,#10068,#10069));
#10053 = ORIENTED_EDGE('',*,*,#10054,.T.);
#10054 = EDGE_CURVE('',#9408,#10055,#10057,.T.);
#10055 = VERTEX_POINT('',#10056);
#10056 = CARTESIAN_POINT('',(1.25,-7.94,-1.75));
#10057 = LINE('',#10058,#10059);
#10058 = CARTESIAN_POINT('',(1.25,-7.94,4.25));
#10059 = VECTOR('',#10060,1.);
#10060 = DIRECTION('',(3.330669073875E-16,-1.110223024625E-16,-1.));
#10061 = ORIENTED_EDGE('',*,*,#10062,.T.);
#10062 = EDGE_CURVE('',#10055,#10055,#10063,.T.);
#10063 = CIRCLE('',#10064,0.32);
#10064 = AXIS2_PLACEMENT_3D('',#10065,#10066,#10067);
#10065 = CARTESIAN_POINT('',(1.25,-7.62,-1.75));
#10066 = DIRECTION('',(1.110223024625E-16,5.551115123126E-16,1.));
#10067 = DIRECTION('',(4.440892098501E-16,-1.,5.551115123126E-16));
#10068 = ORIENTED_EDGE('',*,*,#10054,.F.);
#10069 = ORIENTED_EDGE('',*,*,#9407,.F.);
#10070 = CYLINDRICAL_SURFACE('',#10071,0.32);
#10071 = AXIS2_PLACEMENT_3D('',#10072,#10073,#10074);
#10072 = CARTESIAN_POINT('',(1.25,-7.62,4.25));
#10073 = DIRECTION('',(-1.110223024625E-16,3.330669073875E-16,1.));
#10074 = DIRECTION('',(2.22044604925E-16,-1.,3.330669073875E-16));
#10075 = ADVANCED_FACE('',(#10076),#10079,.T.);
#10076 = FACE_BOUND('',#10077,.T.);
#10077 = EDGE_LOOP('',(#10078));
#10078 = ORIENTED_EDGE('',*,*,#9612,.T.);
#10079 = PLANE('',#10080);
#10080 = AXIS2_PLACEMENT_3D('',#10081,#10082,#10083);
#10081 = CARTESIAN_POINT('',(1.25,5.329070518201E-15,-1.75));
#10082 = DIRECTION('',(-5.551115123126E-16,-1.110223024625E-16,1.));
#10083 = DIRECTION('',(1.,-4.440892098501E-16,-1.110223024625E-16));
#10084 = ADVANCED_FACE('',(#10085),#10088,.T.);
#10085 = FACE_BOUND('',#10086,.T.);
#10086 = EDGE_LOOP('',(#10087));
#10087 = ORIENTED_EDGE('',*,*,#9637,.T.);
#10088 = PLANE('',#10089);
#10089 = AXIS2_PLACEMENT_3D('',#10090,#10091,#10092);
#10090 = CARTESIAN_POINT('',(1.25,5.329070518201E-15,-1.75));
#10091 = DIRECTION('',(-5.551115123126E-16,-1.110223024625E-16,1.));
#10092 = DIRECTION('',(1.,-4.440892098501E-16,-1.110223024625E-16));
#10093 = ADVANCED_FACE('',(#10094),#10097,.T.);
#10094 = FACE_BOUND('',#10095,.T.);
#10095 = EDGE_LOOP('',(#10096));
#10096 = ORIENTED_EDGE('',*,*,#9662,.T.);
#10097 = PLANE('',#10098);
#10098 = AXIS2_PLACEMENT_3D('',#10099,#10100,#10101);
#10099 = CARTESIAN_POINT('',(1.25,5.329070518201E-15,-1.75));
#10100 = DIRECTION('',(-5.551115123126E-16,-1.110223024625E-16,1.));
#10101 = DIRECTION('',(1.,-4.440892098501E-16,-1.110223024625E-16));
#10102 = ADVANCED_FACE('',(#10103),#10106,.T.);
#10103 = FACE_BOUND('',#10104,.T.);
#10104 = EDGE_LOOP('',(#10105));
#10105 = ORIENTED_EDGE('',*,*,#9687,.T.);
#10106 = PLANE('',#10107);
#10107 = AXIS2_PLACEMENT_3D('',#10108,#10109,#10110);
#10108 = CARTESIAN_POINT('',(1.25,5.329070518201E-15,-1.75));
#10109 = DIRECTION('',(-5.551115123126E-16,-1.110223024625E-16,1.));
#10110 = DIRECTION('',(1.,-4.440892098501E-16,-1.110223024625E-16));
#10111 = ADVANCED_FACE('',(#10112),#10115,.T.);
#10112 = FACE_BOUND('',#10113,.T.);
#10113 = EDGE_LOOP('',(#10114));
#10114 = ORIENTED_EDGE('',*,*,#9712,.T.);
#10115 = PLANE('',#10116);
#10116 = AXIS2_PLACEMENT_3D('',#10117,#10118,#10119);
#10117 = CARTESIAN_POINT('',(1.25,5.329070518201E-15,-1.75));
#10118 = DIRECTION('',(-5.551115123126E-16,-1.110223024625E-16,1.));
#10119 = DIRECTION('',(1.,-4.440892098501E-16,-1.110223024625E-16));
#10120 = ADVANCED_FACE('',(#10121),#10124,.T.);
#10121 = FACE_BOUND('',#10122,.T.);
#10122 = EDGE_LOOP('',(#10123));
#10123 = ORIENTED_EDGE('',*,*,#9737,.T.);
#10124 = PLANE('',#10125);
#10125 = AXIS2_PLACEMENT_3D('',#10126,#10127,#10128);
#10126 = CARTESIAN_POINT('',(1.25,5.329070518201E-15,-1.75));
#10127 = DIRECTION('',(-5.551115123126E-16,-1.110223024625E-16,1.));
#10128 = DIRECTION('',(1.,-4.440892098501E-16,-1.110223024625E-16));
#10129 = ADVANCED_FACE('',(#10130),#10133,.T.);
#10130 = FACE_BOUND('',#10131,.T.);
#10131 = EDGE_LOOP('',(#10132));
#10132 = ORIENTED_EDGE('',*,*,#9762,.T.);
#10133 = PLANE('',#10134);
#10134 = AXIS2_PLACEMENT_3D('',#10135,#10136,#10137);
#10135 = CARTESIAN_POINT('',(1.25,5.329070518201E-15,-1.75));
#10136 = DIRECTION('',(-5.551115123126E-16,-1.110223024625E-16,1.));
#10137 = DIRECTION('',(1.,-4.440892098501E-16,-1.110223024625E-16));
#10138 = ADVANCED_FACE('',(#10139),#10142,.T.);
#10139 = FACE_BOUND('',#10140,.T.);
#10140 = EDGE_LOOP('',(#10141));
#10141 = ORIENTED_EDGE('',*,*,#9787,.T.);
#10142 = PLANE('',#10143);
#10143 = AXIS2_PLACEMENT_3D('',#10144,#10145,#10146);
#10144 = CARTESIAN_POINT('',(1.25,5.329070518201E-15,-1.75));
#10145 = DIRECTION('',(-5.551115123126E-16,-1.110223024625E-16,1.));
#10146 = DIRECTION('',(1.,-4.440892098501E-16,-1.110223024625E-16));
#10147 = ADVANCED_FACE('',(#10148),#10151,.T.);
#10148 = FACE_BOUND('',#10149,.T.);
#10149 = EDGE_LOOP('',(#10150));
#10150 = ORIENTED_EDGE('',*,*,#9812,.T.);
#10151 = PLANE('',#10152);
#10152 = AXIS2_PLACEMENT_3D('',#10153,#10154,#10155);
#10153 = CARTESIAN_POINT('',(1.25,5.329070518201E-15,-1.75));
#10154 = DIRECTION('',(-5.551115123126E-16,-1.110223024625E-16,1.));
#10155 = DIRECTION('',(1.,-4.440892098501E-16,-1.110223024625E-16));
#10156 = ADVANCED_FACE('',(#10157),#10160,.T.);
#10157 = FACE_BOUND('',#10158,.T.);
#10158 = EDGE_LOOP('',(#10159));
#10159 = ORIENTED_EDGE('',*,*,#9837,.T.);
#10160 = PLANE('',#10161);
#10161 = AXIS2_PLACEMENT_3D('',#10162,#10163,#10164);
#10162 = CARTESIAN_POINT('',(1.25,5.329070518201E-15,-1.75));
#10163 = DIRECTION('',(-5.551115123126E-16,-1.110223024625E-16,1.));
#10164 = DIRECTION('',(1.,-4.440892098501E-16,-1.110223024625E-16));
#10165 = ADVANCED_FACE('',(#10166),#10169,.T.);
#10166 = FACE_BOUND('',#10167,.T.);
#10167 = EDGE_LOOP('',(#10168));
#10168 = ORIENTED_EDGE('',*,*,#9862,.T.);
#10169 = PLANE('',#10170);
#10170 = AXIS2_PLACEMENT_3D('',#10171,#10172,#10173);
#10171 = CARTESIAN_POINT('',(1.25,5.329070518201E-15,-1.75));
#10172 = DIRECTION('',(-5.551115123126E-16,-1.110223024625E-16,1.));
#10173 = DIRECTION('',(1.,-4.440892098501E-16,-1.110223024625E-16));
#10174 = ADVANCED_FACE('',(#10175),#10178,.T.);
#10175 = FACE_BOUND('',#10176,.T.);
#10176 = EDGE_LOOP('',(#10177));
#10177 = ORIENTED_EDGE('',*,*,#9887,.T.);
#10178 = PLANE('',#10179);
#10179 = AXIS2_PLACEMENT_3D('',#10180,#10181,#10182);
#10180 = CARTESIAN_POINT('',(1.25,5.329070518201E-15,-1.75));
#10181 = DIRECTION('',(-5.551115123126E-16,-1.110223024625E-16,1.));
#10182 = DIRECTION('',(1.,-4.440892098501E-16,-1.110223024625E-16));
#10183 = ADVANCED_FACE('',(#10184),#10187,.T.);
#10184 = FACE_BOUND('',#10185,.T.);
#10185 = EDGE_LOOP('',(#10186));
#10186 = ORIENTED_EDGE('',*,*,#9912,.T.);
#10187 = PLANE('',#10188);
#10188 = AXIS2_PLACEMENT_3D('',#10189,#10190,#10191);
#10189 = CARTESIAN_POINT('',(1.25,5.329070518201E-15,-1.75));
#10190 = DIRECTION('',(-5.551115123126E-16,-1.110223024625E-16,1.));
#10191 = DIRECTION('',(1.,-4.440892098501E-16,-1.110223024625E-16));
#10192 = ADVANCED_FACE('',(#10193),#10196,.T.);
#10193 = FACE_BOUND('',#10194,.T.);
#10194 = EDGE_LOOP('',(#10195));
#10195 = ORIENTED_EDGE('',*,*,#9937,.T.);
#10196 = PLANE('',#10197);
#10197 = AXIS2_PLACEMENT_3D('',#10198,#10199,#10200);
#10198 = CARTESIAN_POINT('',(1.25,5.329070518201E-15,-1.75));
#10199 = DIRECTION('',(-5.551115123126E-16,-1.110223024625E-16,1.));
#10200 = DIRECTION('',(1.,-4.440892098501E-16,-1.110223024625E-16));
#10201 = ADVANCED_FACE('',(#10202),#10205,.T.);
#10202 = FACE_BOUND('',#10203,.T.);
#10203 = EDGE_LOOP('',(#10204));
#10204 = ORIENTED_EDGE('',*,*,#9962,.T.);
#10205 = PLANE('',#10206);
#10206 = AXIS2_PLACEMENT_3D('',#10207,#10208,#10209);
#10207 = CARTESIAN_POINT('',(1.25,5.329070518201E-15,-1.75));
#10208 = DIRECTION('',(-5.551115123126E-16,-1.110223024625E-16,1.));
#10209 = DIRECTION('',(1.,-4.440892098501E-16,-1.110223024625E-16));
#10210 = ADVANCED_FACE('',(#10211),#10214,.T.);
#10211 = FACE_BOUND('',#10212,.T.);
#10212 = EDGE_LOOP('',(#10213));
#10213 = ORIENTED_EDGE('',*,*,#9987,.T.);
#10214 = PLANE('',#10215);
#10215 = AXIS2_PLACEMENT_3D('',#10216,#10217,#10218);
#10216 = CARTESIAN_POINT('',(1.25,5.329070518201E-15,-1.75));
#10217 = DIRECTION('',(-5.551115123126E-16,-1.110223024625E-16,1.));
#10218 = DIRECTION('',(1.,-4.440892098501E-16,-1.110223024625E-16));
#10219 = ADVANCED_FACE('',(#10220),#10223,.T.);
#10220 = FACE_BOUND('',#10221,.T.);
#10221 = EDGE_LOOP('',(#10222));
#10222 = ORIENTED_EDGE('',*,*,#10012,.T.);
#10223 = PLANE('',#10224);
#10224 = AXIS2_PLACEMENT_3D('',#10225,#10226,#10227);
#10225 = CARTESIAN_POINT('',(1.25,5.329070518201E-15,-1.75));
#10226 = DIRECTION('',(-5.551115123126E-16,-1.110223024625E-16,1.));
#10227 = DIRECTION('',(1.,-4.440892098501E-16,-1.110223024625E-16));
#10228 = ADVANCED_FACE('',(#10229),#10232,.T.);
#10229 = FACE_BOUND('',#10230,.T.);
#10230 = EDGE_LOOP('',(#10231));
#10231 = ORIENTED_EDGE('',*,*,#10037,.T.);
#10232 = PLANE('',#10233);
#10233 = AXIS2_PLACEMENT_3D('',#10234,#10235,#10236);
#10234 = CARTESIAN_POINT('',(1.25,5.329070518201E-15,-1.75));
#10235 = DIRECTION('',(-5.551115123126E-16,-1.110223024625E-16,1.));
#10236 = DIRECTION('',(1.,-4.440892098501E-16,-1.110223024625E-16));
#10237 = ADVANCED_FACE('',(#10238),#10241,.T.);
#10238 = FACE_BOUND('',#10239,.T.);
#10239 = EDGE_LOOP('',(#10240));
#10240 = ORIENTED_EDGE('',*,*,#10062,.T.);
#10241 = PLANE('',#10242);
#10242 = AXIS2_PLACEMENT_3D('',#10243,#10244,#10245);
#10243 = CARTESIAN_POINT('',(1.25,5.329070518201E-15,-1.75));
#10244 = DIRECTION('',(-5.551115123126E-16,-1.110223024625E-16,1.));
#10245 = DIRECTION('',(1.,-4.440892098501E-16,-1.110223024625E-16));
#10246 = ( GEOMETRIC_REPRESENTATION_CONTEXT(3) 
GLOBAL_UNCERTAINTY_ASSIGNED_CONTEXT((#10250)) 
GLOBAL_UNIT_ASSIGNED_CONTEXT((#10247,#10248,#10249)) 
REPRESENTATION_CONTEXT('Context #1',
  '3D Context with UNIT and UNCERTAINTY') );
#10247 = ( LENGTH_UNIT() NAMED_UNIT(*) SI_UNIT(.MILLI.,.METRE.) );
#10248 = ( NAMED_UNIT(*) PLANE_ANGLE_UNIT() SI_UNIT($,.RADIAN.) );
#10249 = ( NAMED_UNIT(*) SI_UNIT($,.STERADIAN.) SOLID_ANGLE_UNIT() );
#10250 = UNCERTAINTY_MEASURE_WITH_UNIT(LENGTH_MEASURE(2.E-06),#10247,
  'distance_accuracy_value','confusion accuracy');
#10251 = CONTEXT_DEPENDENT_SHAPE_REPRESENTATION(#10252,#10254);
#10252 = ( REPRESENTATION_RELATIONSHIP('','',#8024,#10) 
REPRESENTATION_RELATIONSHIP_WITH_TRANSFORMATION(#10253) 
SHAPE_REPRESENTATION_RELATIONSHIP() );
#10253 = ITEM_DEFINED_TRANSFORMATION('','',#11,#31);
#10254 = PRODUCT_DEFINITION_SHAPE('Placement','Placement of an item',
  #10255);
#10255 = NEXT_ASSEMBLY_USAGE_OCCURRENCE('5','Pin Socket 002','',#5,#8019
  ,$);
#10256 = PRODUCT_RELATED_PRODUCT_CATEGORY('part',$,(#8021));
#10257 = CONTEXT_DEPENDENT_SHAPE_REPRESENTATION(#10258,#10260);
#10258 = ( REPRESENTATION_RELATIONSHIP('','',#8024,#10) 
REPRESENTATION_RELATIONSHIP_WITH_TRANSFORMATION(#10259) 
SHAPE_REPRESENTATION_RELATIONSHIP() );
#10259 = ITEM_DEFINED_TRANSFORMATION('','',#11,#35);
#10260 = PRODUCT_DEFINITION_SHAPE('Placement','Placement of an item',
  #10261);
#10261 = NEXT_ASSEMBLY_USAGE_OCCURRENCE('6','Pin Socket 003','',#5,#8019
  ,$);
#10262 = MECHANICAL_DESIGN_GEOMETRIC_PRESENTATION_REPRESENTATION('',(
    #10263),#1704);
#10263 = STYLED_ITEM('color',(#10264),#72);
#10264 = PRESENTATION_STYLE_ASSIGNMENT((#10265,#10271));
#10265 = SURFACE_STYLE_USAGE(.BOTH.,#10266);
#10266 = SURFACE_SIDE_STYLE('',(#10267));
#10267 = SURFACE_STYLE_FILL_AREA(#10268);
#10268 = FILL_AREA_STYLE('',(#10269));
#10269 = FILL_AREA_STYLE_COLOUR('',#10270);
#10270 = COLOUR_RGB('',0.447059003357,0.474510015008,0.501960993452);
#10271 = CURVE_STYLE('',#10272,POSITIVE_LENGTH_MEASURE(0.1),#10273);
#10272 = DRAUGHTING_PRE_DEFINED_CURVE_FONT('continuous');
#10273 = COLOUR_RGB('',9.803921802644E-02,9.803921802644E-02,
  9.803921802644E-02);
#10274 = MECHANICAL_DESIGN_GEOMETRIC_PRESENTATION_REPRESENTATION('',(
    #10275),#10246);
#10275 = STYLED_ITEM('color',(#10276),#8025);
#10276 = PRESENTATION_STYLE_ASSIGNMENT((#10277,#10282));
#10277 = SURFACE_STYLE_USAGE(.BOTH.,#10278);
#10278 = SURFACE_SIDE_STYLE('',(#10279));
#10279 = SURFACE_STYLE_FILL_AREA(#10280);
#10280 = FILL_AREA_STYLE('',(#10281));
#10281 = FILL_AREA_STYLE_COLOUR('',#10270);
#10282 = CURVE_STYLE('',#10283,POSITIVE_LENGTH_MEASURE(0.1),#10273);
#10283 = DRAUGHTING_PRE_DEFINED_CURVE_FONT('continuous');
#10284 = MECHANICAL_DESIGN_GEOMETRIC_PRESENTATION_REPRESENTATION('',(
    #10285),#8001);
#10285 = STYLED_ITEM('color',(#10286),#1723);
#10286 = PRESENTATION_STYLE_ASSIGNMENT((#10287,#10292));
#10287 = SURFACE_STYLE_USAGE(.BOTH.,#10288);
#10288 = SURFACE_SIDE_STYLE('',(#10289));
#10289 = SURFACE_STYLE_FILL_AREA(#10290);
#10290 = FILL_AREA_STYLE('',(#10291));
#10291 = FILL_AREA_STYLE_COLOUR('',#10270);
#10292 = CURVE_STYLE('',#10293,POSITIVE_LENGTH_MEASURE(0.1),#10273);
#10293 = DRAUGHTING_PRE_DEFINED_CURVE_FONT('continuous');
ENDSEC;
END-ISO-10303-21;
