ISO-10303-21;
HEADER;
FILE_DESCRIPTION(('FreeCAD Model'),'2;1');
FILE_NAME('Open CASCADE Shape Model','2026-02-06T18:01:30',(''),(''),
  'Open CASCADE STEP processor 7.8','FreeCAD','Unknown');
FILE_SCHEMA(('AUTOMOTIVE_DESIGN { 1 0 10303 214 1 1 1 1 }'));
ENDSEC;
DATA;
#1 = APPLICATION_PROTOCOL_DEFINITION('international standard',
  'automotive_design',2000,#2);
#2 = APPLICATION_CONTEXT(
  'core data for automotive mechanical design processes');
#3 = SHAPE_DEFINITION_REPRESENTATION(#4,#10);
#4 = PRODUCT_DEFINITION_SHAPE('','',#5);
#5 = PRODUCT_DEFINITION('design','',#6,#9);
#6 = PRODUCT_DEFINITION_FORMATION('','',#7);
#7 = PRODUCT('Assembly','Assembly','',(#8));
#8 = PRODUCT_CONTEXT('',#2,'mechanical');
#9 = PRODUCT_DEFINITION_CONTEXT('part definition',#2,'design');
#10 = SHAPE_REPRESENTATION('',(#11,#15,#19,#23,#27),#31);
#11 = AXIS2_PLACEMENT_3D('',#12,#13,#14);
#12 = CARTESIAN_POINT('',(0.,0.,0.));
#13 = DIRECTION('',(0.,0.,1.));
#14 = DIRECTION('',(1.,0.,-0.));
#15 = AXIS2_PLACEMENT_3D('',#16,#17,#18);
#16 = CARTESIAN_POINT('',(0.,0.,0.));
#17 = DIRECTION('',(0.,0.,1.));
#18 = DIRECTION('',(1.,0.,0.));
#19 = AXIS2_PLACEMENT_3D('',#20,#21,#22);
#20 = CARTESIAN_POINT('',(0.,0.,0.));
#21 = DIRECTION('',(0.,0.,1.));
#22 = DIRECTION('',(1.,0.,0.));
#23 = AXIS2_PLACEMENT_3D('',#24,#25,#26);
#24 = CARTESIAN_POINT('',(1.27,5.46,-2.5));
#25 = DIRECTION('',(2.719262146894E-32,1.224646799147E-16,-1.));
#26 = DIRECTION('',(-2.22044604925E-16,-1.,-1.224646799147E-16));
#27 = AXIS2_PLACEMENT_3D('',#28,#29,#30);
#28 = CARTESIAN_POINT('',(-3.81,5.46,-2.5));
#29 = DIRECTION('',(0.,-0.,1.));
#30 = DIRECTION('',(2.22044604925E-16,1.,0.));
#31 = ( GEOMETRIC_REPRESENTATION_CONTEXT(3) 
GLOBAL_UNCERTAINTY_ASSIGNED_CONTEXT((#35)) GLOBAL_UNIT_ASSIGNED_CONTEXT(
(#32,#33,#34)) REPRESENTATION_CONTEXT('Context #1',
  '3D Context with UNIT and UNCERTAINTY') );
#32 = ( LENGTH_UNIT() NAMED_UNIT(*) SI_UNIT(.MILLI.,.METRE.) );
#33 = ( NAMED_UNIT(*) PLANE_ANGLE_UNIT() SI_UNIT($,.RADIAN.) );
#34 = ( NAMED_UNIT(*) SI_UNIT($,.STERADIAN.) SOLID_ANGLE_UNIT() );
#35 = UNCERTAINTY_MEASURE_WITH_UNIT(LENGTH_MEASURE(1.E-06),#32,
  'distance_accuracy_value','confusion accuracy');
#36 = PRODUCT_RELATED_PRODUCT_CATEGORY('part',$,(#7));
#37 = SHAPE_DEFINITION_REPRESENTATION(#38,#44);
#38 = PRODUCT_DEFINITION_SHAPE('','',#39);
#39 = PRODUCT_DEFINITION('design','',#40,#43);
#40 = PRODUCT_DEFINITION_FORMATION('','',#41);
#41 = PRODUCT('LCS_Origin','LCS_Origin','',(#42));
#42 = PRODUCT_CONTEXT('',#2,'mechanical');
#43 = PRODUCT_DEFINITION_CONTEXT('part definition',#2,'design');
#44 = MANIFOLD_SURFACE_SHAPE_REPRESENTATION('',(#11),#45);
#45 = ( GEOMETRIC_REPRESENTATION_CONTEXT(3) 
GLOBAL_UNCERTAINTY_ASSIGNED_CONTEXT((#49)) GLOBAL_UNIT_ASSIGNED_CONTEXT(
(#46,#47,#48)) REPRESENTATION_CONTEXT('Context #1',
  '3D Context with UNIT and UNCERTAINTY') );
#46 = ( LENGTH_UNIT() NAMED_UNIT(*) SI_UNIT(.MILLI.,.METRE.) );
#47 = ( NAMED_UNIT(*) PLANE_ANGLE_UNIT() SI_UNIT($,.RADIAN.) );
#48 = ( NAMED_UNIT(*) SI_UNIT($,.STERADIAN.) SOLID_ANGLE_UNIT() );
#49 = UNCERTAINTY_MEASURE_WITH_UNIT(LENGTH_MEASURE(1.E-07),#46,
  'distance_accuracy_value','confusion accuracy');
#50 = CONTEXT_DEPENDENT_SHAPE_REPRESENTATION(#51,#53);
#51 = ( REPRESENTATION_RELATIONSHIP('','',#44,#10) 
REPRESENTATION_RELATIONSHIP_WITH_TRANSFORMATION(#52) 
SHAPE_REPRESENTATION_RELATIONSHIP() );
#52 = ITEM_DEFINED_TRANSFORMATION('','',#11,#15);
#53 = PRODUCT_DEFINITION_SHAPE('Placement','Placement of an item',#54);
#54 = NEXT_ASSEMBLY_USAGE_OCCURRENCE('1','LCS_Origin','',#5,#39,$);
#55 = PRODUCT_RELATED_PRODUCT_CATEGORY('part',$,(#41));
#56 = SHAPE_DEFINITION_REPRESENTATION(#57,#63);
#57 = PRODUCT_DEFINITION_SHAPE('','',#58);
#58 = PRODUCT_DEFINITION('design','',#59,#62);
#59 = PRODUCT_DEFINITION_FORMATION('','',#60);
#60 = PRODUCT('Cuerpo','Cuerpo','',(#61));
#61 = PRODUCT_CONTEXT('',#2,'mechanical');
#62 = PRODUCT_DEFINITION_CONTEXT('part definition',#2,'design');
#63 = ADVANCED_BREP_SHAPE_REPRESENTATION('',(#11,#64),#604);
#64 = MANIFOLD_SOLID_BREP('',#65);
#65 = CLOSED_SHELL('',(#66,#106,#137,#168,#190,#223,#256,#289,#322,#355,
    #388,#421,#454,#487,#520,#562));
#66 = ADVANCED_FACE('',(#67),#101,.F.);
#67 = FACE_BOUND('',#68,.F.);
#68 = EDGE_LOOP('',(#69,#79,#87,#95));
#69 = ORIENTED_EDGE('',*,*,#70,.T.);
#70 = EDGE_CURVE('',#71,#73,#75,.T.);
#71 = VERTEX_POINT('',#72);
#72 = CARTESIAN_POINT('',(-13.,-8.,0.));
#73 = VERTEX_POINT('',#74);
#74 = CARTESIAN_POINT('',(-13.,-8.,1.6));
#75 = LINE('',#76,#77);
#76 = CARTESIAN_POINT('',(-13.,-8.,0.));
#77 = VECTOR('',#78,1.);
#78 = DIRECTION('',(0.,0.,1.));
#79 = ORIENTED_EDGE('',*,*,#80,.T.);
#80 = EDGE_CURVE('',#73,#81,#83,.T.);
#81 = VERTEX_POINT('',#82);
#82 = CARTESIAN_POINT('',(13.,-8.,1.6));
#83 = LINE('',#84,#85);
#84 = CARTESIAN_POINT('',(-13.,-8.,1.6));
#85 = VECTOR('',#86,1.);
#86 = DIRECTION('',(1.,0.,0.));
#87 = ORIENTED_EDGE('',*,*,#88,.F.);
#88 = EDGE_CURVE('',#89,#81,#91,.T.);
#89 = VERTEX_POINT('',#90);
#90 = CARTESIAN_POINT('',(13.,-8.,0.));
#91 = LINE('',#92,#93);
#92 = CARTESIAN_POINT('',(13.,-8.,0.));
#93 = VECTOR('',#94,1.);
#94 = DIRECTION('',(0.,0.,1.));
#95 = ORIENTED_EDGE('',*,*,#96,.F.);
#96 = EDGE_CURVE('',#71,#89,#97,.T.);
#97 = LINE('',#98,#99);
#98 = CARTESIAN_POINT('',(-13.,-8.,0.));
#99 = VECTOR('',#100,1.);
#100 = DIRECTION('',(1.,0.,0.));
#101 = PLANE('',#102);
#102 = AXIS2_PLACEMENT_3D('',#103,#104,#105);
#103 = CARTESIAN_POINT('',(-13.,-8.,0.));
#104 = DIRECTION('',(0.,1.,0.));
#105 = DIRECTION('',(1.,0.,0.));
#106 = ADVANCED_FACE('',(#107),#132,.F.);
#107 = FACE_BOUND('',#108,.F.);
#108 = EDGE_LOOP('',(#109,#110,#118,#126));
#109 = ORIENTED_EDGE('',*,*,#88,.T.);
#110 = ORIENTED_EDGE('',*,*,#111,.T.);
#111 = EDGE_CURVE('',#81,#112,#114,.T.);
#112 = VERTEX_POINT('',#113);
#113 = CARTESIAN_POINT('',(13.,8.,1.6));
#114 = LINE('',#115,#116);
#115 = CARTESIAN_POINT('',(13.,-8.,1.6));
#116 = VECTOR('',#117,1.);
#117 = DIRECTION('',(0.,1.,0.));
#118 = ORIENTED_EDGE('',*,*,#119,.F.);
#119 = EDGE_CURVE('',#120,#112,#122,.T.);
#120 = VERTEX_POINT('',#121);
#121 = CARTESIAN_POINT('',(13.,8.,0.));
#122 = LINE('',#123,#124);
#123 = CARTESIAN_POINT('',(13.,8.,0.));
#124 = VECTOR('',#125,1.);
#125 = DIRECTION('',(0.,0.,1.));
#126 = ORIENTED_EDGE('',*,*,#127,.F.);
#127 = EDGE_CURVE('',#89,#120,#128,.T.);
#128 = LINE('',#129,#130);
#129 = CARTESIAN_POINT('',(13.,-8.,0.));
#130 = VECTOR('',#131,1.);
#131 = DIRECTION('',(0.,1.,0.));
#132 = PLANE('',#133);
#133 = AXIS2_PLACEMENT_3D('',#134,#135,#136);
#134 = CARTESIAN_POINT('',(13.,-8.,0.));
#135 = DIRECTION('',(-1.,0.,0.));
#136 = DIRECTION('',(0.,1.,0.));
#137 = ADVANCED_FACE('',(#138),#163,.F.);
#138 = FACE_BOUND('',#139,.F.);
#139 = EDGE_LOOP('',(#140,#141,#149,#157));
#140 = ORIENTED_EDGE('',*,*,#119,.T.);
#141 = ORIENTED_EDGE('',*,*,#142,.T.);
#142 = EDGE_CURVE('',#112,#143,#145,.T.);
#143 = VERTEX_POINT('',#144);
#144 = CARTESIAN_POINT('',(-13.,8.,1.6));
#145 = LINE('',#146,#147);
#146 = CARTESIAN_POINT('',(13.,8.,1.6));
#147 = VECTOR('',#148,1.);
#148 = DIRECTION('',(-1.,0.,0.));
#149 = ORIENTED_EDGE('',*,*,#150,.F.);
#150 = EDGE_CURVE('',#151,#143,#153,.T.);
#151 = VERTEX_POINT('',#152);
#152 = CARTESIAN_POINT('',(-13.,8.,0.));
#153 = LINE('',#154,#155);
#154 = CARTESIAN_POINT('',(-13.,8.,0.));
#155 = VECTOR('',#156,1.);
#156 = DIRECTION('',(0.,0.,1.));
#157 = ORIENTED_EDGE('',*,*,#158,.F.);
#158 = EDGE_CURVE('',#120,#151,#159,.T.);
#159 = LINE('',#160,#161);
#160 = CARTESIAN_POINT('',(13.,8.,0.));
#161 = VECTOR('',#162,1.);
#162 = DIRECTION('',(-1.,0.,0.));
#163 = PLANE('',#164);
#164 = AXIS2_PLACEMENT_3D('',#165,#166,#167);
#165 = CARTESIAN_POINT('',(13.,8.,0.));
#166 = DIRECTION('',(0.,-1.,0.));
#167 = DIRECTION('',(-1.,0.,0.));
#168 = ADVANCED_FACE('',(#169),#185,.F.);
#169 = FACE_BOUND('',#170,.F.);
#170 = EDGE_LOOP('',(#171,#172,#178,#179));
#171 = ORIENTED_EDGE('',*,*,#150,.T.);
#172 = ORIENTED_EDGE('',*,*,#173,.T.);
#173 = EDGE_CURVE('',#143,#73,#174,.T.);
#174 = LINE('',#175,#176);
#175 = CARTESIAN_POINT('',(-13.,8.,1.6));
#176 = VECTOR('',#177,1.);
#177 = DIRECTION('',(0.,-1.,0.));
#178 = ORIENTED_EDGE('',*,*,#70,.F.);
#179 = ORIENTED_EDGE('',*,*,#180,.F.);
#180 = EDGE_CURVE('',#151,#71,#181,.T.);
#181 = LINE('',#182,#183);
#182 = CARTESIAN_POINT('',(-13.,8.,0.));
#183 = VECTOR('',#184,1.);
#184 = DIRECTION('',(0.,-1.,0.));
#185 = PLANE('',#186);
#186 = AXIS2_PLACEMENT_3D('',#187,#188,#189);
#187 = CARTESIAN_POINT('',(-13.,8.,0.));
#188 = DIRECTION('',(1.,0.,0.));
#189 = DIRECTION('',(0.,-1.,0.));
#190 = ADVANCED_FACE('',(#191),#218,.F.);
#191 = FACE_BOUND('',#192,.T.);
#192 = EDGE_LOOP('',(#193,#203,#210,#211));
#193 = ORIENTED_EDGE('',*,*,#194,.T.);
#194 = EDGE_CURVE('',#195,#197,#199,.T.);
#195 = VERTEX_POINT('',#196);
#196 = CARTESIAN_POINT('',(4.31,5.46,0.));
#197 = VERTEX_POINT('',#198);
#198 = CARTESIAN_POINT('',(4.31,5.46,1.6));
#199 = LINE('',#200,#201);
#200 = CARTESIAN_POINT('',(4.31,5.46,0.));
#201 = VECTOR('',#202,1.);
#202 = DIRECTION('',(0.,0.,1.));
#203 = ORIENTED_EDGE('',*,*,#204,.T.);
#204 = EDGE_CURVE('',#197,#197,#205,.T.);
#205 = CIRCLE('',#206,0.5);
#206 = AXIS2_PLACEMENT_3D('',#207,#208,#209);
#207 = CARTESIAN_POINT('',(3.81,5.46,1.6));
#208 = DIRECTION('',(0.,0.,1.));
#209 = DIRECTION('',(1.,0.,0.));
#210 = ORIENTED_EDGE('',*,*,#194,.F.);
#211 = ORIENTED_EDGE('',*,*,#212,.F.);
#212 = EDGE_CURVE('',#195,#195,#213,.T.);
#213 = CIRCLE('',#214,0.5);
#214 = AXIS2_PLACEMENT_3D('',#215,#216,#217);
#215 = CARTESIAN_POINT('',(3.81,5.46,0.));
#216 = DIRECTION('',(0.,0.,1.));
#217 = DIRECTION('',(1.,0.,0.));
#218 = CYLINDRICAL_SURFACE('',#219,0.5);
#219 = AXIS2_PLACEMENT_3D('',#220,#221,#222);
#220 = CARTESIAN_POINT('',(3.81,5.46,0.));
#221 = DIRECTION('',(-0.,-0.,-1.));
#222 = DIRECTION('',(1.,0.,0.));
#223 = ADVANCED_FACE('',(#224),#251,.F.);
#224 = FACE_BOUND('',#225,.T.);
#225 = EDGE_LOOP('',(#226,#236,#243,#244));
#226 = ORIENTED_EDGE('',*,*,#227,.T.);
#227 = EDGE_CURVE('',#228,#230,#232,.T.);
#228 = VERTEX_POINT('',#229);
#229 = CARTESIAN_POINT('',(-3.31,5.46,0.));
#230 = VERTEX_POINT('',#231);
#231 = CARTESIAN_POINT('',(-3.31,5.46,1.6));
#232 = LINE('',#233,#234);
#233 = CARTESIAN_POINT('',(-3.31,5.46,0.));
#234 = VECTOR('',#235,1.);
#235 = DIRECTION('',(0.,0.,1.));
#236 = ORIENTED_EDGE('',*,*,#237,.T.);
#237 = EDGE_CURVE('',#230,#230,#238,.T.);
#238 = CIRCLE('',#239,0.5);
#239 = AXIS2_PLACEMENT_3D('',#240,#241,#242);
#240 = CARTESIAN_POINT('',(-3.81,5.46,1.6));
#241 = DIRECTION('',(0.,0.,1.));
#242 = DIRECTION('',(1.,0.,0.));
#243 = ORIENTED_EDGE('',*,*,#227,.F.);
#244 = ORIENTED_EDGE('',*,*,#245,.F.);
#245 = EDGE_CURVE('',#228,#228,#246,.T.);
#246 = CIRCLE('',#247,0.5);
#247 = AXIS2_PLACEMENT_3D('',#248,#249,#250);
#248 = CARTESIAN_POINT('',(-3.81,5.46,0.));
#249 = DIRECTION('',(0.,0.,1.));
#250 = DIRECTION('',(1.,0.,0.));
#251 = CYLINDRICAL_SURFACE('',#252,0.5);
#252 = AXIS2_PLACEMENT_3D('',#253,#254,#255);
#253 = CARTESIAN_POINT('',(-3.81,5.46,0.));
#254 = DIRECTION('',(-0.,-0.,-1.));
#255 = DIRECTION('',(1.,0.,0.));
#256 = ADVANCED_FACE('',(#257),#284,.F.);
#257 = FACE_BOUND('',#258,.T.);
#258 = EDGE_LOOP('',(#259,#269,#276,#277));
#259 = ORIENTED_EDGE('',*,*,#260,.T.);
#260 = EDGE_CURVE('',#261,#263,#265,.T.);
#261 = VERTEX_POINT('',#262);
#262 = CARTESIAN_POINT('',(11.93,5.46,0.));
#263 = VERTEX_POINT('',#264);
#264 = CARTESIAN_POINT('',(11.93,5.46,1.6));
#265 = LINE('',#266,#267);
#266 = CARTESIAN_POINT('',(11.93,5.46,0.));
#267 = VECTOR('',#268,1.);
#268 = DIRECTION('',(0.,0.,1.));
#269 = ORIENTED_EDGE('',*,*,#270,.T.);
#270 = EDGE_CURVE('',#263,#263,#271,.T.);
#271 = CIRCLE('',#272,0.5);
#272 = AXIS2_PLACEMENT_3D('',#273,#274,#275);
#273 = CARTESIAN_POINT('',(11.43,5.46,1.6));
#274 = DIRECTION('',(0.,0.,1.));
#275 = DIRECTION('',(1.,0.,0.));
#276 = ORIENTED_EDGE('',*,*,#260,.F.);
#277 = ORIENTED_EDGE('',*,*,#278,.F.);
#278 = EDGE_CURVE('',#261,#261,#279,.T.);
#279 = CIRCLE('',#280,0.5);
#280 = AXIS2_PLACEMENT_3D('',#281,#282,#283);
#281 = CARTESIAN_POINT('',(11.43,5.46,0.));
#282 = DIRECTION('',(0.,0.,1.));
#283 = DIRECTION('',(1.,0.,0.));
#284 = CYLINDRICAL_SURFACE('',#285,0.5);
#285 = AXIS2_PLACEMENT_3D('',#286,#287,#288);
#286 = CARTESIAN_POINT('',(11.43,5.46,0.));
#287 = DIRECTION('',(-0.,-0.,-1.));
#288 = DIRECTION('',(1.,0.,0.));
#289 = ADVANCED_FACE('',(#290),#317,.F.);
#290 = FACE_BOUND('',#291,.T.);
#291 = EDGE_LOOP('',(#292,#302,#309,#310));
#292 = ORIENTED_EDGE('',*,*,#293,.T.);
#293 = EDGE_CURVE('',#294,#296,#298,.T.);
#294 = VERTEX_POINT('',#295);
#295 = CARTESIAN_POINT('',(9.39,5.46,0.));
#296 = VERTEX_POINT('',#297);
#297 = CARTESIAN_POINT('',(9.39,5.46,1.6));
#298 = LINE('',#299,#300);
#299 = CARTESIAN_POINT('',(9.39,5.46,0.));
#300 = VECTOR('',#301,1.);
#301 = DIRECTION('',(0.,0.,1.));
#302 = ORIENTED_EDGE('',*,*,#303,.T.);
#303 = EDGE_CURVE('',#296,#296,#304,.T.);
#304 = CIRCLE('',#305,0.5);
#305 = AXIS2_PLACEMENT_3D('',#306,#307,#308);
#306 = CARTESIAN_POINT('',(8.89,5.46,1.6));
#307 = DIRECTION('',(0.,0.,1.));
#308 = DIRECTION('',(1.,0.,0.));
#309 = ORIENTED_EDGE('',*,*,#293,.F.);
#310 = ORIENTED_EDGE('',*,*,#311,.F.);
#311 = EDGE_CURVE('',#294,#294,#312,.T.);
#312 = CIRCLE('',#313,0.5);
#313 = AXIS2_PLACEMENT_3D('',#314,#315,#316);
#314 = CARTESIAN_POINT('',(8.89,5.46,0.));
#315 = DIRECTION('',(0.,0.,1.));
#316 = DIRECTION('',(1.,0.,0.));
#317 = CYLINDRICAL_SURFACE('',#318,0.5);
#318 = AXIS2_PLACEMENT_3D('',#319,#320,#321);
#319 = CARTESIAN_POINT('',(8.89,5.46,0.));
#320 = DIRECTION('',(-0.,-0.,-1.));
#321 = DIRECTION('',(1.,0.,0.));
#322 = ADVANCED_FACE('',(#323),#350,.F.);
#323 = FACE_BOUND('',#324,.T.);
#324 = EDGE_LOOP('',(#325,#335,#342,#343));
#325 = ORIENTED_EDGE('',*,*,#326,.T.);
#326 = EDGE_CURVE('',#327,#329,#331,.T.);
#327 = VERTEX_POINT('',#328);
#328 = CARTESIAN_POINT('',(6.85,5.46,0.));
#329 = VERTEX_POINT('',#330);
#330 = CARTESIAN_POINT('',(6.85,5.46,1.6));
#331 = LINE('',#332,#333);
#332 = CARTESIAN_POINT('',(6.85,5.46,0.));
#333 = VECTOR('',#334,1.);
#334 = DIRECTION('',(0.,0.,1.));
#335 = ORIENTED_EDGE('',*,*,#336,.T.);
#336 = EDGE_CURVE('',#329,#329,#337,.T.);
#337 = CIRCLE('',#338,0.5);
#338 = AXIS2_PLACEMENT_3D('',#339,#340,#341);
#339 = CARTESIAN_POINT('',(6.35,5.46,1.6));
#340 = DIRECTION('',(0.,0.,1.));
#341 = DIRECTION('',(1.,0.,0.));
#342 = ORIENTED_EDGE('',*,*,#326,.F.);
#343 = ORIENTED_EDGE('',*,*,#344,.F.);
#344 = EDGE_CURVE('',#327,#327,#345,.T.);
#345 = CIRCLE('',#346,0.5);
#346 = AXIS2_PLACEMENT_3D('',#347,#348,#349);
#347 = CARTESIAN_POINT('',(6.35,5.46,0.));
#348 = DIRECTION('',(0.,0.,1.));
#349 = DIRECTION('',(1.,0.,0.));
#350 = CYLINDRICAL_SURFACE('',#351,0.5);
#351 = AXIS2_PLACEMENT_3D('',#352,#353,#354);
#352 = CARTESIAN_POINT('',(6.35,5.46,0.));
#353 = DIRECTION('',(-0.,-0.,-1.));
#354 = DIRECTION('',(1.,0.,0.));
#355 = ADVANCED_FACE('',(#356),#383,.F.);
#356 = FACE_BOUND('',#357,.T.);
#357 = EDGE_LOOP('',(#358,#368,#375,#376));
#358 = ORIENTED_EDGE('',*,*,#359,.T.);
#359 = EDGE_CURVE('',#360,#362,#364,.T.);
#360 = VERTEX_POINT('',#361);
#361 = CARTESIAN_POINT('',(1.77,5.46,0.));
#362 = VERTEX_POINT('',#363);
#363 = CARTESIAN_POINT('',(1.77,5.46,1.6));
#364 = LINE('',#365,#366);
#365 = CARTESIAN_POINT('',(1.77,5.46,0.));
#366 = VECTOR('',#367,1.);
#367 = DIRECTION('',(0.,0.,1.));
#368 = ORIENTED_EDGE('',*,*,#369,.T.);
#369 = EDGE_CURVE('',#362,#362,#370,.T.);
#370 = CIRCLE('',#371,0.5);
#371 = AXIS2_PLACEMENT_3D('',#372,#373,#374);
#372 = CARTESIAN_POINT('',(1.27,5.46,1.6));
#373 = DIRECTION('',(0.,0.,1.));
#374 = DIRECTION('',(1.,0.,0.));
#375 = ORIENTED_EDGE('',*,*,#359,.F.);
#376 = ORIENTED_EDGE('',*,*,#377,.F.);
#377 = EDGE_CURVE('',#360,#360,#378,.T.);
#378 = CIRCLE('',#379,0.5);
#379 = AXIS2_PLACEMENT_3D('',#380,#381,#382);
#380 = CARTESIAN_POINT('',(1.27,5.46,0.));
#381 = DIRECTION('',(0.,0.,1.));
#382 = DIRECTION('',(1.,0.,0.));
#383 = CYLINDRICAL_SURFACE('',#384,0.5);
#384 = AXIS2_PLACEMENT_3D('',#385,#386,#387);
#385 = CARTESIAN_POINT('',(1.27,5.46,0.));
#386 = DIRECTION('',(-0.,-0.,-1.));
#387 = DIRECTION('',(1.,0.,0.));
#388 = ADVANCED_FACE('',(#389),#416,.F.);
#389 = FACE_BOUND('',#390,.T.);
#390 = EDGE_LOOP('',(#391,#401,#408,#409));
#391 = ORIENTED_EDGE('',*,*,#392,.T.);
#392 = EDGE_CURVE('',#393,#395,#397,.T.);
#393 = VERTEX_POINT('',#394);
#394 = CARTESIAN_POINT('',(-0.77,5.46,0.));
#395 = VERTEX_POINT('',#396);
#396 = CARTESIAN_POINT('',(-0.77,5.46,1.6));
#397 = LINE('',#398,#399);
#398 = CARTESIAN_POINT('',(-0.77,5.46,0.));
#399 = VECTOR('',#400,1.);
#400 = DIRECTION('',(0.,0.,1.));
#401 = ORIENTED_EDGE('',*,*,#402,.T.);
#402 = EDGE_CURVE('',#395,#395,#403,.T.);
#403 = CIRCLE('',#404,0.5);
#404 = AXIS2_PLACEMENT_3D('',#405,#406,#407);
#405 = CARTESIAN_POINT('',(-1.27,5.46,1.6));
#406 = DIRECTION('',(0.,0.,1.));
#407 = DIRECTION('',(1.,0.,0.));
#408 = ORIENTED_EDGE('',*,*,#392,.F.);
#409 = ORIENTED_EDGE('',*,*,#410,.F.);
#410 = EDGE_CURVE('',#393,#393,#411,.T.);
#411 = CIRCLE('',#412,0.5);
#412 = AXIS2_PLACEMENT_3D('',#413,#414,#415);
#413 = CARTESIAN_POINT('',(-1.27,5.46,0.));
#414 = DIRECTION('',(0.,0.,1.));
#415 = DIRECTION('',(1.,0.,0.));
#416 = CYLINDRICAL_SURFACE('',#417,0.5);
#417 = AXIS2_PLACEMENT_3D('',#418,#419,#420);
#418 = CARTESIAN_POINT('',(-1.27,5.46,0.));
#419 = DIRECTION('',(-0.,-0.,-1.));
#420 = DIRECTION('',(1.,0.,0.));
#421 = ADVANCED_FACE('',(#422),#449,.F.);
#422 = FACE_BOUND('',#423,.T.);
#423 = EDGE_LOOP('',(#424,#434,#441,#442));
#424 = ORIENTED_EDGE('',*,*,#425,.T.);
#425 = EDGE_CURVE('',#426,#428,#430,.T.);
#426 = VERTEX_POINT('',#427);
#427 = CARTESIAN_POINT('',(-5.85,5.46,0.));
#428 = VERTEX_POINT('',#429);
#429 = CARTESIAN_POINT('',(-5.85,5.46,1.6));
#430 = LINE('',#431,#432);
#431 = CARTESIAN_POINT('',(-5.85,5.46,0.));
#432 = VECTOR('',#433,1.);
#433 = DIRECTION('',(0.,0.,1.));
#434 = ORIENTED_EDGE('',*,*,#435,.T.);
#435 = EDGE_CURVE('',#428,#428,#436,.T.);
#436 = CIRCLE('',#437,0.5);
#437 = AXIS2_PLACEMENT_3D('',#438,#439,#440);
#438 = CARTESIAN_POINT('',(-6.35,5.46,1.6));
#439 = DIRECTION('',(0.,0.,1.));
#440 = DIRECTION('',(1.,0.,0.));
#441 = ORIENTED_EDGE('',*,*,#425,.F.);
#442 = ORIENTED_EDGE('',*,*,#443,.F.);
#443 = EDGE_CURVE('',#426,#426,#444,.T.);
#444 = CIRCLE('',#445,0.5);
#445 = AXIS2_PLACEMENT_3D('',#446,#447,#448);
#446 = CARTESIAN_POINT('',(-6.35,5.46,0.));
#447 = DIRECTION('',(0.,0.,1.));
#448 = DIRECTION('',(1.,0.,0.));
#449 = CYLINDRICAL_SURFACE('',#450,0.5);
#450 = AXIS2_PLACEMENT_3D('',#451,#452,#453);
#451 = CARTESIAN_POINT('',(-6.35,5.46,0.));
#452 = DIRECTION('',(-0.,-0.,-1.));
#453 = DIRECTION('',(1.,0.,0.));
#454 = ADVANCED_FACE('',(#455),#482,.F.);
#455 = FACE_BOUND('',#456,.T.);
#456 = EDGE_LOOP('',(#457,#467,#474,#475));
#457 = ORIENTED_EDGE('',*,*,#458,.T.);
#458 = EDGE_CURVE('',#459,#461,#463,.T.);
#459 = VERTEX_POINT('',#460);
#460 = CARTESIAN_POINT('',(-8.39,5.46,0.));
#461 = VERTEX_POINT('',#462);
#462 = CARTESIAN_POINT('',(-8.39,5.46,1.6));
#463 = LINE('',#464,#465);
#464 = CARTESIAN_POINT('',(-8.39,5.46,0.));
#465 = VECTOR('',#466,1.);
#466 = DIRECTION('',(0.,0.,1.));
#467 = ORIENTED_EDGE('',*,*,#468,.T.);
#468 = EDGE_CURVE('',#461,#461,#469,.T.);
#469 = CIRCLE('',#470,0.5);
#470 = AXIS2_PLACEMENT_3D('',#471,#472,#473);
#471 = CARTESIAN_POINT('',(-8.89,5.46,1.6));
#472 = DIRECTION('',(0.,0.,1.));
#473 = DIRECTION('',(1.,0.,0.));
#474 = ORIENTED_EDGE('',*,*,#458,.F.);
#475 = ORIENTED_EDGE('',*,*,#476,.F.);
#476 = EDGE_CURVE('',#459,#459,#477,.T.);
#477 = CIRCLE('',#478,0.5);
#478 = AXIS2_PLACEMENT_3D('',#479,#480,#481);
#479 = CARTESIAN_POINT('',(-8.89,5.46,0.));
#480 = DIRECTION('',(0.,0.,1.));
#481 = DIRECTION('',(1.,0.,0.));
#482 = CYLINDRICAL_SURFACE('',#483,0.5);
#483 = AXIS2_PLACEMENT_3D('',#484,#485,#486);
#484 = CARTESIAN_POINT('',(-8.89,5.46,0.));
#485 = DIRECTION('',(-0.,-0.,-1.));
#486 = DIRECTION('',(1.,0.,0.));
#487 = ADVANCED_FACE('',(#488),#515,.F.);
#488 = FACE_BOUND('',#489,.T.);
#489 = EDGE_LOOP('',(#490,#500,#507,#508));
#490 = ORIENTED_EDGE('',*,*,#491,.T.);
#491 = EDGE_CURVE('',#492,#494,#496,.T.);
#492 = VERTEX_POINT('',#493);
#493 = CARTESIAN_POINT('',(-10.93,5.46,0.));
#494 = VERTEX_POINT('',#495);
#495 = CARTESIAN_POINT('',(-10.93,5.46,1.6));
#496 = LINE('',#497,#498);
#497 = CARTESIAN_POINT('',(-10.93,5.46,0.));
#498 = VECTOR('',#499,1.);
#499 = DIRECTION('',(0.,0.,1.));
#500 = ORIENTED_EDGE('',*,*,#501,.T.);
#501 = EDGE_CURVE('',#494,#494,#502,.T.);
#502 = CIRCLE('',#503,0.5);
#503 = AXIS2_PLACEMENT_3D('',#504,#505,#506);
#504 = CARTESIAN_POINT('',(-11.43,5.46,1.6));
#505 = DIRECTION('',(0.,0.,1.));
#506 = DIRECTION('',(1.,0.,0.));
#507 = ORIENTED_EDGE('',*,*,#491,.F.);
#508 = ORIENTED_EDGE('',*,*,#509,.F.);
#509 = EDGE_CURVE('',#492,#492,#510,.T.);
#510 = CIRCLE('',#511,0.5);
#511 = AXIS2_PLACEMENT_3D('',#512,#513,#514);
#512 = CARTESIAN_POINT('',(-11.43,5.46,0.));
#513 = DIRECTION('',(0.,0.,1.));
#514 = DIRECTION('',(1.,0.,0.));
#515 = CYLINDRICAL_SURFACE('',#516,0.5);
#516 = AXIS2_PLACEMENT_3D('',#517,#518,#519);
#517 = CARTESIAN_POINT('',(-11.43,5.46,0.));
#518 = DIRECTION('',(-0.,-0.,-1.));
#519 = DIRECTION('',(1.,0.,0.));
#520 = ADVANCED_FACE('',(#521,#527,#530,#533,#536,#539,#542,#545,#548,
    #551,#554),#557,.F.);
#521 = FACE_BOUND('',#522,.F.);
#522 = EDGE_LOOP('',(#523,#524,#525,#526));
#523 = ORIENTED_EDGE('',*,*,#96,.T.);
#524 = ORIENTED_EDGE('',*,*,#127,.T.);
#525 = ORIENTED_EDGE('',*,*,#158,.T.);
#526 = ORIENTED_EDGE('',*,*,#180,.T.);
#527 = FACE_BOUND('',#528,.T.);
#528 = EDGE_LOOP('',(#529));
#529 = ORIENTED_EDGE('',*,*,#212,.T.);
#530 = FACE_BOUND('',#531,.T.);
#531 = EDGE_LOOP('',(#532));
#532 = ORIENTED_EDGE('',*,*,#245,.T.);
#533 = FACE_BOUND('',#534,.T.);
#534 = EDGE_LOOP('',(#535));
#535 = ORIENTED_EDGE('',*,*,#278,.T.);
#536 = FACE_BOUND('',#537,.T.);
#537 = EDGE_LOOP('',(#538));
#538 = ORIENTED_EDGE('',*,*,#311,.T.);
#539 = FACE_BOUND('',#540,.T.);
#540 = EDGE_LOOP('',(#541));
#541 = ORIENTED_EDGE('',*,*,#344,.T.);
#542 = FACE_BOUND('',#543,.T.);
#543 = EDGE_LOOP('',(#544));
#544 = ORIENTED_EDGE('',*,*,#377,.T.);
#545 = FACE_BOUND('',#546,.T.);
#546 = EDGE_LOOP('',(#547));
#547 = ORIENTED_EDGE('',*,*,#410,.T.);
#548 = FACE_BOUND('',#549,.T.);
#549 = EDGE_LOOP('',(#550));
#550 = ORIENTED_EDGE('',*,*,#443,.T.);
#551 = FACE_BOUND('',#552,.T.);
#552 = EDGE_LOOP('',(#553));
#553 = ORIENTED_EDGE('',*,*,#476,.T.);
#554 = FACE_BOUND('',#555,.T.);
#555 = EDGE_LOOP('',(#556));
#556 = ORIENTED_EDGE('',*,*,#509,.T.);
#557 = PLANE('',#558);
#558 = AXIS2_PLACEMENT_3D('',#559,#560,#561);
#559 = CARTESIAN_POINT('',(-9.367883501194E-16,1.289816131602,0.));
#560 = DIRECTION('',(0.,0.,1.));
#561 = DIRECTION('',(1.,0.,0.));
#562 = ADVANCED_FACE('',(#563,#569,#572,#575,#578,#581,#584,#587,#590,
    #593,#596),#599,.T.);
#563 = FACE_BOUND('',#564,.T.);
#564 = EDGE_LOOP('',(#565,#566,#567,#568));
#565 = ORIENTED_EDGE('',*,*,#80,.T.);
#566 = ORIENTED_EDGE('',*,*,#111,.T.);
#567 = ORIENTED_EDGE('',*,*,#142,.T.);
#568 = ORIENTED_EDGE('',*,*,#173,.T.);
#569 = FACE_BOUND('',#570,.F.);
#570 = EDGE_LOOP('',(#571));
#571 = ORIENTED_EDGE('',*,*,#204,.T.);
#572 = FACE_BOUND('',#573,.F.);
#573 = EDGE_LOOP('',(#574));
#574 = ORIENTED_EDGE('',*,*,#237,.T.);
#575 = FACE_BOUND('',#576,.F.);
#576 = EDGE_LOOP('',(#577));
#577 = ORIENTED_EDGE('',*,*,#270,.T.);
#578 = FACE_BOUND('',#579,.F.);
#579 = EDGE_LOOP('',(#580));
#580 = ORIENTED_EDGE('',*,*,#303,.T.);
#581 = FACE_BOUND('',#582,.F.);
#582 = EDGE_LOOP('',(#583));
#583 = ORIENTED_EDGE('',*,*,#336,.T.);
#584 = FACE_BOUND('',#585,.F.);
#585 = EDGE_LOOP('',(#586));
#586 = ORIENTED_EDGE('',*,*,#369,.T.);
#587 = FACE_BOUND('',#588,.F.);
#588 = EDGE_LOOP('',(#589));
#589 = ORIENTED_EDGE('',*,*,#402,.T.);
#590 = FACE_BOUND('',#591,.F.);
#591 = EDGE_LOOP('',(#592));
#592 = ORIENTED_EDGE('',*,*,#435,.T.);
#593 = FACE_BOUND('',#594,.F.);
#594 = EDGE_LOOP('',(#595));
#595 = ORIENTED_EDGE('',*,*,#468,.T.);
#596 = FACE_BOUND('',#597,.F.);
#597 = EDGE_LOOP('',(#598));
#598 = ORIENTED_EDGE('',*,*,#501,.T.);
#599 = PLANE('',#600);
#600 = AXIS2_PLACEMENT_3D('',#601,#602,#603);
#601 = CARTESIAN_POINT('',(-9.367883501194E-16,1.289816131602,1.6));
#602 = DIRECTION('',(0.,0.,1.));
#603 = DIRECTION('',(1.,0.,0.));
#604 = ( GEOMETRIC_REPRESENTATION_CONTEXT(3) 
GLOBAL_UNCERTAINTY_ASSIGNED_CONTEXT((#608)) GLOBAL_UNIT_ASSIGNED_CONTEXT
((#605,#606,#607)) REPRESENTATION_CONTEXT('Context #1',
  '3D Context with UNIT and UNCERTAINTY') );
#605 = ( LENGTH_UNIT() NAMED_UNIT(*) SI_UNIT(.MILLI.,.METRE.) );
#606 = ( NAMED_UNIT(*) PLANE_ANGLE_UNIT() SI_UNIT($,.RADIAN.) );
#607 = ( NAMED_UNIT(*) SI_UNIT($,.STERADIAN.) SOLID_ANGLE_UNIT() );
#608 = UNCERTAINTY_MEASURE_WITH_UNIT(LENGTH_MEASURE(1.E-07),#605,
  'distance_accuracy_value','confusion accuracy');
#609 = CONTEXT_DEPENDENT_SHAPE_REPRESENTATION(#610,#612);
#610 = ( REPRESENTATION_RELATIONSHIP('','',#63,#10) 
REPRESENTATION_RELATIONSHIP_WITH_TRANSFORMATION(#611) 
SHAPE_REPRESENTATION_RELATIONSHIP() );
#611 = ITEM_DEFINED_TRANSFORMATION('','',#11,#19);
#612 = PRODUCT_DEFINITION_SHAPE('Placement','Placement of an item',#613
  );
#613 = NEXT_ASSEMBLY_USAGE_OCCURRENCE('2','Cuerpo001','',#5,#58,$);
#614 = PRODUCT_RELATED_PRODUCT_CATEGORY('part',$,(#60));
#615 = SHAPE_DEFINITION_REPRESENTATION(#616,#622);
#616 = PRODUCT_DEFINITION_SHAPE('','',#617);
#617 = PRODUCT_DEFINITION('design','',#618,#621);
#618 = PRODUCT_DEFINITION_FORMATION('','',#619);
#619 = PRODUCT('Assembly','Assembly','',(#620));
#620 = PRODUCT_CONTEXT('',#2,'mechanical');
#621 = PRODUCT_DEFINITION_CONTEXT('part definition',#2,'design');
#622 = SHAPE_REPRESENTATION('',(#11,#623,#627,#631,#635,#639,#643,#647,
    #651,#655,#659,#663,#667,#671,#675,#679,#683,#687,#691,#695,#699,
    #703,#707,#711),#715);
#623 = AXIS2_PLACEMENT_3D('',#624,#625,#626);
#624 = CARTESIAN_POINT('',(0.,0.,0.));
#625 = DIRECTION('',(0.,0.,1.));
#626 = DIRECTION('',(1.,0.,0.));
#627 = AXIS2_PLACEMENT_3D('',#628,#629,#630);
#628 = CARTESIAN_POINT('',(-1.598161798831E-17,1.279755614927E-15,-2.5)
  );
#629 = DIRECTION('',(0.,0.,1.));
#630 = DIRECTION('',(1.,0.,0.));
#631 = AXIS2_PLACEMENT_3D('',#632,#633,#634);
#632 = CARTESIAN_POINT('',(0.,0.,0.));
#633 = DIRECTION('',(0.,0.,1.));
#634 = DIRECTION('',(1.,0.,0.));
#635 = AXIS2_PLACEMENT_3D('',#636,#637,#638);
#636 = CARTESIAN_POINT('',(-1.598161798831E-17,12.7,0.));
#637 = DIRECTION('',(-5.551115123126E-17,1.110223024625E-16,1.));
#638 = DIRECTION('',(1.,-2.609024107869E-15,5.551115123126E-17));
#639 = AXIS2_PLACEMENT_3D('',#640,#641,#642);
#640 = CARTESIAN_POINT('',(-6.078909555466E-15,10.16,2.819966482548E-16)
  );
#641 = DIRECTION('',(-5.551115123126E-17,1.110223024625E-16,1.));
#642 = DIRECTION('',(1.,-2.609024107869E-15,5.551115123126E-17));
#643 = AXIS2_PLACEMENT_3D('',#644,#645,#646);
#644 = CARTESIAN_POINT('',(-1.326982408596E-14,7.62,5.639932965096E-16)
  );
#645 = DIRECTION('',(-5.551115123126E-17,1.110223024625E-16,1.));
#646 = DIRECTION('',(1.,-3.053113317719E-15,5.551115123126E-17));
#647 = AXIS2_PLACEMENT_3D('',#648,#649,#650);
#648 = CARTESIAN_POINT('',(-2.158872520948E-14,5.08,8.459899447644E-16)
  );
#649 = DIRECTION('',(-5.551115123126E-17,1.110223024625E-16,1.));
#650 = DIRECTION('',(1.,-3.497202527569E-15,5.551115123126E-17));
#651 = AXIS2_PLACEMENT_3D('',#652,#653,#654);
#652 = CARTESIAN_POINT('',(-3.103561292602E-14,2.54,1.127986593019E-15)
  );
#653 = DIRECTION('',(-5.551115123126E-17,1.110223024625E-16,1.));
#654 = DIRECTION('',(1.,-3.941291737419E-15,5.551115123126E-17));
#655 = AXIS2_PLACEMENT_3D('',#656,#657,#658);
#656 = CARTESIAN_POINT('',(-4.161048723557E-14,0.,1.409983241274E-15));
#657 = DIRECTION('',(-5.551115123126E-17,1.110223024625E-16,1.));
#658 = DIRECTION('',(1.,-4.385380947269E-15,5.551115123126E-17));
#659 = AXIS2_PLACEMENT_3D('',#660,#661,#662);
#660 = CARTESIAN_POINT('',(-5.331334813814E-14,-2.54,1.691979889529E-15)
  );
#661 = DIRECTION('',(-5.551115123126E-17,1.110223024625E-16,1.));
#662 = DIRECTION('',(1.,-4.829470157119E-15,5.551115123126E-17));
#663 = AXIS2_PLACEMENT_3D('',#664,#665,#666);
#664 = CARTESIAN_POINT('',(-6.614419563374E-14,-5.08,1.973976537784E-15)
  );
#665 = DIRECTION('',(-5.551115123126E-17,1.110223024625E-16,1.));
#666 = DIRECTION('',(1.,-5.273559366969E-15,5.551115123126E-17));
#667 = AXIS2_PLACEMENT_3D('',#668,#669,#670);
#668 = CARTESIAN_POINT('',(-8.010302972235E-14,-7.62,2.255973186038E-15)
  );
#669 = DIRECTION('',(-5.551115123126E-17,1.110223024625E-16,1.));
#670 = DIRECTION('',(1.,-5.71764857682E-15,5.551115123126E-17));
#671 = AXIS2_PLACEMENT_3D('',#672,#673,#674);
#672 = CARTESIAN_POINT('',(-9.518985040398E-14,-10.16,2.537969834293E-15
    ));
#673 = DIRECTION('',(-5.551115123126E-17,1.110223024625E-16,1.));
#674 = DIRECTION('',(1.,-6.16173778667E-15,5.551115123126E-17));
#675 = AXIS2_PLACEMENT_3D('',#676,#677,#678);
#676 = CARTESIAN_POINT('',(-1.598161798831E-17,12.7,-2.5));
#677 = DIRECTION('',(-0.,0.,1.));
#678 = DIRECTION('',(1.,-2.22044604925E-16,0.));
#679 = AXIS2_PLACEMENT_3D('',#680,#681,#682);
#680 = CARTESIAN_POINT('',(-1.143968211007E-15,10.16,-2.5));
#681 = DIRECTION('',(-0.,0.,1.));
#682 = DIRECTION('',(1.,-6.661338147751E-16,0.));
#683 = AXIS2_PLACEMENT_3D('',#684,#685,#686);
#684 = CARTESIAN_POINT('',(-3.399941397046E-15,7.62,-2.5));
#685 = DIRECTION('',(-0.,0.,1.));
#686 = DIRECTION('',(1.,-1.110223024625E-15,0.));
#687 = AXIS2_PLACEMENT_3D('',#688,#689,#690);
#688 = CARTESIAN_POINT('',(-6.783901176103E-15,5.08,-2.5));
#689 = DIRECTION('',(-0.,0.,1.));
#690 = DIRECTION('',(1.,-1.554312234475E-15,0.));
#691 = AXIS2_PLACEMENT_3D('',#692,#693,#694);
#692 = CARTESIAN_POINT('',(-1.129584754818E-14,2.54,-2.5));
#693 = DIRECTION('',(-0.,0.,1.));
#694 = DIRECTION('',(1.,-1.998401444325E-15,0.));
#695 = AXIS2_PLACEMENT_3D('',#696,#697,#698);
#696 = CARTESIAN_POINT('',(-1.693578051328E-14,0.,-2.5));
#697 = DIRECTION('',(-0.,0.,1.));
#698 = DIRECTION('',(1.,-2.442490654175E-15,0.));
#699 = AXIS2_PLACEMENT_3D('',#700,#701,#702);
#700 = CARTESIAN_POINT('',(-2.370370007139E-14,-2.54,-2.5));
#701 = DIRECTION('',(-0.,0.,1.));
#702 = DIRECTION('',(1.,-2.886579864025E-15,0.));
#703 = AXIS2_PLACEMENT_3D('',#704,#705,#706);
#704 = CARTESIAN_POINT('',(-3.159960622252E-14,-5.08,-2.5));
#705 = DIRECTION('',(-0.,0.,1.));
#706 = DIRECTION('',(1.,-3.330669073875E-15,0.));
#707 = AXIS2_PLACEMENT_3D('',#708,#709,#710);
#708 = CARTESIAN_POINT('',(-4.062349896668E-14,-7.62,-2.5));
#709 = DIRECTION('',(-0.,0.,1.));
#710 = DIRECTION('',(1.,-3.774758283726E-15,0.));
#711 = AXIS2_PLACEMENT_3D('',#712,#713,#714);
#712 = CARTESIAN_POINT('',(-5.077537830385E-14,-10.16,-2.5));
#713 = DIRECTION('',(-0.,0.,1.));
#714 = DIRECTION('',(1.,-4.218847493576E-15,0.));
#715 = ( GEOMETRIC_REPRESENTATION_CONTEXT(3) 
GLOBAL_UNCERTAINTY_ASSIGNED_CONTEXT((#719)) GLOBAL_UNIT_ASSIGNED_CONTEXT
((#716,#717,#718)) REPRESENTATION_CONTEXT('Context #1',
  '3D Context with UNIT and UNCERTAINTY') );
#716 = ( LENGTH_UNIT() NAMED_UNIT(*) SI_UNIT(.MILLI.,.METRE.) );
#717 = ( NAMED_UNIT(*) PLANE_ANGLE_UNIT() SI_UNIT($,.RADIAN.) );
#718 = ( NAMED_UNIT(*) SI_UNIT($,.STERADIAN.) SOLID_ANGLE_UNIT() );
#719 = UNCERTAINTY_MEASURE_WITH_UNIT(LENGTH_MEASURE(1.E-06),#716,
  'distance_accuracy_value','confusion accuracy');
#720 = CONTEXT_DEPENDENT_SHAPE_REPRESENTATION(#721,#723);
#721 = ( REPRESENTATION_RELATIONSHIP('','',#622,#10) 
REPRESENTATION_RELATIONSHIP_WITH_TRANSFORMATION(#722) 
SHAPE_REPRESENTATION_RELATIONSHIP() );
#722 = ITEM_DEFINED_TRANSFORMATION('','',#11,#23);
#723 = PRODUCT_DEFINITION_SHAPE('Placement','Placement of an item',#724
  );
#724 = NEXT_ASSEMBLY_USAGE_OCCURRENCE('26','Pin_Header_1x18___copia','',
  #5,#617,$);
#725 = PRODUCT_RELATED_PRODUCT_CATEGORY('part',$,(#619));
#726 = SHAPE_DEFINITION_REPRESENTATION(#727,#733);
#727 = PRODUCT_DEFINITION_SHAPE('','',#728);
#728 = PRODUCT_DEFINITION('design','',#729,#732);
#729 = PRODUCT_DEFINITION_FORMATION('','',#730);
#730 = PRODUCT('LCS_Origin','LCS_Origin','',(#731));
#731 = PRODUCT_CONTEXT('',#2,'mechanical');
#732 = PRODUCT_DEFINITION_CONTEXT('part definition',#2,'design');
#733 = MANIFOLD_SURFACE_SHAPE_REPRESENTATION('',(#11),#734);
#734 = ( GEOMETRIC_REPRESENTATION_CONTEXT(3) 
GLOBAL_UNCERTAINTY_ASSIGNED_CONTEXT((#738)) GLOBAL_UNIT_ASSIGNED_CONTEXT
((#735,#736,#737)) REPRESENTATION_CONTEXT('Context #1',
  '3D Context with UNIT and UNCERTAINTY') );
#735 = ( LENGTH_UNIT() NAMED_UNIT(*) SI_UNIT(.MILLI.,.METRE.) );
#736 = ( NAMED_UNIT(*) PLANE_ANGLE_UNIT() SI_UNIT($,.RADIAN.) );
#737 = ( NAMED_UNIT(*) SI_UNIT($,.STERADIAN.) SOLID_ANGLE_UNIT() );
#738 = UNCERTAINTY_MEASURE_WITH_UNIT(LENGTH_MEASURE(1.E-07),#735,
  'distance_accuracy_value','confusion accuracy');
#739 = CONTEXT_DEPENDENT_SHAPE_REPRESENTATION(#740,#742);
#740 = ( REPRESENTATION_RELATIONSHIP('','',#733,#622) 
REPRESENTATION_RELATIONSHIP_WITH_TRANSFORMATION(#741) 
SHAPE_REPRESENTATION_RELATIONSHIP() );
#741 = ITEM_DEFINED_TRANSFORMATION('','',#11,#623);
#742 = PRODUCT_DEFINITION_SHAPE('Placement','Placement of an item',#743
  );
#743 = NEXT_ASSEMBLY_USAGE_OCCURRENCE('3','LCS_Origin','',#617,#728,$);
#744 = PRODUCT_RELATED_PRODUCT_CATEGORY('part',$,(#730));
#745 = SHAPE_DEFINITION_REPRESENTATION(#746,#752);
#746 = PRODUCT_DEFINITION_SHAPE('','',#747);
#747 = PRODUCT_DEFINITION('design','',#748,#751);
#748 = PRODUCT_DEFINITION_FORMATION('','',#749);
#749 = PRODUCT('Parte plastica','Parte plastica','',(#750));
#750 = PRODUCT_CONTEXT('',#2,'mechanical');
#751 = PRODUCT_DEFINITION_CONTEXT('part definition',#2,'design');
#752 = ADVANCED_BREP_SHAPE_REPRESENTATION('',(#11,#753),#2817);
#753 = MANIFOLD_SOLID_BREP('',#754);
#754 = CLOSED_SHELL('',(#755,#1259,#1290,#1314,#1338,#1362,#1386,#1410,
    #1434,#1458,#1482,#1506,#1530,#1554,#1578,#1602,#1626,#1650,#1674,
    #1698,#1722,#1746,#1770,#1794,#1818,#1842,#1866,#1890,#1914,#1938,
    #1962,#1986,#2010,#2034,#2058,#2082,#2106,#2130,#2154,#2178,#2202,
    #2226,#2250,#2274,#2298,#2322,#2346,#2370,#2394,#2418,#2442,#2466,
    #2490,#2514,#2538,#2562,#2586,#2610,#2634,#2658,#2682,#2706,#2730,
    #2747));
#755 = ADVANCED_FACE('',(#756),#1254,.F.);
#756 = FACE_BOUND('',#757,.F.);
#757 = EDGE_LOOP('',(#758,#768,#776,#784,#792,#800,#808,#816,#824,#832,
    #840,#848,#856,#864,#872,#880,#888,#896,#904,#912,#920,#928,#936,
    #944,#952,#960,#968,#976,#984,#992,#1000,#1008,#1016,#1024,#1032,
    #1040,#1048,#1056,#1064,#1072,#1080,#1088,#1096,#1104,#1112,#1120,
    #1128,#1136,#1144,#1152,#1160,#1168,#1176,#1184,#1192,#1200,#1208,
    #1216,#1224,#1232,#1240,#1248));
#758 = ORIENTED_EDGE('',*,*,#759,.F.);
#759 = EDGE_CURVE('',#760,#762,#764,.T.);
#760 = VERTEX_POINT('',#761);
#761 = CARTESIAN_POINT('',(-0.75,13.97,0.));
#762 = VERTEX_POINT('',#763);
#763 = CARTESIAN_POINT('',(0.75,13.97,0.));
#764 = LINE('',#765,#766);
#765 = CARTESIAN_POINT('',(-13.1638615,13.97,0.));
#766 = VECTOR('',#767,1.);
#767 = DIRECTION('',(1.,0.,0.));
#768 = ORIENTED_EDGE('',*,*,#769,.T.);
#769 = EDGE_CURVE('',#760,#770,#772,.T.);
#770 = VERTEX_POINT('',#771);
#771 = CARTESIAN_POINT('',(-1.25,13.47,0.));
#772 = LINE('',#773,#774);
#773 = CARTESIAN_POINT('',(-0.75,13.97,0.));
#774 = VECTOR('',#775,1.);
#775 = DIRECTION('',(-0.707106781187,-0.707106781187,0.));
#776 = ORIENTED_EDGE('',*,*,#777,.T.);
#777 = EDGE_CURVE('',#770,#778,#780,.T.);
#778 = VERTEX_POINT('',#779);
#779 = CARTESIAN_POINT('',(-1.25,11.93,0.));
#780 = LINE('',#781,#782);
#781 = CARTESIAN_POINT('',(-1.25,13.47,0.));
#782 = VECTOR('',#783,1.);
#783 = DIRECTION('',(0.,-1.,0.));
#784 = ORIENTED_EDGE('',*,*,#785,.T.);
#785 = EDGE_CURVE('',#778,#786,#788,.T.);
#786 = VERTEX_POINT('',#787);
#787 = CARTESIAN_POINT('',(-0.75,11.43,0.));
#788 = LINE('',#789,#790);
#789 = CARTESIAN_POINT('',(-1.25,11.93,0.));
#790 = VECTOR('',#791,1.);
#791 = DIRECTION('',(0.707106781187,-0.707106781187,0.));
#792 = ORIENTED_EDGE('',*,*,#793,.T.);
#793 = EDGE_CURVE('',#786,#794,#796,.T.);
#794 = VERTEX_POINT('',#795);
#795 = CARTESIAN_POINT('',(-1.25,10.93,0.));
#796 = LINE('',#797,#798);
#797 = CARTESIAN_POINT('',(-0.75,11.43,0.));
#798 = VECTOR('',#799,1.);
#799 = DIRECTION('',(-0.707106781187,-0.707106781187,0.));
#800 = ORIENTED_EDGE('',*,*,#801,.T.);
#801 = EDGE_CURVE('',#794,#802,#804,.T.);
#802 = VERTEX_POINT('',#803);
#803 = CARTESIAN_POINT('',(-1.25,9.39,0.));
#804 = LINE('',#805,#806);
#805 = CARTESIAN_POINT('',(-1.25,10.93,0.));
#806 = VECTOR('',#807,1.);
#807 = DIRECTION('',(0.,-1.,0.));
#808 = ORIENTED_EDGE('',*,*,#809,.T.);
#809 = EDGE_CURVE('',#802,#810,#812,.T.);
#810 = VERTEX_POINT('',#811);
#811 = CARTESIAN_POINT('',(-0.75,8.89,0.));
#812 = LINE('',#813,#814);
#813 = CARTESIAN_POINT('',(-1.25,9.39,0.));
#814 = VECTOR('',#815,1.);
#815 = DIRECTION('',(0.707106781187,-0.707106781187,0.));
#816 = ORIENTED_EDGE('',*,*,#817,.T.);
#817 = EDGE_CURVE('',#810,#818,#820,.T.);
#818 = VERTEX_POINT('',#819);
#819 = CARTESIAN_POINT('',(-1.25,8.39,0.));
#820 = LINE('',#821,#822);
#821 = CARTESIAN_POINT('',(-0.75,8.89,0.));
#822 = VECTOR('',#823,1.);
#823 = DIRECTION('',(-0.707106781187,-0.707106781187,0.));
#824 = ORIENTED_EDGE('',*,*,#825,.T.);
#825 = EDGE_CURVE('',#818,#826,#828,.T.);
#826 = VERTEX_POINT('',#827);
#827 = CARTESIAN_POINT('',(-1.25,6.85,0.));
#828 = LINE('',#829,#830);
#829 = CARTESIAN_POINT('',(-1.25,8.39,0.));
#830 = VECTOR('',#831,1.);
#831 = DIRECTION('',(0.,-1.,0.));
#832 = ORIENTED_EDGE('',*,*,#833,.T.);
#833 = EDGE_CURVE('',#826,#834,#836,.T.);
#834 = VERTEX_POINT('',#835);
#835 = CARTESIAN_POINT('',(-0.75,6.35,0.));
#836 = LINE('',#837,#838);
#837 = CARTESIAN_POINT('',(-1.25,6.85,0.));
#838 = VECTOR('',#839,1.);
#839 = DIRECTION('',(0.707106781187,-0.707106781187,0.));
#840 = ORIENTED_EDGE('',*,*,#841,.T.);
#841 = EDGE_CURVE('',#834,#842,#844,.T.);
#842 = VERTEX_POINT('',#843);
#843 = CARTESIAN_POINT('',(-1.25,5.85,0.));
#844 = LINE('',#845,#846);
#845 = CARTESIAN_POINT('',(-0.75,6.35,0.));
#846 = VECTOR('',#847,1.);
#847 = DIRECTION('',(-0.707106781187,-0.707106781187,0.));
#848 = ORIENTED_EDGE('',*,*,#849,.T.);
#849 = EDGE_CURVE('',#842,#850,#852,.T.);
#850 = VERTEX_POINT('',#851);
#851 = CARTESIAN_POINT('',(-1.25,4.31,0.));
#852 = LINE('',#853,#854);
#853 = CARTESIAN_POINT('',(-1.25,5.85,0.));
#854 = VECTOR('',#855,1.);
#855 = DIRECTION('',(0.,-1.,0.));
#856 = ORIENTED_EDGE('',*,*,#857,.T.);
#857 = EDGE_CURVE('',#850,#858,#860,.T.);
#858 = VERTEX_POINT('',#859);
#859 = CARTESIAN_POINT('',(-0.75,3.81,0.));
#860 = LINE('',#861,#862);
#861 = CARTESIAN_POINT('',(-1.25,4.31,0.));
#862 = VECTOR('',#863,1.);
#863 = DIRECTION('',(0.707106781187,-0.707106781187,0.));
#864 = ORIENTED_EDGE('',*,*,#865,.T.);
#865 = EDGE_CURVE('',#858,#866,#868,.T.);
#866 = VERTEX_POINT('',#867);
#867 = CARTESIAN_POINT('',(-1.25,3.31,0.));
#868 = LINE('',#869,#870);
#869 = CARTESIAN_POINT('',(-0.75,3.81,0.));
#870 = VECTOR('',#871,1.);
#871 = DIRECTION('',(-0.707106781187,-0.707106781187,0.));
#872 = ORIENTED_EDGE('',*,*,#873,.T.);
#873 = EDGE_CURVE('',#866,#874,#876,.T.);
#874 = VERTEX_POINT('',#875);
#875 = CARTESIAN_POINT('',(-1.25,1.77,0.));
#876 = LINE('',#877,#878);
#877 = CARTESIAN_POINT('',(-1.25,3.31,0.));
#878 = VECTOR('',#879,1.);
#879 = DIRECTION('',(0.,-1.,0.));
#880 = ORIENTED_EDGE('',*,*,#881,.T.);
#881 = EDGE_CURVE('',#874,#882,#884,.T.);
#882 = VERTEX_POINT('',#883);
#883 = CARTESIAN_POINT('',(-0.75,1.27,0.));
#884 = LINE('',#885,#886);
#885 = CARTESIAN_POINT('',(-1.25,1.77,0.));
#886 = VECTOR('',#887,1.);
#887 = DIRECTION('',(0.707106781187,-0.707106781187,0.));
#888 = ORIENTED_EDGE('',*,*,#889,.T.);
#889 = EDGE_CURVE('',#882,#890,#892,.T.);
#890 = VERTEX_POINT('',#891);
#891 = CARTESIAN_POINT('',(-1.25,0.77,0.));
#892 = LINE('',#893,#894);
#893 = CARTESIAN_POINT('',(-0.75,1.27,0.));
#894 = VECTOR('',#895,1.);
#895 = DIRECTION('',(-0.707106781187,-0.707106781187,0.));
#896 = ORIENTED_EDGE('',*,*,#897,.T.);
#897 = EDGE_CURVE('',#890,#898,#900,.T.);
#898 = VERTEX_POINT('',#899);
#899 = CARTESIAN_POINT('',(-1.25,-0.77,0.));
#900 = LINE('',#901,#902);
#901 = CARTESIAN_POINT('',(-1.25,0.77,0.));
#902 = VECTOR('',#903,1.);
#903 = DIRECTION('',(0.,-1.,0.));
#904 = ORIENTED_EDGE('',*,*,#905,.T.);
#905 = EDGE_CURVE('',#898,#906,#908,.T.);
#906 = VERTEX_POINT('',#907);
#907 = CARTESIAN_POINT('',(-0.75,-1.27,0.));
#908 = LINE('',#909,#910);
#909 = CARTESIAN_POINT('',(-1.25,-0.77,0.));
#910 = VECTOR('',#911,1.);
#911 = DIRECTION('',(0.707106781187,-0.707106781187,0.));
#912 = ORIENTED_EDGE('',*,*,#913,.T.);
#913 = EDGE_CURVE('',#906,#914,#916,.T.);
#914 = VERTEX_POINT('',#915);
#915 = CARTESIAN_POINT('',(-1.25,-1.77,0.));
#916 = LINE('',#917,#918);
#917 = CARTESIAN_POINT('',(-0.75,-1.27,0.));
#918 = VECTOR('',#919,1.);
#919 = DIRECTION('',(-0.707106781187,-0.707106781187,0.));
#920 = ORIENTED_EDGE('',*,*,#921,.T.);
#921 = EDGE_CURVE('',#914,#922,#924,.T.);
#922 = VERTEX_POINT('',#923);
#923 = CARTESIAN_POINT('',(-1.25,-3.31,0.));
#924 = LINE('',#925,#926);
#925 = CARTESIAN_POINT('',(-1.25,-1.77,0.));
#926 = VECTOR('',#927,1.);
#927 = DIRECTION('',(0.,-1.,0.));
#928 = ORIENTED_EDGE('',*,*,#929,.T.);
#929 = EDGE_CURVE('',#922,#930,#932,.T.);
#930 = VERTEX_POINT('',#931);
#931 = CARTESIAN_POINT('',(-0.75,-3.81,0.));
#932 = LINE('',#933,#934);
#933 = CARTESIAN_POINT('',(-1.25,-3.31,0.));
#934 = VECTOR('',#935,1.);
#935 = DIRECTION('',(0.707106781187,-0.707106781187,0.));
#936 = ORIENTED_EDGE('',*,*,#937,.T.);
#937 = EDGE_CURVE('',#930,#938,#940,.T.);
#938 = VERTEX_POINT('',#939);
#939 = CARTESIAN_POINT('',(-1.25,-4.31,0.));
#940 = LINE('',#941,#942);
#941 = CARTESIAN_POINT('',(-0.75,-3.81,0.));
#942 = VECTOR('',#943,1.);
#943 = DIRECTION('',(-0.707106781187,-0.707106781187,0.));
#944 = ORIENTED_EDGE('',*,*,#945,.T.);
#945 = EDGE_CURVE('',#938,#946,#948,.T.);
#946 = VERTEX_POINT('',#947);
#947 = CARTESIAN_POINT('',(-1.25,-5.85,0.));
#948 = LINE('',#949,#950);
#949 = CARTESIAN_POINT('',(-1.25,-4.31,0.));
#950 = VECTOR('',#951,1.);
#951 = DIRECTION('',(0.,-1.,0.));
#952 = ORIENTED_EDGE('',*,*,#953,.T.);
#953 = EDGE_CURVE('',#946,#954,#956,.T.);
#954 = VERTEX_POINT('',#955);
#955 = CARTESIAN_POINT('',(-0.75,-6.35,0.));
#956 = LINE('',#957,#958);
#957 = CARTESIAN_POINT('',(-1.25,-5.85,0.));
#958 = VECTOR('',#959,1.);
#959 = DIRECTION('',(0.707106781187,-0.707106781187,0.));
#960 = ORIENTED_EDGE('',*,*,#961,.T.);
#961 = EDGE_CURVE('',#954,#962,#964,.T.);
#962 = VERTEX_POINT('',#963);
#963 = CARTESIAN_POINT('',(-1.25,-6.85,0.));
#964 = LINE('',#965,#966);
#965 = CARTESIAN_POINT('',(-0.75,-6.35,0.));
#966 = VECTOR('',#967,1.);
#967 = DIRECTION('',(-0.707106781187,-0.707106781187,0.));
#968 = ORIENTED_EDGE('',*,*,#969,.T.);
#969 = EDGE_CURVE('',#962,#970,#972,.T.);
#970 = VERTEX_POINT('',#971);
#971 = CARTESIAN_POINT('',(-1.25,-8.39,0.));
#972 = LINE('',#973,#974);
#973 = CARTESIAN_POINT('',(-1.25,-6.85,0.));
#974 = VECTOR('',#975,1.);
#975 = DIRECTION('',(0.,-1.,0.));
#976 = ORIENTED_EDGE('',*,*,#977,.T.);
#977 = EDGE_CURVE('',#970,#978,#980,.T.);
#978 = VERTEX_POINT('',#979);
#979 = CARTESIAN_POINT('',(-0.75,-8.89,0.));
#980 = LINE('',#981,#982);
#981 = CARTESIAN_POINT('',(-1.25,-8.39,0.));
#982 = VECTOR('',#983,1.);
#983 = DIRECTION('',(0.707106781187,-0.707106781187,0.));
#984 = ORIENTED_EDGE('',*,*,#985,.T.);
#985 = EDGE_CURVE('',#978,#986,#988,.T.);
#986 = VERTEX_POINT('',#987);
#987 = CARTESIAN_POINT('',(-1.25,-9.39,0.));
#988 = LINE('',#989,#990);
#989 = CARTESIAN_POINT('',(-0.75,-8.89,0.));
#990 = VECTOR('',#991,1.);
#991 = DIRECTION('',(-0.707106781187,-0.707106781187,0.));
#992 = ORIENTED_EDGE('',*,*,#993,.T.);
#993 = EDGE_CURVE('',#986,#994,#996,.T.);
#994 = VERTEX_POINT('',#995);
#995 = CARTESIAN_POINT('',(-1.25,-10.93,0.));
#996 = LINE('',#997,#998);
#997 = CARTESIAN_POINT('',(-1.25,-9.39,0.));
#998 = VECTOR('',#999,1.);
#999 = DIRECTION('',(0.,-1.,0.));
#1000 = ORIENTED_EDGE('',*,*,#1001,.T.);
#1001 = EDGE_CURVE('',#994,#1002,#1004,.T.);
#1002 = VERTEX_POINT('',#1003);
#1003 = CARTESIAN_POINT('',(-0.75,-11.43,0.));
#1004 = LINE('',#1005,#1006);
#1005 = CARTESIAN_POINT('',(-1.25,-10.93,0.));
#1006 = VECTOR('',#1007,1.);
#1007 = DIRECTION('',(0.707106781187,-0.707106781187,0.));
#1008 = ORIENTED_EDGE('',*,*,#1009,.F.);
#1009 = EDGE_CURVE('',#1010,#1002,#1012,.T.);
#1010 = VERTEX_POINT('',#1011);
#1011 = CARTESIAN_POINT('',(0.75,-11.43,0.));
#1012 = LINE('',#1013,#1014);
#1013 = CARTESIAN_POINT('',(20.9171255,-11.43,0.));
#1014 = VECTOR('',#1015,1.);
#1015 = DIRECTION('',(-1.,0.,0.));
#1016 = ORIENTED_EDGE('',*,*,#1017,.T.);
#1017 = EDGE_CURVE('',#1010,#1018,#1020,.T.);
#1018 = VERTEX_POINT('',#1019);
#1019 = CARTESIAN_POINT('',(1.25,-10.93,0.));
#1020 = LINE('',#1021,#1022);
#1021 = CARTESIAN_POINT('',(0.75,-11.43,0.));
#1022 = VECTOR('',#1023,1.);
#1023 = DIRECTION('',(0.707106781187,0.707106781187,0.));
#1024 = ORIENTED_EDGE('',*,*,#1025,.T.);
#1025 = EDGE_CURVE('',#1018,#1026,#1028,.T.);
#1026 = VERTEX_POINT('',#1027);
#1027 = CARTESIAN_POINT('',(1.25,-9.39,0.));
#1028 = LINE('',#1029,#1030);
#1029 = CARTESIAN_POINT('',(1.25,-10.93,0.));
#1030 = VECTOR('',#1031,1.);
#1031 = DIRECTION('',(0.,1.,0.));
#1032 = ORIENTED_EDGE('',*,*,#1033,.T.);
#1033 = EDGE_CURVE('',#1026,#1034,#1036,.T.);
#1034 = VERTEX_POINT('',#1035);
#1035 = CARTESIAN_POINT('',(0.75,-8.89,0.));
#1036 = LINE('',#1037,#1038);
#1037 = CARTESIAN_POINT('',(1.25,-9.39,0.));
#1038 = VECTOR('',#1039,1.);
#1039 = DIRECTION('',(-0.707106781187,0.707106781187,0.));
#1040 = ORIENTED_EDGE('',*,*,#1041,.T.);
#1041 = EDGE_CURVE('',#1034,#1042,#1044,.T.);
#1042 = VERTEX_POINT('',#1043);
#1043 = CARTESIAN_POINT('',(1.25,-8.39,0.));
#1044 = LINE('',#1045,#1046);
#1045 = CARTESIAN_POINT('',(0.75,-8.89,0.));
#1046 = VECTOR('',#1047,1.);
#1047 = DIRECTION('',(0.707106781187,0.707106781187,0.));
#1048 = ORIENTED_EDGE('',*,*,#1049,.T.);
#1049 = EDGE_CURVE('',#1042,#1050,#1052,.T.);
#1050 = VERTEX_POINT('',#1051);
#1051 = CARTESIAN_POINT('',(1.25,-6.85,0.));
#1052 = LINE('',#1053,#1054);
#1053 = CARTESIAN_POINT('',(1.25,-8.39,0.));
#1054 = VECTOR('',#1055,1.);
#1055 = DIRECTION('',(0.,1.,0.));
#1056 = ORIENTED_EDGE('',*,*,#1057,.T.);
#1057 = EDGE_CURVE('',#1050,#1058,#1060,.T.);
#1058 = VERTEX_POINT('',#1059);
#1059 = CARTESIAN_POINT('',(0.75,-6.35,0.));
#1060 = LINE('',#1061,#1062);
#1061 = CARTESIAN_POINT('',(1.25,-6.85,0.));
#1062 = VECTOR('',#1063,1.);
#1063 = DIRECTION('',(-0.707106781187,0.707106781187,0.));
#1064 = ORIENTED_EDGE('',*,*,#1065,.T.);
#1065 = EDGE_CURVE('',#1058,#1066,#1068,.T.);
#1066 = VERTEX_POINT('',#1067);
#1067 = CARTESIAN_POINT('',(1.25,-5.85,0.));
#1068 = LINE('',#1069,#1070);
#1069 = CARTESIAN_POINT('',(0.75,-6.35,0.));
#1070 = VECTOR('',#1071,1.);
#1071 = DIRECTION('',(0.707106781187,0.707106781187,0.));
#1072 = ORIENTED_EDGE('',*,*,#1073,.T.);
#1073 = EDGE_CURVE('',#1066,#1074,#1076,.T.);
#1074 = VERTEX_POINT('',#1075);
#1075 = CARTESIAN_POINT('',(1.25,-4.31,0.));
#1076 = LINE('',#1077,#1078);
#1077 = CARTESIAN_POINT('',(1.25,-5.85,0.));
#1078 = VECTOR('',#1079,1.);
#1079 = DIRECTION('',(0.,1.,0.));
#1080 = ORIENTED_EDGE('',*,*,#1081,.T.);
#1081 = EDGE_CURVE('',#1074,#1082,#1084,.T.);
#1082 = VERTEX_POINT('',#1083);
#1083 = CARTESIAN_POINT('',(0.75,-3.81,0.));
#1084 = LINE('',#1085,#1086);
#1085 = CARTESIAN_POINT('',(1.25,-4.31,0.));
#1086 = VECTOR('',#1087,1.);
#1087 = DIRECTION('',(-0.707106781187,0.707106781187,0.));
#1088 = ORIENTED_EDGE('',*,*,#1089,.T.);
#1089 = EDGE_CURVE('',#1082,#1090,#1092,.T.);
#1090 = VERTEX_POINT('',#1091);
#1091 = CARTESIAN_POINT('',(1.25,-3.31,0.));
#1092 = LINE('',#1093,#1094);
#1093 = CARTESIAN_POINT('',(0.75,-3.81,0.));
#1094 = VECTOR('',#1095,1.);
#1095 = DIRECTION('',(0.707106781187,0.707106781187,0.));
#1096 = ORIENTED_EDGE('',*,*,#1097,.T.);
#1097 = EDGE_CURVE('',#1090,#1098,#1100,.T.);
#1098 = VERTEX_POINT('',#1099);
#1099 = CARTESIAN_POINT('',(1.25,-1.77,0.));
#1100 = LINE('',#1101,#1102);
#1101 = CARTESIAN_POINT('',(1.25,-3.31,0.));
#1102 = VECTOR('',#1103,1.);
#1103 = DIRECTION('',(0.,1.,0.));
#1104 = ORIENTED_EDGE('',*,*,#1105,.T.);
#1105 = EDGE_CURVE('',#1098,#1106,#1108,.T.);
#1106 = VERTEX_POINT('',#1107);
#1107 = CARTESIAN_POINT('',(0.75,-1.27,0.));
#1108 = LINE('',#1109,#1110);
#1109 = CARTESIAN_POINT('',(1.25,-1.77,0.));
#1110 = VECTOR('',#1111,1.);
#1111 = DIRECTION('',(-0.707106781187,0.707106781187,0.));
#1112 = ORIENTED_EDGE('',*,*,#1113,.T.);
#1113 = EDGE_CURVE('',#1106,#1114,#1116,.T.);
#1114 = VERTEX_POINT('',#1115);
#1115 = CARTESIAN_POINT('',(1.25,-0.77,0.));
#1116 = LINE('',#1117,#1118);
#1117 = CARTESIAN_POINT('',(0.75,-1.27,0.));
#1118 = VECTOR('',#1119,1.);
#1119 = DIRECTION('',(0.707106781187,0.707106781187,0.));
#1120 = ORIENTED_EDGE('',*,*,#1121,.T.);
#1121 = EDGE_CURVE('',#1114,#1122,#1124,.T.);
#1122 = VERTEX_POINT('',#1123);
#1123 = CARTESIAN_POINT('',(1.25,0.77,0.));
#1124 = LINE('',#1125,#1126);
#1125 = CARTESIAN_POINT('',(1.25,-0.77,0.));
#1126 = VECTOR('',#1127,1.);
#1127 = DIRECTION('',(0.,1.,0.));
#1128 = ORIENTED_EDGE('',*,*,#1129,.T.);
#1129 = EDGE_CURVE('',#1122,#1130,#1132,.T.);
#1130 = VERTEX_POINT('',#1131);
#1131 = CARTESIAN_POINT('',(0.75,1.27,0.));
#1132 = LINE('',#1133,#1134);
#1133 = CARTESIAN_POINT('',(1.25,0.77,0.));
#1134 = VECTOR('',#1135,1.);
#1135 = DIRECTION('',(-0.707106781187,0.707106781187,0.));
#1136 = ORIENTED_EDGE('',*,*,#1137,.T.);
#1137 = EDGE_CURVE('',#1130,#1138,#1140,.T.);
#1138 = VERTEX_POINT('',#1139);
#1139 = CARTESIAN_POINT('',(1.25,1.77,0.));
#1140 = LINE('',#1141,#1142);
#1141 = CARTESIAN_POINT('',(0.75,1.27,0.));
#1142 = VECTOR('',#1143,1.);
#1143 = DIRECTION('',(0.707106781187,0.707106781187,0.));
#1144 = ORIENTED_EDGE('',*,*,#1145,.T.);
#1145 = EDGE_CURVE('',#1138,#1146,#1148,.T.);
#1146 = VERTEX_POINT('',#1147);
#1147 = CARTESIAN_POINT('',(1.25,3.31,0.));
#1148 = LINE('',#1149,#1150);
#1149 = CARTESIAN_POINT('',(1.25,1.77,0.));
#1150 = VECTOR('',#1151,1.);
#1151 = DIRECTION('',(0.,1.,0.));
#1152 = ORIENTED_EDGE('',*,*,#1153,.T.);
#1153 = EDGE_CURVE('',#1146,#1154,#1156,.T.);
#1154 = VERTEX_POINT('',#1155);
#1155 = CARTESIAN_POINT('',(0.75,3.81,0.));
#1156 = LINE('',#1157,#1158);
#1157 = CARTESIAN_POINT('',(1.25,3.31,0.));
#1158 = VECTOR('',#1159,1.);
#1159 = DIRECTION('',(-0.707106781187,0.707106781187,0.));
#1160 = ORIENTED_EDGE('',*,*,#1161,.T.);
#1161 = EDGE_CURVE('',#1154,#1162,#1164,.T.);
#1162 = VERTEX_POINT('',#1163);
#1163 = CARTESIAN_POINT('',(1.25,4.31,0.));
#1164 = LINE('',#1165,#1166);
#1165 = CARTESIAN_POINT('',(0.75,3.81,0.));
#1166 = VECTOR('',#1167,1.);
#1167 = DIRECTION('',(0.707106781187,0.707106781187,0.));
#1168 = ORIENTED_EDGE('',*,*,#1169,.T.);
#1169 = EDGE_CURVE('',#1162,#1170,#1172,.T.);
#1170 = VERTEX_POINT('',#1171);
#1171 = CARTESIAN_POINT('',(1.25,5.85,0.));
#1172 = LINE('',#1173,#1174);
#1173 = CARTESIAN_POINT('',(1.25,4.31,0.));
#1174 = VECTOR('',#1175,1.);
#1175 = DIRECTION('',(0.,1.,0.));
#1176 = ORIENTED_EDGE('',*,*,#1177,.T.);
#1177 = EDGE_CURVE('',#1170,#1178,#1180,.T.);
#1178 = VERTEX_POINT('',#1179);
#1179 = CARTESIAN_POINT('',(0.75,6.35,0.));
#1180 = LINE('',#1181,#1182);
#1181 = CARTESIAN_POINT('',(1.25,5.85,0.));
#1182 = VECTOR('',#1183,1.);
#1183 = DIRECTION('',(-0.707106781187,0.707106781187,0.));
#1184 = ORIENTED_EDGE('',*,*,#1185,.T.);
#1185 = EDGE_CURVE('',#1178,#1186,#1188,.T.);
#1186 = VERTEX_POINT('',#1187);
#1187 = CARTESIAN_POINT('',(1.25,6.85,0.));
#1188 = LINE('',#1189,#1190);
#1189 = CARTESIAN_POINT('',(0.75,6.35,0.));
#1190 = VECTOR('',#1191,1.);
#1191 = DIRECTION('',(0.707106781187,0.707106781187,0.));
#1192 = ORIENTED_EDGE('',*,*,#1193,.T.);
#1193 = EDGE_CURVE('',#1186,#1194,#1196,.T.);
#1194 = VERTEX_POINT('',#1195);
#1195 = CARTESIAN_POINT('',(1.25,8.39,0.));
#1196 = LINE('',#1197,#1198);
#1197 = CARTESIAN_POINT('',(1.25,6.85,0.));
#1198 = VECTOR('',#1199,1.);
#1199 = DIRECTION('',(0.,1.,0.));
#1200 = ORIENTED_EDGE('',*,*,#1201,.T.);
#1201 = EDGE_CURVE('',#1194,#1202,#1204,.T.);
#1202 = VERTEX_POINT('',#1203);
#1203 = CARTESIAN_POINT('',(0.75,8.89,0.));
#1204 = LINE('',#1205,#1206);
#1205 = CARTESIAN_POINT('',(1.25,8.39,0.));
#1206 = VECTOR('',#1207,1.);
#1207 = DIRECTION('',(-0.707106781187,0.707106781187,0.));
#1208 = ORIENTED_EDGE('',*,*,#1209,.T.);
#1209 = EDGE_CURVE('',#1202,#1210,#1212,.T.);
#1210 = VERTEX_POINT('',#1211);
#1211 = CARTESIAN_POINT('',(1.25,9.39,0.));
#1212 = LINE('',#1213,#1214);
#1213 = CARTESIAN_POINT('',(0.75,8.89,0.));
#1214 = VECTOR('',#1215,1.);
#1215 = DIRECTION('',(0.707106781187,0.707106781187,0.));
#1216 = ORIENTED_EDGE('',*,*,#1217,.T.);
#1217 = EDGE_CURVE('',#1210,#1218,#1220,.T.);
#1218 = VERTEX_POINT('',#1219);
#1219 = CARTESIAN_POINT('',(1.25,10.93,0.));
#1220 = LINE('',#1221,#1222);
#1221 = CARTESIAN_POINT('',(1.25,9.39,0.));
#1222 = VECTOR('',#1223,1.);
#1223 = DIRECTION('',(0.,1.,0.));
#1224 = ORIENTED_EDGE('',*,*,#1225,.T.);
#1225 = EDGE_CURVE('',#1218,#1226,#1228,.T.);
#1226 = VERTEX_POINT('',#1227);
#1227 = CARTESIAN_POINT('',(0.75,11.43,0.));
#1228 = LINE('',#1229,#1230);
#1229 = CARTESIAN_POINT('',(1.25,10.93,0.));
#1230 = VECTOR('',#1231,1.);
#1231 = DIRECTION('',(-0.707106781187,0.707106781187,0.));
#1232 = ORIENTED_EDGE('',*,*,#1233,.T.);
#1233 = EDGE_CURVE('',#1226,#1234,#1236,.T.);
#1234 = VERTEX_POINT('',#1235);
#1235 = CARTESIAN_POINT('',(1.25,11.93,0.));
#1236 = LINE('',#1237,#1238);
#1237 = CARTESIAN_POINT('',(0.75,11.43,0.));
#1238 = VECTOR('',#1239,1.);
#1239 = DIRECTION('',(0.707106781187,0.707106781187,0.));
#1240 = ORIENTED_EDGE('',*,*,#1241,.T.);
#1241 = EDGE_CURVE('',#1234,#1242,#1244,.T.);
#1242 = VERTEX_POINT('',#1243);
#1243 = CARTESIAN_POINT('',(1.25,13.47,0.));
#1244 = LINE('',#1245,#1246);
#1245 = CARTESIAN_POINT('',(1.25,11.93,0.));
#1246 = VECTOR('',#1247,1.);
#1247 = DIRECTION('',(0.,1.,0.));
#1248 = ORIENTED_EDGE('',*,*,#1249,.T.);
#1249 = EDGE_CURVE('',#1242,#762,#1250,.T.);
#1250 = LINE('',#1251,#1252);
#1251 = CARTESIAN_POINT('',(1.25,13.47,0.));
#1252 = VECTOR('',#1253,1.);
#1253 = DIRECTION('',(-0.707106781187,0.707106781187,0.));
#1254 = PLANE('',#1255);
#1255 = AXIS2_PLACEMENT_3D('',#1256,#1257,#1258);
#1256 = CARTESIAN_POINT('',(5.E-17,1.17E-15,0.));
#1257 = DIRECTION('',(0.,0.,1.));
#1258 = DIRECTION('',(1.,0.,0.));
#1259 = ADVANCED_FACE('',(#1260),#1285,.F.);
#1260 = FACE_BOUND('',#1261,.F.);
#1261 = EDGE_LOOP('',(#1262,#1272,#1278,#1279));
#1262 = ORIENTED_EDGE('',*,*,#1263,.F.);
#1263 = EDGE_CURVE('',#1264,#1266,#1268,.T.);
#1264 = VERTEX_POINT('',#1265);
#1265 = CARTESIAN_POINT('',(-0.75,13.97,2.5));
#1266 = VERTEX_POINT('',#1267);
#1267 = CARTESIAN_POINT('',(0.75,13.97,2.5));
#1268 = LINE('',#1269,#1270);
#1269 = CARTESIAN_POINT('',(-26.327723,13.97,2.5));
#1270 = VECTOR('',#1271,1.);
#1271 = DIRECTION('',(1.,0.,0.));
#1272 = ORIENTED_EDGE('',*,*,#1273,.F.);
#1273 = EDGE_CURVE('',#760,#1264,#1274,.T.);
#1274 = LINE('',#1275,#1276);
#1275 = CARTESIAN_POINT('',(-0.75,13.97,0.));
#1276 = VECTOR('',#1277,1.);
#1277 = DIRECTION('',(0.,0.,1.));
#1278 = ORIENTED_EDGE('',*,*,#759,.T.);
#1279 = ORIENTED_EDGE('',*,*,#1280,.T.);
#1280 = EDGE_CURVE('',#762,#1266,#1281,.T.);
#1281 = LINE('',#1282,#1283);
#1282 = CARTESIAN_POINT('',(0.75,13.97,0.));
#1283 = VECTOR('',#1284,1.);
#1284 = DIRECTION('',(0.,0.,1.));
#1285 = PLANE('',#1286);
#1286 = AXIS2_PLACEMENT_3D('',#1287,#1288,#1289);
#1287 = CARTESIAN_POINT('',(-26.327723,13.97,2.5));
#1288 = DIRECTION('',(0.,-1.,0.));
#1289 = DIRECTION('',(1.,0.,0.));
#1290 = ADVANCED_FACE('',(#1291),#1309,.F.);
#1291 = FACE_BOUND('',#1292,.F.);
#1292 = EDGE_LOOP('',(#1293,#1301,#1307,#1308));
#1293 = ORIENTED_EDGE('',*,*,#1294,.T.);
#1294 = EDGE_CURVE('',#1242,#1295,#1297,.T.);
#1295 = VERTEX_POINT('',#1296);
#1296 = CARTESIAN_POINT('',(1.25,13.47,2.5));
#1297 = LINE('',#1298,#1299);
#1298 = CARTESIAN_POINT('',(1.25,13.47,0.));
#1299 = VECTOR('',#1300,1.);
#1300 = DIRECTION('',(0.,0.,1.));
#1301 = ORIENTED_EDGE('',*,*,#1302,.T.);
#1302 = EDGE_CURVE('',#1295,#1266,#1303,.T.);
#1303 = LINE('',#1304,#1305);
#1304 = CARTESIAN_POINT('',(1.25,13.47,2.5));
#1305 = VECTOR('',#1306,1.);
#1306 = DIRECTION('',(-0.707106781187,0.707106781187,0.));
#1307 = ORIENTED_EDGE('',*,*,#1280,.F.);
#1308 = ORIENTED_EDGE('',*,*,#1249,.F.);
#1309 = PLANE('',#1310);
#1310 = AXIS2_PLACEMENT_3D('',#1311,#1312,#1313);
#1311 = CARTESIAN_POINT('',(1.25,13.47,0.));
#1312 = DIRECTION('',(-0.707106781187,-0.707106781187,0.));
#1313 = DIRECTION('',(-0.707106781187,0.707106781187,0.));
#1314 = ADVANCED_FACE('',(#1315),#1333,.F.);
#1315 = FACE_BOUND('',#1316,.F.);
#1316 = EDGE_LOOP('',(#1317,#1325,#1331,#1332));
#1317 = ORIENTED_EDGE('',*,*,#1318,.T.);
#1318 = EDGE_CURVE('',#1234,#1319,#1321,.T.);
#1319 = VERTEX_POINT('',#1320);
#1320 = CARTESIAN_POINT('',(1.25,11.93,2.5));
#1321 = LINE('',#1322,#1323);
#1322 = CARTESIAN_POINT('',(1.25,11.93,0.));
#1323 = VECTOR('',#1324,1.);
#1324 = DIRECTION('',(0.,0.,1.));
#1325 = ORIENTED_EDGE('',*,*,#1326,.T.);
#1326 = EDGE_CURVE('',#1319,#1295,#1327,.T.);
#1327 = LINE('',#1328,#1329);
#1328 = CARTESIAN_POINT('',(1.25,11.93,2.5));
#1329 = VECTOR('',#1330,1.);
#1330 = DIRECTION('',(0.,1.,0.));
#1331 = ORIENTED_EDGE('',*,*,#1294,.F.);
#1332 = ORIENTED_EDGE('',*,*,#1241,.F.);
#1333 = PLANE('',#1334);
#1334 = AXIS2_PLACEMENT_3D('',#1335,#1336,#1337);
#1335 = CARTESIAN_POINT('',(1.25,11.93,0.));
#1336 = DIRECTION('',(-1.,0.,0.));
#1337 = DIRECTION('',(0.,1.,0.));
#1338 = ADVANCED_FACE('',(#1339),#1357,.F.);
#1339 = FACE_BOUND('',#1340,.F.);
#1340 = EDGE_LOOP('',(#1341,#1349,#1355,#1356));
#1341 = ORIENTED_EDGE('',*,*,#1342,.T.);
#1342 = EDGE_CURVE('',#1226,#1343,#1345,.T.);
#1343 = VERTEX_POINT('',#1344);
#1344 = CARTESIAN_POINT('',(0.75,11.43,2.5));
#1345 = LINE('',#1346,#1347);
#1346 = CARTESIAN_POINT('',(0.75,11.43,0.));
#1347 = VECTOR('',#1348,1.);
#1348 = DIRECTION('',(0.,0.,1.));
#1349 = ORIENTED_EDGE('',*,*,#1350,.T.);
#1350 = EDGE_CURVE('',#1343,#1319,#1351,.T.);
#1351 = LINE('',#1352,#1353);
#1352 = CARTESIAN_POINT('',(0.75,11.43,2.5));
#1353 = VECTOR('',#1354,1.);
#1354 = DIRECTION('',(0.707106781187,0.707106781187,0.));
#1355 = ORIENTED_EDGE('',*,*,#1318,.F.);
#1356 = ORIENTED_EDGE('',*,*,#1233,.F.);
#1357 = PLANE('',#1358);
#1358 = AXIS2_PLACEMENT_3D('',#1359,#1360,#1361);
#1359 = CARTESIAN_POINT('',(0.75,11.43,0.));
#1360 = DIRECTION('',(-0.707106781187,0.707106781187,0.));
#1361 = DIRECTION('',(0.707106781187,0.707106781187,0.));
#1362 = ADVANCED_FACE('',(#1363),#1381,.F.);
#1363 = FACE_BOUND('',#1364,.F.);
#1364 = EDGE_LOOP('',(#1365,#1373,#1379,#1380));
#1365 = ORIENTED_EDGE('',*,*,#1366,.T.);
#1366 = EDGE_CURVE('',#1218,#1367,#1369,.T.);
#1367 = VERTEX_POINT('',#1368);
#1368 = CARTESIAN_POINT('',(1.25,10.93,2.5));
#1369 = LINE('',#1370,#1371);
#1370 = CARTESIAN_POINT('',(1.25,10.93,0.));
#1371 = VECTOR('',#1372,1.);
#1372 = DIRECTION('',(0.,0.,1.));
#1373 = ORIENTED_EDGE('',*,*,#1374,.T.);
#1374 = EDGE_CURVE('',#1367,#1343,#1375,.T.);
#1375 = LINE('',#1376,#1377);
#1376 = CARTESIAN_POINT('',(1.25,10.93,2.5));
#1377 = VECTOR('',#1378,1.);
#1378 = DIRECTION('',(-0.707106781187,0.707106781187,0.));
#1379 = ORIENTED_EDGE('',*,*,#1342,.F.);
#1380 = ORIENTED_EDGE('',*,*,#1225,.F.);
#1381 = PLANE('',#1382);
#1382 = AXIS2_PLACEMENT_3D('',#1383,#1384,#1385);
#1383 = CARTESIAN_POINT('',(1.25,10.93,0.));
#1384 = DIRECTION('',(-0.707106781187,-0.707106781187,0.));
#1385 = DIRECTION('',(-0.707106781187,0.707106781187,0.));
#1386 = ADVANCED_FACE('',(#1387),#1405,.F.);
#1387 = FACE_BOUND('',#1388,.F.);
#1388 = EDGE_LOOP('',(#1389,#1397,#1403,#1404));
#1389 = ORIENTED_EDGE('',*,*,#1390,.T.);
#1390 = EDGE_CURVE('',#1210,#1391,#1393,.T.);
#1391 = VERTEX_POINT('',#1392);
#1392 = CARTESIAN_POINT('',(1.25,9.39,2.5));
#1393 = LINE('',#1394,#1395);
#1394 = CARTESIAN_POINT('',(1.25,9.39,0.));
#1395 = VECTOR('',#1396,1.);
#1396 = DIRECTION('',(0.,0.,1.));
#1397 = ORIENTED_EDGE('',*,*,#1398,.T.);
#1398 = EDGE_CURVE('',#1391,#1367,#1399,.T.);
#1399 = LINE('',#1400,#1401);
#1400 = CARTESIAN_POINT('',(1.25,9.39,2.5));
#1401 = VECTOR('',#1402,1.);
#1402 = DIRECTION('',(0.,1.,0.));
#1403 = ORIENTED_EDGE('',*,*,#1366,.F.);
#1404 = ORIENTED_EDGE('',*,*,#1217,.F.);
#1405 = PLANE('',#1406);
#1406 = AXIS2_PLACEMENT_3D('',#1407,#1408,#1409);
#1407 = CARTESIAN_POINT('',(1.25,9.39,0.));
#1408 = DIRECTION('',(-1.,0.,0.));
#1409 = DIRECTION('',(0.,1.,0.));
#1410 = ADVANCED_FACE('',(#1411),#1429,.F.);
#1411 = FACE_BOUND('',#1412,.F.);
#1412 = EDGE_LOOP('',(#1413,#1421,#1427,#1428));
#1413 = ORIENTED_EDGE('',*,*,#1414,.T.);
#1414 = EDGE_CURVE('',#1202,#1415,#1417,.T.);
#1415 = VERTEX_POINT('',#1416);
#1416 = CARTESIAN_POINT('',(0.75,8.89,2.5));
#1417 = LINE('',#1418,#1419);
#1418 = CARTESIAN_POINT('',(0.75,8.89,0.));
#1419 = VECTOR('',#1420,1.);
#1420 = DIRECTION('',(0.,0.,1.));
#1421 = ORIENTED_EDGE('',*,*,#1422,.T.);
#1422 = EDGE_CURVE('',#1415,#1391,#1423,.T.);
#1423 = LINE('',#1424,#1425);
#1424 = CARTESIAN_POINT('',(0.75,8.89,2.5));
#1425 = VECTOR('',#1426,1.);
#1426 = DIRECTION('',(0.707106781187,0.707106781187,0.));
#1427 = ORIENTED_EDGE('',*,*,#1390,.F.);
#1428 = ORIENTED_EDGE('',*,*,#1209,.F.);
#1429 = PLANE('',#1430);
#1430 = AXIS2_PLACEMENT_3D('',#1431,#1432,#1433);
#1431 = CARTESIAN_POINT('',(0.75,8.89,0.));
#1432 = DIRECTION('',(-0.707106781187,0.707106781187,0.));
#1433 = DIRECTION('',(0.707106781187,0.707106781187,0.));
#1434 = ADVANCED_FACE('',(#1435),#1453,.F.);
#1435 = FACE_BOUND('',#1436,.F.);
#1436 = EDGE_LOOP('',(#1437,#1445,#1451,#1452));
#1437 = ORIENTED_EDGE('',*,*,#1438,.T.);
#1438 = EDGE_CURVE('',#1194,#1439,#1441,.T.);
#1439 = VERTEX_POINT('',#1440);
#1440 = CARTESIAN_POINT('',(1.25,8.39,2.5));
#1441 = LINE('',#1442,#1443);
#1442 = CARTESIAN_POINT('',(1.25,8.39,0.));
#1443 = VECTOR('',#1444,1.);
#1444 = DIRECTION('',(0.,0.,1.));
#1445 = ORIENTED_EDGE('',*,*,#1446,.T.);
#1446 = EDGE_CURVE('',#1439,#1415,#1447,.T.);
#1447 = LINE('',#1448,#1449);
#1448 = CARTESIAN_POINT('',(1.25,8.39,2.5));
#1449 = VECTOR('',#1450,1.);
#1450 = DIRECTION('',(-0.707106781187,0.707106781187,0.));
#1451 = ORIENTED_EDGE('',*,*,#1414,.F.);
#1452 = ORIENTED_EDGE('',*,*,#1201,.F.);
#1453 = PLANE('',#1454);
#1454 = AXIS2_PLACEMENT_3D('',#1455,#1456,#1457);
#1455 = CARTESIAN_POINT('',(1.25,8.39,0.));
#1456 = DIRECTION('',(-0.707106781187,-0.707106781187,0.));
#1457 = DIRECTION('',(-0.707106781187,0.707106781187,0.));
#1458 = ADVANCED_FACE('',(#1459),#1477,.F.);
#1459 = FACE_BOUND('',#1460,.F.);
#1460 = EDGE_LOOP('',(#1461,#1469,#1475,#1476));
#1461 = ORIENTED_EDGE('',*,*,#1462,.T.);
#1462 = EDGE_CURVE('',#1186,#1463,#1465,.T.);
#1463 = VERTEX_POINT('',#1464);
#1464 = CARTESIAN_POINT('',(1.25,6.85,2.5));
#1465 = LINE('',#1466,#1467);
#1466 = CARTESIAN_POINT('',(1.25,6.85,0.));
#1467 = VECTOR('',#1468,1.);
#1468 = DIRECTION('',(0.,0.,1.));
#1469 = ORIENTED_EDGE('',*,*,#1470,.T.);
#1470 = EDGE_CURVE('',#1463,#1439,#1471,.T.);
#1471 = LINE('',#1472,#1473);
#1472 = CARTESIAN_POINT('',(1.25,6.85,2.5));
#1473 = VECTOR('',#1474,1.);
#1474 = DIRECTION('',(0.,1.,0.));
#1475 = ORIENTED_EDGE('',*,*,#1438,.F.);
#1476 = ORIENTED_EDGE('',*,*,#1193,.F.);
#1477 = PLANE('',#1478);
#1478 = AXIS2_PLACEMENT_3D('',#1479,#1480,#1481);
#1479 = CARTESIAN_POINT('',(1.25,6.85,0.));
#1480 = DIRECTION('',(-1.,0.,0.));
#1481 = DIRECTION('',(0.,1.,0.));
#1482 = ADVANCED_FACE('',(#1483),#1501,.F.);
#1483 = FACE_BOUND('',#1484,.F.);
#1484 = EDGE_LOOP('',(#1485,#1493,#1499,#1500));
#1485 = ORIENTED_EDGE('',*,*,#1486,.T.);
#1486 = EDGE_CURVE('',#1178,#1487,#1489,.T.);
#1487 = VERTEX_POINT('',#1488);
#1488 = CARTESIAN_POINT('',(0.75,6.35,2.5));
#1489 = LINE('',#1490,#1491);
#1490 = CARTESIAN_POINT('',(0.75,6.35,0.));
#1491 = VECTOR('',#1492,1.);
#1492 = DIRECTION('',(0.,0.,1.));
#1493 = ORIENTED_EDGE('',*,*,#1494,.T.);
#1494 = EDGE_CURVE('',#1487,#1463,#1495,.T.);
#1495 = LINE('',#1496,#1497);
#1496 = CARTESIAN_POINT('',(0.75,6.35,2.5));
#1497 = VECTOR('',#1498,1.);
#1498 = DIRECTION('',(0.707106781187,0.707106781187,0.));
#1499 = ORIENTED_EDGE('',*,*,#1462,.F.);
#1500 = ORIENTED_EDGE('',*,*,#1185,.F.);
#1501 = PLANE('',#1502);
#1502 = AXIS2_PLACEMENT_3D('',#1503,#1504,#1505);
#1503 = CARTESIAN_POINT('',(0.75,6.35,0.));
#1504 = DIRECTION('',(-0.707106781187,0.707106781187,0.));
#1505 = DIRECTION('',(0.707106781187,0.707106781187,0.));
#1506 = ADVANCED_FACE('',(#1507),#1525,.F.);
#1507 = FACE_BOUND('',#1508,.F.);
#1508 = EDGE_LOOP('',(#1509,#1517,#1523,#1524));
#1509 = ORIENTED_EDGE('',*,*,#1510,.T.);
#1510 = EDGE_CURVE('',#1170,#1511,#1513,.T.);
#1511 = VERTEX_POINT('',#1512);
#1512 = CARTESIAN_POINT('',(1.25,5.85,2.5));
#1513 = LINE('',#1514,#1515);
#1514 = CARTESIAN_POINT('',(1.25,5.85,0.));
#1515 = VECTOR('',#1516,1.);
#1516 = DIRECTION('',(0.,0.,1.));
#1517 = ORIENTED_EDGE('',*,*,#1518,.T.);
#1518 = EDGE_CURVE('',#1511,#1487,#1519,.T.);
#1519 = LINE('',#1520,#1521);
#1520 = CARTESIAN_POINT('',(1.25,5.85,2.5));
#1521 = VECTOR('',#1522,1.);
#1522 = DIRECTION('',(-0.707106781187,0.707106781187,0.));
#1523 = ORIENTED_EDGE('',*,*,#1486,.F.);
#1524 = ORIENTED_EDGE('',*,*,#1177,.F.);
#1525 = PLANE('',#1526);
#1526 = AXIS2_PLACEMENT_3D('',#1527,#1528,#1529);
#1527 = CARTESIAN_POINT('',(1.25,5.85,0.));
#1528 = DIRECTION('',(-0.707106781187,-0.707106781187,0.));
#1529 = DIRECTION('',(-0.707106781187,0.707106781187,0.));
#1530 = ADVANCED_FACE('',(#1531),#1549,.F.);
#1531 = FACE_BOUND('',#1532,.F.);
#1532 = EDGE_LOOP('',(#1533,#1541,#1547,#1548));
#1533 = ORIENTED_EDGE('',*,*,#1534,.T.);
#1534 = EDGE_CURVE('',#1162,#1535,#1537,.T.);
#1535 = VERTEX_POINT('',#1536);
#1536 = CARTESIAN_POINT('',(1.25,4.31,2.5));
#1537 = LINE('',#1538,#1539);
#1538 = CARTESIAN_POINT('',(1.25,4.31,0.));
#1539 = VECTOR('',#1540,1.);
#1540 = DIRECTION('',(0.,0.,1.));
#1541 = ORIENTED_EDGE('',*,*,#1542,.T.);
#1542 = EDGE_CURVE('',#1535,#1511,#1543,.T.);
#1543 = LINE('',#1544,#1545);
#1544 = CARTESIAN_POINT('',(1.25,4.31,2.5));
#1545 = VECTOR('',#1546,1.);
#1546 = DIRECTION('',(0.,1.,0.));
#1547 = ORIENTED_EDGE('',*,*,#1510,.F.);
#1548 = ORIENTED_EDGE('',*,*,#1169,.F.);
#1549 = PLANE('',#1550);
#1550 = AXIS2_PLACEMENT_3D('',#1551,#1552,#1553);
#1551 = CARTESIAN_POINT('',(1.25,4.31,0.));
#1552 = DIRECTION('',(-1.,0.,0.));
#1553 = DIRECTION('',(0.,1.,0.));
#1554 = ADVANCED_FACE('',(#1555),#1573,.F.);
#1555 = FACE_BOUND('',#1556,.F.);
#1556 = EDGE_LOOP('',(#1557,#1565,#1571,#1572));
#1557 = ORIENTED_EDGE('',*,*,#1558,.T.);
#1558 = EDGE_CURVE('',#1154,#1559,#1561,.T.);
#1559 = VERTEX_POINT('',#1560);
#1560 = CARTESIAN_POINT('',(0.75,3.81,2.5));
#1561 = LINE('',#1562,#1563);
#1562 = CARTESIAN_POINT('',(0.75,3.81,0.));
#1563 = VECTOR('',#1564,1.);
#1564 = DIRECTION('',(0.,0.,1.));
#1565 = ORIENTED_EDGE('',*,*,#1566,.T.);
#1566 = EDGE_CURVE('',#1559,#1535,#1567,.T.);
#1567 = LINE('',#1568,#1569);
#1568 = CARTESIAN_POINT('',(0.75,3.81,2.5));
#1569 = VECTOR('',#1570,1.);
#1570 = DIRECTION('',(0.707106781187,0.707106781187,0.));
#1571 = ORIENTED_EDGE('',*,*,#1534,.F.);
#1572 = ORIENTED_EDGE('',*,*,#1161,.F.);
#1573 = PLANE('',#1574);
#1574 = AXIS2_PLACEMENT_3D('',#1575,#1576,#1577);
#1575 = CARTESIAN_POINT('',(0.75,3.81,0.));
#1576 = DIRECTION('',(-0.707106781187,0.707106781187,0.));
#1577 = DIRECTION('',(0.707106781187,0.707106781187,0.));
#1578 = ADVANCED_FACE('',(#1579),#1597,.F.);
#1579 = FACE_BOUND('',#1580,.F.);
#1580 = EDGE_LOOP('',(#1581,#1589,#1595,#1596));
#1581 = ORIENTED_EDGE('',*,*,#1582,.T.);
#1582 = EDGE_CURVE('',#1146,#1583,#1585,.T.);
#1583 = VERTEX_POINT('',#1584);
#1584 = CARTESIAN_POINT('',(1.25,3.31,2.5));
#1585 = LINE('',#1586,#1587);
#1586 = CARTESIAN_POINT('',(1.25,3.31,0.));
#1587 = VECTOR('',#1588,1.);
#1588 = DIRECTION('',(0.,0.,1.));
#1589 = ORIENTED_EDGE('',*,*,#1590,.T.);
#1590 = EDGE_CURVE('',#1583,#1559,#1591,.T.);
#1591 = LINE('',#1592,#1593);
#1592 = CARTESIAN_POINT('',(1.25,3.31,2.5));
#1593 = VECTOR('',#1594,1.);
#1594 = DIRECTION('',(-0.707106781187,0.707106781187,0.));
#1595 = ORIENTED_EDGE('',*,*,#1558,.F.);
#1596 = ORIENTED_EDGE('',*,*,#1153,.F.);
#1597 = PLANE('',#1598);
#1598 = AXIS2_PLACEMENT_3D('',#1599,#1600,#1601);
#1599 = CARTESIAN_POINT('',(1.25,3.31,0.));
#1600 = DIRECTION('',(-0.707106781187,-0.707106781187,0.));
#1601 = DIRECTION('',(-0.707106781187,0.707106781187,0.));
#1602 = ADVANCED_FACE('',(#1603),#1621,.F.);
#1603 = FACE_BOUND('',#1604,.F.);
#1604 = EDGE_LOOP('',(#1605,#1613,#1619,#1620));
#1605 = ORIENTED_EDGE('',*,*,#1606,.T.);
#1606 = EDGE_CURVE('',#1138,#1607,#1609,.T.);
#1607 = VERTEX_POINT('',#1608);
#1608 = CARTESIAN_POINT('',(1.25,1.77,2.5));
#1609 = LINE('',#1610,#1611);
#1610 = CARTESIAN_POINT('',(1.25,1.77,0.));
#1611 = VECTOR('',#1612,1.);
#1612 = DIRECTION('',(0.,0.,1.));
#1613 = ORIENTED_EDGE('',*,*,#1614,.T.);
#1614 = EDGE_CURVE('',#1607,#1583,#1615,.T.);
#1615 = LINE('',#1616,#1617);
#1616 = CARTESIAN_POINT('',(1.25,1.77,2.5));
#1617 = VECTOR('',#1618,1.);
#1618 = DIRECTION('',(0.,1.,0.));
#1619 = ORIENTED_EDGE('',*,*,#1582,.F.);
#1620 = ORIENTED_EDGE('',*,*,#1145,.F.);
#1621 = PLANE('',#1622);
#1622 = AXIS2_PLACEMENT_3D('',#1623,#1624,#1625);
#1623 = CARTESIAN_POINT('',(1.25,1.77,0.));
#1624 = DIRECTION('',(-1.,0.,0.));
#1625 = DIRECTION('',(0.,1.,0.));
#1626 = ADVANCED_FACE('',(#1627),#1645,.F.);
#1627 = FACE_BOUND('',#1628,.F.);
#1628 = EDGE_LOOP('',(#1629,#1637,#1643,#1644));
#1629 = ORIENTED_EDGE('',*,*,#1630,.T.);
#1630 = EDGE_CURVE('',#1130,#1631,#1633,.T.);
#1631 = VERTEX_POINT('',#1632);
#1632 = CARTESIAN_POINT('',(0.75,1.27,2.5));
#1633 = LINE('',#1634,#1635);
#1634 = CARTESIAN_POINT('',(0.75,1.27,0.));
#1635 = VECTOR('',#1636,1.);
#1636 = DIRECTION('',(0.,0.,1.));
#1637 = ORIENTED_EDGE('',*,*,#1638,.T.);
#1638 = EDGE_CURVE('',#1631,#1607,#1639,.T.);
#1639 = LINE('',#1640,#1641);
#1640 = CARTESIAN_POINT('',(0.75,1.27,2.5));
#1641 = VECTOR('',#1642,1.);
#1642 = DIRECTION('',(0.707106781187,0.707106781187,0.));
#1643 = ORIENTED_EDGE('',*,*,#1606,.F.);
#1644 = ORIENTED_EDGE('',*,*,#1137,.F.);
#1645 = PLANE('',#1646);
#1646 = AXIS2_PLACEMENT_3D('',#1647,#1648,#1649);
#1647 = CARTESIAN_POINT('',(0.75,1.27,0.));
#1648 = DIRECTION('',(-0.707106781187,0.707106781187,0.));
#1649 = DIRECTION('',(0.707106781187,0.707106781187,0.));
#1650 = ADVANCED_FACE('',(#1651),#1669,.F.);
#1651 = FACE_BOUND('',#1652,.F.);
#1652 = EDGE_LOOP('',(#1653,#1661,#1667,#1668));
#1653 = ORIENTED_EDGE('',*,*,#1654,.T.);
#1654 = EDGE_CURVE('',#1122,#1655,#1657,.T.);
#1655 = VERTEX_POINT('',#1656);
#1656 = CARTESIAN_POINT('',(1.25,0.77,2.5));
#1657 = LINE('',#1658,#1659);
#1658 = CARTESIAN_POINT('',(1.25,0.77,0.));
#1659 = VECTOR('',#1660,1.);
#1660 = DIRECTION('',(0.,0.,1.));
#1661 = ORIENTED_EDGE('',*,*,#1662,.T.);
#1662 = EDGE_CURVE('',#1655,#1631,#1663,.T.);
#1663 = LINE('',#1664,#1665);
#1664 = CARTESIAN_POINT('',(1.25,0.77,2.5));
#1665 = VECTOR('',#1666,1.);
#1666 = DIRECTION('',(-0.707106781187,0.707106781187,0.));
#1667 = ORIENTED_EDGE('',*,*,#1630,.F.);
#1668 = ORIENTED_EDGE('',*,*,#1129,.F.);
#1669 = PLANE('',#1670);
#1670 = AXIS2_PLACEMENT_3D('',#1671,#1672,#1673);
#1671 = CARTESIAN_POINT('',(1.25,0.77,0.));
#1672 = DIRECTION('',(-0.707106781187,-0.707106781187,0.));
#1673 = DIRECTION('',(-0.707106781187,0.707106781187,0.));
#1674 = ADVANCED_FACE('',(#1675),#1693,.F.);
#1675 = FACE_BOUND('',#1676,.F.);
#1676 = EDGE_LOOP('',(#1677,#1685,#1691,#1692));
#1677 = ORIENTED_EDGE('',*,*,#1678,.T.);
#1678 = EDGE_CURVE('',#1114,#1679,#1681,.T.);
#1679 = VERTEX_POINT('',#1680);
#1680 = CARTESIAN_POINT('',(1.25,-0.77,2.5));
#1681 = LINE('',#1682,#1683);
#1682 = CARTESIAN_POINT('',(1.25,-0.77,0.));
#1683 = VECTOR('',#1684,1.);
#1684 = DIRECTION('',(0.,0.,1.));
#1685 = ORIENTED_EDGE('',*,*,#1686,.T.);
#1686 = EDGE_CURVE('',#1679,#1655,#1687,.T.);
#1687 = LINE('',#1688,#1689);
#1688 = CARTESIAN_POINT('',(1.25,-0.77,2.5));
#1689 = VECTOR('',#1690,1.);
#1690 = DIRECTION('',(0.,1.,0.));
#1691 = ORIENTED_EDGE('',*,*,#1654,.F.);
#1692 = ORIENTED_EDGE('',*,*,#1121,.F.);
#1693 = PLANE('',#1694);
#1694 = AXIS2_PLACEMENT_3D('',#1695,#1696,#1697);
#1695 = CARTESIAN_POINT('',(1.25,-0.77,0.));
#1696 = DIRECTION('',(-1.,0.,0.));
#1697 = DIRECTION('',(0.,1.,0.));
#1698 = ADVANCED_FACE('',(#1699),#1717,.F.);
#1699 = FACE_BOUND('',#1700,.F.);
#1700 = EDGE_LOOP('',(#1701,#1709,#1715,#1716));
#1701 = ORIENTED_EDGE('',*,*,#1702,.T.);
#1702 = EDGE_CURVE('',#1106,#1703,#1705,.T.);
#1703 = VERTEX_POINT('',#1704);
#1704 = CARTESIAN_POINT('',(0.75,-1.27,2.5));
#1705 = LINE('',#1706,#1707);
#1706 = CARTESIAN_POINT('',(0.75,-1.27,0.));
#1707 = VECTOR('',#1708,1.);
#1708 = DIRECTION('',(0.,0.,1.));
#1709 = ORIENTED_EDGE('',*,*,#1710,.T.);
#1710 = EDGE_CURVE('',#1703,#1679,#1711,.T.);
#1711 = LINE('',#1712,#1713);
#1712 = CARTESIAN_POINT('',(0.75,-1.27,2.5));
#1713 = VECTOR('',#1714,1.);
#1714 = DIRECTION('',(0.707106781187,0.707106781187,0.));
#1715 = ORIENTED_EDGE('',*,*,#1678,.F.);
#1716 = ORIENTED_EDGE('',*,*,#1113,.F.);
#1717 = PLANE('',#1718);
#1718 = AXIS2_PLACEMENT_3D('',#1719,#1720,#1721);
#1719 = CARTESIAN_POINT('',(0.75,-1.27,0.));
#1720 = DIRECTION('',(-0.707106781187,0.707106781187,0.));
#1721 = DIRECTION('',(0.707106781187,0.707106781187,0.));
#1722 = ADVANCED_FACE('',(#1723),#1741,.F.);
#1723 = FACE_BOUND('',#1724,.F.);
#1724 = EDGE_LOOP('',(#1725,#1733,#1739,#1740));
#1725 = ORIENTED_EDGE('',*,*,#1726,.T.);
#1726 = EDGE_CURVE('',#1098,#1727,#1729,.T.);
#1727 = VERTEX_POINT('',#1728);
#1728 = CARTESIAN_POINT('',(1.25,-1.77,2.5));
#1729 = LINE('',#1730,#1731);
#1730 = CARTESIAN_POINT('',(1.25,-1.77,0.));
#1731 = VECTOR('',#1732,1.);
#1732 = DIRECTION('',(0.,0.,1.));
#1733 = ORIENTED_EDGE('',*,*,#1734,.T.);
#1734 = EDGE_CURVE('',#1727,#1703,#1735,.T.);
#1735 = LINE('',#1736,#1737);
#1736 = CARTESIAN_POINT('',(1.25,-1.77,2.5));
#1737 = VECTOR('',#1738,1.);
#1738 = DIRECTION('',(-0.707106781187,0.707106781187,0.));
#1739 = ORIENTED_EDGE('',*,*,#1702,.F.);
#1740 = ORIENTED_EDGE('',*,*,#1105,.F.);
#1741 = PLANE('',#1742);
#1742 = AXIS2_PLACEMENT_3D('',#1743,#1744,#1745);
#1743 = CARTESIAN_POINT('',(1.25,-1.77,0.));
#1744 = DIRECTION('',(-0.707106781187,-0.707106781187,0.));
#1745 = DIRECTION('',(-0.707106781187,0.707106781187,0.));
#1746 = ADVANCED_FACE('',(#1747),#1765,.F.);
#1747 = FACE_BOUND('',#1748,.F.);
#1748 = EDGE_LOOP('',(#1749,#1757,#1763,#1764));
#1749 = ORIENTED_EDGE('',*,*,#1750,.T.);
#1750 = EDGE_CURVE('',#1090,#1751,#1753,.T.);
#1751 = VERTEX_POINT('',#1752);
#1752 = CARTESIAN_POINT('',(1.25,-3.31,2.5));
#1753 = LINE('',#1754,#1755);
#1754 = CARTESIAN_POINT('',(1.25,-3.31,0.));
#1755 = VECTOR('',#1756,1.);
#1756 = DIRECTION('',(0.,0.,1.));
#1757 = ORIENTED_EDGE('',*,*,#1758,.T.);
#1758 = EDGE_CURVE('',#1751,#1727,#1759,.T.);
#1759 = LINE('',#1760,#1761);
#1760 = CARTESIAN_POINT('',(1.25,-3.31,2.5));
#1761 = VECTOR('',#1762,1.);
#1762 = DIRECTION('',(0.,1.,0.));
#1763 = ORIENTED_EDGE('',*,*,#1726,.F.);
#1764 = ORIENTED_EDGE('',*,*,#1097,.F.);
#1765 = PLANE('',#1766);
#1766 = AXIS2_PLACEMENT_3D('',#1767,#1768,#1769);
#1767 = CARTESIAN_POINT('',(1.25,-3.31,0.));
#1768 = DIRECTION('',(-1.,0.,0.));
#1769 = DIRECTION('',(0.,1.,0.));
#1770 = ADVANCED_FACE('',(#1771),#1789,.F.);
#1771 = FACE_BOUND('',#1772,.F.);
#1772 = EDGE_LOOP('',(#1773,#1781,#1787,#1788));
#1773 = ORIENTED_EDGE('',*,*,#1774,.T.);
#1774 = EDGE_CURVE('',#1082,#1775,#1777,.T.);
#1775 = VERTEX_POINT('',#1776);
#1776 = CARTESIAN_POINT('',(0.75,-3.81,2.5));
#1777 = LINE('',#1778,#1779);
#1778 = CARTESIAN_POINT('',(0.75,-3.81,0.));
#1779 = VECTOR('',#1780,1.);
#1780 = DIRECTION('',(0.,0.,1.));
#1781 = ORIENTED_EDGE('',*,*,#1782,.T.);
#1782 = EDGE_CURVE('',#1775,#1751,#1783,.T.);
#1783 = LINE('',#1784,#1785);
#1784 = CARTESIAN_POINT('',(0.75,-3.81,2.5));
#1785 = VECTOR('',#1786,1.);
#1786 = DIRECTION('',(0.707106781187,0.707106781187,0.));
#1787 = ORIENTED_EDGE('',*,*,#1750,.F.);
#1788 = ORIENTED_EDGE('',*,*,#1089,.F.);
#1789 = PLANE('',#1790);
#1790 = AXIS2_PLACEMENT_3D('',#1791,#1792,#1793);
#1791 = CARTESIAN_POINT('',(0.75,-3.81,0.));
#1792 = DIRECTION('',(-0.707106781187,0.707106781187,0.));
#1793 = DIRECTION('',(0.707106781187,0.707106781187,0.));
#1794 = ADVANCED_FACE('',(#1795),#1813,.F.);
#1795 = FACE_BOUND('',#1796,.F.);
#1796 = EDGE_LOOP('',(#1797,#1805,#1811,#1812));
#1797 = ORIENTED_EDGE('',*,*,#1798,.T.);
#1798 = EDGE_CURVE('',#1074,#1799,#1801,.T.);
#1799 = VERTEX_POINT('',#1800);
#1800 = CARTESIAN_POINT('',(1.25,-4.31,2.5));
#1801 = LINE('',#1802,#1803);
#1802 = CARTESIAN_POINT('',(1.25,-4.31,0.));
#1803 = VECTOR('',#1804,1.);
#1804 = DIRECTION('',(0.,0.,1.));
#1805 = ORIENTED_EDGE('',*,*,#1806,.T.);
#1806 = EDGE_CURVE('',#1799,#1775,#1807,.T.);
#1807 = LINE('',#1808,#1809);
#1808 = CARTESIAN_POINT('',(1.25,-4.31,2.5));
#1809 = VECTOR('',#1810,1.);
#1810 = DIRECTION('',(-0.707106781187,0.707106781187,0.));
#1811 = ORIENTED_EDGE('',*,*,#1774,.F.);
#1812 = ORIENTED_EDGE('',*,*,#1081,.F.);
#1813 = PLANE('',#1814);
#1814 = AXIS2_PLACEMENT_3D('',#1815,#1816,#1817);
#1815 = CARTESIAN_POINT('',(1.25,-4.31,0.));
#1816 = DIRECTION('',(-0.707106781187,-0.707106781187,0.));
#1817 = DIRECTION('',(-0.707106781187,0.707106781187,0.));
#1818 = ADVANCED_FACE('',(#1819),#1837,.F.);
#1819 = FACE_BOUND('',#1820,.F.);
#1820 = EDGE_LOOP('',(#1821,#1829,#1835,#1836));
#1821 = ORIENTED_EDGE('',*,*,#1822,.T.);
#1822 = EDGE_CURVE('',#1066,#1823,#1825,.T.);
#1823 = VERTEX_POINT('',#1824);
#1824 = CARTESIAN_POINT('',(1.25,-5.85,2.5));
#1825 = LINE('',#1826,#1827);
#1826 = CARTESIAN_POINT('',(1.25,-5.85,0.));
#1827 = VECTOR('',#1828,1.);
#1828 = DIRECTION('',(0.,0.,1.));
#1829 = ORIENTED_EDGE('',*,*,#1830,.T.);
#1830 = EDGE_CURVE('',#1823,#1799,#1831,.T.);
#1831 = LINE('',#1832,#1833);
#1832 = CARTESIAN_POINT('',(1.25,-5.85,2.5));
#1833 = VECTOR('',#1834,1.);
#1834 = DIRECTION('',(0.,1.,0.));
#1835 = ORIENTED_EDGE('',*,*,#1798,.F.);
#1836 = ORIENTED_EDGE('',*,*,#1073,.F.);
#1837 = PLANE('',#1838);
#1838 = AXIS2_PLACEMENT_3D('',#1839,#1840,#1841);
#1839 = CARTESIAN_POINT('',(1.25,-5.85,0.));
#1840 = DIRECTION('',(-1.,0.,0.));
#1841 = DIRECTION('',(0.,1.,0.));
#1842 = ADVANCED_FACE('',(#1843),#1861,.F.);
#1843 = FACE_BOUND('',#1844,.F.);
#1844 = EDGE_LOOP('',(#1845,#1853,#1859,#1860));
#1845 = ORIENTED_EDGE('',*,*,#1846,.T.);
#1846 = EDGE_CURVE('',#1058,#1847,#1849,.T.);
#1847 = VERTEX_POINT('',#1848);
#1848 = CARTESIAN_POINT('',(0.75,-6.35,2.5));
#1849 = LINE('',#1850,#1851);
#1850 = CARTESIAN_POINT('',(0.75,-6.35,0.));
#1851 = VECTOR('',#1852,1.);
#1852 = DIRECTION('',(0.,0.,1.));
#1853 = ORIENTED_EDGE('',*,*,#1854,.T.);
#1854 = EDGE_CURVE('',#1847,#1823,#1855,.T.);
#1855 = LINE('',#1856,#1857);
#1856 = CARTESIAN_POINT('',(0.75,-6.35,2.5));
#1857 = VECTOR('',#1858,1.);
#1858 = DIRECTION('',(0.707106781187,0.707106781187,0.));
#1859 = ORIENTED_EDGE('',*,*,#1822,.F.);
#1860 = ORIENTED_EDGE('',*,*,#1065,.F.);
#1861 = PLANE('',#1862);
#1862 = AXIS2_PLACEMENT_3D('',#1863,#1864,#1865);
#1863 = CARTESIAN_POINT('',(0.75,-6.35,0.));
#1864 = DIRECTION('',(-0.707106781187,0.707106781187,0.));
#1865 = DIRECTION('',(0.707106781187,0.707106781187,0.));
#1866 = ADVANCED_FACE('',(#1867),#1885,.F.);
#1867 = FACE_BOUND('',#1868,.F.);
#1868 = EDGE_LOOP('',(#1869,#1877,#1883,#1884));
#1869 = ORIENTED_EDGE('',*,*,#1870,.T.);
#1870 = EDGE_CURVE('',#1050,#1871,#1873,.T.);
#1871 = VERTEX_POINT('',#1872);
#1872 = CARTESIAN_POINT('',(1.25,-6.85,2.5));
#1873 = LINE('',#1874,#1875);
#1874 = CARTESIAN_POINT('',(1.25,-6.85,0.));
#1875 = VECTOR('',#1876,1.);
#1876 = DIRECTION('',(0.,0.,1.));
#1877 = ORIENTED_EDGE('',*,*,#1878,.T.);
#1878 = EDGE_CURVE('',#1871,#1847,#1879,.T.);
#1879 = LINE('',#1880,#1881);
#1880 = CARTESIAN_POINT('',(1.25,-6.85,2.5));
#1881 = VECTOR('',#1882,1.);
#1882 = DIRECTION('',(-0.707106781187,0.707106781187,0.));
#1883 = ORIENTED_EDGE('',*,*,#1846,.F.);
#1884 = ORIENTED_EDGE('',*,*,#1057,.F.);
#1885 = PLANE('',#1886);
#1886 = AXIS2_PLACEMENT_3D('',#1887,#1888,#1889);
#1887 = CARTESIAN_POINT('',(1.25,-6.85,0.));
#1888 = DIRECTION('',(-0.707106781187,-0.707106781187,0.));
#1889 = DIRECTION('',(-0.707106781187,0.707106781187,0.));
#1890 = ADVANCED_FACE('',(#1891),#1909,.F.);
#1891 = FACE_BOUND('',#1892,.F.);
#1892 = EDGE_LOOP('',(#1893,#1901,#1907,#1908));
#1893 = ORIENTED_EDGE('',*,*,#1894,.T.);
#1894 = EDGE_CURVE('',#1042,#1895,#1897,.T.);
#1895 = VERTEX_POINT('',#1896);
#1896 = CARTESIAN_POINT('',(1.25,-8.39,2.5));
#1897 = LINE('',#1898,#1899);
#1898 = CARTESIAN_POINT('',(1.25,-8.39,0.));
#1899 = VECTOR('',#1900,1.);
#1900 = DIRECTION('',(0.,0.,1.));
#1901 = ORIENTED_EDGE('',*,*,#1902,.T.);
#1902 = EDGE_CURVE('',#1895,#1871,#1903,.T.);
#1903 = LINE('',#1904,#1905);
#1904 = CARTESIAN_POINT('',(1.25,-8.39,2.5));
#1905 = VECTOR('',#1906,1.);
#1906 = DIRECTION('',(0.,1.,0.));
#1907 = ORIENTED_EDGE('',*,*,#1870,.F.);
#1908 = ORIENTED_EDGE('',*,*,#1049,.F.);
#1909 = PLANE('',#1910);
#1910 = AXIS2_PLACEMENT_3D('',#1911,#1912,#1913);
#1911 = CARTESIAN_POINT('',(1.25,-8.39,0.));
#1912 = DIRECTION('',(-1.,0.,0.));
#1913 = DIRECTION('',(0.,1.,0.));
#1914 = ADVANCED_FACE('',(#1915),#1933,.F.);
#1915 = FACE_BOUND('',#1916,.F.);
#1916 = EDGE_LOOP('',(#1917,#1925,#1931,#1932));
#1917 = ORIENTED_EDGE('',*,*,#1918,.T.);
#1918 = EDGE_CURVE('',#1034,#1919,#1921,.T.);
#1919 = VERTEX_POINT('',#1920);
#1920 = CARTESIAN_POINT('',(0.75,-8.89,2.5));
#1921 = LINE('',#1922,#1923);
#1922 = CARTESIAN_POINT('',(0.75,-8.89,0.));
#1923 = VECTOR('',#1924,1.);
#1924 = DIRECTION('',(0.,0.,1.));
#1925 = ORIENTED_EDGE('',*,*,#1926,.T.);
#1926 = EDGE_CURVE('',#1919,#1895,#1927,.T.);
#1927 = LINE('',#1928,#1929);
#1928 = CARTESIAN_POINT('',(0.75,-8.89,2.5));
#1929 = VECTOR('',#1930,1.);
#1930 = DIRECTION('',(0.707106781187,0.707106781187,0.));
#1931 = ORIENTED_EDGE('',*,*,#1894,.F.);
#1932 = ORIENTED_EDGE('',*,*,#1041,.F.);
#1933 = PLANE('',#1934);
#1934 = AXIS2_PLACEMENT_3D('',#1935,#1936,#1937);
#1935 = CARTESIAN_POINT('',(0.75,-8.89,0.));
#1936 = DIRECTION('',(-0.707106781187,0.707106781187,0.));
#1937 = DIRECTION('',(0.707106781187,0.707106781187,0.));
#1938 = ADVANCED_FACE('',(#1939),#1957,.F.);
#1939 = FACE_BOUND('',#1940,.F.);
#1940 = EDGE_LOOP('',(#1941,#1949,#1955,#1956));
#1941 = ORIENTED_EDGE('',*,*,#1942,.T.);
#1942 = EDGE_CURVE('',#1026,#1943,#1945,.T.);
#1943 = VERTEX_POINT('',#1944);
#1944 = CARTESIAN_POINT('',(1.25,-9.39,2.5));
#1945 = LINE('',#1946,#1947);
#1946 = CARTESIAN_POINT('',(1.25,-9.39,0.));
#1947 = VECTOR('',#1948,1.);
#1948 = DIRECTION('',(0.,0.,1.));
#1949 = ORIENTED_EDGE('',*,*,#1950,.T.);
#1950 = EDGE_CURVE('',#1943,#1919,#1951,.T.);
#1951 = LINE('',#1952,#1953);
#1952 = CARTESIAN_POINT('',(1.25,-9.39,2.5));
#1953 = VECTOR('',#1954,1.);
#1954 = DIRECTION('',(-0.707106781187,0.707106781187,0.));
#1955 = ORIENTED_EDGE('',*,*,#1918,.F.);
#1956 = ORIENTED_EDGE('',*,*,#1033,.F.);
#1957 = PLANE('',#1958);
#1958 = AXIS2_PLACEMENT_3D('',#1959,#1960,#1961);
#1959 = CARTESIAN_POINT('',(1.25,-9.39,0.));
#1960 = DIRECTION('',(-0.707106781187,-0.707106781187,0.));
#1961 = DIRECTION('',(-0.707106781187,0.707106781187,0.));
#1962 = ADVANCED_FACE('',(#1963),#1981,.F.);
#1963 = FACE_BOUND('',#1964,.F.);
#1964 = EDGE_LOOP('',(#1965,#1973,#1979,#1980));
#1965 = ORIENTED_EDGE('',*,*,#1966,.T.);
#1966 = EDGE_CURVE('',#1018,#1967,#1969,.T.);
#1967 = VERTEX_POINT('',#1968);
#1968 = CARTESIAN_POINT('',(1.25,-10.93,2.5));
#1969 = LINE('',#1970,#1971);
#1970 = CARTESIAN_POINT('',(1.25,-10.93,0.));
#1971 = VECTOR('',#1972,1.);
#1972 = DIRECTION('',(0.,0.,1.));
#1973 = ORIENTED_EDGE('',*,*,#1974,.T.);
#1974 = EDGE_CURVE('',#1967,#1943,#1975,.T.);
#1975 = LINE('',#1976,#1977);
#1976 = CARTESIAN_POINT('',(1.25,-10.93,2.5));
#1977 = VECTOR('',#1978,1.);
#1978 = DIRECTION('',(0.,1.,0.));
#1979 = ORIENTED_EDGE('',*,*,#1942,.F.);
#1980 = ORIENTED_EDGE('',*,*,#1025,.F.);
#1981 = PLANE('',#1982);
#1982 = AXIS2_PLACEMENT_3D('',#1983,#1984,#1985);
#1983 = CARTESIAN_POINT('',(1.25,-10.93,0.));
#1984 = DIRECTION('',(-1.,0.,0.));
#1985 = DIRECTION('',(0.,1.,0.));
#1986 = ADVANCED_FACE('',(#1987),#2005,.F.);
#1987 = FACE_BOUND('',#1988,.F.);
#1988 = EDGE_LOOP('',(#1989,#1997,#2003,#2004));
#1989 = ORIENTED_EDGE('',*,*,#1990,.T.);
#1990 = EDGE_CURVE('',#1010,#1991,#1993,.T.);
#1991 = VERTEX_POINT('',#1992);
#1992 = CARTESIAN_POINT('',(0.75,-11.43,2.5));
#1993 = LINE('',#1994,#1995);
#1994 = CARTESIAN_POINT('',(0.75,-11.43,0.));
#1995 = VECTOR('',#1996,1.);
#1996 = DIRECTION('',(0.,0.,1.));
#1997 = ORIENTED_EDGE('',*,*,#1998,.T.);
#1998 = EDGE_CURVE('',#1991,#1967,#1999,.T.);
#1999 = LINE('',#2000,#2001);
#2000 = CARTESIAN_POINT('',(0.75,-11.43,2.5));
#2001 = VECTOR('',#2002,1.);
#2002 = DIRECTION('',(0.707106781187,0.707106781187,0.));
#2003 = ORIENTED_EDGE('',*,*,#1966,.F.);
#2004 = ORIENTED_EDGE('',*,*,#1017,.F.);
#2005 = PLANE('',#2006);
#2006 = AXIS2_PLACEMENT_3D('',#2007,#2008,#2009);
#2007 = CARTESIAN_POINT('',(0.75,-11.43,0.));
#2008 = DIRECTION('',(-0.707106781187,0.707106781187,0.));
#2009 = DIRECTION('',(0.707106781187,0.707106781187,0.));
#2010 = ADVANCED_FACE('',(#2011),#2029,.F.);
#2011 = FACE_BOUND('',#2012,.F.);
#2012 = EDGE_LOOP('',(#2013,#2021,#2022,#2023));
#2013 = ORIENTED_EDGE('',*,*,#2014,.F.);
#2014 = EDGE_CURVE('',#1991,#2015,#2017,.T.);
#2015 = VERTEX_POINT('',#2016);
#2016 = CARTESIAN_POINT('',(-0.75,-11.43,2.5));
#2017 = LINE('',#2018,#2019);
#2018 = CARTESIAN_POINT('',(41.834251,-11.43,2.5));
#2019 = VECTOR('',#2020,1.);
#2020 = DIRECTION('',(-1.,0.,0.));
#2021 = ORIENTED_EDGE('',*,*,#1990,.F.);
#2022 = ORIENTED_EDGE('',*,*,#1009,.T.);
#2023 = ORIENTED_EDGE('',*,*,#2024,.T.);
#2024 = EDGE_CURVE('',#1002,#2015,#2025,.T.);
#2025 = LINE('',#2026,#2027);
#2026 = CARTESIAN_POINT('',(-0.75,-11.43,0.));
#2027 = VECTOR('',#2028,1.);
#2028 = DIRECTION('',(0.,0.,1.));
#2029 = PLANE('',#2030);
#2030 = AXIS2_PLACEMENT_3D('',#2031,#2032,#2033);
#2031 = CARTESIAN_POINT('',(41.834251,-11.43,2.5));
#2032 = DIRECTION('',(0.,1.,0.));
#2033 = DIRECTION('',(-1.,0.,0.));
#2034 = ADVANCED_FACE('',(#2035),#2053,.F.);
#2035 = FACE_BOUND('',#2036,.F.);
#2036 = EDGE_LOOP('',(#2037,#2045,#2051,#2052));
#2037 = ORIENTED_EDGE('',*,*,#2038,.T.);
#2038 = EDGE_CURVE('',#994,#2039,#2041,.T.);
#2039 = VERTEX_POINT('',#2040);
#2040 = CARTESIAN_POINT('',(-1.25,-10.93,2.5));
#2041 = LINE('',#2042,#2043);
#2042 = CARTESIAN_POINT('',(-1.25,-10.93,0.));
#2043 = VECTOR('',#2044,1.);
#2044 = DIRECTION('',(0.,0.,1.));
#2045 = ORIENTED_EDGE('',*,*,#2046,.T.);
#2046 = EDGE_CURVE('',#2039,#2015,#2047,.T.);
#2047 = LINE('',#2048,#2049);
#2048 = CARTESIAN_POINT('',(-1.25,-10.93,2.5));
#2049 = VECTOR('',#2050,1.);
#2050 = DIRECTION('',(0.707106781187,-0.707106781187,0.));
#2051 = ORIENTED_EDGE('',*,*,#2024,.F.);
#2052 = ORIENTED_EDGE('',*,*,#1001,.F.);
#2053 = PLANE('',#2054);
#2054 = AXIS2_PLACEMENT_3D('',#2055,#2056,#2057);
#2055 = CARTESIAN_POINT('',(-1.25,-10.93,0.));
#2056 = DIRECTION('',(0.707106781187,0.707106781187,0.));
#2057 = DIRECTION('',(0.707106781187,-0.707106781187,0.));
#2058 = ADVANCED_FACE('',(#2059),#2077,.F.);
#2059 = FACE_BOUND('',#2060,.F.);
#2060 = EDGE_LOOP('',(#2061,#2069,#2075,#2076));
#2061 = ORIENTED_EDGE('',*,*,#2062,.T.);
#2062 = EDGE_CURVE('',#986,#2063,#2065,.T.);
#2063 = VERTEX_POINT('',#2064);
#2064 = CARTESIAN_POINT('',(-1.25,-9.39,2.5));
#2065 = LINE('',#2066,#2067);
#2066 = CARTESIAN_POINT('',(-1.25,-9.39,0.));
#2067 = VECTOR('',#2068,1.);
#2068 = DIRECTION('',(0.,0.,1.));
#2069 = ORIENTED_EDGE('',*,*,#2070,.T.);
#2070 = EDGE_CURVE('',#2063,#2039,#2071,.T.);
#2071 = LINE('',#2072,#2073);
#2072 = CARTESIAN_POINT('',(-1.25,-9.39,2.5));
#2073 = VECTOR('',#2074,1.);
#2074 = DIRECTION('',(0.,-1.,0.));
#2075 = ORIENTED_EDGE('',*,*,#2038,.F.);
#2076 = ORIENTED_EDGE('',*,*,#993,.F.);
#2077 = PLANE('',#2078);
#2078 = AXIS2_PLACEMENT_3D('',#2079,#2080,#2081);
#2079 = CARTESIAN_POINT('',(-1.25,-9.39,0.));
#2080 = DIRECTION('',(1.,0.,0.));
#2081 = DIRECTION('',(0.,-1.,0.));
#2082 = ADVANCED_FACE('',(#2083),#2101,.F.);
#2083 = FACE_BOUND('',#2084,.F.);
#2084 = EDGE_LOOP('',(#2085,#2093,#2099,#2100));
#2085 = ORIENTED_EDGE('',*,*,#2086,.T.);
#2086 = EDGE_CURVE('',#978,#2087,#2089,.T.);
#2087 = VERTEX_POINT('',#2088);
#2088 = CARTESIAN_POINT('',(-0.75,-8.89,2.5));
#2089 = LINE('',#2090,#2091);
#2090 = CARTESIAN_POINT('',(-0.75,-8.89,0.));
#2091 = VECTOR('',#2092,1.);
#2092 = DIRECTION('',(0.,0.,1.));
#2093 = ORIENTED_EDGE('',*,*,#2094,.T.);
#2094 = EDGE_CURVE('',#2087,#2063,#2095,.T.);
#2095 = LINE('',#2096,#2097);
#2096 = CARTESIAN_POINT('',(-0.75,-8.89,2.5));
#2097 = VECTOR('',#2098,1.);
#2098 = DIRECTION('',(-0.707106781187,-0.707106781187,0.));
#2099 = ORIENTED_EDGE('',*,*,#2062,.F.);
#2100 = ORIENTED_EDGE('',*,*,#985,.F.);
#2101 = PLANE('',#2102);
#2102 = AXIS2_PLACEMENT_3D('',#2103,#2104,#2105);
#2103 = CARTESIAN_POINT('',(-0.75,-8.89,0.));
#2104 = DIRECTION('',(0.707106781187,-0.707106781187,0.));
#2105 = DIRECTION('',(-0.707106781187,-0.707106781187,0.));
#2106 = ADVANCED_FACE('',(#2107),#2125,.F.);
#2107 = FACE_BOUND('',#2108,.F.);
#2108 = EDGE_LOOP('',(#2109,#2117,#2123,#2124));
#2109 = ORIENTED_EDGE('',*,*,#2110,.T.);
#2110 = EDGE_CURVE('',#970,#2111,#2113,.T.);
#2111 = VERTEX_POINT('',#2112);
#2112 = CARTESIAN_POINT('',(-1.25,-8.39,2.5));
#2113 = LINE('',#2114,#2115);
#2114 = CARTESIAN_POINT('',(-1.25,-8.39,0.));
#2115 = VECTOR('',#2116,1.);
#2116 = DIRECTION('',(0.,0.,1.));
#2117 = ORIENTED_EDGE('',*,*,#2118,.T.);
#2118 = EDGE_CURVE('',#2111,#2087,#2119,.T.);
#2119 = LINE('',#2120,#2121);
#2120 = CARTESIAN_POINT('',(-1.25,-8.39,2.5));
#2121 = VECTOR('',#2122,1.);
#2122 = DIRECTION('',(0.707106781187,-0.707106781187,0.));
#2123 = ORIENTED_EDGE('',*,*,#2086,.F.);
#2124 = ORIENTED_EDGE('',*,*,#977,.F.);
#2125 = PLANE('',#2126);
#2126 = AXIS2_PLACEMENT_3D('',#2127,#2128,#2129);
#2127 = CARTESIAN_POINT('',(-1.25,-8.39,0.));
#2128 = DIRECTION('',(0.707106781187,0.707106781187,0.));
#2129 = DIRECTION('',(0.707106781187,-0.707106781187,0.));
#2130 = ADVANCED_FACE('',(#2131),#2149,.F.);
#2131 = FACE_BOUND('',#2132,.F.);
#2132 = EDGE_LOOP('',(#2133,#2141,#2147,#2148));
#2133 = ORIENTED_EDGE('',*,*,#2134,.T.);
#2134 = EDGE_CURVE('',#962,#2135,#2137,.T.);
#2135 = VERTEX_POINT('',#2136);
#2136 = CARTESIAN_POINT('',(-1.25,-6.85,2.5));
#2137 = LINE('',#2138,#2139);
#2138 = CARTESIAN_POINT('',(-1.25,-6.85,0.));
#2139 = VECTOR('',#2140,1.);
#2140 = DIRECTION('',(0.,0.,1.));
#2141 = ORIENTED_EDGE('',*,*,#2142,.T.);
#2142 = EDGE_CURVE('',#2135,#2111,#2143,.T.);
#2143 = LINE('',#2144,#2145);
#2144 = CARTESIAN_POINT('',(-1.25,-6.85,2.5));
#2145 = VECTOR('',#2146,1.);
#2146 = DIRECTION('',(0.,-1.,0.));
#2147 = ORIENTED_EDGE('',*,*,#2110,.F.);
#2148 = ORIENTED_EDGE('',*,*,#969,.F.);
#2149 = PLANE('',#2150);
#2150 = AXIS2_PLACEMENT_3D('',#2151,#2152,#2153);
#2151 = CARTESIAN_POINT('',(-1.25,-6.85,0.));
#2152 = DIRECTION('',(1.,0.,0.));
#2153 = DIRECTION('',(0.,-1.,0.));
#2154 = ADVANCED_FACE('',(#2155),#2173,.F.);
#2155 = FACE_BOUND('',#2156,.F.);
#2156 = EDGE_LOOP('',(#2157,#2165,#2171,#2172));
#2157 = ORIENTED_EDGE('',*,*,#2158,.T.);
#2158 = EDGE_CURVE('',#954,#2159,#2161,.T.);
#2159 = VERTEX_POINT('',#2160);
#2160 = CARTESIAN_POINT('',(-0.75,-6.35,2.5));
#2161 = LINE('',#2162,#2163);
#2162 = CARTESIAN_POINT('',(-0.75,-6.35,0.));
#2163 = VECTOR('',#2164,1.);
#2164 = DIRECTION('',(0.,0.,1.));
#2165 = ORIENTED_EDGE('',*,*,#2166,.T.);
#2166 = EDGE_CURVE('',#2159,#2135,#2167,.T.);
#2167 = LINE('',#2168,#2169);
#2168 = CARTESIAN_POINT('',(-0.75,-6.35,2.5));
#2169 = VECTOR('',#2170,1.);
#2170 = DIRECTION('',(-0.707106781187,-0.707106781187,0.));
#2171 = ORIENTED_EDGE('',*,*,#2134,.F.);
#2172 = ORIENTED_EDGE('',*,*,#961,.F.);
#2173 = PLANE('',#2174);
#2174 = AXIS2_PLACEMENT_3D('',#2175,#2176,#2177);
#2175 = CARTESIAN_POINT('',(-0.75,-6.35,0.));
#2176 = DIRECTION('',(0.707106781187,-0.707106781187,0.));
#2177 = DIRECTION('',(-0.707106781187,-0.707106781187,0.));
#2178 = ADVANCED_FACE('',(#2179),#2197,.F.);
#2179 = FACE_BOUND('',#2180,.F.);
#2180 = EDGE_LOOP('',(#2181,#2189,#2195,#2196));
#2181 = ORIENTED_EDGE('',*,*,#2182,.T.);
#2182 = EDGE_CURVE('',#946,#2183,#2185,.T.);
#2183 = VERTEX_POINT('',#2184);
#2184 = CARTESIAN_POINT('',(-1.25,-5.85,2.5));
#2185 = LINE('',#2186,#2187);
#2186 = CARTESIAN_POINT('',(-1.25,-5.85,0.));
#2187 = VECTOR('',#2188,1.);
#2188 = DIRECTION('',(0.,0.,1.));
#2189 = ORIENTED_EDGE('',*,*,#2190,.T.);
#2190 = EDGE_CURVE('',#2183,#2159,#2191,.T.);
#2191 = LINE('',#2192,#2193);
#2192 = CARTESIAN_POINT('',(-1.25,-5.85,2.5));
#2193 = VECTOR('',#2194,1.);
#2194 = DIRECTION('',(0.707106781187,-0.707106781187,0.));
#2195 = ORIENTED_EDGE('',*,*,#2158,.F.);
#2196 = ORIENTED_EDGE('',*,*,#953,.F.);
#2197 = PLANE('',#2198);
#2198 = AXIS2_PLACEMENT_3D('',#2199,#2200,#2201);
#2199 = CARTESIAN_POINT('',(-1.25,-5.85,0.));
#2200 = DIRECTION('',(0.707106781187,0.707106781187,0.));
#2201 = DIRECTION('',(0.707106781187,-0.707106781187,0.));
#2202 = ADVANCED_FACE('',(#2203),#2221,.F.);
#2203 = FACE_BOUND('',#2204,.F.);
#2204 = EDGE_LOOP('',(#2205,#2213,#2219,#2220));
#2205 = ORIENTED_EDGE('',*,*,#2206,.T.);
#2206 = EDGE_CURVE('',#938,#2207,#2209,.T.);
#2207 = VERTEX_POINT('',#2208);
#2208 = CARTESIAN_POINT('',(-1.25,-4.31,2.5));
#2209 = LINE('',#2210,#2211);
#2210 = CARTESIAN_POINT('',(-1.25,-4.31,0.));
#2211 = VECTOR('',#2212,1.);
#2212 = DIRECTION('',(0.,0.,1.));
#2213 = ORIENTED_EDGE('',*,*,#2214,.T.);
#2214 = EDGE_CURVE('',#2207,#2183,#2215,.T.);
#2215 = LINE('',#2216,#2217);
#2216 = CARTESIAN_POINT('',(-1.25,-4.31,2.5));
#2217 = VECTOR('',#2218,1.);
#2218 = DIRECTION('',(0.,-1.,0.));
#2219 = ORIENTED_EDGE('',*,*,#2182,.F.);
#2220 = ORIENTED_EDGE('',*,*,#945,.F.);
#2221 = PLANE('',#2222);
#2222 = AXIS2_PLACEMENT_3D('',#2223,#2224,#2225);
#2223 = CARTESIAN_POINT('',(-1.25,-4.31,0.));
#2224 = DIRECTION('',(1.,0.,0.));
#2225 = DIRECTION('',(0.,-1.,0.));
#2226 = ADVANCED_FACE('',(#2227),#2245,.F.);
#2227 = FACE_BOUND('',#2228,.F.);
#2228 = EDGE_LOOP('',(#2229,#2237,#2243,#2244));
#2229 = ORIENTED_EDGE('',*,*,#2230,.T.);
#2230 = EDGE_CURVE('',#930,#2231,#2233,.T.);
#2231 = VERTEX_POINT('',#2232);
#2232 = CARTESIAN_POINT('',(-0.75,-3.81,2.5));
#2233 = LINE('',#2234,#2235);
#2234 = CARTESIAN_POINT('',(-0.75,-3.81,0.));
#2235 = VECTOR('',#2236,1.);
#2236 = DIRECTION('',(0.,0.,1.));
#2237 = ORIENTED_EDGE('',*,*,#2238,.T.);
#2238 = EDGE_CURVE('',#2231,#2207,#2239,.T.);
#2239 = LINE('',#2240,#2241);
#2240 = CARTESIAN_POINT('',(-0.75,-3.81,2.5));
#2241 = VECTOR('',#2242,1.);
#2242 = DIRECTION('',(-0.707106781187,-0.707106781187,0.));
#2243 = ORIENTED_EDGE('',*,*,#2206,.F.);
#2244 = ORIENTED_EDGE('',*,*,#937,.F.);
#2245 = PLANE('',#2246);
#2246 = AXIS2_PLACEMENT_3D('',#2247,#2248,#2249);
#2247 = CARTESIAN_POINT('',(-0.75,-3.81,0.));
#2248 = DIRECTION('',(0.707106781187,-0.707106781187,0.));
#2249 = DIRECTION('',(-0.707106781187,-0.707106781187,0.));
#2250 = ADVANCED_FACE('',(#2251),#2269,.F.);
#2251 = FACE_BOUND('',#2252,.F.);
#2252 = EDGE_LOOP('',(#2253,#2261,#2267,#2268));
#2253 = ORIENTED_EDGE('',*,*,#2254,.T.);
#2254 = EDGE_CURVE('',#922,#2255,#2257,.T.);
#2255 = VERTEX_POINT('',#2256);
#2256 = CARTESIAN_POINT('',(-1.25,-3.31,2.5));
#2257 = LINE('',#2258,#2259);
#2258 = CARTESIAN_POINT('',(-1.25,-3.31,0.));
#2259 = VECTOR('',#2260,1.);
#2260 = DIRECTION('',(0.,0.,1.));
#2261 = ORIENTED_EDGE('',*,*,#2262,.T.);
#2262 = EDGE_CURVE('',#2255,#2231,#2263,.T.);
#2263 = LINE('',#2264,#2265);
#2264 = CARTESIAN_POINT('',(-1.25,-3.31,2.5));
#2265 = VECTOR('',#2266,1.);
#2266 = DIRECTION('',(0.707106781187,-0.707106781187,0.));
#2267 = ORIENTED_EDGE('',*,*,#2230,.F.);
#2268 = ORIENTED_EDGE('',*,*,#929,.F.);
#2269 = PLANE('',#2270);
#2270 = AXIS2_PLACEMENT_3D('',#2271,#2272,#2273);
#2271 = CARTESIAN_POINT('',(-1.25,-3.31,0.));
#2272 = DIRECTION('',(0.707106781187,0.707106781187,0.));
#2273 = DIRECTION('',(0.707106781187,-0.707106781187,0.));
#2274 = ADVANCED_FACE('',(#2275),#2293,.F.);
#2275 = FACE_BOUND('',#2276,.F.);
#2276 = EDGE_LOOP('',(#2277,#2285,#2291,#2292));
#2277 = ORIENTED_EDGE('',*,*,#2278,.T.);
#2278 = EDGE_CURVE('',#914,#2279,#2281,.T.);
#2279 = VERTEX_POINT('',#2280);
#2280 = CARTESIAN_POINT('',(-1.25,-1.77,2.5));
#2281 = LINE('',#2282,#2283);
#2282 = CARTESIAN_POINT('',(-1.25,-1.77,0.));
#2283 = VECTOR('',#2284,1.);
#2284 = DIRECTION('',(0.,0.,1.));
#2285 = ORIENTED_EDGE('',*,*,#2286,.T.);
#2286 = EDGE_CURVE('',#2279,#2255,#2287,.T.);
#2287 = LINE('',#2288,#2289);
#2288 = CARTESIAN_POINT('',(-1.25,-1.77,2.5));
#2289 = VECTOR('',#2290,1.);
#2290 = DIRECTION('',(0.,-1.,0.));
#2291 = ORIENTED_EDGE('',*,*,#2254,.F.);
#2292 = ORIENTED_EDGE('',*,*,#921,.F.);
#2293 = PLANE('',#2294);
#2294 = AXIS2_PLACEMENT_3D('',#2295,#2296,#2297);
#2295 = CARTESIAN_POINT('',(-1.25,-1.77,0.));
#2296 = DIRECTION('',(1.,0.,0.));
#2297 = DIRECTION('',(0.,-1.,0.));
#2298 = ADVANCED_FACE('',(#2299),#2317,.F.);
#2299 = FACE_BOUND('',#2300,.F.);
#2300 = EDGE_LOOP('',(#2301,#2309,#2315,#2316));
#2301 = ORIENTED_EDGE('',*,*,#2302,.T.);
#2302 = EDGE_CURVE('',#906,#2303,#2305,.T.);
#2303 = VERTEX_POINT('',#2304);
#2304 = CARTESIAN_POINT('',(-0.75,-1.27,2.5));
#2305 = LINE('',#2306,#2307);
#2306 = CARTESIAN_POINT('',(-0.75,-1.27,0.));
#2307 = VECTOR('',#2308,1.);
#2308 = DIRECTION('',(0.,0.,1.));
#2309 = ORIENTED_EDGE('',*,*,#2310,.T.);
#2310 = EDGE_CURVE('',#2303,#2279,#2311,.T.);
#2311 = LINE('',#2312,#2313);
#2312 = CARTESIAN_POINT('',(-0.75,-1.27,2.5));
#2313 = VECTOR('',#2314,1.);
#2314 = DIRECTION('',(-0.707106781187,-0.707106781187,0.));
#2315 = ORIENTED_EDGE('',*,*,#2278,.F.);
#2316 = ORIENTED_EDGE('',*,*,#913,.F.);
#2317 = PLANE('',#2318);
#2318 = AXIS2_PLACEMENT_3D('',#2319,#2320,#2321);
#2319 = CARTESIAN_POINT('',(-0.75,-1.27,0.));
#2320 = DIRECTION('',(0.707106781187,-0.707106781187,0.));
#2321 = DIRECTION('',(-0.707106781187,-0.707106781187,0.));
#2322 = ADVANCED_FACE('',(#2323),#2341,.F.);
#2323 = FACE_BOUND('',#2324,.F.);
#2324 = EDGE_LOOP('',(#2325,#2333,#2339,#2340));
#2325 = ORIENTED_EDGE('',*,*,#2326,.T.);
#2326 = EDGE_CURVE('',#898,#2327,#2329,.T.);
#2327 = VERTEX_POINT('',#2328);
#2328 = CARTESIAN_POINT('',(-1.25,-0.77,2.5));
#2329 = LINE('',#2330,#2331);
#2330 = CARTESIAN_POINT('',(-1.25,-0.77,0.));
#2331 = VECTOR('',#2332,1.);
#2332 = DIRECTION('',(0.,0.,1.));
#2333 = ORIENTED_EDGE('',*,*,#2334,.T.);
#2334 = EDGE_CURVE('',#2327,#2303,#2335,.T.);
#2335 = LINE('',#2336,#2337);
#2336 = CARTESIAN_POINT('',(-1.25,-0.77,2.5));
#2337 = VECTOR('',#2338,1.);
#2338 = DIRECTION('',(0.707106781187,-0.707106781187,0.));
#2339 = ORIENTED_EDGE('',*,*,#2302,.F.);
#2340 = ORIENTED_EDGE('',*,*,#905,.F.);
#2341 = PLANE('',#2342);
#2342 = AXIS2_PLACEMENT_3D('',#2343,#2344,#2345);
#2343 = CARTESIAN_POINT('',(-1.25,-0.77,0.));
#2344 = DIRECTION('',(0.707106781187,0.707106781187,0.));
#2345 = DIRECTION('',(0.707106781187,-0.707106781187,0.));
#2346 = ADVANCED_FACE('',(#2347),#2365,.F.);
#2347 = FACE_BOUND('',#2348,.F.);
#2348 = EDGE_LOOP('',(#2349,#2357,#2363,#2364));
#2349 = ORIENTED_EDGE('',*,*,#2350,.T.);
#2350 = EDGE_CURVE('',#890,#2351,#2353,.T.);
#2351 = VERTEX_POINT('',#2352);
#2352 = CARTESIAN_POINT('',(-1.25,0.77,2.5));
#2353 = LINE('',#2354,#2355);
#2354 = CARTESIAN_POINT('',(-1.25,0.77,0.));
#2355 = VECTOR('',#2356,1.);
#2356 = DIRECTION('',(0.,0.,1.));
#2357 = ORIENTED_EDGE('',*,*,#2358,.T.);
#2358 = EDGE_CURVE('',#2351,#2327,#2359,.T.);
#2359 = LINE('',#2360,#2361);
#2360 = CARTESIAN_POINT('',(-1.25,0.77,2.5));
#2361 = VECTOR('',#2362,1.);
#2362 = DIRECTION('',(0.,-1.,0.));
#2363 = ORIENTED_EDGE('',*,*,#2326,.F.);
#2364 = ORIENTED_EDGE('',*,*,#897,.F.);
#2365 = PLANE('',#2366);
#2366 = AXIS2_PLACEMENT_3D('',#2367,#2368,#2369);
#2367 = CARTESIAN_POINT('',(-1.25,0.77,0.));
#2368 = DIRECTION('',(1.,0.,0.));
#2369 = DIRECTION('',(0.,-1.,0.));
#2370 = ADVANCED_FACE('',(#2371),#2389,.F.);
#2371 = FACE_BOUND('',#2372,.F.);
#2372 = EDGE_LOOP('',(#2373,#2381,#2387,#2388));
#2373 = ORIENTED_EDGE('',*,*,#2374,.T.);
#2374 = EDGE_CURVE('',#882,#2375,#2377,.T.);
#2375 = VERTEX_POINT('',#2376);
#2376 = CARTESIAN_POINT('',(-0.75,1.27,2.5));
#2377 = LINE('',#2378,#2379);
#2378 = CARTESIAN_POINT('',(-0.75,1.27,0.));
#2379 = VECTOR('',#2380,1.);
#2380 = DIRECTION('',(0.,0.,1.));
#2381 = ORIENTED_EDGE('',*,*,#2382,.T.);
#2382 = EDGE_CURVE('',#2375,#2351,#2383,.T.);
#2383 = LINE('',#2384,#2385);
#2384 = CARTESIAN_POINT('',(-0.75,1.27,2.5));
#2385 = VECTOR('',#2386,1.);
#2386 = DIRECTION('',(-0.707106781187,-0.707106781187,0.));
#2387 = ORIENTED_EDGE('',*,*,#2350,.F.);
#2388 = ORIENTED_EDGE('',*,*,#889,.F.);
#2389 = PLANE('',#2390);
#2390 = AXIS2_PLACEMENT_3D('',#2391,#2392,#2393);
#2391 = CARTESIAN_POINT('',(-0.75,1.27,0.));
#2392 = DIRECTION('',(0.707106781187,-0.707106781187,0.));
#2393 = DIRECTION('',(-0.707106781187,-0.707106781187,0.));
#2394 = ADVANCED_FACE('',(#2395),#2413,.F.);
#2395 = FACE_BOUND('',#2396,.F.);
#2396 = EDGE_LOOP('',(#2397,#2405,#2411,#2412));
#2397 = ORIENTED_EDGE('',*,*,#2398,.T.);
#2398 = EDGE_CURVE('',#874,#2399,#2401,.T.);
#2399 = VERTEX_POINT('',#2400);
#2400 = CARTESIAN_POINT('',(-1.25,1.77,2.5));
#2401 = LINE('',#2402,#2403);
#2402 = CARTESIAN_POINT('',(-1.25,1.77,0.));
#2403 = VECTOR('',#2404,1.);
#2404 = DIRECTION('',(0.,0.,1.));
#2405 = ORIENTED_EDGE('',*,*,#2406,.T.);
#2406 = EDGE_CURVE('',#2399,#2375,#2407,.T.);
#2407 = LINE('',#2408,#2409);
#2408 = CARTESIAN_POINT('',(-1.25,1.77,2.5));
#2409 = VECTOR('',#2410,1.);
#2410 = DIRECTION('',(0.707106781187,-0.707106781187,0.));
#2411 = ORIENTED_EDGE('',*,*,#2374,.F.);
#2412 = ORIENTED_EDGE('',*,*,#881,.F.);
#2413 = PLANE('',#2414);
#2414 = AXIS2_PLACEMENT_3D('',#2415,#2416,#2417);
#2415 = CARTESIAN_POINT('',(-1.25,1.77,0.));
#2416 = DIRECTION('',(0.707106781187,0.707106781187,0.));
#2417 = DIRECTION('',(0.707106781187,-0.707106781187,0.));
#2418 = ADVANCED_FACE('',(#2419),#2437,.F.);
#2419 = FACE_BOUND('',#2420,.F.);
#2420 = EDGE_LOOP('',(#2421,#2429,#2435,#2436));
#2421 = ORIENTED_EDGE('',*,*,#2422,.T.);
#2422 = EDGE_CURVE('',#866,#2423,#2425,.T.);
#2423 = VERTEX_POINT('',#2424);
#2424 = CARTESIAN_POINT('',(-1.25,3.31,2.5));
#2425 = LINE('',#2426,#2427);
#2426 = CARTESIAN_POINT('',(-1.25,3.31,0.));
#2427 = VECTOR('',#2428,1.);
#2428 = DIRECTION('',(0.,0.,1.));
#2429 = ORIENTED_EDGE('',*,*,#2430,.T.);
#2430 = EDGE_CURVE('',#2423,#2399,#2431,.T.);
#2431 = LINE('',#2432,#2433);
#2432 = CARTESIAN_POINT('',(-1.25,3.31,2.5));
#2433 = VECTOR('',#2434,1.);
#2434 = DIRECTION('',(0.,-1.,0.));
#2435 = ORIENTED_EDGE('',*,*,#2398,.F.);
#2436 = ORIENTED_EDGE('',*,*,#873,.F.);
#2437 = PLANE('',#2438);
#2438 = AXIS2_PLACEMENT_3D('',#2439,#2440,#2441);
#2439 = CARTESIAN_POINT('',(-1.25,3.31,0.));
#2440 = DIRECTION('',(1.,0.,0.));
#2441 = DIRECTION('',(0.,-1.,0.));
#2442 = ADVANCED_FACE('',(#2443),#2461,.F.);
#2443 = FACE_BOUND('',#2444,.F.);
#2444 = EDGE_LOOP('',(#2445,#2453,#2459,#2460));
#2445 = ORIENTED_EDGE('',*,*,#2446,.T.);
#2446 = EDGE_CURVE('',#858,#2447,#2449,.T.);
#2447 = VERTEX_POINT('',#2448);
#2448 = CARTESIAN_POINT('',(-0.75,3.81,2.5));
#2449 = LINE('',#2450,#2451);
#2450 = CARTESIAN_POINT('',(-0.75,3.81,0.));
#2451 = VECTOR('',#2452,1.);
#2452 = DIRECTION('',(0.,0.,1.));
#2453 = ORIENTED_EDGE('',*,*,#2454,.T.);
#2454 = EDGE_CURVE('',#2447,#2423,#2455,.T.);
#2455 = LINE('',#2456,#2457);
#2456 = CARTESIAN_POINT('',(-0.75,3.81,2.5));
#2457 = VECTOR('',#2458,1.);
#2458 = DIRECTION('',(-0.707106781187,-0.707106781187,0.));
#2459 = ORIENTED_EDGE('',*,*,#2422,.F.);
#2460 = ORIENTED_EDGE('',*,*,#865,.F.);
#2461 = PLANE('',#2462);
#2462 = AXIS2_PLACEMENT_3D('',#2463,#2464,#2465);
#2463 = CARTESIAN_POINT('',(-0.75,3.81,0.));
#2464 = DIRECTION('',(0.707106781187,-0.707106781187,0.));
#2465 = DIRECTION('',(-0.707106781187,-0.707106781187,0.));
#2466 = ADVANCED_FACE('',(#2467),#2485,.F.);
#2467 = FACE_BOUND('',#2468,.F.);
#2468 = EDGE_LOOP('',(#2469,#2477,#2483,#2484));
#2469 = ORIENTED_EDGE('',*,*,#2470,.T.);
#2470 = EDGE_CURVE('',#850,#2471,#2473,.T.);
#2471 = VERTEX_POINT('',#2472);
#2472 = CARTESIAN_POINT('',(-1.25,4.31,2.5));
#2473 = LINE('',#2474,#2475);
#2474 = CARTESIAN_POINT('',(-1.25,4.31,0.));
#2475 = VECTOR('',#2476,1.);
#2476 = DIRECTION('',(0.,0.,1.));
#2477 = ORIENTED_EDGE('',*,*,#2478,.T.);
#2478 = EDGE_CURVE('',#2471,#2447,#2479,.T.);
#2479 = LINE('',#2480,#2481);
#2480 = CARTESIAN_POINT('',(-1.25,4.31,2.5));
#2481 = VECTOR('',#2482,1.);
#2482 = DIRECTION('',(0.707106781187,-0.707106781187,0.));
#2483 = ORIENTED_EDGE('',*,*,#2446,.F.);
#2484 = ORIENTED_EDGE('',*,*,#857,.F.);
#2485 = PLANE('',#2486);
#2486 = AXIS2_PLACEMENT_3D('',#2487,#2488,#2489);
#2487 = CARTESIAN_POINT('',(-1.25,4.31,0.));
#2488 = DIRECTION('',(0.707106781187,0.707106781187,0.));
#2489 = DIRECTION('',(0.707106781187,-0.707106781187,0.));
#2490 = ADVANCED_FACE('',(#2491),#2509,.F.);
#2491 = FACE_BOUND('',#2492,.F.);
#2492 = EDGE_LOOP('',(#2493,#2501,#2507,#2508));
#2493 = ORIENTED_EDGE('',*,*,#2494,.T.);
#2494 = EDGE_CURVE('',#842,#2495,#2497,.T.);
#2495 = VERTEX_POINT('',#2496);
#2496 = CARTESIAN_POINT('',(-1.25,5.85,2.5));
#2497 = LINE('',#2498,#2499);
#2498 = CARTESIAN_POINT('',(-1.25,5.85,0.));
#2499 = VECTOR('',#2500,1.);
#2500 = DIRECTION('',(0.,0.,1.));
#2501 = ORIENTED_EDGE('',*,*,#2502,.T.);
#2502 = EDGE_CURVE('',#2495,#2471,#2503,.T.);
#2503 = LINE('',#2504,#2505);
#2504 = CARTESIAN_POINT('',(-1.25,5.85,2.5));
#2505 = VECTOR('',#2506,1.);
#2506 = DIRECTION('',(0.,-1.,0.));
#2507 = ORIENTED_EDGE('',*,*,#2470,.F.);
#2508 = ORIENTED_EDGE('',*,*,#849,.F.);
#2509 = PLANE('',#2510);
#2510 = AXIS2_PLACEMENT_3D('',#2511,#2512,#2513);
#2511 = CARTESIAN_POINT('',(-1.25,5.85,0.));
#2512 = DIRECTION('',(1.,0.,0.));
#2513 = DIRECTION('',(0.,-1.,0.));
#2514 = ADVANCED_FACE('',(#2515),#2533,.F.);
#2515 = FACE_BOUND('',#2516,.F.);
#2516 = EDGE_LOOP('',(#2517,#2525,#2531,#2532));
#2517 = ORIENTED_EDGE('',*,*,#2518,.T.);
#2518 = EDGE_CURVE('',#834,#2519,#2521,.T.);
#2519 = VERTEX_POINT('',#2520);
#2520 = CARTESIAN_POINT('',(-0.75,6.35,2.5));
#2521 = LINE('',#2522,#2523);
#2522 = CARTESIAN_POINT('',(-0.75,6.35,0.));
#2523 = VECTOR('',#2524,1.);
#2524 = DIRECTION('',(0.,0.,1.));
#2525 = ORIENTED_EDGE('',*,*,#2526,.T.);
#2526 = EDGE_CURVE('',#2519,#2495,#2527,.T.);
#2527 = LINE('',#2528,#2529);
#2528 = CARTESIAN_POINT('',(-0.75,6.35,2.5));
#2529 = VECTOR('',#2530,1.);
#2530 = DIRECTION('',(-0.707106781187,-0.707106781187,0.));
#2531 = ORIENTED_EDGE('',*,*,#2494,.F.);
#2532 = ORIENTED_EDGE('',*,*,#841,.F.);
#2533 = PLANE('',#2534);
#2534 = AXIS2_PLACEMENT_3D('',#2535,#2536,#2537);
#2535 = CARTESIAN_POINT('',(-0.75,6.35,0.));
#2536 = DIRECTION('',(0.707106781187,-0.707106781187,0.));
#2537 = DIRECTION('',(-0.707106781187,-0.707106781187,0.));
#2538 = ADVANCED_FACE('',(#2539),#2557,.F.);
#2539 = FACE_BOUND('',#2540,.F.);
#2540 = EDGE_LOOP('',(#2541,#2549,#2555,#2556));
#2541 = ORIENTED_EDGE('',*,*,#2542,.T.);
#2542 = EDGE_CURVE('',#826,#2543,#2545,.T.);
#2543 = VERTEX_POINT('',#2544);
#2544 = CARTESIAN_POINT('',(-1.25,6.85,2.5));
#2545 = LINE('',#2546,#2547);
#2546 = CARTESIAN_POINT('',(-1.25,6.85,0.));
#2547 = VECTOR('',#2548,1.);
#2548 = DIRECTION('',(0.,0.,1.));
#2549 = ORIENTED_EDGE('',*,*,#2550,.T.);
#2550 = EDGE_CURVE('',#2543,#2519,#2551,.T.);
#2551 = LINE('',#2552,#2553);
#2552 = CARTESIAN_POINT('',(-1.25,6.85,2.5));
#2553 = VECTOR('',#2554,1.);
#2554 = DIRECTION('',(0.707106781187,-0.707106781187,0.));
#2555 = ORIENTED_EDGE('',*,*,#2518,.F.);
#2556 = ORIENTED_EDGE('',*,*,#833,.F.);
#2557 = PLANE('',#2558);
#2558 = AXIS2_PLACEMENT_3D('',#2559,#2560,#2561);
#2559 = CARTESIAN_POINT('',(-1.25,6.85,0.));
#2560 = DIRECTION('',(0.707106781187,0.707106781187,0.));
#2561 = DIRECTION('',(0.707106781187,-0.707106781187,0.));
#2562 = ADVANCED_FACE('',(#2563),#2581,.F.);
#2563 = FACE_BOUND('',#2564,.F.);
#2564 = EDGE_LOOP('',(#2565,#2573,#2579,#2580));
#2565 = ORIENTED_EDGE('',*,*,#2566,.T.);
#2566 = EDGE_CURVE('',#818,#2567,#2569,.T.);
#2567 = VERTEX_POINT('',#2568);
#2568 = CARTESIAN_POINT('',(-1.25,8.39,2.5));
#2569 = LINE('',#2570,#2571);
#2570 = CARTESIAN_POINT('',(-1.25,8.39,0.));
#2571 = VECTOR('',#2572,1.);
#2572 = DIRECTION('',(0.,0.,1.));
#2573 = ORIENTED_EDGE('',*,*,#2574,.T.);
#2574 = EDGE_CURVE('',#2567,#2543,#2575,.T.);
#2575 = LINE('',#2576,#2577);
#2576 = CARTESIAN_POINT('',(-1.25,8.39,2.5));
#2577 = VECTOR('',#2578,1.);
#2578 = DIRECTION('',(0.,-1.,0.));
#2579 = ORIENTED_EDGE('',*,*,#2542,.F.);
#2580 = ORIENTED_EDGE('',*,*,#825,.F.);
#2581 = PLANE('',#2582);
#2582 = AXIS2_PLACEMENT_3D('',#2583,#2584,#2585);
#2583 = CARTESIAN_POINT('',(-1.25,8.39,0.));
#2584 = DIRECTION('',(1.,0.,0.));
#2585 = DIRECTION('',(0.,-1.,0.));
#2586 = ADVANCED_FACE('',(#2587),#2605,.F.);
#2587 = FACE_BOUND('',#2588,.F.);
#2588 = EDGE_LOOP('',(#2589,#2597,#2603,#2604));
#2589 = ORIENTED_EDGE('',*,*,#2590,.T.);
#2590 = EDGE_CURVE('',#810,#2591,#2593,.T.);
#2591 = VERTEX_POINT('',#2592);
#2592 = CARTESIAN_POINT('',(-0.75,8.89,2.5));
#2593 = LINE('',#2594,#2595);
#2594 = CARTESIAN_POINT('',(-0.75,8.89,0.));
#2595 = VECTOR('',#2596,1.);
#2596 = DIRECTION('',(0.,0.,1.));
#2597 = ORIENTED_EDGE('',*,*,#2598,.T.);
#2598 = EDGE_CURVE('',#2591,#2567,#2599,.T.);
#2599 = LINE('',#2600,#2601);
#2600 = CARTESIAN_POINT('',(-0.75,8.89,2.5));
#2601 = VECTOR('',#2602,1.);
#2602 = DIRECTION('',(-0.707106781187,-0.707106781187,0.));
#2603 = ORIENTED_EDGE('',*,*,#2566,.F.);
#2604 = ORIENTED_EDGE('',*,*,#817,.F.);
#2605 = PLANE('',#2606);
#2606 = AXIS2_PLACEMENT_3D('',#2607,#2608,#2609);
#2607 = CARTESIAN_POINT('',(-0.75,8.89,0.));
#2608 = DIRECTION('',(0.707106781187,-0.707106781187,0.));
#2609 = DIRECTION('',(-0.707106781187,-0.707106781187,0.));
#2610 = ADVANCED_FACE('',(#2611),#2629,.F.);
#2611 = FACE_BOUND('',#2612,.F.);
#2612 = EDGE_LOOP('',(#2613,#2621,#2627,#2628));
#2613 = ORIENTED_EDGE('',*,*,#2614,.T.);
#2614 = EDGE_CURVE('',#802,#2615,#2617,.T.);
#2615 = VERTEX_POINT('',#2616);
#2616 = CARTESIAN_POINT('',(-1.25,9.39,2.5));
#2617 = LINE('',#2618,#2619);
#2618 = CARTESIAN_POINT('',(-1.25,9.39,0.));
#2619 = VECTOR('',#2620,1.);
#2620 = DIRECTION('',(0.,0.,1.));
#2621 = ORIENTED_EDGE('',*,*,#2622,.T.);
#2622 = EDGE_CURVE('',#2615,#2591,#2623,.T.);
#2623 = LINE('',#2624,#2625);
#2624 = CARTESIAN_POINT('',(-1.25,9.39,2.5));
#2625 = VECTOR('',#2626,1.);
#2626 = DIRECTION('',(0.707106781187,-0.707106781187,0.));
#2627 = ORIENTED_EDGE('',*,*,#2590,.F.);
#2628 = ORIENTED_EDGE('',*,*,#809,.F.);
#2629 = PLANE('',#2630);
#2630 = AXIS2_PLACEMENT_3D('',#2631,#2632,#2633);
#2631 = CARTESIAN_POINT('',(-1.25,9.39,0.));
#2632 = DIRECTION('',(0.707106781187,0.707106781187,0.));
#2633 = DIRECTION('',(0.707106781187,-0.707106781187,0.));
#2634 = ADVANCED_FACE('',(#2635),#2653,.F.);
#2635 = FACE_BOUND('',#2636,.F.);
#2636 = EDGE_LOOP('',(#2637,#2645,#2651,#2652));
#2637 = ORIENTED_EDGE('',*,*,#2638,.T.);
#2638 = EDGE_CURVE('',#794,#2639,#2641,.T.);
#2639 = VERTEX_POINT('',#2640);
#2640 = CARTESIAN_POINT('',(-1.25,10.93,2.5));
#2641 = LINE('',#2642,#2643);
#2642 = CARTESIAN_POINT('',(-1.25,10.93,0.));
#2643 = VECTOR('',#2644,1.);
#2644 = DIRECTION('',(0.,0.,1.));
#2645 = ORIENTED_EDGE('',*,*,#2646,.T.);
#2646 = EDGE_CURVE('',#2639,#2615,#2647,.T.);
#2647 = LINE('',#2648,#2649);
#2648 = CARTESIAN_POINT('',(-1.25,10.93,2.5));
#2649 = VECTOR('',#2650,1.);
#2650 = DIRECTION('',(0.,-1.,0.));
#2651 = ORIENTED_EDGE('',*,*,#2614,.F.);
#2652 = ORIENTED_EDGE('',*,*,#801,.F.);
#2653 = PLANE('',#2654);
#2654 = AXIS2_PLACEMENT_3D('',#2655,#2656,#2657);
#2655 = CARTESIAN_POINT('',(-1.25,10.93,0.));
#2656 = DIRECTION('',(1.,0.,0.));
#2657 = DIRECTION('',(0.,-1.,0.));
#2658 = ADVANCED_FACE('',(#2659),#2677,.F.);
#2659 = FACE_BOUND('',#2660,.F.);
#2660 = EDGE_LOOP('',(#2661,#2669,#2675,#2676));
#2661 = ORIENTED_EDGE('',*,*,#2662,.T.);
#2662 = EDGE_CURVE('',#786,#2663,#2665,.T.);
#2663 = VERTEX_POINT('',#2664);
#2664 = CARTESIAN_POINT('',(-0.75,11.43,2.5));
#2665 = LINE('',#2666,#2667);
#2666 = CARTESIAN_POINT('',(-0.75,11.43,0.));
#2667 = VECTOR('',#2668,1.);
#2668 = DIRECTION('',(0.,0.,1.));
#2669 = ORIENTED_EDGE('',*,*,#2670,.T.);
#2670 = EDGE_CURVE('',#2663,#2639,#2671,.T.);
#2671 = LINE('',#2672,#2673);
#2672 = CARTESIAN_POINT('',(-0.75,11.43,2.5));
#2673 = VECTOR('',#2674,1.);
#2674 = DIRECTION('',(-0.707106781187,-0.707106781187,0.));
#2675 = ORIENTED_EDGE('',*,*,#2638,.F.);
#2676 = ORIENTED_EDGE('',*,*,#793,.F.);
#2677 = PLANE('',#2678);
#2678 = AXIS2_PLACEMENT_3D('',#2679,#2680,#2681);
#2679 = CARTESIAN_POINT('',(-0.75,11.43,0.));
#2680 = DIRECTION('',(0.707106781187,-0.707106781187,0.));
#2681 = DIRECTION('',(-0.707106781187,-0.707106781187,0.));
#2682 = ADVANCED_FACE('',(#2683),#2701,.F.);
#2683 = FACE_BOUND('',#2684,.F.);
#2684 = EDGE_LOOP('',(#2685,#2693,#2699,#2700));
#2685 = ORIENTED_EDGE('',*,*,#2686,.T.);
#2686 = EDGE_CURVE('',#778,#2687,#2689,.T.);
#2687 = VERTEX_POINT('',#2688);
#2688 = CARTESIAN_POINT('',(-1.25,11.93,2.5));
#2689 = LINE('',#2690,#2691);
#2690 = CARTESIAN_POINT('',(-1.25,11.93,0.));
#2691 = VECTOR('',#2692,1.);
#2692 = DIRECTION('',(0.,0.,1.));
#2693 = ORIENTED_EDGE('',*,*,#2694,.T.);
#2694 = EDGE_CURVE('',#2687,#2663,#2695,.T.);
#2695 = LINE('',#2696,#2697);
#2696 = CARTESIAN_POINT('',(-1.25,11.93,2.5));
#2697 = VECTOR('',#2698,1.);
#2698 = DIRECTION('',(0.707106781187,-0.707106781187,0.));
#2699 = ORIENTED_EDGE('',*,*,#2662,.F.);
#2700 = ORIENTED_EDGE('',*,*,#785,.F.);
#2701 = PLANE('',#2702);
#2702 = AXIS2_PLACEMENT_3D('',#2703,#2704,#2705);
#2703 = CARTESIAN_POINT('',(-1.25,11.93,0.));
#2704 = DIRECTION('',(0.707106781187,0.707106781187,0.));
#2705 = DIRECTION('',(0.707106781187,-0.707106781187,0.));
#2706 = ADVANCED_FACE('',(#2707),#2725,.F.);
#2707 = FACE_BOUND('',#2708,.F.);
#2708 = EDGE_LOOP('',(#2709,#2717,#2723,#2724));
#2709 = ORIENTED_EDGE('',*,*,#2710,.T.);
#2710 = EDGE_CURVE('',#770,#2711,#2713,.T.);
#2711 = VERTEX_POINT('',#2712);
#2712 = CARTESIAN_POINT('',(-1.25,13.47,2.5));
#2713 = LINE('',#2714,#2715);
#2714 = CARTESIAN_POINT('',(-1.25,13.47,0.));
#2715 = VECTOR('',#2716,1.);
#2716 = DIRECTION('',(0.,0.,1.));
#2717 = ORIENTED_EDGE('',*,*,#2718,.T.);
#2718 = EDGE_CURVE('',#2711,#2687,#2719,.T.);
#2719 = LINE('',#2720,#2721);
#2720 = CARTESIAN_POINT('',(-1.25,13.47,2.5));
#2721 = VECTOR('',#2722,1.);
#2722 = DIRECTION('',(0.,-1.,0.));
#2723 = ORIENTED_EDGE('',*,*,#2686,.F.);
#2724 = ORIENTED_EDGE('',*,*,#777,.F.);
#2725 = PLANE('',#2726);
#2726 = AXIS2_PLACEMENT_3D('',#2727,#2728,#2729);
#2727 = CARTESIAN_POINT('',(-1.25,13.47,0.));
#2728 = DIRECTION('',(1.,0.,0.));
#2729 = DIRECTION('',(0.,-1.,0.));
#2730 = ADVANCED_FACE('',(#2731),#2742,.F.);
#2731 = FACE_BOUND('',#2732,.F.);
#2732 = EDGE_LOOP('',(#2733,#2734,#2740,#2741));
#2733 = ORIENTED_EDGE('',*,*,#1273,.T.);
#2734 = ORIENTED_EDGE('',*,*,#2735,.T.);
#2735 = EDGE_CURVE('',#1264,#2711,#2736,.T.);
#2736 = LINE('',#2737,#2738);
#2737 = CARTESIAN_POINT('',(-0.75,13.97,2.5));
#2738 = VECTOR('',#2739,1.);
#2739 = DIRECTION('',(-0.707106781187,-0.707106781187,0.));
#2740 = ORIENTED_EDGE('',*,*,#2710,.F.);
#2741 = ORIENTED_EDGE('',*,*,#769,.F.);
#2742 = PLANE('',#2743);
#2743 = AXIS2_PLACEMENT_3D('',#2744,#2745,#2746);
#2744 = CARTESIAN_POINT('',(-0.75,13.97,0.));
#2745 = DIRECTION('',(0.707106781187,-0.707106781187,0.));
#2746 = DIRECTION('',(-0.707106781187,-0.707106781187,0.));
#2747 = ADVANCED_FACE('',(#2748),#2812,.T.);
#2748 = FACE_BOUND('',#2749,.T.);
#2749 = EDGE_LOOP('',(#2750,#2751,#2752,#2753,#2754,#2755,#2756,#2757,
    #2758,#2759,#2760,#2761,#2762,#2763,#2764,#2765,#2766,#2767,#2768,
    #2769,#2770,#2771,#2772,#2773,#2774,#2775,#2776,#2777,#2778,#2779,
    #2780,#2781,#2782,#2783,#2784,#2785,#2786,#2787,#2788,#2789,#2790,
    #2791,#2792,#2793,#2794,#2795,#2796,#2797,#2798,#2799,#2800,#2801,
    #2802,#2803,#2804,#2805,#2806,#2807,#2808,#2809,#2810,#2811));
#2750 = ORIENTED_EDGE('',*,*,#1263,.F.);
#2751 = ORIENTED_EDGE('',*,*,#2735,.T.);
#2752 = ORIENTED_EDGE('',*,*,#2718,.T.);
#2753 = ORIENTED_EDGE('',*,*,#2694,.T.);
#2754 = ORIENTED_EDGE('',*,*,#2670,.T.);
#2755 = ORIENTED_EDGE('',*,*,#2646,.T.);
#2756 = ORIENTED_EDGE('',*,*,#2622,.T.);
#2757 = ORIENTED_EDGE('',*,*,#2598,.T.);
#2758 = ORIENTED_EDGE('',*,*,#2574,.T.);
#2759 = ORIENTED_EDGE('',*,*,#2550,.T.);
#2760 = ORIENTED_EDGE('',*,*,#2526,.T.);
#2761 = ORIENTED_EDGE('',*,*,#2502,.T.);
#2762 = ORIENTED_EDGE('',*,*,#2478,.T.);
#2763 = ORIENTED_EDGE('',*,*,#2454,.T.);
#2764 = ORIENTED_EDGE('',*,*,#2430,.T.);
#2765 = ORIENTED_EDGE('',*,*,#2406,.T.);
#2766 = ORIENTED_EDGE('',*,*,#2382,.T.);
#2767 = ORIENTED_EDGE('',*,*,#2358,.T.);
#2768 = ORIENTED_EDGE('',*,*,#2334,.T.);
#2769 = ORIENTED_EDGE('',*,*,#2310,.T.);
#2770 = ORIENTED_EDGE('',*,*,#2286,.T.);
#2771 = ORIENTED_EDGE('',*,*,#2262,.T.);
#2772 = ORIENTED_EDGE('',*,*,#2238,.T.);
#2773 = ORIENTED_EDGE('',*,*,#2214,.T.);
#2774 = ORIENTED_EDGE('',*,*,#2190,.T.);
#2775 = ORIENTED_EDGE('',*,*,#2166,.T.);
#2776 = ORIENTED_EDGE('',*,*,#2142,.T.);
#2777 = ORIENTED_EDGE('',*,*,#2118,.T.);
#2778 = ORIENTED_EDGE('',*,*,#2094,.T.);
#2779 = ORIENTED_EDGE('',*,*,#2070,.T.);
#2780 = ORIENTED_EDGE('',*,*,#2046,.T.);
#2781 = ORIENTED_EDGE('',*,*,#2014,.F.);
#2782 = ORIENTED_EDGE('',*,*,#1998,.T.);
#2783 = ORIENTED_EDGE('',*,*,#1974,.T.);
#2784 = ORIENTED_EDGE('',*,*,#1950,.T.);
#2785 = ORIENTED_EDGE('',*,*,#1926,.T.);
#2786 = ORIENTED_EDGE('',*,*,#1902,.T.);
#2787 = ORIENTED_EDGE('',*,*,#1878,.T.);
#2788 = ORIENTED_EDGE('',*,*,#1854,.T.);
#2789 = ORIENTED_EDGE('',*,*,#1830,.T.);
#2790 = ORIENTED_EDGE('',*,*,#1806,.T.);
#2791 = ORIENTED_EDGE('',*,*,#1782,.T.);
#2792 = ORIENTED_EDGE('',*,*,#1758,.T.);
#2793 = ORIENTED_EDGE('',*,*,#1734,.T.);
#2794 = ORIENTED_EDGE('',*,*,#1710,.T.);
#2795 = ORIENTED_EDGE('',*,*,#1686,.T.);
#2796 = ORIENTED_EDGE('',*,*,#1662,.T.);
#2797 = ORIENTED_EDGE('',*,*,#1638,.T.);
#2798 = ORIENTED_EDGE('',*,*,#1614,.T.);
#2799 = ORIENTED_EDGE('',*,*,#1590,.T.);
#2800 = ORIENTED_EDGE('',*,*,#1566,.T.);
#2801 = ORIENTED_EDGE('',*,*,#1542,.T.);
#2802 = ORIENTED_EDGE('',*,*,#1518,.T.);
#2803 = ORIENTED_EDGE('',*,*,#1494,.T.);
#2804 = ORIENTED_EDGE('',*,*,#1470,.T.);
#2805 = ORIENTED_EDGE('',*,*,#1446,.T.);
#2806 = ORIENTED_EDGE('',*,*,#1422,.T.);
#2807 = ORIENTED_EDGE('',*,*,#1398,.T.);
#2808 = ORIENTED_EDGE('',*,*,#1374,.T.);
#2809 = ORIENTED_EDGE('',*,*,#1350,.T.);
#2810 = ORIENTED_EDGE('',*,*,#1326,.T.);
#2811 = ORIENTED_EDGE('',*,*,#1302,.T.);
#2812 = PLANE('',#2813);
#2813 = AXIS2_PLACEMENT_3D('',#2814,#2815,#2816);
#2814 = CARTESIAN_POINT('',(5.E-17,1.17E-15,2.5));
#2815 = DIRECTION('',(0.,0.,1.));
#2816 = DIRECTION('',(1.,0.,0.));
#2817 = ( GEOMETRIC_REPRESENTATION_CONTEXT(3) 
GLOBAL_UNCERTAINTY_ASSIGNED_CONTEXT((#2821)) 
GLOBAL_UNIT_ASSIGNED_CONTEXT((#2818,#2819,#2820)) REPRESENTATION_CONTEXT
('Context #1','3D Context with UNIT and UNCERTAINTY') );
#2818 = ( LENGTH_UNIT() NAMED_UNIT(*) SI_UNIT(.MILLI.,.METRE.) );
#2819 = ( NAMED_UNIT(*) PLANE_ANGLE_UNIT() SI_UNIT($,.RADIAN.) );
#2820 = ( NAMED_UNIT(*) SI_UNIT($,.STERADIAN.) SOLID_ANGLE_UNIT() );
#2821 = UNCERTAINTY_MEASURE_WITH_UNIT(LENGTH_MEASURE(1.E-06),#2818,
  'distance_accuracy_value','confusion accuracy');
#2822 = CONTEXT_DEPENDENT_SHAPE_REPRESENTATION(#2823,#2825);
#2823 = ( REPRESENTATION_RELATIONSHIP('','',#752,#622) 
REPRESENTATION_RELATIONSHIP_WITH_TRANSFORMATION(#2824) 
SHAPE_REPRESENTATION_RELATIONSHIP() );
#2824 = ITEM_DEFINED_TRANSFORMATION('','',#11,#627);
#2825 = PRODUCT_DEFINITION_SHAPE('Placement','Placement of an item',
  #2826);
#2826 = NEXT_ASSEMBLY_USAGE_OCCURRENCE('4','Parte plastica001','',#617,
  #747,$);
#2827 = PRODUCT_RELATED_PRODUCT_CATEGORY('part',$,(#749));
#2828 = SHAPE_DEFINITION_REPRESENTATION(#2829,#2835);
#2829 = PRODUCT_DEFINITION_SHAPE('','',#2830);
#2830 = PRODUCT_DEFINITION('design','',#2831,#2834);
#2831 = PRODUCT_DEFINITION_FORMATION('','',#2832);
#2832 = PRODUCT('LCS_PH1','LCS_PH1','',(#2833));
#2833 = PRODUCT_CONTEXT('',#2,'mechanical');
#2834 = PRODUCT_DEFINITION_CONTEXT('part definition',#2,'design');
#2835 = MANIFOLD_SURFACE_SHAPE_REPRESENTATION('',(#11),#2836);
#2836 = ( GEOMETRIC_REPRESENTATION_CONTEXT(3) 
GLOBAL_UNCERTAINTY_ASSIGNED_CONTEXT((#2840)) 
GLOBAL_UNIT_ASSIGNED_CONTEXT((#2837,#2838,#2839)) REPRESENTATION_CONTEXT
('Context #1','3D Context with UNIT and UNCERTAINTY') );
#2837 = ( LENGTH_UNIT() NAMED_UNIT(*) SI_UNIT(.MILLI.,.METRE.) );
#2838 = ( NAMED_UNIT(*) PLANE_ANGLE_UNIT() SI_UNIT($,.RADIAN.) );
#2839 = ( NAMED_UNIT(*) SI_UNIT($,.STERADIAN.) SOLID_ANGLE_UNIT() );
#2840 = UNCERTAINTY_MEASURE_WITH_UNIT(LENGTH_MEASURE(1.E-07),#2837,
  'distance_accuracy_value','confusion accuracy');
#2841 = CONTEXT_DEPENDENT_SHAPE_REPRESENTATION(#2842,#2844);
#2842 = ( REPRESENTATION_RELATIONSHIP('','',#2835,#622) 
REPRESENTATION_RELATIONSHIP_WITH_TRANSFORMATION(#2843) 
SHAPE_REPRESENTATION_RELATIONSHIP() );
#2843 = ITEM_DEFINED_TRANSFORMATION('','',#11,#631);
#2844 = PRODUCT_DEFINITION_SHAPE('Placement','Placement of an item',
  #2845);
#2845 = NEXT_ASSEMBLY_USAGE_OCCURRENCE('5','LCS_PH1','',#617,#2830,$);
#2846 = PRODUCT_RELATED_PRODUCT_CATEGORY('part',$,(#2832));
#2847 = SHAPE_DEFINITION_REPRESENTATION(#2848,#2854);
#2848 = PRODUCT_DEFINITION_SHAPE('','',#2849);
#2849 = PRODUCT_DEFINITION('design','',#2850,#2853);
#2850 = PRODUCT_DEFINITION_FORMATION('','',#2851);
#2851 = PRODUCT('Metal superior','Metal superior','',(#2852));
#2852 = PRODUCT_CONTEXT('',#2,'mechanical');
#2853 = PRODUCT_DEFINITION_CONTEXT('part definition',#2,'design');
#2854 = ADVANCED_BREP_SHAPE_REPRESENTATION('',(#11,#2855),#2908);
#2855 = MANIFOLD_SOLID_BREP('',#2856);
#2856 = CLOSED_SHELL('',(#2857,#2890,#2899));
#2857 = ADVANCED_FACE('',(#2858),#2885,.T.);
#2858 = FACE_BOUND('',#2859,.F.);
#2859 = EDGE_LOOP('',(#2860,#2870,#2877,#2878));
#2860 = ORIENTED_EDGE('',*,*,#2861,.T.);
#2861 = EDGE_CURVE('',#2862,#2864,#2866,.T.);
#2862 = VERTEX_POINT('',#2863);
#2863 = CARTESIAN_POINT('',(0.32,0.,0.));
#2864 = VERTEX_POINT('',#2865);
#2865 = CARTESIAN_POINT('',(0.32,0.,6.));
#2866 = LINE('',#2867,#2868);
#2867 = CARTESIAN_POINT('',(0.32,0.,0.));
#2868 = VECTOR('',#2869,1.);
#2869 = DIRECTION('',(0.,0.,1.));
#2870 = ORIENTED_EDGE('',*,*,#2871,.T.);
#2871 = EDGE_CURVE('',#2864,#2864,#2872,.T.);
#2872 = CIRCLE('',#2873,0.32);
#2873 = AXIS2_PLACEMENT_3D('',#2874,#2875,#2876);
#2874 = CARTESIAN_POINT('',(0.,0.,6.));
#2875 = DIRECTION('',(0.,0.,1.));
#2876 = DIRECTION('',(1.,0.,0.));
#2877 = ORIENTED_EDGE('',*,*,#2861,.F.);
#2878 = ORIENTED_EDGE('',*,*,#2879,.F.);
#2879 = EDGE_CURVE('',#2862,#2862,#2880,.T.);
#2880 = CIRCLE('',#2881,0.32);
#2881 = AXIS2_PLACEMENT_3D('',#2882,#2883,#2884);
#2882 = CARTESIAN_POINT('',(0.,0.,0.));
#2883 = DIRECTION('',(0.,0.,1.));
#2884 = DIRECTION('',(1.,0.,0.));
#2885 = CYLINDRICAL_SURFACE('',#2886,0.32);
#2886 = AXIS2_PLACEMENT_3D('',#2887,#2888,#2889);
#2887 = CARTESIAN_POINT('',(0.,0.,0.));
#2888 = DIRECTION('',(-0.,-0.,-1.));
#2889 = DIRECTION('',(1.,0.,0.));
#2890 = ADVANCED_FACE('',(#2891),#2894,.F.);
#2891 = FACE_BOUND('',#2892,.F.);
#2892 = EDGE_LOOP('',(#2893));
#2893 = ORIENTED_EDGE('',*,*,#2879,.T.);
#2894 = PLANE('',#2895);
#2895 = AXIS2_PLACEMENT_3D('',#2896,#2897,#2898);
#2896 = CARTESIAN_POINT('',(-3.E-17,2.E-17,0.));
#2897 = DIRECTION('',(0.,0.,1.));
#2898 = DIRECTION('',(1.,0.,0.));
#2899 = ADVANCED_FACE('',(#2900),#2903,.T.);
#2900 = FACE_BOUND('',#2901,.T.);
#2901 = EDGE_LOOP('',(#2902));
#2902 = ORIENTED_EDGE('',*,*,#2871,.T.);
#2903 = PLANE('',#2904);
#2904 = AXIS2_PLACEMENT_3D('',#2905,#2906,#2907);
#2905 = CARTESIAN_POINT('',(-3.E-17,2.E-17,6.));
#2906 = DIRECTION('',(0.,0.,1.));
#2907 = DIRECTION('',(1.,0.,0.));
#2908 = ( GEOMETRIC_REPRESENTATION_CONTEXT(3) 
GLOBAL_UNCERTAINTY_ASSIGNED_CONTEXT((#2912)) 
GLOBAL_UNIT_ASSIGNED_CONTEXT((#2909,#2910,#2911)) REPRESENTATION_CONTEXT
('Context #1','3D Context with UNIT and UNCERTAINTY') );
#2909 = ( LENGTH_UNIT() NAMED_UNIT(*) SI_UNIT(.MILLI.,.METRE.) );
#2910 = ( NAMED_UNIT(*) PLANE_ANGLE_UNIT() SI_UNIT($,.RADIAN.) );
#2911 = ( NAMED_UNIT(*) SI_UNIT($,.STERADIAN.) SOLID_ANGLE_UNIT() );
#2912 = UNCERTAINTY_MEASURE_WITH_UNIT(LENGTH_MEASURE(1.E-07),#2909,
  'distance_accuracy_value','confusion accuracy');
#2913 = CONTEXT_DEPENDENT_SHAPE_REPRESENTATION(#2914,#2916);
#2914 = ( REPRESENTATION_RELATIONSHIP('','',#2854,#622) 
REPRESENTATION_RELATIONSHIP_WITH_TRANSFORMATION(#2915) 
SHAPE_REPRESENTATION_RELATIONSHIP() );
#2915 = ITEM_DEFINED_TRANSFORMATION('','',#11,#635);
#2916 = PRODUCT_DEFINITION_SHAPE('Placement','Placement of an item',
  #2917);
#2917 = NEXT_ASSEMBLY_USAGE_OCCURRENCE('6','Metal superior001','',#617,
  #2849,$);
#2918 = PRODUCT_RELATED_PRODUCT_CATEGORY('part',$,(#2851));
#2919 = CONTEXT_DEPENDENT_SHAPE_REPRESENTATION(#2920,#2922);
#2920 = ( REPRESENTATION_RELATIONSHIP('','',#2854,#622) 
REPRESENTATION_RELATIONSHIP_WITH_TRANSFORMATION(#2921) 
SHAPE_REPRESENTATION_RELATIONSHIP() );
#2921 = ITEM_DEFINED_TRANSFORMATION('','',#11,#639);
#2922 = PRODUCT_DEFINITION_SHAPE('Placement','Placement of an item',
  #2923);
#2923 = NEXT_ASSEMBLY_USAGE_OCCURRENCE('7','Metal superior002','',#617,
  #2849,$);
#2924 = CONTEXT_DEPENDENT_SHAPE_REPRESENTATION(#2925,#2927);
#2925 = ( REPRESENTATION_RELATIONSHIP('','',#2854,#622) 
REPRESENTATION_RELATIONSHIP_WITH_TRANSFORMATION(#2926) 
SHAPE_REPRESENTATION_RELATIONSHIP() );
#2926 = ITEM_DEFINED_TRANSFORMATION('','',#11,#643);
#2927 = PRODUCT_DEFINITION_SHAPE('Placement','Placement of an item',
  #2928);
#2928 = NEXT_ASSEMBLY_USAGE_OCCURRENCE('8','Metal superior003','',#617,
  #2849,$);
#2929 = CONTEXT_DEPENDENT_SHAPE_REPRESENTATION(#2930,#2932);
#2930 = ( REPRESENTATION_RELATIONSHIP('','',#2854,#622) 
REPRESENTATION_RELATIONSHIP_WITH_TRANSFORMATION(#2931) 
SHAPE_REPRESENTATION_RELATIONSHIP() );
#2931 = ITEM_DEFINED_TRANSFORMATION('','',#11,#647);
#2932 = PRODUCT_DEFINITION_SHAPE('Placement','Placement of an item',
  #2933);
#2933 = NEXT_ASSEMBLY_USAGE_OCCURRENCE('9','Metal superior004','',#617,
  #2849,$);
#2934 = CONTEXT_DEPENDENT_SHAPE_REPRESENTATION(#2935,#2937);
#2935 = ( REPRESENTATION_RELATIONSHIP('','',#2854,#622) 
REPRESENTATION_RELATIONSHIP_WITH_TRANSFORMATION(#2936) 
SHAPE_REPRESENTATION_RELATIONSHIP() );
#2936 = ITEM_DEFINED_TRANSFORMATION('','',#11,#651);
#2937 = PRODUCT_DEFINITION_SHAPE('Placement','Placement of an item',
  #2938);
#2938 = NEXT_ASSEMBLY_USAGE_OCCURRENCE('10','Metal superior005','',#617,
  #2849,$);
#2939 = CONTEXT_DEPENDENT_SHAPE_REPRESENTATION(#2940,#2942);
#2940 = ( REPRESENTATION_RELATIONSHIP('','',#2854,#622) 
REPRESENTATION_RELATIONSHIP_WITH_TRANSFORMATION(#2941) 
SHAPE_REPRESENTATION_RELATIONSHIP() );
#2941 = ITEM_DEFINED_TRANSFORMATION('','',#11,#655);
#2942 = PRODUCT_DEFINITION_SHAPE('Placement','Placement of an item',
  #2943);
#2943 = NEXT_ASSEMBLY_USAGE_OCCURRENCE('11','Metal superior006','',#617,
  #2849,$);
#2944 = CONTEXT_DEPENDENT_SHAPE_REPRESENTATION(#2945,#2947);
#2945 = ( REPRESENTATION_RELATIONSHIP('','',#2854,#622) 
REPRESENTATION_RELATIONSHIP_WITH_TRANSFORMATION(#2946) 
SHAPE_REPRESENTATION_RELATIONSHIP() );
#2946 = ITEM_DEFINED_TRANSFORMATION('','',#11,#659);
#2947 = PRODUCT_DEFINITION_SHAPE('Placement','Placement of an item',
  #2948);
#2948 = NEXT_ASSEMBLY_USAGE_OCCURRENCE('12','Metal superior007','',#617,
  #2849,$);
#2949 = CONTEXT_DEPENDENT_SHAPE_REPRESENTATION(#2950,#2952);
#2950 = ( REPRESENTATION_RELATIONSHIP('','',#2854,#622) 
REPRESENTATION_RELATIONSHIP_WITH_TRANSFORMATION(#2951) 
SHAPE_REPRESENTATION_RELATIONSHIP() );
#2951 = ITEM_DEFINED_TRANSFORMATION('','',#11,#663);
#2952 = PRODUCT_DEFINITION_SHAPE('Placement','Placement of an item',
  #2953);
#2953 = NEXT_ASSEMBLY_USAGE_OCCURRENCE('13','Metal superior008','',#617,
  #2849,$);
#2954 = CONTEXT_DEPENDENT_SHAPE_REPRESENTATION(#2955,#2957);
#2955 = ( REPRESENTATION_RELATIONSHIP('','',#2854,#622) 
REPRESENTATION_RELATIONSHIP_WITH_TRANSFORMATION(#2956) 
SHAPE_REPRESENTATION_RELATIONSHIP() );
#2956 = ITEM_DEFINED_TRANSFORMATION('','',#11,#667);
#2957 = PRODUCT_DEFINITION_SHAPE('Placement','Placement of an item',
  #2958);
#2958 = NEXT_ASSEMBLY_USAGE_OCCURRENCE('14','Metal superior009','',#617,
  #2849,$);
#2959 = CONTEXT_DEPENDENT_SHAPE_REPRESENTATION(#2960,#2962);
#2960 = ( REPRESENTATION_RELATIONSHIP('','',#2854,#622) 
REPRESENTATION_RELATIONSHIP_WITH_TRANSFORMATION(#2961) 
SHAPE_REPRESENTATION_RELATIONSHIP() );
#2961 = ITEM_DEFINED_TRANSFORMATION('','',#11,#671);
#2962 = PRODUCT_DEFINITION_SHAPE('Placement','Placement of an item',
  #2963);
#2963 = NEXT_ASSEMBLY_USAGE_OCCURRENCE('15','Metal superior010','',#617,
  #2849,$);
#2964 = SHAPE_DEFINITION_REPRESENTATION(#2965,#2971);
#2965 = PRODUCT_DEFINITION_SHAPE('','',#2966);
#2966 = PRODUCT_DEFINITION('design','',#2967,#2970);
#2967 = PRODUCT_DEFINITION_FORMATION('','',#2968);
#2968 = PRODUCT('Metal inferior','Metal inferior','',(#2969));
#2969 = PRODUCT_CONTEXT('',#2,'mechanical');
#2970 = PRODUCT_DEFINITION_CONTEXT('part definition',#2,'design');
#2971 = ADVANCED_BREP_SHAPE_REPRESENTATION('',(#11,#2972),#3025);
#2972 = MANIFOLD_SOLID_BREP('',#2973);
#2973 = CLOSED_SHELL('',(#2974,#3007,#3016));
#2974 = ADVANCED_FACE('',(#2975),#3002,.T.);
#2975 = FACE_BOUND('',#2976,.T.);
#2976 = EDGE_LOOP('',(#2977,#2987,#2994,#2995));
#2977 = ORIENTED_EDGE('',*,*,#2978,.T.);
#2978 = EDGE_CURVE('',#2979,#2981,#2983,.T.);
#2979 = VERTEX_POINT('',#2980);
#2980 = CARTESIAN_POINT('',(0.32,0.,0.));
#2981 = VERTEX_POINT('',#2982);
#2982 = CARTESIAN_POINT('',(0.32,0.,-3.));
#2983 = LINE('',#2984,#2985);
#2984 = CARTESIAN_POINT('',(0.32,0.,0.));
#2985 = VECTOR('',#2986,1.);
#2986 = DIRECTION('',(-0.,-0.,-1.));
#2987 = ORIENTED_EDGE('',*,*,#2988,.T.);
#2988 = EDGE_CURVE('',#2981,#2981,#2989,.T.);
#2989 = CIRCLE('',#2990,0.32);
#2990 = AXIS2_PLACEMENT_3D('',#2991,#2992,#2993);
#2991 = CARTESIAN_POINT('',(0.,0.,-3.));
#2992 = DIRECTION('',(0.,0.,1.));
#2993 = DIRECTION('',(1.,0.,0.));
#2994 = ORIENTED_EDGE('',*,*,#2978,.F.);
#2995 = ORIENTED_EDGE('',*,*,#2996,.F.);
#2996 = EDGE_CURVE('',#2979,#2979,#2997,.T.);
#2997 = CIRCLE('',#2998,0.32);
#2998 = AXIS2_PLACEMENT_3D('',#2999,#3000,#3001);
#2999 = CARTESIAN_POINT('',(0.,0.,0.));
#3000 = DIRECTION('',(0.,0.,1.));
#3001 = DIRECTION('',(1.,0.,0.));
#3002 = CYLINDRICAL_SURFACE('',#3003,0.32);
#3003 = AXIS2_PLACEMENT_3D('',#3004,#3005,#3006);
#3004 = CARTESIAN_POINT('',(0.,0.,0.));
#3005 = DIRECTION('',(0.,0.,1.));
#3006 = DIRECTION('',(1.,0.,-0.));
#3007 = ADVANCED_FACE('',(#3008),#3011,.T.);
#3008 = FACE_BOUND('',#3009,.T.);
#3009 = EDGE_LOOP('',(#3010));
#3010 = ORIENTED_EDGE('',*,*,#2996,.T.);
#3011 = PLANE('',#3012);
#3012 = AXIS2_PLACEMENT_3D('',#3013,#3014,#3015);
#3013 = CARTESIAN_POINT('',(-3.E-17,2.E-17,0.));
#3014 = DIRECTION('',(0.,0.,1.));
#3015 = DIRECTION('',(1.,0.,0.));
#3016 = ADVANCED_FACE('',(#3017),#3020,.F.);
#3017 = FACE_BOUND('',#3018,.F.);
#3018 = EDGE_LOOP('',(#3019));
#3019 = ORIENTED_EDGE('',*,*,#2988,.T.);
#3020 = PLANE('',#3021);
#3021 = AXIS2_PLACEMENT_3D('',#3022,#3023,#3024);
#3022 = CARTESIAN_POINT('',(-3.E-17,2.E-17,-3.));
#3023 = DIRECTION('',(0.,0.,1.));
#3024 = DIRECTION('',(1.,0.,0.));
#3025 = ( GEOMETRIC_REPRESENTATION_CONTEXT(3) 
GLOBAL_UNCERTAINTY_ASSIGNED_CONTEXT((#3029)) 
GLOBAL_UNIT_ASSIGNED_CONTEXT((#3026,#3027,#3028)) REPRESENTATION_CONTEXT
('Context #1','3D Context with UNIT and UNCERTAINTY') );
#3026 = ( LENGTH_UNIT() NAMED_UNIT(*) SI_UNIT(.MILLI.,.METRE.) );
#3027 = ( NAMED_UNIT(*) PLANE_ANGLE_UNIT() SI_UNIT($,.RADIAN.) );
#3028 = ( NAMED_UNIT(*) SI_UNIT($,.STERADIAN.) SOLID_ANGLE_UNIT() );
#3029 = UNCERTAINTY_MEASURE_WITH_UNIT(LENGTH_MEASURE(1.E-07),#3026,
  'distance_accuracy_value','confusion accuracy');
#3030 = CONTEXT_DEPENDENT_SHAPE_REPRESENTATION(#3031,#3033);
#3031 = ( REPRESENTATION_RELATIONSHIP('','',#2971,#622) 
REPRESENTATION_RELATIONSHIP_WITH_TRANSFORMATION(#3032) 
SHAPE_REPRESENTATION_RELATIONSHIP() );
#3032 = ITEM_DEFINED_TRANSFORMATION('','',#11,#675);
#3033 = PRODUCT_DEFINITION_SHAPE('Placement','Placement of an item',
  #3034);
#3034 = NEXT_ASSEMBLY_USAGE_OCCURRENCE('16','Metal inferior001','',#617,
  #2966,$);
#3035 = PRODUCT_RELATED_PRODUCT_CATEGORY('part',$,(#2968));
#3036 = CONTEXT_DEPENDENT_SHAPE_REPRESENTATION(#3037,#3039);
#3037 = ( REPRESENTATION_RELATIONSHIP('','',#2971,#622) 
REPRESENTATION_RELATIONSHIP_WITH_TRANSFORMATION(#3038) 
SHAPE_REPRESENTATION_RELATIONSHIP() );
#3038 = ITEM_DEFINED_TRANSFORMATION('','',#11,#679);
#3039 = PRODUCT_DEFINITION_SHAPE('Placement','Placement of an item',
  #3040);
#3040 = NEXT_ASSEMBLY_USAGE_OCCURRENCE('17','Metal inferior002','',#617,
  #2966,$);
#3041 = CONTEXT_DEPENDENT_SHAPE_REPRESENTATION(#3042,#3044);
#3042 = ( REPRESENTATION_RELATIONSHIP('','',#2971,#622) 
REPRESENTATION_RELATIONSHIP_WITH_TRANSFORMATION(#3043) 
SHAPE_REPRESENTATION_RELATIONSHIP() );
#3043 = ITEM_DEFINED_TRANSFORMATION('','',#11,#683);
#3044 = PRODUCT_DEFINITION_SHAPE('Placement','Placement of an item',
  #3045);
#3045 = NEXT_ASSEMBLY_USAGE_OCCURRENCE('18','Metal inferior003','',#617,
  #2966,$);
#3046 = CONTEXT_DEPENDENT_SHAPE_REPRESENTATION(#3047,#3049);
#3047 = ( REPRESENTATION_RELATIONSHIP('','',#2971,#622) 
REPRESENTATION_RELATIONSHIP_WITH_TRANSFORMATION(#3048) 
SHAPE_REPRESENTATION_RELATIONSHIP() );
#3048 = ITEM_DEFINED_TRANSFORMATION('','',#11,#687);
#3049 = PRODUCT_DEFINITION_SHAPE('Placement','Placement of an item',
  #3050);
#3050 = NEXT_ASSEMBLY_USAGE_OCCURRENCE('19','Metal inferior004','',#617,
  #2966,$);
#3051 = CONTEXT_DEPENDENT_SHAPE_REPRESENTATION(#3052,#3054);
#3052 = ( REPRESENTATION_RELATIONSHIP('','',#2971,#622) 
REPRESENTATION_RELATIONSHIP_WITH_TRANSFORMATION(#3053) 
SHAPE_REPRESENTATION_RELATIONSHIP() );
#3053 = ITEM_DEFINED_TRANSFORMATION('','',#11,#691);
#3054 = PRODUCT_DEFINITION_SHAPE('Placement','Placement of an item',
  #3055);
#3055 = NEXT_ASSEMBLY_USAGE_OCCURRENCE('20','Metal inferior005','',#617,
  #2966,$);
#3056 = CONTEXT_DEPENDENT_SHAPE_REPRESENTATION(#3057,#3059);
#3057 = ( REPRESENTATION_RELATIONSHIP('','',#2971,#622) 
REPRESENTATION_RELATIONSHIP_WITH_TRANSFORMATION(#3058) 
SHAPE_REPRESENTATION_RELATIONSHIP() );
#3058 = ITEM_DEFINED_TRANSFORMATION('','',#11,#695);
#3059 = PRODUCT_DEFINITION_SHAPE('Placement','Placement of an item',
  #3060);
#3060 = NEXT_ASSEMBLY_USAGE_OCCURRENCE('21','Metal inferior006','',#617,
  #2966,$);
#3061 = CONTEXT_DEPENDENT_SHAPE_REPRESENTATION(#3062,#3064);
#3062 = ( REPRESENTATION_RELATIONSHIP('','',#2971,#622) 
REPRESENTATION_RELATIONSHIP_WITH_TRANSFORMATION(#3063) 
SHAPE_REPRESENTATION_RELATIONSHIP() );
#3063 = ITEM_DEFINED_TRANSFORMATION('','',#11,#699);
#3064 = PRODUCT_DEFINITION_SHAPE('Placement','Placement of an item',
  #3065);
#3065 = NEXT_ASSEMBLY_USAGE_OCCURRENCE('22','Metal inferior007','',#617,
  #2966,$);
#3066 = CONTEXT_DEPENDENT_SHAPE_REPRESENTATION(#3067,#3069);
#3067 = ( REPRESENTATION_RELATIONSHIP('','',#2971,#622) 
REPRESENTATION_RELATIONSHIP_WITH_TRANSFORMATION(#3068) 
SHAPE_REPRESENTATION_RELATIONSHIP() );
#3068 = ITEM_DEFINED_TRANSFORMATION('','',#11,#703);
#3069 = PRODUCT_DEFINITION_SHAPE('Placement','Placement of an item',
  #3070);
#3070 = NEXT_ASSEMBLY_USAGE_OCCURRENCE('23','Metal inferior008','',#617,
  #2966,$);
#3071 = CONTEXT_DEPENDENT_SHAPE_REPRESENTATION(#3072,#3074);
#3072 = ( REPRESENTATION_RELATIONSHIP('','',#2971,#622) 
REPRESENTATION_RELATIONSHIP_WITH_TRANSFORMATION(#3073) 
SHAPE_REPRESENTATION_RELATIONSHIP() );
#3073 = ITEM_DEFINED_TRANSFORMATION('','',#11,#707);
#3074 = PRODUCT_DEFINITION_SHAPE('Placement','Placement of an item',
  #3075);
#3075 = NEXT_ASSEMBLY_USAGE_OCCURRENCE('24','Metal inferior009','',#617,
  #2966,$);
#3076 = CONTEXT_DEPENDENT_SHAPE_REPRESENTATION(#3077,#3079);
#3077 = ( REPRESENTATION_RELATIONSHIP('','',#2971,#622) 
REPRESENTATION_RELATIONSHIP_WITH_TRANSFORMATION(#3078) 
SHAPE_REPRESENTATION_RELATIONSHIP() );
#3078 = ITEM_DEFINED_TRANSFORMATION('','',#11,#711);
#3079 = PRODUCT_DEFINITION_SHAPE('Placement','Placement of an item',
  #3080);
#3080 = NEXT_ASSEMBLY_USAGE_OCCURRENCE('25','Metal inferior010','',#617,
  #2966,$);
#3081 = SHAPE_DEFINITION_REPRESENTATION(#3082,#3088);
#3082 = PRODUCT_DEFINITION_SHAPE('','',#3083);
#3083 = PRODUCT_DEFINITION('design','',#3084,#3087);
#3084 = PRODUCT_DEFINITION_FORMATION('','',#3085);
#3085 = PRODUCT('Assembly','Assembly','',(#3086));
#3086 = PRODUCT_CONTEXT('',#2,'mechanical');
#3087 = PRODUCT_DEFINITION_CONTEXT('part definition',#2,'design');
#3088 = SHAPE_REPRESENTATION('',(#11,#3089,#3093,#3097,#3101,#3105,#3109
    ,#3113,#3117,#3121,#3125,#3129,#3133),#3137);
#3089 = AXIS2_PLACEMENT_3D('',#3090,#3091,#3092);
#3090 = CARTESIAN_POINT('',(0.,0.,0.));
#3091 = DIRECTION('',(0.,0.,1.));
#3092 = DIRECTION('',(1.,0.,0.));
#3093 = AXIS2_PLACEMENT_3D('',#3094,#3095,#3096);
#3094 = CARTESIAN_POINT('',(-1.25,-3.164135620182E-15,-4.25));
#3095 = DIRECTION('',(0.,0.,1.));
#3096 = DIRECTION('',(1.,0.,0.));
#3097 = AXIS2_PLACEMENT_3D('',#3098,#3099,#3100);
#3098 = CARTESIAN_POINT('',(2.442490654175E-15,-15.24,-11.5));
#3099 = DIRECTION('',(-0.,0.,1.));
#3100 = DIRECTION('',(1.,-2.22044604925E-16,0.));
#3101 = AXIS2_PLACEMENT_3D('',#3102,#3103,#3104);
#3102 = CARTESIAN_POINT('',(2.442490654175E-15,-12.7,-11.5));
#3103 = DIRECTION('',(-0.,0.,1.));
#3104 = DIRECTION('',(1.,-2.22044604925E-16,0.));
#3105 = AXIS2_PLACEMENT_3D('',#3106,#3107,#3108);
#3106 = CARTESIAN_POINT('',(3.570477247195E-15,-10.16,-11.5));
#3107 = DIRECTION('',(-0.,0.,1.));
#3108 = DIRECTION('',(1.,-6.661338147751E-16,0.));
#3109 = AXIS2_PLACEMENT_3D('',#3110,#3111,#3112);
#3110 = CARTESIAN_POINT('',(5.826450433233E-15,-7.62,-11.5));
#3111 = DIRECTION('',(-0.,0.,1.));
#3112 = DIRECTION('',(1.,-1.110223024625E-15,0.));
#3113 = AXIS2_PLACEMENT_3D('',#3114,#3115,#3116);
#3114 = CARTESIAN_POINT('',(9.21041021229E-15,-5.08,-11.5));
#3115 = DIRECTION('',(-0.,0.,1.));
#3116 = DIRECTION('',(1.,-1.554312234475E-15,0.));
#3117 = AXIS2_PLACEMENT_3D('',#3118,#3119,#3120);
#3118 = CARTESIAN_POINT('',(1.372235658437E-14,-2.54,-11.5));
#3119 = DIRECTION('',(-0.,0.,1.));
#3120 = DIRECTION('',(1.,-1.998401444325E-15,0.));
#3121 = AXIS2_PLACEMENT_3D('',#3122,#3123,#3124);
#3122 = CARTESIAN_POINT('',(1.936228954946E-14,-7.105427357601E-15,-11.5
    ));
#3123 = DIRECTION('',(-0.,0.,1.));
#3124 = DIRECTION('',(1.,-2.442490654175E-15,0.));
#3125 = AXIS2_PLACEMENT_3D('',#3126,#3127,#3128);
#3126 = CARTESIAN_POINT('',(2.613020910758E-14,2.54,-11.5));
#3127 = DIRECTION('',(-0.,0.,1.));
#3128 = DIRECTION('',(1.,-2.886579864025E-15,0.));
#3129 = AXIS2_PLACEMENT_3D('',#3130,#3131,#3132);
#3130 = CARTESIAN_POINT('',(3.402611525871E-14,5.08,-11.5));
#3131 = DIRECTION('',(-0.,0.,1.));
#3132 = DIRECTION('',(1.,-3.330669073875E-15,0.));
#3133 = AXIS2_PLACEMENT_3D('',#3134,#3135,#3136);
#3134 = CARTESIAN_POINT('',(4.305000800287E-14,7.62,-11.5));
#3135 = DIRECTION('',(-0.,0.,1.));
#3136 = DIRECTION('',(1.,-3.774758283726E-15,0.));
#3137 = ( GEOMETRIC_REPRESENTATION_CONTEXT(3) 
GLOBAL_UNCERTAINTY_ASSIGNED_CONTEXT((#3141)) 
GLOBAL_UNIT_ASSIGNED_CONTEXT((#3138,#3139,#3140)) REPRESENTATION_CONTEXT
('Context #1','3D Context with UNIT and UNCERTAINTY') );
#3138 = ( LENGTH_UNIT() NAMED_UNIT(*) SI_UNIT(.MILLI.,.METRE.) );
#3139 = ( NAMED_UNIT(*) PLANE_ANGLE_UNIT() SI_UNIT($,.RADIAN.) );
#3140 = ( NAMED_UNIT(*) SI_UNIT($,.STERADIAN.) SOLID_ANGLE_UNIT() );
#3141 = UNCERTAINTY_MEASURE_WITH_UNIT(LENGTH_MEASURE(2.E-06),#3138,
  'distance_accuracy_value','confusion accuracy');
#3142 = CONTEXT_DEPENDENT_SHAPE_REPRESENTATION(#3143,#3145);
#3143 = ( REPRESENTATION_RELATIONSHIP('','',#3088,#10) 
REPRESENTATION_RELATIONSHIP_WITH_TRANSFORMATION(#3144) 
SHAPE_REPRESENTATION_RELATIONSHIP() );
#3144 = ITEM_DEFINED_TRANSFORMATION('','',#11,#27);
#3145 = PRODUCT_DEFINITION_SHAPE('Placement','Placement of an item',
  #3146);
#3146 = NEXT_ASSEMBLY_USAGE_OCCURRENCE('39','Pin_socket_1x18___copia',''
  ,#5,#3083,$);
#3147 = PRODUCT_RELATED_PRODUCT_CATEGORY('part',$,(#3085));
#3148 = SHAPE_DEFINITION_REPRESENTATION(#3149,#3155);
#3149 = PRODUCT_DEFINITION_SHAPE('','',#3150);
#3150 = PRODUCT_DEFINITION('design','',#3151,#3154);
#3151 = PRODUCT_DEFINITION_FORMATION('','',#3152);
#3152 = PRODUCT('LCS_Origin','LCS_Origin','',(#3153));
#3153 = PRODUCT_CONTEXT('',#2,'mechanical');
#3154 = PRODUCT_DEFINITION_CONTEXT('part definition',#2,'design');
#3155 = MANIFOLD_SURFACE_SHAPE_REPRESENTATION('',(#11),#3156);
#3156 = ( GEOMETRIC_REPRESENTATION_CONTEXT(3) 
GLOBAL_UNCERTAINTY_ASSIGNED_CONTEXT((#3160)) 
GLOBAL_UNIT_ASSIGNED_CONTEXT((#3157,#3158,#3159)) REPRESENTATION_CONTEXT
('Context #1','3D Context with UNIT and UNCERTAINTY') );
#3157 = ( LENGTH_UNIT() NAMED_UNIT(*) SI_UNIT(.MILLI.,.METRE.) );
#3158 = ( NAMED_UNIT(*) PLANE_ANGLE_UNIT() SI_UNIT($,.RADIAN.) );
#3159 = ( NAMED_UNIT(*) SI_UNIT($,.STERADIAN.) SOLID_ANGLE_UNIT() );
#3160 = UNCERTAINTY_MEASURE_WITH_UNIT(LENGTH_MEASURE(1.E-07),#3157,
  'distance_accuracy_value','confusion accuracy');
#3161 = CONTEXT_DEPENDENT_SHAPE_REPRESENTATION(#3162,#3164);
#3162 = ( REPRESENTATION_RELATIONSHIP('','',#3155,#3088) 
REPRESENTATION_RELATIONSHIP_WITH_TRANSFORMATION(#3163) 
SHAPE_REPRESENTATION_RELATIONSHIP() );
#3163 = ITEM_DEFINED_TRANSFORMATION('','',#11,#3089);
#3164 = PRODUCT_DEFINITION_SHAPE('Placement','Placement of an item',
  #3165);
#3165 = NEXT_ASSEMBLY_USAGE_OCCURRENCE('27','LCS_Origin','',#3083,#3150,
  $);
#3166 = PRODUCT_RELATED_PRODUCT_CATEGORY('part',$,(#3152));
#3167 = SHAPE_DEFINITION_REPRESENTATION(#3168,#3174);
#3168 = PRODUCT_DEFINITION_SHAPE('','',#3169);
#3169 = PRODUCT_DEFINITION('design','',#3170,#3173);
#3170 = PRODUCT_DEFINITION_FORMATION('','',#3171);
#3171 = PRODUCT('Parte plastica','Parte plastica','',(#3172));
#3172 = PRODUCT_CONTEXT('',#2,'mechanical');
#3173 = PRODUCT_DEFINITION_CONTEXT('part definition',#2,'design');
#3174 = ADVANCED_BREP_SHAPE_REPRESENTATION('',(#11,#3175),#3775);
#3175 = MANIFOLD_SOLID_BREP('',#3176);
#3176 = CLOSED_SHELL('',(#3177,#3217,#3248,#3272,#3296,#3313,#3435,#3460
    ,#3485,#3510,#3535,#3560,#3585,#3610,#3635,#3660,#3685,#3694,#3703,
    #3712,#3721,#3730,#3739,#3748,#3757,#3766));
#3177 = ADVANCED_FACE('',(#3178),#3212,.F.);
#3178 = FACE_BOUND('',#3179,.F.);
#3179 = EDGE_LOOP('',(#3180,#3190,#3198,#3206));
#3180 = ORIENTED_EDGE('',*,*,#3181,.F.);
#3181 = EDGE_CURVE('',#3182,#3184,#3186,.T.);
#3182 = VERTEX_POINT('',#3183);
#3183 = CARTESIAN_POINT('',(3.248512570053E-15,-16.51,-4.25));
#3184 = VERTEX_POINT('',#3185);
#3185 = CARTESIAN_POINT('',(4.285460875053E-16,8.89,-4.25));
#3186 = LINE('',#3187,#3188);
#3187 = CARTESIAN_POINT('',(7.717160244169E-15,-24.13,-4.25));
#3188 = VECTOR('',#3189,1.);
#3189 = DIRECTION('',(-2.22044604925E-16,1.,-5.551115123126E-16));
#3190 = ORIENTED_EDGE('',*,*,#3191,.F.);
#3191 = EDGE_CURVE('',#3192,#3182,#3194,.T.);
#3192 = VERTEX_POINT('',#3193);
#3193 = CARTESIAN_POINT('',(2.5,-16.51,-4.25));
#3194 = LINE('',#3195,#3196);
#3195 = CARTESIAN_POINT('',(1.25,-16.51,-4.25));
#3196 = VECTOR('',#3197,1.);
#3197 = DIRECTION('',(-1.,-8.628166150855E-32,-3.330669073875E-16));
#3198 = ORIENTED_EDGE('',*,*,#3199,.T.);
#3199 = EDGE_CURVE('',#3192,#3200,#3202,.T.);
#3200 = VERTEX_POINT('',#3201);
#3201 = CARTESIAN_POINT('',(2.5,8.89,-4.25));
#3202 = LINE('',#3203,#3204);
#3203 = CARTESIAN_POINT('',(2.5,-24.13,-4.25));
#3204 = VECTOR('',#3205,1.);
#3205 = DIRECTION('',(-2.22044604925E-16,1.,-5.551115123126E-16));
#3206 = ORIENTED_EDGE('',*,*,#3207,.F.);
#3207 = EDGE_CURVE('',#3184,#3200,#3208,.T.);
#3208 = LINE('',#3209,#3210);
#3209 = CARTESIAN_POINT('',(8.985460875053E-16,8.89,-4.25));
#3210 = VECTOR('',#3211,1.);
#3211 = DIRECTION('',(1.,8.628166150855E-32,3.330669073875E-16));
#3212 = PLANE('',#3213);
#3213 = AXIS2_PLACEMENT_3D('',#3214,#3215,#3216);
#3214 = CARTESIAN_POINT('',(8.657160244169E-15,-24.13,-4.25));
#3215 = DIRECTION('',(-5.551115123126E-16,1.089776975375E-16,1.));
#3216 = DIRECTION('',(-2.22044604925E-16,1.,-7.751115123126E-16));
#3217 = ADVANCED_FACE('',(#3218),#3243,.F.);
#3218 = FACE_BOUND('',#3219,.F.);
#3219 = EDGE_LOOP('',(#3220,#3228,#3229,#3237));
#3220 = ORIENTED_EDGE('',*,*,#3221,.T.);
#3221 = EDGE_CURVE('',#3222,#3182,#3224,.T.);
#3222 = VERTEX_POINT('',#3223);
#3223 = CARTESIAN_POINT('',(2.250422070915E-15,-16.51,4.25));
#3224 = LINE('',#3225,#3226);
#3225 = CARTESIAN_POINT('',(2.250422070915E-15,-16.51,4.25));
#3226 = VECTOR('',#3227,1.);
#3227 = DIRECTION('',(3.330669073875E-16,-1.110223024625E-16,-1.));
#3228 = ORIENTED_EDGE('',*,*,#3181,.T.);
#3229 = ORIENTED_EDGE('',*,*,#3230,.F.);
#3230 = EDGE_CURVE('',#3231,#3184,#3233,.T.);
#3231 = VERTEX_POINT('',#3232);
#3232 = CARTESIAN_POINT('',(-3.389510894181E-15,8.89,4.25));
#3233 = LINE('',#3234,#3235);
#3234 = CARTESIAN_POINT('',(-3.389510894181E-15,8.89,4.25));
#3235 = VECTOR('',#3236,1.);
#3236 = DIRECTION('',(3.330669073875E-16,-1.110223024625E-16,-1.));
#3237 = ORIENTED_EDGE('',*,*,#3238,.T.);
#3238 = EDGE_CURVE('',#3231,#3222,#3239,.T.);
#3239 = LINE('',#3240,#3241);
#3240 = CARTESIAN_POINT('',(-7.717160244169E-15,24.13,4.25));
#3241 = VECTOR('',#3242,1.);
#3242 = DIRECTION('',(2.22044604925E-16,-1.,5.551115123126E-16));
#3243 = PLANE('',#3244);
#3244 = AXIS2_PLACEMENT_3D('',#3245,#3246,#3247);
#3245 = CARTESIAN_POINT('',(-5.551115123126E-32,2.5E-16,
    -1.387778780781E-31));
#3246 = DIRECTION('',(1.,-4.440892098501E-16,-1.110223024625E-16));
#3247 = DIRECTION('',(-5.551115123126E-16,-1.110223024625E-16,1.));
#3248 = ADVANCED_FACE('',(#3249),#3267,.F.);
#3249 = FACE_BOUND('',#3250,.F.);
#3250 = EDGE_LOOP('',(#3251,#3259,#3260,#3261));
#3251 = ORIENTED_EDGE('',*,*,#3252,.F.);
#3252 = EDGE_CURVE('',#3231,#3253,#3255,.T.);
#3253 = VERTEX_POINT('',#3254);
#3254 = CARTESIAN_POINT('',(2.5,8.89,4.25));
#3255 = LINE('',#3256,#3257);
#3256 = CARTESIAN_POINT('',(-5.363487431964E-15,8.89,4.25));
#3257 = VECTOR('',#3258,1.);
#3258 = DIRECTION('',(1.,-2.22044604925E-16,-1.110223024625E-16));
#3259 = ORIENTED_EDGE('',*,*,#3230,.T.);
#3260 = ORIENTED_EDGE('',*,*,#3207,.T.);
#3261 = ORIENTED_EDGE('',*,*,#3262,.F.);
#3262 = EDGE_CURVE('',#3253,#3200,#3263,.T.);
#3263 = LINE('',#3264,#3265);
#3264 = CARTESIAN_POINT('',(2.5,8.89,4.25));
#3265 = VECTOR('',#3266,1.);
#3266 = DIRECTION('',(3.330669073875E-16,-1.110223024625E-16,-1.));
#3267 = PLANE('',#3268);
#3268 = AXIS2_PLACEMENT_3D('',#3269,#3270,#3271);
#3269 = CARTESIAN_POINT('',(-3.389510894181E-15,8.89,4.25));
#3270 = DIRECTION('',(4.930380657631E-32,-1.,1.110223024625E-16));
#3271 = DIRECTION('',(1.,6.162975822039E-32,1.110223024625E-16));
#3272 = ADVANCED_FACE('',(#3273),#3291,.T.);
#3273 = FACE_BOUND('',#3274,.T.);
#3274 = EDGE_LOOP('',(#3275,#3283,#3284,#3285));
#3275 = ORIENTED_EDGE('',*,*,#3276,.T.);
#3276 = EDGE_CURVE('',#3277,#3192,#3279,.T.);
#3277 = VERTEX_POINT('',#3278);
#3278 = CARTESIAN_POINT('',(2.5,-16.51,4.25));
#3279 = LINE('',#3280,#3281);
#3280 = CARTESIAN_POINT('',(2.5,-16.51,4.25));
#3281 = VECTOR('',#3282,1.);
#3282 = DIRECTION('',(3.330669073875E-16,-1.110223024625E-16,-1.));
#3283 = ORIENTED_EDGE('',*,*,#3199,.T.);
#3284 = ORIENTED_EDGE('',*,*,#3262,.F.);
#3285 = ORIENTED_EDGE('',*,*,#3286,.T.);
#3286 = EDGE_CURVE('',#3253,#3277,#3287,.T.);
#3287 = LINE('',#3288,#3289);
#3288 = CARTESIAN_POINT('',(2.5,24.13,4.25));
#3289 = VECTOR('',#3290,1.);
#3290 = DIRECTION('',(2.22044604925E-16,-1.,5.551115123126E-16));
#3291 = PLANE('',#3292);
#3292 = AXIS2_PLACEMENT_3D('',#3293,#3294,#3295);
#3293 = CARTESIAN_POINT('',(2.5,-1.305111512313E-15,-1.33226762955E-15)
  );
#3294 = DIRECTION('',(1.,-4.440892098501E-16,-1.110223024625E-16));
#3295 = DIRECTION('',(-5.551115123126E-16,-1.110223024625E-16,1.));
#3296 = ADVANCED_FACE('',(#3297),#3308,.F.);
#3297 = FACE_BOUND('',#3298,.F.);
#3298 = EDGE_LOOP('',(#3299,#3305,#3306,#3307));
#3299 = ORIENTED_EDGE('',*,*,#3300,.F.);
#3300 = EDGE_CURVE('',#3277,#3222,#3301,.T.);
#3301 = LINE('',#3302,#3303);
#3302 = CARTESIAN_POINT('',(2.5,-16.51,4.25));
#3303 = VECTOR('',#3304,1.);
#3304 = DIRECTION('',(-1.,2.22044604925E-16,1.110223024625E-16));
#3305 = ORIENTED_EDGE('',*,*,#3276,.T.);
#3306 = ORIENTED_EDGE('',*,*,#3191,.T.);
#3307 = ORIENTED_EDGE('',*,*,#3221,.F.);
#3308 = PLANE('',#3309);
#3309 = AXIS2_PLACEMENT_3D('',#3310,#3311,#3312);
#3310 = CARTESIAN_POINT('',(2.5,-16.51,4.25));
#3311 = DIRECTION('',(-4.930380657631E-32,1.,-1.110223024625E-16));
#3312 = DIRECTION('',(-1.,-6.162975822039E-32,-1.110223024625E-16));
#3313 = ADVANCED_FACE('',(#3314,#3320,#3331,#3342,#3353,#3364,#3375,
    #3386,#3397,#3408,#3419),#3430,.F.);
#3314 = FACE_BOUND('',#3315,.F.);
#3315 = EDGE_LOOP('',(#3316,#3317,#3318,#3319));
#3316 = ORIENTED_EDGE('',*,*,#3238,.F.);
#3317 = ORIENTED_EDGE('',*,*,#3252,.T.);
#3318 = ORIENTED_EDGE('',*,*,#3286,.T.);
#3319 = ORIENTED_EDGE('',*,*,#3300,.T.);
#3320 = FACE_BOUND('',#3321,.F.);
#3321 = EDGE_LOOP('',(#3322));
#3322 = ORIENTED_EDGE('',*,*,#3323,.T.);
#3323 = EDGE_CURVE('',#3324,#3324,#3326,.T.);
#3324 = VERTEX_POINT('',#3325);
#3325 = CARTESIAN_POINT('',(1.25,-13.02,4.25));
#3326 = CIRCLE('',#3327,0.32);
#3327 = AXIS2_PLACEMENT_3D('',#3328,#3329,#3330);
#3328 = CARTESIAN_POINT('',(1.25,-12.7,4.25));
#3329 = DIRECTION('',(1.110223024625E-16,5.551115123126E-16,1.));
#3330 = DIRECTION('',(2.22044604925E-16,-1.,5.551115123126E-16));
#3331 = FACE_BOUND('',#3332,.F.);
#3332 = EDGE_LOOP('',(#3333));
#3333 = ORIENTED_EDGE('',*,*,#3334,.T.);
#3334 = EDGE_CURVE('',#3335,#3335,#3337,.T.);
#3335 = VERTEX_POINT('',#3336);
#3336 = CARTESIAN_POINT('',(1.25,-15.56,4.25));
#3337 = CIRCLE('',#3338,0.32);
#3338 = AXIS2_PLACEMENT_3D('',#3339,#3340,#3341);
#3339 = CARTESIAN_POINT('',(1.25,-15.24,4.25));
#3340 = DIRECTION('',(1.110223024625E-16,5.551115123126E-16,1.));
#3341 = DIRECTION('',(2.22044604925E-16,-1.,5.551115123126E-16));
#3342 = FACE_BOUND('',#3343,.F.);
#3343 = EDGE_LOOP('',(#3344));
#3344 = ORIENTED_EDGE('',*,*,#3345,.T.);
#3345 = EDGE_CURVE('',#3346,#3346,#3348,.T.);
#3346 = VERTEX_POINT('',#3347);
#3347 = CARTESIAN_POINT('',(1.25,7.3,4.25));
#3348 = CIRCLE('',#3349,0.32);
#3349 = AXIS2_PLACEMENT_3D('',#3350,#3351,#3352);
#3350 = CARTESIAN_POINT('',(1.25,7.62,4.25));
#3351 = DIRECTION('',(1.110223024625E-16,5.551115123126E-16,1.));
#3352 = DIRECTION('',(2.22044604925E-16,-1.,5.551115123126E-16));
#3353 = FACE_BOUND('',#3354,.F.);
#3354 = EDGE_LOOP('',(#3355));
#3355 = ORIENTED_EDGE('',*,*,#3356,.T.);
#3356 = EDGE_CURVE('',#3357,#3357,#3359,.T.);
#3357 = VERTEX_POINT('',#3358);
#3358 = CARTESIAN_POINT('',(1.25,4.76,4.25));
#3359 = CIRCLE('',#3360,0.32);
#3360 = AXIS2_PLACEMENT_3D('',#3361,#3362,#3363);
#3361 = CARTESIAN_POINT('',(1.25,5.08,4.25));
#3362 = DIRECTION('',(1.110223024625E-16,5.551115123126E-16,1.));
#3363 = DIRECTION('',(2.22044604925E-16,-1.,5.551115123126E-16));
#3364 = FACE_BOUND('',#3365,.F.);
#3365 = EDGE_LOOP('',(#3366));
#3366 = ORIENTED_EDGE('',*,*,#3367,.T.);
#3367 = EDGE_CURVE('',#3368,#3368,#3370,.T.);
#3368 = VERTEX_POINT('',#3369);
#3369 = CARTESIAN_POINT('',(1.25,2.22,4.25));
#3370 = CIRCLE('',#3371,0.32);
#3371 = AXIS2_PLACEMENT_3D('',#3372,#3373,#3374);
#3372 = CARTESIAN_POINT('',(1.25,2.54,4.25));
#3373 = DIRECTION('',(1.110223024625E-16,5.551115123126E-16,1.));
#3374 = DIRECTION('',(2.22044604925E-16,-1.,5.551115123126E-16));
#3375 = FACE_BOUND('',#3376,.F.);
#3376 = EDGE_LOOP('',(#3377));
#3377 = ORIENTED_EDGE('',*,*,#3378,.T.);
#3378 = EDGE_CURVE('',#3379,#3379,#3381,.T.);
#3379 = VERTEX_POINT('',#3380);
#3380 = CARTESIAN_POINT('',(1.25,-0.32,4.25));
#3381 = CIRCLE('',#3382,0.32);
#3382 = AXIS2_PLACEMENT_3D('',#3383,#3384,#3385);
#3383 = CARTESIAN_POINT('',(1.25,-8.881784197001E-16,4.25));
#3384 = DIRECTION('',(1.110223024625E-16,5.551115123126E-16,1.));
#3385 = DIRECTION('',(2.22044604925E-16,-1.,5.551115123126E-16));
#3386 = FACE_BOUND('',#3387,.F.);
#3387 = EDGE_LOOP('',(#3388));
#3388 = ORIENTED_EDGE('',*,*,#3389,.T.);
#3389 = EDGE_CURVE('',#3390,#3390,#3392,.T.);
#3390 = VERTEX_POINT('',#3391);
#3391 = CARTESIAN_POINT('',(1.25,-2.86,4.25));
#3392 = CIRCLE('',#3393,0.32);
#3393 = AXIS2_PLACEMENT_3D('',#3394,#3395,#3396);
#3394 = CARTESIAN_POINT('',(1.25,-2.54,4.25));
#3395 = DIRECTION('',(1.110223024625E-16,5.551115123126E-16,1.));
#3396 = DIRECTION('',(2.22044604925E-16,-1.,5.551115123126E-16));
#3397 = FACE_BOUND('',#3398,.F.);
#3398 = EDGE_LOOP('',(#3399));
#3399 = ORIENTED_EDGE('',*,*,#3400,.T.);
#3400 = EDGE_CURVE('',#3401,#3401,#3403,.T.);
#3401 = VERTEX_POINT('',#3402);
#3402 = CARTESIAN_POINT('',(1.25,-5.4,4.25));
#3403 = CIRCLE('',#3404,0.32);
#3404 = AXIS2_PLACEMENT_3D('',#3405,#3406,#3407);
#3405 = CARTESIAN_POINT('',(1.25,-5.08,4.25));
#3406 = DIRECTION('',(1.110223024625E-16,5.551115123126E-16,1.));
#3407 = DIRECTION('',(2.22044604925E-16,-1.,5.551115123126E-16));
#3408 = FACE_BOUND('',#3409,.F.);
#3409 = EDGE_LOOP('',(#3410));
#3410 = ORIENTED_EDGE('',*,*,#3411,.T.);
#3411 = EDGE_CURVE('',#3412,#3412,#3414,.T.);
#3412 = VERTEX_POINT('',#3413);
#3413 = CARTESIAN_POINT('',(1.25,-7.94,4.25));
#3414 = CIRCLE('',#3415,0.32);
#3415 = AXIS2_PLACEMENT_3D('',#3416,#3417,#3418);
#3416 = CARTESIAN_POINT('',(1.25,-7.62,4.25));
#3417 = DIRECTION('',(1.110223024625E-16,5.551115123126E-16,1.));
#3418 = DIRECTION('',(2.22044604925E-16,-1.,5.551115123126E-16));
#3419 = FACE_BOUND('',#3420,.F.);
#3420 = EDGE_LOOP('',(#3421));
#3421 = ORIENTED_EDGE('',*,*,#3422,.T.);
#3422 = EDGE_CURVE('',#3423,#3423,#3425,.T.);
#3423 = VERTEX_POINT('',#3424);
#3424 = CARTESIAN_POINT('',(1.25,-10.48,4.25));
#3425 = CIRCLE('',#3426,0.32);
#3426 = AXIS2_PLACEMENT_3D('',#3427,#3428,#3429);
#3427 = CARTESIAN_POINT('',(1.25,-10.16,4.25));
#3428 = DIRECTION('',(1.110223024625E-16,5.551115123126E-16,1.));
#3429 = DIRECTION('',(2.22044604925E-16,-1.,5.551115123126E-16));
#3430 = PLANE('',#3431);
#3431 = AXIS2_PLACEMENT_3D('',#3432,#3433,#3434);
#3432 = CARTESIAN_POINT('',(-8.657160244169E-15,24.13,4.25));
#3433 = DIRECTION('',(5.551115123126E-16,-1.089776975375E-16,-1.));
#3434 = DIRECTION('',(2.22044604925E-16,-1.,7.751115123126E-16));
#3435 = ADVANCED_FACE('',(#3436),#3455,.F.);
#3436 = FACE_BOUND('',#3437,.F.);
#3437 = EDGE_LOOP('',(#3438,#3446,#3453,#3454));
#3438 = ORIENTED_EDGE('',*,*,#3439,.T.);
#3439 = EDGE_CURVE('',#3324,#3440,#3442,.T.);
#3440 = VERTEX_POINT('',#3441);
#3441 = CARTESIAN_POINT('',(1.25,-13.02,-1.75));
#3442 = LINE('',#3443,#3444);
#3443 = CARTESIAN_POINT('',(1.25,-13.02,4.25));
#3444 = VECTOR('',#3445,1.);
#3445 = DIRECTION('',(7.751115123126E-16,1.110223024625E-16,-1.));
#3446 = ORIENTED_EDGE('',*,*,#3447,.T.);
#3447 = EDGE_CURVE('',#3440,#3440,#3448,.T.);
#3448 = CIRCLE('',#3449,0.32);
#3449 = AXIS2_PLACEMENT_3D('',#3450,#3451,#3452);
#3450 = CARTESIAN_POINT('',(1.25,-12.7,-1.75));
#3451 = DIRECTION('',(1.110223024625E-16,5.551115123126E-16,1.));
#3452 = DIRECTION('',(2.22044604925E-16,-1.,5.551115123126E-16));
#3453 = ORIENTED_EDGE('',*,*,#3439,.F.);
#3454 = ORIENTED_EDGE('',*,*,#3323,.F.);
#3455 = CYLINDRICAL_SURFACE('',#3456,0.32);
#3456 = AXIS2_PLACEMENT_3D('',#3457,#3458,#3459);
#3457 = CARTESIAN_POINT('',(1.25,-12.7,4.25));
#3458 = DIRECTION('',(-5.551115123126E-16,1.089776975375E-16,1.));
#3459 = DIRECTION('',(4.42044604925E-16,-1.,7.751115123126E-16));
#3460 = ADVANCED_FACE('',(#3461),#3480,.F.);
#3461 = FACE_BOUND('',#3462,.F.);
#3462 = EDGE_LOOP('',(#3463,#3471,#3478,#3479));
#3463 = ORIENTED_EDGE('',*,*,#3464,.T.);
#3464 = EDGE_CURVE('',#3335,#3465,#3467,.T.);
#3465 = VERTEX_POINT('',#3466);
#3466 = CARTESIAN_POINT('',(1.25,-15.56,-1.75));
#3467 = LINE('',#3468,#3469);
#3468 = CARTESIAN_POINT('',(1.25,-15.56,4.25));
#3469 = VECTOR('',#3470,1.);
#3470 = DIRECTION('',(7.751115123126E-16,1.110223024625E-16,-1.));
#3471 = ORIENTED_EDGE('',*,*,#3472,.T.);
#3472 = EDGE_CURVE('',#3465,#3465,#3473,.T.);
#3473 = CIRCLE('',#3474,0.32);
#3474 = AXIS2_PLACEMENT_3D('',#3475,#3476,#3477);
#3475 = CARTESIAN_POINT('',(1.25,-15.24,-1.75));
#3476 = DIRECTION('',(1.110223024625E-16,5.551115123126E-16,1.));
#3477 = DIRECTION('',(2.22044604925E-16,-1.,5.551115123126E-16));
#3478 = ORIENTED_EDGE('',*,*,#3464,.F.);
#3479 = ORIENTED_EDGE('',*,*,#3334,.F.);
#3480 = CYLINDRICAL_SURFACE('',#3481,0.32);
#3481 = AXIS2_PLACEMENT_3D('',#3482,#3483,#3484);
#3482 = CARTESIAN_POINT('',(1.25,-15.24,4.25));
#3483 = DIRECTION('',(-5.551115123126E-16,1.089776975375E-16,1.));
#3484 = DIRECTION('',(4.42044604925E-16,-1.,7.751115123126E-16));
#3485 = ADVANCED_FACE('',(#3486),#3505,.F.);
#3486 = FACE_BOUND('',#3487,.F.);
#3487 = EDGE_LOOP('',(#3488,#3496,#3503,#3504));
#3488 = ORIENTED_EDGE('',*,*,#3489,.T.);
#3489 = EDGE_CURVE('',#3346,#3490,#3492,.T.);
#3490 = VERTEX_POINT('',#3491);
#3491 = CARTESIAN_POINT('',(1.25,7.3,-1.75));
#3492 = LINE('',#3493,#3494);
#3493 = CARTESIAN_POINT('',(1.25,7.3,4.25));
#3494 = VECTOR('',#3495,1.);
#3495 = DIRECTION('',(7.751115123126E-16,1.110223024625E-16,-1.));
#3496 = ORIENTED_EDGE('',*,*,#3497,.T.);
#3497 = EDGE_CURVE('',#3490,#3490,#3498,.T.);
#3498 = CIRCLE('',#3499,0.32);
#3499 = AXIS2_PLACEMENT_3D('',#3500,#3501,#3502);
#3500 = CARTESIAN_POINT('',(1.25,7.62,-1.75));
#3501 = DIRECTION('',(1.110223024625E-16,5.551115123126E-16,1.));
#3502 = DIRECTION('',(2.22044604925E-16,-1.,5.551115123126E-16));
#3503 = ORIENTED_EDGE('',*,*,#3489,.F.);
#3504 = ORIENTED_EDGE('',*,*,#3345,.F.);
#3505 = CYLINDRICAL_SURFACE('',#3506,0.32);
#3506 = AXIS2_PLACEMENT_3D('',#3507,#3508,#3509);
#3507 = CARTESIAN_POINT('',(1.25,7.62,4.25));
#3508 = DIRECTION('',(-5.551115123126E-16,1.089776975375E-16,1.));
#3509 = DIRECTION('',(4.42044604925E-16,-1.,7.751115123126E-16));
#3510 = ADVANCED_FACE('',(#3511),#3530,.F.);
#3511 = FACE_BOUND('',#3512,.F.);
#3512 = EDGE_LOOP('',(#3513,#3521,#3528,#3529));
#3513 = ORIENTED_EDGE('',*,*,#3514,.T.);
#3514 = EDGE_CURVE('',#3357,#3515,#3517,.T.);
#3515 = VERTEX_POINT('',#3516);
#3516 = CARTESIAN_POINT('',(1.25,4.76,-1.75));
#3517 = LINE('',#3518,#3519);
#3518 = CARTESIAN_POINT('',(1.25,4.76,4.25));
#3519 = VECTOR('',#3520,1.);
#3520 = DIRECTION('',(7.751115123126E-16,1.110223024625E-16,-1.));
#3521 = ORIENTED_EDGE('',*,*,#3522,.T.);
#3522 = EDGE_CURVE('',#3515,#3515,#3523,.T.);
#3523 = CIRCLE('',#3524,0.32);
#3524 = AXIS2_PLACEMENT_3D('',#3525,#3526,#3527);
#3525 = CARTESIAN_POINT('',(1.25,5.08,-1.75));
#3526 = DIRECTION('',(1.110223024625E-16,5.551115123126E-16,1.));
#3527 = DIRECTION('',(2.22044604925E-16,-1.,5.551115123126E-16));
#3528 = ORIENTED_EDGE('',*,*,#3514,.F.);
#3529 = ORIENTED_EDGE('',*,*,#3356,.F.);
#3530 = CYLINDRICAL_SURFACE('',#3531,0.32);
#3531 = AXIS2_PLACEMENT_3D('',#3532,#3533,#3534);
#3532 = CARTESIAN_POINT('',(1.25,5.08,4.25));
#3533 = DIRECTION('',(-5.551115123126E-16,1.089776975375E-16,1.));
#3534 = DIRECTION('',(4.42044604925E-16,-1.,7.751115123126E-16));
#3535 = ADVANCED_FACE('',(#3536),#3555,.F.);
#3536 = FACE_BOUND('',#3537,.F.);
#3537 = EDGE_LOOP('',(#3538,#3546,#3553,#3554));
#3538 = ORIENTED_EDGE('',*,*,#3539,.T.);
#3539 = EDGE_CURVE('',#3368,#3540,#3542,.T.);
#3540 = VERTEX_POINT('',#3541);
#3541 = CARTESIAN_POINT('',(1.25,2.22,-1.75));
#3542 = LINE('',#3543,#3544);
#3543 = CARTESIAN_POINT('',(1.25,2.22,4.25));
#3544 = VECTOR('',#3545,1.);
#3545 = DIRECTION('',(7.751115123126E-16,1.110223024625E-16,-1.));
#3546 = ORIENTED_EDGE('',*,*,#3547,.T.);
#3547 = EDGE_CURVE('',#3540,#3540,#3548,.T.);
#3548 = CIRCLE('',#3549,0.32);
#3549 = AXIS2_PLACEMENT_3D('',#3550,#3551,#3552);
#3550 = CARTESIAN_POINT('',(1.25,2.54,-1.75));
#3551 = DIRECTION('',(1.110223024625E-16,5.551115123126E-16,1.));
#3552 = DIRECTION('',(2.22044604925E-16,-1.,5.551115123126E-16));
#3553 = ORIENTED_EDGE('',*,*,#3539,.F.);
#3554 = ORIENTED_EDGE('',*,*,#3367,.F.);
#3555 = CYLINDRICAL_SURFACE('',#3556,0.32);
#3556 = AXIS2_PLACEMENT_3D('',#3557,#3558,#3559);
#3557 = CARTESIAN_POINT('',(1.25,2.54,4.25));
#3558 = DIRECTION('',(-5.551115123126E-16,1.089776975375E-16,1.));
#3559 = DIRECTION('',(4.42044604925E-16,-1.,7.751115123126E-16));
#3560 = ADVANCED_FACE('',(#3561),#3580,.F.);
#3561 = FACE_BOUND('',#3562,.F.);
#3562 = EDGE_LOOP('',(#3563,#3571,#3578,#3579));
#3563 = ORIENTED_EDGE('',*,*,#3564,.T.);
#3564 = EDGE_CURVE('',#3379,#3565,#3567,.T.);
#3565 = VERTEX_POINT('',#3566);
#3566 = CARTESIAN_POINT('',(1.25,-0.32,-1.75));
#3567 = LINE('',#3568,#3569);
#3568 = CARTESIAN_POINT('',(1.25,-0.32,4.25));
#3569 = VECTOR('',#3570,1.);
#3570 = DIRECTION('',(7.751115123126E-16,1.110223024625E-16,-1.));
#3571 = ORIENTED_EDGE('',*,*,#3572,.T.);
#3572 = EDGE_CURVE('',#3565,#3565,#3573,.T.);
#3573 = CIRCLE('',#3574,0.32);
#3574 = AXIS2_PLACEMENT_3D('',#3575,#3576,#3577);
#3575 = CARTESIAN_POINT('',(1.25,1.554312234475E-15,-1.75));
#3576 = DIRECTION('',(1.110223024625E-16,5.551115123126E-16,1.));
#3577 = DIRECTION('',(2.22044604925E-16,-1.,5.551115123126E-16));
#3578 = ORIENTED_EDGE('',*,*,#3564,.F.);
#3579 = ORIENTED_EDGE('',*,*,#3378,.F.);
#3580 = CYLINDRICAL_SURFACE('',#3581,0.32);
#3581 = AXIS2_PLACEMENT_3D('',#3582,#3583,#3584);
#3582 = CARTESIAN_POINT('',(1.25,3.930437022217E-16,4.25));
#3583 = DIRECTION('',(-5.551115123126E-16,1.089776975375E-16,1.));
#3584 = DIRECTION('',(4.42044604925E-16,-1.,7.751115123126E-16));
#3585 = ADVANCED_FACE('',(#3586),#3605,.F.);
#3586 = FACE_BOUND('',#3587,.F.);
#3587 = EDGE_LOOP('',(#3588,#3596,#3603,#3604));
#3588 = ORIENTED_EDGE('',*,*,#3589,.T.);
#3589 = EDGE_CURVE('',#3390,#3590,#3592,.T.);
#3590 = VERTEX_POINT('',#3591);
#3591 = CARTESIAN_POINT('',(1.25,-2.86,-1.75));
#3592 = LINE('',#3593,#3594);
#3593 = CARTESIAN_POINT('',(1.25,-2.86,4.25));
#3594 = VECTOR('',#3595,1.);
#3595 = DIRECTION('',(7.751115123126E-16,1.110223024625E-16,-1.));
#3596 = ORIENTED_EDGE('',*,*,#3597,.T.);
#3597 = EDGE_CURVE('',#3590,#3590,#3598,.T.);
#3598 = CIRCLE('',#3599,0.32);
#3599 = AXIS2_PLACEMENT_3D('',#3600,#3601,#3602);
#3600 = CARTESIAN_POINT('',(1.25,-2.54,-1.75));
#3601 = DIRECTION('',(1.110223024625E-16,5.551115123126E-16,1.));
#3602 = DIRECTION('',(2.22044604925E-16,-1.,5.551115123126E-16));
#3603 = ORIENTED_EDGE('',*,*,#3589,.F.);
#3604 = ORIENTED_EDGE('',*,*,#3389,.F.);
#3605 = CYLINDRICAL_SURFACE('',#3606,0.32);
#3606 = AXIS2_PLACEMENT_3D('',#3607,#3608,#3609);
#3607 = CARTESIAN_POINT('',(1.25,-2.54,4.25));
#3608 = DIRECTION('',(-5.551115123126E-16,1.089776975375E-16,1.));
#3609 = DIRECTION('',(4.42044604925E-16,-1.,7.751115123126E-16));
#3610 = ADVANCED_FACE('',(#3611),#3630,.F.);
#3611 = FACE_BOUND('',#3612,.F.);
#3612 = EDGE_LOOP('',(#3613,#3621,#3628,#3629));
#3613 = ORIENTED_EDGE('',*,*,#3614,.T.);
#3614 = EDGE_CURVE('',#3401,#3615,#3617,.T.);
#3615 = VERTEX_POINT('',#3616);
#3616 = CARTESIAN_POINT('',(1.25,-5.4,-1.75));
#3617 = LINE('',#3618,#3619);
#3618 = CARTESIAN_POINT('',(1.25,-5.4,4.25));
#3619 = VECTOR('',#3620,1.);
#3620 = DIRECTION('',(7.751115123126E-16,1.110223024625E-16,-1.));
#3621 = ORIENTED_EDGE('',*,*,#3622,.T.);
#3622 = EDGE_CURVE('',#3615,#3615,#3623,.T.);
#3623 = CIRCLE('',#3624,0.32);
#3624 = AXIS2_PLACEMENT_3D('',#3625,#3626,#3627);
#3625 = CARTESIAN_POINT('',(1.25,-5.08,-1.75));
#3626 = DIRECTION('',(1.110223024625E-16,5.551115123126E-16,1.));
#3627 = DIRECTION('',(2.22044604925E-16,-1.,5.551115123126E-16));
#3628 = ORIENTED_EDGE('',*,*,#3614,.F.);
#3629 = ORIENTED_EDGE('',*,*,#3400,.F.);
#3630 = CYLINDRICAL_SURFACE('',#3631,0.32);
#3631 = AXIS2_PLACEMENT_3D('',#3632,#3633,#3634);
#3632 = CARTESIAN_POINT('',(1.25,-5.08,4.25));
#3633 = DIRECTION('',(-5.551115123126E-16,1.089776975375E-16,1.));
#3634 = DIRECTION('',(4.42044604925E-16,-1.,7.751115123126E-16));
#3635 = ADVANCED_FACE('',(#3636),#3655,.F.);
#3636 = FACE_BOUND('',#3637,.F.);
#3637 = EDGE_LOOP('',(#3638,#3646,#3653,#3654));
#3638 = ORIENTED_EDGE('',*,*,#3639,.T.);
#3639 = EDGE_CURVE('',#3412,#3640,#3642,.T.);
#3640 = VERTEX_POINT('',#3641);
#3641 = CARTESIAN_POINT('',(1.25,-7.94,-1.75));
#3642 = LINE('',#3643,#3644);
#3643 = CARTESIAN_POINT('',(1.25,-7.94,4.25));
#3644 = VECTOR('',#3645,1.);
#3645 = DIRECTION('',(7.751115123126E-16,1.110223024625E-16,-1.));
#3646 = ORIENTED_EDGE('',*,*,#3647,.T.);
#3647 = EDGE_CURVE('',#3640,#3640,#3648,.T.);
#3648 = CIRCLE('',#3649,0.32);
#3649 = AXIS2_PLACEMENT_3D('',#3650,#3651,#3652);
#3650 = CARTESIAN_POINT('',(1.25,-7.62,-1.75));
#3651 = DIRECTION('',(1.110223024625E-16,5.551115123126E-16,1.));
#3652 = DIRECTION('',(2.22044604925E-16,-1.,5.551115123126E-16));
#3653 = ORIENTED_EDGE('',*,*,#3639,.F.);
#3654 = ORIENTED_EDGE('',*,*,#3411,.F.);
#3655 = CYLINDRICAL_SURFACE('',#3656,0.32);
#3656 = AXIS2_PLACEMENT_3D('',#3657,#3658,#3659);
#3657 = CARTESIAN_POINT('',(1.25,-7.62,4.25));
#3658 = DIRECTION('',(-5.551115123126E-16,1.089776975375E-16,1.));
#3659 = DIRECTION('',(4.42044604925E-16,-1.,7.751115123126E-16));
#3660 = ADVANCED_FACE('',(#3661),#3680,.F.);
#3661 = FACE_BOUND('',#3662,.F.);
#3662 = EDGE_LOOP('',(#3663,#3671,#3678,#3679));
#3663 = ORIENTED_EDGE('',*,*,#3664,.T.);
#3664 = EDGE_CURVE('',#3423,#3665,#3667,.T.);
#3665 = VERTEX_POINT('',#3666);
#3666 = CARTESIAN_POINT('',(1.25,-10.48,-1.75));
#3667 = LINE('',#3668,#3669);
#3668 = CARTESIAN_POINT('',(1.25,-10.48,4.25));
#3669 = VECTOR('',#3670,1.);
#3670 = DIRECTION('',(7.751115123126E-16,1.110223024625E-16,-1.));
#3671 = ORIENTED_EDGE('',*,*,#3672,.T.);
#3672 = EDGE_CURVE('',#3665,#3665,#3673,.T.);
#3673 = CIRCLE('',#3674,0.32);
#3674 = AXIS2_PLACEMENT_3D('',#3675,#3676,#3677);
#3675 = CARTESIAN_POINT('',(1.25,-10.16,-1.75));
#3676 = DIRECTION('',(1.110223024625E-16,5.551115123126E-16,1.));
#3677 = DIRECTION('',(2.22044604925E-16,-1.,5.551115123126E-16));
#3678 = ORIENTED_EDGE('',*,*,#3664,.F.);
#3679 = ORIENTED_EDGE('',*,*,#3422,.F.);
#3680 = CYLINDRICAL_SURFACE('',#3681,0.32);
#3681 = AXIS2_PLACEMENT_3D('',#3682,#3683,#3684);
#3682 = CARTESIAN_POINT('',(1.25,-10.16,4.25));
#3683 = DIRECTION('',(-5.551115123126E-16,1.089776975375E-16,1.));
#3684 = DIRECTION('',(4.42044604925E-16,-1.,7.751115123126E-16));
#3685 = ADVANCED_FACE('',(#3686),#3689,.T.);
#3686 = FACE_BOUND('',#3687,.T.);
#3687 = EDGE_LOOP('',(#3688));
#3688 = ORIENTED_EDGE('',*,*,#3447,.T.);
#3689 = PLANE('',#3690);
#3690 = AXIS2_PLACEMENT_3D('',#3691,#3692,#3693);
#3691 = CARTESIAN_POINT('',(1.25,5.329070518201E-15,-1.75));
#3692 = DIRECTION('',(-5.551115123126E-16,-1.110223024625E-16,1.));
#3693 = DIRECTION('',(1.,-4.440892098501E-16,-1.110223024625E-16));
#3694 = ADVANCED_FACE('',(#3695),#3698,.T.);
#3695 = FACE_BOUND('',#3696,.T.);
#3696 = EDGE_LOOP('',(#3697));
#3697 = ORIENTED_EDGE('',*,*,#3472,.T.);
#3698 = PLANE('',#3699);
#3699 = AXIS2_PLACEMENT_3D('',#3700,#3701,#3702);
#3700 = CARTESIAN_POINT('',(1.25,5.329070518201E-15,-1.75));
#3701 = DIRECTION('',(-5.551115123126E-16,-1.110223024625E-16,1.));
#3702 = DIRECTION('',(1.,-4.440892098501E-16,-1.110223024625E-16));
#3703 = ADVANCED_FACE('',(#3704),#3707,.T.);
#3704 = FACE_BOUND('',#3705,.T.);
#3705 = EDGE_LOOP('',(#3706));
#3706 = ORIENTED_EDGE('',*,*,#3497,.T.);
#3707 = PLANE('',#3708);
#3708 = AXIS2_PLACEMENT_3D('',#3709,#3710,#3711);
#3709 = CARTESIAN_POINT('',(1.25,5.329070518201E-15,-1.75));
#3710 = DIRECTION('',(-5.551115123126E-16,-1.110223024625E-16,1.));
#3711 = DIRECTION('',(1.,-4.440892098501E-16,-1.110223024625E-16));
#3712 = ADVANCED_FACE('',(#3713),#3716,.T.);
#3713 = FACE_BOUND('',#3714,.T.);
#3714 = EDGE_LOOP('',(#3715));
#3715 = ORIENTED_EDGE('',*,*,#3522,.T.);
#3716 = PLANE('',#3717);
#3717 = AXIS2_PLACEMENT_3D('',#3718,#3719,#3720);
#3718 = CARTESIAN_POINT('',(1.25,5.329070518201E-15,-1.75));
#3719 = DIRECTION('',(-5.551115123126E-16,-1.110223024625E-16,1.));
#3720 = DIRECTION('',(1.,-4.440892098501E-16,-1.110223024625E-16));
#3721 = ADVANCED_FACE('',(#3722),#3725,.T.);
#3722 = FACE_BOUND('',#3723,.T.);
#3723 = EDGE_LOOP('',(#3724));
#3724 = ORIENTED_EDGE('',*,*,#3547,.T.);
#3725 = PLANE('',#3726);
#3726 = AXIS2_PLACEMENT_3D('',#3727,#3728,#3729);
#3727 = CARTESIAN_POINT('',(1.25,5.329070518201E-15,-1.75));
#3728 = DIRECTION('',(-5.551115123126E-16,-1.110223024625E-16,1.));
#3729 = DIRECTION('',(1.,-4.440892098501E-16,-1.110223024625E-16));
#3730 = ADVANCED_FACE('',(#3731),#3734,.T.);
#3731 = FACE_BOUND('',#3732,.T.);
#3732 = EDGE_LOOP('',(#3733));
#3733 = ORIENTED_EDGE('',*,*,#3572,.T.);
#3734 = PLANE('',#3735);
#3735 = AXIS2_PLACEMENT_3D('',#3736,#3737,#3738);
#3736 = CARTESIAN_POINT('',(1.25,5.329070518201E-15,-1.75));
#3737 = DIRECTION('',(-5.551115123126E-16,-1.110223024625E-16,1.));
#3738 = DIRECTION('',(1.,-4.440892098501E-16,-1.110223024625E-16));
#3739 = ADVANCED_FACE('',(#3740),#3743,.T.);
#3740 = FACE_BOUND('',#3741,.T.);
#3741 = EDGE_LOOP('',(#3742));
#3742 = ORIENTED_EDGE('',*,*,#3597,.T.);
#3743 = PLANE('',#3744);
#3744 = AXIS2_PLACEMENT_3D('',#3745,#3746,#3747);
#3745 = CARTESIAN_POINT('',(1.25,5.329070518201E-15,-1.75));
#3746 = DIRECTION('',(-5.551115123126E-16,-1.110223024625E-16,1.));
#3747 = DIRECTION('',(1.,-4.440892098501E-16,-1.110223024625E-16));
#3748 = ADVANCED_FACE('',(#3749),#3752,.T.);
#3749 = FACE_BOUND('',#3750,.T.);
#3750 = EDGE_LOOP('',(#3751));
#3751 = ORIENTED_EDGE('',*,*,#3622,.T.);
#3752 = PLANE('',#3753);
#3753 = AXIS2_PLACEMENT_3D('',#3754,#3755,#3756);
#3754 = CARTESIAN_POINT('',(1.25,5.329070518201E-15,-1.75));
#3755 = DIRECTION('',(-5.551115123126E-16,-1.110223024625E-16,1.));
#3756 = DIRECTION('',(1.,-4.440892098501E-16,-1.110223024625E-16));
#3757 = ADVANCED_FACE('',(#3758),#3761,.T.);
#3758 = FACE_BOUND('',#3759,.T.);
#3759 = EDGE_LOOP('',(#3760));
#3760 = ORIENTED_EDGE('',*,*,#3647,.T.);
#3761 = PLANE('',#3762);
#3762 = AXIS2_PLACEMENT_3D('',#3763,#3764,#3765);
#3763 = CARTESIAN_POINT('',(1.25,5.329070518201E-15,-1.75));
#3764 = DIRECTION('',(-5.551115123126E-16,-1.110223024625E-16,1.));
#3765 = DIRECTION('',(1.,-4.440892098501E-16,-1.110223024625E-16));
#3766 = ADVANCED_FACE('',(#3767),#3770,.T.);
#3767 = FACE_BOUND('',#3768,.T.);
#3768 = EDGE_LOOP('',(#3769));
#3769 = ORIENTED_EDGE('',*,*,#3672,.T.);
#3770 = PLANE('',#3771);
#3771 = AXIS2_PLACEMENT_3D('',#3772,#3773,#3774);
#3772 = CARTESIAN_POINT('',(1.25,5.329070518201E-15,-1.75));
#3773 = DIRECTION('',(-5.551115123126E-16,-1.110223024625E-16,1.));
#3774 = DIRECTION('',(1.,-4.440892098501E-16,-1.110223024625E-16));
#3775 = ( GEOMETRIC_REPRESENTATION_CONTEXT(3) 
GLOBAL_UNCERTAINTY_ASSIGNED_CONTEXT((#3779)) 
GLOBAL_UNIT_ASSIGNED_CONTEXT((#3776,#3777,#3778)) REPRESENTATION_CONTEXT
('Context #1','3D Context with UNIT and UNCERTAINTY') );
#3776 = ( LENGTH_UNIT() NAMED_UNIT(*) SI_UNIT(.MILLI.,.METRE.) );
#3777 = ( NAMED_UNIT(*) PLANE_ANGLE_UNIT() SI_UNIT($,.RADIAN.) );
#3778 = ( NAMED_UNIT(*) SI_UNIT($,.STERADIAN.) SOLID_ANGLE_UNIT() );
#3779 = UNCERTAINTY_MEASURE_WITH_UNIT(LENGTH_MEASURE(2.E-06),#3776,
  'distance_accuracy_value','confusion accuracy');
#3780 = CONTEXT_DEPENDENT_SHAPE_REPRESENTATION(#3781,#3783);
#3781 = ( REPRESENTATION_RELATIONSHIP('','',#3174,#3088) 
REPRESENTATION_RELATIONSHIP_WITH_TRANSFORMATION(#3782) 
SHAPE_REPRESENTATION_RELATIONSHIP() );
#3782 = ITEM_DEFINED_TRANSFORMATION('','',#11,#3093);
#3783 = PRODUCT_DEFINITION_SHAPE('Placement','Placement of an item',
  #3784);
#3784 = NEXT_ASSEMBLY_USAGE_OCCURRENCE('28','Parte plastica001','',#3083
  ,#3169,$);
#3785 = PRODUCT_RELATED_PRODUCT_CATEGORY('part',$,(#3171));
#3786 = SHAPE_DEFINITION_REPRESENTATION(#3787,#3793);
#3787 = PRODUCT_DEFINITION_SHAPE('','',#3788);
#3788 = PRODUCT_DEFINITION('design','',#3789,#3792);
#3789 = PRODUCT_DEFINITION_FORMATION('','',#3790);
#3790 = PRODUCT('Parte metalica','Parte metalica','',(#3791));
#3791 = PRODUCT_CONTEXT('',#2,'mechanical');
#3792 = PRODUCT_DEFINITION_CONTEXT('part definition',#2,'design');
#3793 = ADVANCED_BREP_SHAPE_REPRESENTATION('',(#11,#3794),#3847);
#3794 = MANIFOLD_SOLID_BREP('',#3795);
#3795 = CLOSED_SHELL('',(#3796,#3829,#3838));
#3796 = ADVANCED_FACE('',(#3797),#3824,.T.);
#3797 = FACE_BOUND('',#3798,.F.);
#3798 = EDGE_LOOP('',(#3799,#3809,#3816,#3817));
#3799 = ORIENTED_EDGE('',*,*,#3800,.T.);
#3800 = EDGE_CURVE('',#3801,#3803,#3805,.T.);
#3801 = VERTEX_POINT('',#3802);
#3802 = CARTESIAN_POINT('',(0.325,0.,0.));
#3803 = VERTEX_POINT('',#3804);
#3804 = CARTESIAN_POINT('',(0.325,0.,3.));
#3805 = LINE('',#3806,#3807);
#3806 = CARTESIAN_POINT('',(0.325,0.,0.));
#3807 = VECTOR('',#3808,1.);
#3808 = DIRECTION('',(0.,0.,1.));
#3809 = ORIENTED_EDGE('',*,*,#3810,.T.);
#3810 = EDGE_CURVE('',#3803,#3803,#3811,.T.);
#3811 = CIRCLE('',#3812,0.325);
#3812 = AXIS2_PLACEMENT_3D('',#3813,#3814,#3815);
#3813 = CARTESIAN_POINT('',(0.,0.,3.));
#3814 = DIRECTION('',(0.,0.,1.));
#3815 = DIRECTION('',(1.,0.,0.));
#3816 = ORIENTED_EDGE('',*,*,#3800,.F.);
#3817 = ORIENTED_EDGE('',*,*,#3818,.F.);
#3818 = EDGE_CURVE('',#3801,#3801,#3819,.T.);
#3819 = CIRCLE('',#3820,0.325);
#3820 = AXIS2_PLACEMENT_3D('',#3821,#3822,#3823);
#3821 = CARTESIAN_POINT('',(0.,0.,0.));
#3822 = DIRECTION('',(0.,0.,1.));
#3823 = DIRECTION('',(1.,0.,0.));
#3824 = CYLINDRICAL_SURFACE('',#3825,0.325);
#3825 = AXIS2_PLACEMENT_3D('',#3826,#3827,#3828);
#3826 = CARTESIAN_POINT('',(0.,0.,0.));
#3827 = DIRECTION('',(-0.,-0.,-1.));
#3828 = DIRECTION('',(1.,0.,0.));
#3829 = ADVANCED_FACE('',(#3830),#3833,.F.);
#3830 = FACE_BOUND('',#3831,.F.);
#3831 = EDGE_LOOP('',(#3832));
#3832 = ORIENTED_EDGE('',*,*,#3818,.T.);
#3833 = PLANE('',#3834);
#3834 = AXIS2_PLACEMENT_3D('',#3835,#3836,#3837);
#3835 = CARTESIAN_POINT('',(-2.E-17,2.E-17,0.));
#3836 = DIRECTION('',(0.,0.,1.));
#3837 = DIRECTION('',(1.,0.,0.));
#3838 = ADVANCED_FACE('',(#3839),#3842,.T.);
#3839 = FACE_BOUND('',#3840,.T.);
#3840 = EDGE_LOOP('',(#3841));
#3841 = ORIENTED_EDGE('',*,*,#3810,.T.);
#3842 = PLANE('',#3843);
#3843 = AXIS2_PLACEMENT_3D('',#3844,#3845,#3846);
#3844 = CARTESIAN_POINT('',(-2.E-17,2.E-17,3.));
#3845 = DIRECTION('',(0.,0.,1.));
#3846 = DIRECTION('',(1.,0.,0.));
#3847 = ( GEOMETRIC_REPRESENTATION_CONTEXT(3) 
GLOBAL_UNCERTAINTY_ASSIGNED_CONTEXT((#3851)) 
GLOBAL_UNIT_ASSIGNED_CONTEXT((#3848,#3849,#3850)) REPRESENTATION_CONTEXT
('Context #1','3D Context with UNIT and UNCERTAINTY') );
#3848 = ( LENGTH_UNIT() NAMED_UNIT(*) SI_UNIT(.MILLI.,.METRE.) );
#3849 = ( NAMED_UNIT(*) PLANE_ANGLE_UNIT() SI_UNIT($,.RADIAN.) );
#3850 = ( NAMED_UNIT(*) SI_UNIT($,.STERADIAN.) SOLID_ANGLE_UNIT() );
#3851 = UNCERTAINTY_MEASURE_WITH_UNIT(LENGTH_MEASURE(1.E-07),#3848,
  'distance_accuracy_value','confusion accuracy');
#3852 = CONTEXT_DEPENDENT_SHAPE_REPRESENTATION(#3853,#3855);
#3853 = ( REPRESENTATION_RELATIONSHIP('','',#3793,#3088) 
REPRESENTATION_RELATIONSHIP_WITH_TRANSFORMATION(#3854) 
SHAPE_REPRESENTATION_RELATIONSHIP() );
#3854 = ITEM_DEFINED_TRANSFORMATION('','',#11,#3097);
#3855 = PRODUCT_DEFINITION_SHAPE('Placement','Placement of an item',
  #3856);
#3856 = NEXT_ASSEMBLY_USAGE_OCCURRENCE('29','Parte metalica001','',#3083
  ,#3788,$);
#3857 = PRODUCT_RELATED_PRODUCT_CATEGORY('part',$,(#3790));
#3858 = CONTEXT_DEPENDENT_SHAPE_REPRESENTATION(#3859,#3861);
#3859 = ( REPRESENTATION_RELATIONSHIP('','',#3793,#3088) 
REPRESENTATION_RELATIONSHIP_WITH_TRANSFORMATION(#3860) 
SHAPE_REPRESENTATION_RELATIONSHIP() );
#3860 = ITEM_DEFINED_TRANSFORMATION('','',#11,#3101);
#3861 = PRODUCT_DEFINITION_SHAPE('Placement','Placement of an item',
  #3862);
#3862 = NEXT_ASSEMBLY_USAGE_OCCURRENCE('30','Parte metalica002','',#3083
  ,#3788,$);
#3863 = CONTEXT_DEPENDENT_SHAPE_REPRESENTATION(#3864,#3866);
#3864 = ( REPRESENTATION_RELATIONSHIP('','',#3793,#3088) 
REPRESENTATION_RELATIONSHIP_WITH_TRANSFORMATION(#3865) 
SHAPE_REPRESENTATION_RELATIONSHIP() );
#3865 = ITEM_DEFINED_TRANSFORMATION('','',#11,#3105);
#3866 = PRODUCT_DEFINITION_SHAPE('Placement','Placement of an item',
  #3867);
#3867 = NEXT_ASSEMBLY_USAGE_OCCURRENCE('31','Parte metalica003','',#3083
  ,#3788,$);
#3868 = CONTEXT_DEPENDENT_SHAPE_REPRESENTATION(#3869,#3871);
#3869 = ( REPRESENTATION_RELATIONSHIP('','',#3793,#3088) 
REPRESENTATION_RELATIONSHIP_WITH_TRANSFORMATION(#3870) 
SHAPE_REPRESENTATION_RELATIONSHIP() );
#3870 = ITEM_DEFINED_TRANSFORMATION('','',#11,#3109);
#3871 = PRODUCT_DEFINITION_SHAPE('Placement','Placement of an item',
  #3872);
#3872 = NEXT_ASSEMBLY_USAGE_OCCURRENCE('32','Parte metalica004','',#3083
  ,#3788,$);
#3873 = CONTEXT_DEPENDENT_SHAPE_REPRESENTATION(#3874,#3876);
#3874 = ( REPRESENTATION_RELATIONSHIP('','',#3793,#3088) 
REPRESENTATION_RELATIONSHIP_WITH_TRANSFORMATION(#3875) 
SHAPE_REPRESENTATION_RELATIONSHIP() );
#3875 = ITEM_DEFINED_TRANSFORMATION('','',#11,#3113);
#3876 = PRODUCT_DEFINITION_SHAPE('Placement','Placement of an item',
  #3877);
#3877 = NEXT_ASSEMBLY_USAGE_OCCURRENCE('33','Parte metalica005','',#3083
  ,#3788,$);
#3878 = CONTEXT_DEPENDENT_SHAPE_REPRESENTATION(#3879,#3881);
#3879 = ( REPRESENTATION_RELATIONSHIP('','',#3793,#3088) 
REPRESENTATION_RELATIONSHIP_WITH_TRANSFORMATION(#3880) 
SHAPE_REPRESENTATION_RELATIONSHIP() );
#3880 = ITEM_DEFINED_TRANSFORMATION('','',#11,#3117);
#3881 = PRODUCT_DEFINITION_SHAPE('Placement','Placement of an item',
  #3882);
#3882 = NEXT_ASSEMBLY_USAGE_OCCURRENCE('34','Parte metalica006','',#3083
  ,#3788,$);
#3883 = CONTEXT_DEPENDENT_SHAPE_REPRESENTATION(#3884,#3886);
#3884 = ( REPRESENTATION_RELATIONSHIP('','',#3793,#3088) 
REPRESENTATION_RELATIONSHIP_WITH_TRANSFORMATION(#3885) 
SHAPE_REPRESENTATION_RELATIONSHIP() );
#3885 = ITEM_DEFINED_TRANSFORMATION('','',#11,#3121);
#3886 = PRODUCT_DEFINITION_SHAPE('Placement','Placement of an item',
  #3887);
#3887 = NEXT_ASSEMBLY_USAGE_OCCURRENCE('35','Parte metalica007','',#3083
  ,#3788,$);
#3888 = CONTEXT_DEPENDENT_SHAPE_REPRESENTATION(#3889,#3891);
#3889 = ( REPRESENTATION_RELATIONSHIP('','',#3793,#3088) 
REPRESENTATION_RELATIONSHIP_WITH_TRANSFORMATION(#3890) 
SHAPE_REPRESENTATION_RELATIONSHIP() );
#3890 = ITEM_DEFINED_TRANSFORMATION('','',#11,#3125);
#3891 = PRODUCT_DEFINITION_SHAPE('Placement','Placement of an item',
  #3892);
#3892 = NEXT_ASSEMBLY_USAGE_OCCURRENCE('36','Parte metalica008','',#3083
  ,#3788,$);
#3893 = CONTEXT_DEPENDENT_SHAPE_REPRESENTATION(#3894,#3896);
#3894 = ( REPRESENTATION_RELATIONSHIP('','',#3793,#3088) 
REPRESENTATION_RELATIONSHIP_WITH_TRANSFORMATION(#3895) 
SHAPE_REPRESENTATION_RELATIONSHIP() );
#3895 = ITEM_DEFINED_TRANSFORMATION('','',#11,#3129);
#3896 = PRODUCT_DEFINITION_SHAPE('Placement','Placement of an item',
  #3897);
#3897 = NEXT_ASSEMBLY_USAGE_OCCURRENCE('37','Parte metalica009','',#3083
  ,#3788,$);
#3898 = CONTEXT_DEPENDENT_SHAPE_REPRESENTATION(#3899,#3901);
#3899 = ( REPRESENTATION_RELATIONSHIP('','',#3793,#3088) 
REPRESENTATION_RELATIONSHIP_WITH_TRANSFORMATION(#3900) 
SHAPE_REPRESENTATION_RELATIONSHIP() );
#3900 = ITEM_DEFINED_TRANSFORMATION('','',#11,#3133);
#3901 = PRODUCT_DEFINITION_SHAPE('Placement','Placement of an item',
  #3902);
#3902 = NEXT_ASSEMBLY_USAGE_OCCURRENCE('38','Parte metalica010','',#3083
  ,#3788,$);
#3903 = MECHANICAL_DESIGN_GEOMETRIC_PRESENTATION_REPRESENTATION('',(
    #3904),#3025);
#3904 = STYLED_ITEM('color',(#3905),#2972);
#3905 = PRESENTATION_STYLE_ASSIGNMENT((#3906,#3912));
#3906 = SURFACE_STYLE_USAGE(.BOTH.,#3907);
#3907 = SURFACE_SIDE_STYLE('',(#3908));
#3908 = SURFACE_STYLE_FILL_AREA(#3909);
#3909 = FILL_AREA_STYLE('',(#3910));
#3910 = FILL_AREA_STYLE_COLOUR('',#3911);
#3911 = COLOUR_RGB('',0.780392170416,0.568627474046,0.113725493293);
#3912 = CURVE_STYLE('',#3913,POSITIVE_LENGTH_MEASURE(0.1),#3914);
#3913 = DRAUGHTING_PRE_DEFINED_CURVE_FONT('continuous');
#3914 = COLOUR_RGB('',9.803921802644E-02,9.803921802644E-02,
  9.803921802644E-02);
#3915 = MECHANICAL_DESIGN_GEOMETRIC_PRESENTATION_REPRESENTATION('',(
    #3916),#604);
#3916 = STYLED_ITEM('color',(#3917),#64);
#3917 = PRESENTATION_STYLE_ASSIGNMENT((#3918,#3924));
#3918 = SURFACE_STYLE_USAGE(.BOTH.,#3919);
#3919 = SURFACE_SIDE_STYLE('',(#3920));
#3920 = SURFACE_STYLE_FILL_AREA(#3921);
#3921 = FILL_AREA_STYLE('',(#3922));
#3922 = FILL_AREA_STYLE_COLOUR('',#3923);
#3923 = COLOUR_RGB('',0.447059003357,0.474510015008,0.501960993452);
#3924 = CURVE_STYLE('',#3925,POSITIVE_LENGTH_MEASURE(0.1),#3914);
#3925 = DRAUGHTING_PRE_DEFINED_CURVE_FONT('continuous');
#3926 = MECHANICAL_DESIGN_GEOMETRIC_PRESENTATION_REPRESENTATION('',(
    #3927),#2817);
#3927 = STYLED_ITEM('color',(#3928),#753);
#3928 = PRESENTATION_STYLE_ASSIGNMENT((#3929,#3935));
#3929 = SURFACE_STYLE_USAGE(.BOTH.,#3930);
#3930 = SURFACE_SIDE_STYLE('',(#3931));
#3931 = SURFACE_STYLE_FILL_AREA(#3932);
#3932 = FILL_AREA_STYLE('',(#3933));
#3933 = FILL_AREA_STYLE_COLOUR('',#3934);
#3934 = DRAUGHTING_PRE_DEFINED_COLOUR('black');
#3935 = CURVE_STYLE('',#3936,POSITIVE_LENGTH_MEASURE(0.1),#3914);
#3936 = DRAUGHTING_PRE_DEFINED_CURVE_FONT('continuous');
#3937 = MECHANICAL_DESIGN_GEOMETRIC_PRESENTATION_REPRESENTATION('',(
    #3938),#3847);
#3938 = STYLED_ITEM('color',(#3939),#3794);
#3939 = PRESENTATION_STYLE_ASSIGNMENT((#3940,#3945));
#3940 = SURFACE_STYLE_USAGE(.BOTH.,#3941);
#3941 = SURFACE_SIDE_STYLE('',(#3942));
#3942 = SURFACE_STYLE_FILL_AREA(#3943);
#3943 = FILL_AREA_STYLE('',(#3944));
#3944 = FILL_AREA_STYLE_COLOUR('',#3911);
#3945 = CURVE_STYLE('',#3946,POSITIVE_LENGTH_MEASURE(0.1),#3914);
#3946 = DRAUGHTING_PRE_DEFINED_CURVE_FONT('continuous');
#3947 = MECHANICAL_DESIGN_GEOMETRIC_PRESENTATION_REPRESENTATION('',(
    #3948),#2908);
#3948 = STYLED_ITEM('color',(#3949),#2855);
#3949 = PRESENTATION_STYLE_ASSIGNMENT((#3950,#3955));
#3950 = SURFACE_STYLE_USAGE(.BOTH.,#3951);
#3951 = SURFACE_SIDE_STYLE('',(#3952));
#3952 = SURFACE_STYLE_FILL_AREA(#3953);
#3953 = FILL_AREA_STYLE('',(#3954));
#3954 = FILL_AREA_STYLE_COLOUR('',#3911);
#3955 = CURVE_STYLE('',#3956,POSITIVE_LENGTH_MEASURE(0.1),#3914);
#3956 = DRAUGHTING_PRE_DEFINED_CURVE_FONT('continuous');
#3957 = MECHANICAL_DESIGN_GEOMETRIC_PRESENTATION_REPRESENTATION('',(
    #3958),#3775);
#3958 = STYLED_ITEM('color',(#3959),#3175);
#3959 = PRESENTATION_STYLE_ASSIGNMENT((#3960,#3965));
#3960 = SURFACE_STYLE_USAGE(.BOTH.,#3961);
#3961 = SURFACE_SIDE_STYLE('',(#3962));
#3962 = SURFACE_STYLE_FILL_AREA(#3963);
#3963 = FILL_AREA_STYLE('',(#3964));
#3964 = FILL_AREA_STYLE_COLOUR('',#3934);
#3965 = CURVE_STYLE('',#3966,POSITIVE_LENGTH_MEASURE(0.1),#3914);
#3966 = DRAUGHTING_PRE_DEFINED_CURVE_FONT('continuous');
ENDSEC;
END-ISO-10303-21;
