ISO-10303-21;
HEADER;
FILE_DESCRIPTION(('FreeCAD Model'),'2;1');
FILE_NAME('Open CASCADE Shape Model','2026-02-05T17:31:58',(''),(''),
  'Open CASCADE STEP processor 7.8','FreeCAD','Unknown');
FILE_SCHEMA(('AUTOMOTIVE_DESIGN { 1 0 10303 214 1 1 1 1 }'));
ENDSEC;
DATA;
#1 = APPLICATION_PROTOCOL_DEFINITION('international standard',
  'automotive_design',2000,#2);
#2 = APPLICATION_CONTEXT(
  'core data for automotive mechanical design processes');
#3 = SHAPE_DEFINITION_REPRESENTATION(#4,#10);
#4 = PRODUCT_DEFINITION_SHAPE('','',#5);
#5 = PRODUCT_DEFINITION('design','',#6,#9);
#6 = PRODUCT_DEFINITION_FORMATION('','',#7);
#7 = PRODUCT('Assembly','Assembly','',(#8));
#8 = PRODUCT_CONTEXT('',#2,'mechanical');
#9 = PRODUCT_DEFINITION_CONTEXT('part definition',#2,'design');
#10 = SHAPE_REPRESENTATION('',(#11,#15,#19,#23,#27,#31,#35),#39);
#11 = AXIS2_PLACEMENT_3D('',#12,#13,#14);
#12 = CARTESIAN_POINT('',(0.,0.,0.));
#13 = DIRECTION('',(0.,0.,1.));
#14 = DIRECTION('',(1.,0.,-0.));
#15 = AXIS2_PLACEMENT_3D('',#16,#17,#18);
#16 = CARTESIAN_POINT('',(0.,0.,0.));
#17 = DIRECTION('',(0.,0.,1.));
#18 = DIRECTION('',(1.,0.,0.));
#19 = AXIS2_PLACEMENT_3D('',#20,#21,#22);
#20 = CARTESIAN_POINT('',(0.,0.,0.));
#21 = DIRECTION('',(0.,0.,1.));
#22 = DIRECTION('',(1.,0.,0.));
#23 = AXIS2_PLACEMENT_3D('',#24,#25,#26);
#24 = CARTESIAN_POINT('',(-17.46,1.27,-2.5));
#25 = DIRECTION('',(8.659560562355E-17,8.659560562355E-17,-1.));
#26 = DIRECTION('',(-1.,2.22044604925E-16,-8.659560562355E-17));
#27 = AXIS2_PLACEMENT_3D('',#28,#29,#30);
#28 = CARTESIAN_POINT('',(-14.92,1.27,-2.5));
#29 = DIRECTION('',(8.659560562355E-17,8.659560562355E-17,-1.));
#30 = DIRECTION('',(-1.,2.22044604925E-16,-8.659560562355E-17));
#31 = AXIS2_PLACEMENT_3D('',#32,#33,#34);
#32 = CARTESIAN_POINT('',(-17.46,1.27,-2.5));
#33 = DIRECTION('',(-2.090602855383E-16,-8.659560562355E-17,1.));
#34 = DIRECTION('',(1.,-2.22044604925E-16,2.090602855383E-16));
#35 = AXIS2_PLACEMENT_3D('',#36,#37,#38);
#36 = CARTESIAN_POINT('',(-14.92,1.27,-2.5));
#37 = DIRECTION('',(-2.090602855383E-16,-8.659560562355E-17,1.));
#38 = DIRECTION('',(1.,-2.22044604925E-16,2.090602855383E-16));
#39 = ( GEOMETRIC_REPRESENTATION_CONTEXT(3) 
GLOBAL_UNCERTAINTY_ASSIGNED_CONTEXT((#43)) GLOBAL_UNIT_ASSIGNED_CONTEXT(
(#40,#41,#42)) REPRESENTATION_CONTEXT('Context #1',
  '3D Context with UNIT and UNCERTAINTY') );
#40 = ( LENGTH_UNIT() NAMED_UNIT(*) SI_UNIT(.MILLI.,.METRE.) );
#41 = ( NAMED_UNIT(*) PLANE_ANGLE_UNIT() SI_UNIT($,.RADIAN.) );
#42 = ( NAMED_UNIT(*) SI_UNIT($,.STERADIAN.) SOLID_ANGLE_UNIT() );
#43 = UNCERTAINTY_MEASURE_WITH_UNIT(LENGTH_MEASURE(2.E-06),#40,
  'distance_accuracy_value','confusion accuracy');
#44 = PRODUCT_RELATED_PRODUCT_CATEGORY('part',$,(#7));
#45 = SHAPE_DEFINITION_REPRESENTATION(#46,#52);
#46 = PRODUCT_DEFINITION_SHAPE('','',#47);
#47 = PRODUCT_DEFINITION('design','',#48,#51);
#48 = PRODUCT_DEFINITION_FORMATION('','',#49);
#49 = PRODUCT('LCS_Origin','LCS_Origin','',(#50));
#50 = PRODUCT_CONTEXT('',#2,'mechanical');
#51 = PRODUCT_DEFINITION_CONTEXT('part definition',#2,'design');
#52 = MANIFOLD_SURFACE_SHAPE_REPRESENTATION('',(#11),#53);
#53 = ( GEOMETRIC_REPRESENTATION_CONTEXT(3) 
GLOBAL_UNCERTAINTY_ASSIGNED_CONTEXT((#57)) GLOBAL_UNIT_ASSIGNED_CONTEXT(
(#54,#55,#56)) REPRESENTATION_CONTEXT('Context #1',
  '3D Context with UNIT and UNCERTAINTY') );
#54 = ( LENGTH_UNIT() NAMED_UNIT(*) SI_UNIT(.MILLI.,.METRE.) );
#55 = ( NAMED_UNIT(*) PLANE_ANGLE_UNIT() SI_UNIT($,.RADIAN.) );
#56 = ( NAMED_UNIT(*) SI_UNIT($,.STERADIAN.) SOLID_ANGLE_UNIT() );
#57 = UNCERTAINTY_MEASURE_WITH_UNIT(LENGTH_MEASURE(1.E-07),#54,
  'distance_accuracy_value','confusion accuracy');
#58 = CONTEXT_DEPENDENT_SHAPE_REPRESENTATION(#59,#61);
#59 = ( REPRESENTATION_RELATIONSHIP('','',#52,#10) 
REPRESENTATION_RELATIONSHIP_WITH_TRANSFORMATION(#60) 
SHAPE_REPRESENTATION_RELATIONSHIP() );
#60 = ITEM_DEFINED_TRANSFORMATION('','',#11,#15);
#61 = PRODUCT_DEFINITION_SHAPE('Placement','Placement of an item',#62);
#62 = NEXT_ASSEMBLY_USAGE_OCCURRENCE('1','LCS_Origin','',#5,#47,$);
#63 = PRODUCT_RELATED_PRODUCT_CATEGORY('part',$,(#49));
#64 = SHAPE_DEFINITION_REPRESENTATION(#65,#71);
#65 = PRODUCT_DEFINITION_SHAPE('','',#66);
#66 = PRODUCT_DEFINITION('design','',#67,#70);
#67 = PRODUCT_DEFINITION_FORMATION('','',#68);
#68 = PRODUCT('Nrf24l01','Nrf24l01','',(#69));
#69 = PRODUCT_CONTEXT('',#2,'mechanical');
#70 = PRODUCT_DEFINITION_CONTEXT('part definition',#2,'design');
#71 = ADVANCED_BREP_SHAPE_REPRESENTATION('',(#11,#72),#534);
#72 = MANIFOLD_SOLID_BREP('',#73);
#73 = CLOSED_SHELL('',(#74,#114,#145,#176,#198,#231,#264,#297,#330,#363,
    #396,#429,#462,#498));
#74 = ADVANCED_FACE('',(#75),#109,.F.);
#75 = FACE_BOUND('',#76,.F.);
#76 = EDGE_LOOP('',(#77,#87,#95,#103));
#77 = ORIENTED_EDGE('',*,*,#78,.T.);
#78 = EDGE_CURVE('',#79,#81,#83,.T.);
#79 = VERTEX_POINT('',#80);
#80 = CARTESIAN_POINT('',(-20.,7.5,0.));
#81 = VERTEX_POINT('',#82);
#82 = CARTESIAN_POINT('',(-20.,7.5,1.6));
#83 = LINE('',#84,#85);
#84 = CARTESIAN_POINT('',(-20.,7.5,0.));
#85 = VECTOR('',#86,1.);
#86 = DIRECTION('',(0.,0.,1.));
#87 = ORIENTED_EDGE('',*,*,#88,.T.);
#88 = EDGE_CURVE('',#81,#89,#91,.T.);
#89 = VERTEX_POINT('',#90);
#90 = CARTESIAN_POINT('',(-20.,-7.5,1.6));
#91 = LINE('',#92,#93);
#92 = CARTESIAN_POINT('',(-20.,7.5,1.6));
#93 = VECTOR('',#94,1.);
#94 = DIRECTION('',(0.,-1.,0.));
#95 = ORIENTED_EDGE('',*,*,#96,.F.);
#96 = EDGE_CURVE('',#97,#89,#99,.T.);
#97 = VERTEX_POINT('',#98);
#98 = CARTESIAN_POINT('',(-20.,-7.5,0.));
#99 = LINE('',#100,#101);
#100 = CARTESIAN_POINT('',(-20.,-7.5,0.));
#101 = VECTOR('',#102,1.);
#102 = DIRECTION('',(0.,0.,1.));
#103 = ORIENTED_EDGE('',*,*,#104,.F.);
#104 = EDGE_CURVE('',#79,#97,#105,.T.);
#105 = LINE('',#106,#107);
#106 = CARTESIAN_POINT('',(-20.,7.5,0.));
#107 = VECTOR('',#108,1.);
#108 = DIRECTION('',(0.,-1.,0.));
#109 = PLANE('',#110);
#110 = AXIS2_PLACEMENT_3D('',#111,#112,#113);
#111 = CARTESIAN_POINT('',(-20.,7.5,0.));
#112 = DIRECTION('',(1.,0.,0.));
#113 = DIRECTION('',(0.,-1.,0.));
#114 = ADVANCED_FACE('',(#115),#140,.F.);
#115 = FACE_BOUND('',#116,.F.);
#116 = EDGE_LOOP('',(#117,#118,#126,#134));
#117 = ORIENTED_EDGE('',*,*,#96,.T.);
#118 = ORIENTED_EDGE('',*,*,#119,.T.);
#119 = EDGE_CURVE('',#89,#120,#122,.T.);
#120 = VERTEX_POINT('',#121);
#121 = CARTESIAN_POINT('',(20.,-7.5,1.6));
#122 = LINE('',#123,#124);
#123 = CARTESIAN_POINT('',(-20.,-7.5,1.6));
#124 = VECTOR('',#125,1.);
#125 = DIRECTION('',(1.,0.,0.));
#126 = ORIENTED_EDGE('',*,*,#127,.F.);
#127 = EDGE_CURVE('',#128,#120,#130,.T.);
#128 = VERTEX_POINT('',#129);
#129 = CARTESIAN_POINT('',(20.,-7.5,0.));
#130 = LINE('',#131,#132);
#131 = CARTESIAN_POINT('',(20.,-7.5,0.));
#132 = VECTOR('',#133,1.);
#133 = DIRECTION('',(0.,0.,1.));
#134 = ORIENTED_EDGE('',*,*,#135,.F.);
#135 = EDGE_CURVE('',#97,#128,#136,.T.);
#136 = LINE('',#137,#138);
#137 = CARTESIAN_POINT('',(-20.,-7.5,0.));
#138 = VECTOR('',#139,1.);
#139 = DIRECTION('',(1.,0.,0.));
#140 = PLANE('',#141);
#141 = AXIS2_PLACEMENT_3D('',#142,#143,#144);
#142 = CARTESIAN_POINT('',(-20.,-7.5,0.));
#143 = DIRECTION('',(0.,1.,0.));
#144 = DIRECTION('',(1.,0.,0.));
#145 = ADVANCED_FACE('',(#146),#171,.F.);
#146 = FACE_BOUND('',#147,.F.);
#147 = EDGE_LOOP('',(#148,#149,#157,#165));
#148 = ORIENTED_EDGE('',*,*,#127,.T.);
#149 = ORIENTED_EDGE('',*,*,#150,.T.);
#150 = EDGE_CURVE('',#120,#151,#153,.T.);
#151 = VERTEX_POINT('',#152);
#152 = CARTESIAN_POINT('',(20.,7.5,1.6));
#153 = LINE('',#154,#155);
#154 = CARTESIAN_POINT('',(20.,-7.5,1.6));
#155 = VECTOR('',#156,1.);
#156 = DIRECTION('',(0.,1.,0.));
#157 = ORIENTED_EDGE('',*,*,#158,.F.);
#158 = EDGE_CURVE('',#159,#151,#161,.T.);
#159 = VERTEX_POINT('',#160);
#160 = CARTESIAN_POINT('',(20.,7.5,0.));
#161 = LINE('',#162,#163);
#162 = CARTESIAN_POINT('',(20.,7.5,0.));
#163 = VECTOR('',#164,1.);
#164 = DIRECTION('',(0.,0.,1.));
#165 = ORIENTED_EDGE('',*,*,#166,.F.);
#166 = EDGE_CURVE('',#128,#159,#167,.T.);
#167 = LINE('',#168,#169);
#168 = CARTESIAN_POINT('',(20.,-7.5,0.));
#169 = VECTOR('',#170,1.);
#170 = DIRECTION('',(0.,1.,0.));
#171 = PLANE('',#172);
#172 = AXIS2_PLACEMENT_3D('',#173,#174,#175);
#173 = CARTESIAN_POINT('',(20.,-7.5,0.));
#174 = DIRECTION('',(-1.,0.,0.));
#175 = DIRECTION('',(0.,1.,0.));
#176 = ADVANCED_FACE('',(#177),#193,.F.);
#177 = FACE_BOUND('',#178,.F.);
#178 = EDGE_LOOP('',(#179,#180,#186,#187));
#179 = ORIENTED_EDGE('',*,*,#158,.T.);
#180 = ORIENTED_EDGE('',*,*,#181,.T.);
#181 = EDGE_CURVE('',#151,#81,#182,.T.);
#182 = LINE('',#183,#184);
#183 = CARTESIAN_POINT('',(20.,7.5,1.6));
#184 = VECTOR('',#185,1.);
#185 = DIRECTION('',(-1.,0.,0.));
#186 = ORIENTED_EDGE('',*,*,#78,.F.);
#187 = ORIENTED_EDGE('',*,*,#188,.F.);
#188 = EDGE_CURVE('',#159,#79,#189,.T.);
#189 = LINE('',#190,#191);
#190 = CARTESIAN_POINT('',(20.,7.5,0.));
#191 = VECTOR('',#192,1.);
#192 = DIRECTION('',(-1.,0.,0.));
#193 = PLANE('',#194);
#194 = AXIS2_PLACEMENT_3D('',#195,#196,#197);
#195 = CARTESIAN_POINT('',(20.,7.5,0.));
#196 = DIRECTION('',(0.,-1.,0.));
#197 = DIRECTION('',(-1.,0.,0.));
#198 = ADVANCED_FACE('',(#199),#226,.F.);
#199 = FACE_BOUND('',#200,.T.);
#200 = EDGE_LOOP('',(#201,#211,#218,#219));
#201 = ORIENTED_EDGE('',*,*,#202,.T.);
#202 = EDGE_CURVE('',#203,#205,#207,.T.);
#203 = VERTEX_POINT('',#204);
#204 = CARTESIAN_POINT('',(-14.42,-1.27,0.));
#205 = VERTEX_POINT('',#206);
#206 = CARTESIAN_POINT('',(-14.42,-1.27,1.6));
#207 = LINE('',#208,#209);
#208 = CARTESIAN_POINT('',(-14.42,-1.27,0.));
#209 = VECTOR('',#210,1.);
#210 = DIRECTION('',(0.,0.,1.));
#211 = ORIENTED_EDGE('',*,*,#212,.T.);
#212 = EDGE_CURVE('',#205,#205,#213,.T.);
#213 = CIRCLE('',#214,0.5);
#214 = AXIS2_PLACEMENT_3D('',#215,#216,#217);
#215 = CARTESIAN_POINT('',(-14.92,-1.27,1.6));
#216 = DIRECTION('',(0.,0.,1.));
#217 = DIRECTION('',(1.,0.,0.));
#218 = ORIENTED_EDGE('',*,*,#202,.F.);
#219 = ORIENTED_EDGE('',*,*,#220,.F.);
#220 = EDGE_CURVE('',#203,#203,#221,.T.);
#221 = CIRCLE('',#222,0.5);
#222 = AXIS2_PLACEMENT_3D('',#223,#224,#225);
#223 = CARTESIAN_POINT('',(-14.92,-1.27,0.));
#224 = DIRECTION('',(0.,0.,1.));
#225 = DIRECTION('',(1.,0.,0.));
#226 = CYLINDRICAL_SURFACE('',#227,0.5);
#227 = AXIS2_PLACEMENT_3D('',#228,#229,#230);
#228 = CARTESIAN_POINT('',(-14.92,-1.27,0.));
#229 = DIRECTION('',(-0.,-0.,-1.));
#230 = DIRECTION('',(1.,0.,0.));
#231 = ADVANCED_FACE('',(#232),#259,.F.);
#232 = FACE_BOUND('',#233,.T.);
#233 = EDGE_LOOP('',(#234,#244,#251,#252));
#234 = ORIENTED_EDGE('',*,*,#235,.T.);
#235 = EDGE_CURVE('',#236,#238,#240,.T.);
#236 = VERTEX_POINT('',#237);
#237 = CARTESIAN_POINT('',(-14.42,1.27,0.));
#238 = VERTEX_POINT('',#239);
#239 = CARTESIAN_POINT('',(-14.42,1.27,1.6));
#240 = LINE('',#241,#242);
#241 = CARTESIAN_POINT('',(-14.42,1.27,0.));
#242 = VECTOR('',#243,1.);
#243 = DIRECTION('',(0.,0.,1.));
#244 = ORIENTED_EDGE('',*,*,#245,.T.);
#245 = EDGE_CURVE('',#238,#238,#246,.T.);
#246 = CIRCLE('',#247,0.5);
#247 = AXIS2_PLACEMENT_3D('',#248,#249,#250);
#248 = CARTESIAN_POINT('',(-14.92,1.27,1.6));
#249 = DIRECTION('',(0.,0.,1.));
#250 = DIRECTION('',(1.,0.,0.));
#251 = ORIENTED_EDGE('',*,*,#235,.F.);
#252 = ORIENTED_EDGE('',*,*,#253,.F.);
#253 = EDGE_CURVE('',#236,#236,#254,.T.);
#254 = CIRCLE('',#255,0.5);
#255 = AXIS2_PLACEMENT_3D('',#256,#257,#258);
#256 = CARTESIAN_POINT('',(-14.92,1.27,0.));
#257 = DIRECTION('',(0.,0.,1.));
#258 = DIRECTION('',(1.,0.,0.));
#259 = CYLINDRICAL_SURFACE('',#260,0.5);
#260 = AXIS2_PLACEMENT_3D('',#261,#262,#263);
#261 = CARTESIAN_POINT('',(-14.92,1.27,0.));
#262 = DIRECTION('',(-0.,-0.,-1.));
#263 = DIRECTION('',(1.,0.,0.));
#264 = ADVANCED_FACE('',(#265),#292,.F.);
#265 = FACE_BOUND('',#266,.T.);
#266 = EDGE_LOOP('',(#267,#277,#284,#285));
#267 = ORIENTED_EDGE('',*,*,#268,.T.);
#268 = EDGE_CURVE('',#269,#271,#273,.T.);
#269 = VERTEX_POINT('',#270);
#270 = CARTESIAN_POINT('',(-16.96,-1.27,0.));
#271 = VERTEX_POINT('',#272);
#272 = CARTESIAN_POINT('',(-16.96,-1.27,1.6));
#273 = LINE('',#274,#275);
#274 = CARTESIAN_POINT('',(-16.96,-1.27,0.));
#275 = VECTOR('',#276,1.);
#276 = DIRECTION('',(0.,0.,1.));
#277 = ORIENTED_EDGE('',*,*,#278,.T.);
#278 = EDGE_CURVE('',#271,#271,#279,.T.);
#279 = CIRCLE('',#280,0.5);
#280 = AXIS2_PLACEMENT_3D('',#281,#282,#283);
#281 = CARTESIAN_POINT('',(-17.46,-1.27,1.6));
#282 = DIRECTION('',(0.,0.,1.));
#283 = DIRECTION('',(1.,0.,0.));
#284 = ORIENTED_EDGE('',*,*,#268,.F.);
#285 = ORIENTED_EDGE('',*,*,#286,.F.);
#286 = EDGE_CURVE('',#269,#269,#287,.T.);
#287 = CIRCLE('',#288,0.5);
#288 = AXIS2_PLACEMENT_3D('',#289,#290,#291);
#289 = CARTESIAN_POINT('',(-17.46,-1.27,0.));
#290 = DIRECTION('',(0.,0.,1.));
#291 = DIRECTION('',(1.,0.,0.));
#292 = CYLINDRICAL_SURFACE('',#293,0.5);
#293 = AXIS2_PLACEMENT_3D('',#294,#295,#296);
#294 = CARTESIAN_POINT('',(-17.46,-1.27,0.));
#295 = DIRECTION('',(-0.,-0.,-1.));
#296 = DIRECTION('',(1.,0.,0.));
#297 = ADVANCED_FACE('',(#298),#325,.F.);
#298 = FACE_BOUND('',#299,.T.);
#299 = EDGE_LOOP('',(#300,#310,#317,#318));
#300 = ORIENTED_EDGE('',*,*,#301,.T.);
#301 = EDGE_CURVE('',#302,#304,#306,.T.);
#302 = VERTEX_POINT('',#303);
#303 = CARTESIAN_POINT('',(-16.96,1.27,0.));
#304 = VERTEX_POINT('',#305);
#305 = CARTESIAN_POINT('',(-16.96,1.27,1.6));
#306 = LINE('',#307,#308);
#307 = CARTESIAN_POINT('',(-16.96,1.27,0.));
#308 = VECTOR('',#309,1.);
#309 = DIRECTION('',(0.,0.,1.));
#310 = ORIENTED_EDGE('',*,*,#311,.T.);
#311 = EDGE_CURVE('',#304,#304,#312,.T.);
#312 = CIRCLE('',#313,0.5);
#313 = AXIS2_PLACEMENT_3D('',#314,#315,#316);
#314 = CARTESIAN_POINT('',(-17.46,1.27,1.6));
#315 = DIRECTION('',(0.,0.,1.));
#316 = DIRECTION('',(1.,0.,0.));
#317 = ORIENTED_EDGE('',*,*,#301,.F.);
#318 = ORIENTED_EDGE('',*,*,#319,.F.);
#319 = EDGE_CURVE('',#302,#302,#320,.T.);
#320 = CIRCLE('',#321,0.5);
#321 = AXIS2_PLACEMENT_3D('',#322,#323,#324);
#322 = CARTESIAN_POINT('',(-17.46,1.27,0.));
#323 = DIRECTION('',(0.,0.,1.));
#324 = DIRECTION('',(1.,0.,0.));
#325 = CYLINDRICAL_SURFACE('',#326,0.5);
#326 = AXIS2_PLACEMENT_3D('',#327,#328,#329);
#327 = CARTESIAN_POINT('',(-17.46,1.27,0.));
#328 = DIRECTION('',(-0.,-0.,-1.));
#329 = DIRECTION('',(1.,0.,0.));
#330 = ADVANCED_FACE('',(#331),#358,.F.);
#331 = FACE_BOUND('',#332,.T.);
#332 = EDGE_LOOP('',(#333,#343,#350,#351));
#333 = ORIENTED_EDGE('',*,*,#334,.T.);
#334 = EDGE_CURVE('',#335,#337,#339,.T.);
#335 = VERTEX_POINT('',#336);
#336 = CARTESIAN_POINT('',(-14.42,-3.81,0.));
#337 = VERTEX_POINT('',#338);
#338 = CARTESIAN_POINT('',(-14.42,-3.81,1.6));
#339 = LINE('',#340,#341);
#340 = CARTESIAN_POINT('',(-14.42,-3.81,0.));
#341 = VECTOR('',#342,1.);
#342 = DIRECTION('',(0.,0.,1.));
#343 = ORIENTED_EDGE('',*,*,#344,.T.);
#344 = EDGE_CURVE('',#337,#337,#345,.T.);
#345 = CIRCLE('',#346,0.5);
#346 = AXIS2_PLACEMENT_3D('',#347,#348,#349);
#347 = CARTESIAN_POINT('',(-14.92,-3.81,1.6));
#348 = DIRECTION('',(0.,0.,1.));
#349 = DIRECTION('',(1.,0.,0.));
#350 = ORIENTED_EDGE('',*,*,#334,.F.);
#351 = ORIENTED_EDGE('',*,*,#352,.F.);
#352 = EDGE_CURVE('',#335,#335,#353,.T.);
#353 = CIRCLE('',#354,0.5);
#354 = AXIS2_PLACEMENT_3D('',#355,#356,#357);
#355 = CARTESIAN_POINT('',(-14.92,-3.81,0.));
#356 = DIRECTION('',(0.,0.,1.));
#357 = DIRECTION('',(1.,0.,0.));
#358 = CYLINDRICAL_SURFACE('',#359,0.5);
#359 = AXIS2_PLACEMENT_3D('',#360,#361,#362);
#360 = CARTESIAN_POINT('',(-14.92,-3.81,0.));
#361 = DIRECTION('',(-0.,-0.,-1.));
#362 = DIRECTION('',(1.,0.,0.));
#363 = ADVANCED_FACE('',(#364),#391,.F.);
#364 = FACE_BOUND('',#365,.T.);
#365 = EDGE_LOOP('',(#366,#376,#383,#384));
#366 = ORIENTED_EDGE('',*,*,#367,.T.);
#367 = EDGE_CURVE('',#368,#370,#372,.T.);
#368 = VERTEX_POINT('',#369);
#369 = CARTESIAN_POINT('',(-14.42,3.81,0.));
#370 = VERTEX_POINT('',#371);
#371 = CARTESIAN_POINT('',(-14.42,3.81,1.6));
#372 = LINE('',#373,#374);
#373 = CARTESIAN_POINT('',(-14.42,3.81,0.));
#374 = VECTOR('',#375,1.);
#375 = DIRECTION('',(0.,0.,1.));
#376 = ORIENTED_EDGE('',*,*,#377,.T.);
#377 = EDGE_CURVE('',#370,#370,#378,.T.);
#378 = CIRCLE('',#379,0.5);
#379 = AXIS2_PLACEMENT_3D('',#380,#381,#382);
#380 = CARTESIAN_POINT('',(-14.92,3.81,1.6));
#381 = DIRECTION('',(0.,0.,1.));
#382 = DIRECTION('',(1.,0.,0.));
#383 = ORIENTED_EDGE('',*,*,#367,.F.);
#384 = ORIENTED_EDGE('',*,*,#385,.F.);
#385 = EDGE_CURVE('',#368,#368,#386,.T.);
#386 = CIRCLE('',#387,0.5);
#387 = AXIS2_PLACEMENT_3D('',#388,#389,#390);
#388 = CARTESIAN_POINT('',(-14.92,3.81,0.));
#389 = DIRECTION('',(0.,0.,1.));
#390 = DIRECTION('',(1.,0.,0.));
#391 = CYLINDRICAL_SURFACE('',#392,0.5);
#392 = AXIS2_PLACEMENT_3D('',#393,#394,#395);
#393 = CARTESIAN_POINT('',(-14.92,3.81,0.));
#394 = DIRECTION('',(-0.,-0.,-1.));
#395 = DIRECTION('',(1.,0.,0.));
#396 = ADVANCED_FACE('',(#397),#424,.F.);
#397 = FACE_BOUND('',#398,.T.);
#398 = EDGE_LOOP('',(#399,#409,#416,#417));
#399 = ORIENTED_EDGE('',*,*,#400,.T.);
#400 = EDGE_CURVE('',#401,#403,#405,.T.);
#401 = VERTEX_POINT('',#402);
#402 = CARTESIAN_POINT('',(-16.96,-3.81,0.));
#403 = VERTEX_POINT('',#404);
#404 = CARTESIAN_POINT('',(-16.96,-3.81,1.6));
#405 = LINE('',#406,#407);
#406 = CARTESIAN_POINT('',(-16.96,-3.81,0.));
#407 = VECTOR('',#408,1.);
#408 = DIRECTION('',(0.,0.,1.));
#409 = ORIENTED_EDGE('',*,*,#410,.T.);
#410 = EDGE_CURVE('',#403,#403,#411,.T.);
#411 = CIRCLE('',#412,0.5);
#412 = AXIS2_PLACEMENT_3D('',#413,#414,#415);
#413 = CARTESIAN_POINT('',(-17.46,-3.81,1.6));
#414 = DIRECTION('',(0.,0.,1.));
#415 = DIRECTION('',(1.,0.,0.));
#416 = ORIENTED_EDGE('',*,*,#400,.F.);
#417 = ORIENTED_EDGE('',*,*,#418,.F.);
#418 = EDGE_CURVE('',#401,#401,#419,.T.);
#419 = CIRCLE('',#420,0.5);
#420 = AXIS2_PLACEMENT_3D('',#421,#422,#423);
#421 = CARTESIAN_POINT('',(-17.46,-3.81,0.));
#422 = DIRECTION('',(0.,0.,1.));
#423 = DIRECTION('',(1.,0.,0.));
#424 = CYLINDRICAL_SURFACE('',#425,0.5);
#425 = AXIS2_PLACEMENT_3D('',#426,#427,#428);
#426 = CARTESIAN_POINT('',(-17.46,-3.81,0.));
#427 = DIRECTION('',(-0.,-0.,-1.));
#428 = DIRECTION('',(1.,0.,0.));
#429 = ADVANCED_FACE('',(#430),#457,.F.);
#430 = FACE_BOUND('',#431,.T.);
#431 = EDGE_LOOP('',(#432,#442,#449,#450));
#432 = ORIENTED_EDGE('',*,*,#433,.T.);
#433 = EDGE_CURVE('',#434,#436,#438,.T.);
#434 = VERTEX_POINT('',#435);
#435 = CARTESIAN_POINT('',(-16.96,3.81,0.));
#436 = VERTEX_POINT('',#437);
#437 = CARTESIAN_POINT('',(-16.96,3.81,1.6));
#438 = LINE('',#439,#440);
#439 = CARTESIAN_POINT('',(-16.96,3.81,0.));
#440 = VECTOR('',#441,1.);
#441 = DIRECTION('',(0.,0.,1.));
#442 = ORIENTED_EDGE('',*,*,#443,.T.);
#443 = EDGE_CURVE('',#436,#436,#444,.T.);
#444 = CIRCLE('',#445,0.5);
#445 = AXIS2_PLACEMENT_3D('',#446,#447,#448);
#446 = CARTESIAN_POINT('',(-17.46,3.81,1.6));
#447 = DIRECTION('',(0.,0.,1.));
#448 = DIRECTION('',(1.,0.,0.));
#449 = ORIENTED_EDGE('',*,*,#433,.F.);
#450 = ORIENTED_EDGE('',*,*,#451,.F.);
#451 = EDGE_CURVE('',#434,#434,#452,.T.);
#452 = CIRCLE('',#453,0.5);
#453 = AXIS2_PLACEMENT_3D('',#454,#455,#456);
#454 = CARTESIAN_POINT('',(-17.46,3.81,0.));
#455 = DIRECTION('',(0.,0.,1.));
#456 = DIRECTION('',(1.,0.,0.));
#457 = CYLINDRICAL_SURFACE('',#458,0.5);
#458 = AXIS2_PLACEMENT_3D('',#459,#460,#461);
#459 = CARTESIAN_POINT('',(-17.46,3.81,0.));
#460 = DIRECTION('',(-0.,-0.,-1.));
#461 = DIRECTION('',(1.,0.,0.));
#462 = ADVANCED_FACE('',(#463,#469,#472,#475,#478,#481,#484,#487,#490),
  #493,.F.);
#463 = FACE_BOUND('',#464,.F.);
#464 = EDGE_LOOP('',(#465,#466,#467,#468));
#465 = ORIENTED_EDGE('',*,*,#104,.T.);
#466 = ORIENTED_EDGE('',*,*,#135,.T.);
#467 = ORIENTED_EDGE('',*,*,#166,.T.);
#468 = ORIENTED_EDGE('',*,*,#188,.T.);
#469 = FACE_BOUND('',#470,.T.);
#470 = EDGE_LOOP('',(#471));
#471 = ORIENTED_EDGE('',*,*,#220,.T.);
#472 = FACE_BOUND('',#473,.T.);
#473 = EDGE_LOOP('',(#474));
#474 = ORIENTED_EDGE('',*,*,#253,.T.);
#475 = FACE_BOUND('',#476,.T.);
#476 = EDGE_LOOP('',(#477));
#477 = ORIENTED_EDGE('',*,*,#286,.T.);
#478 = FACE_BOUND('',#479,.T.);
#479 = EDGE_LOOP('',(#480));
#480 = ORIENTED_EDGE('',*,*,#319,.T.);
#481 = FACE_BOUND('',#482,.T.);
#482 = EDGE_LOOP('',(#483));
#483 = ORIENTED_EDGE('',*,*,#352,.T.);
#484 = FACE_BOUND('',#485,.T.);
#485 = EDGE_LOOP('',(#486));
#486 = ORIENTED_EDGE('',*,*,#385,.T.);
#487 = FACE_BOUND('',#488,.T.);
#488 = EDGE_LOOP('',(#489));
#489 = ORIENTED_EDGE('',*,*,#418,.T.);
#490 = FACE_BOUND('',#491,.T.);
#491 = EDGE_LOOP('',(#492));
#492 = ORIENTED_EDGE('',*,*,#451,.T.);
#493 = PLANE('',#494);
#494 = AXIS2_PLACEMENT_3D('',#495,#496,#497);
#495 = CARTESIAN_POINT('',(-2.57295435365,-1.298808194398E-15,0.));
#496 = DIRECTION('',(0.,0.,1.));
#497 = DIRECTION('',(1.,0.,0.));
#498 = ADVANCED_FACE('',(#499,#505,#508,#511,#514,#517,#520,#523,#526),
  #529,.T.);
#499 = FACE_BOUND('',#500,.T.);
#500 = EDGE_LOOP('',(#501,#502,#503,#504));
#501 = ORIENTED_EDGE('',*,*,#88,.T.);
#502 = ORIENTED_EDGE('',*,*,#119,.T.);
#503 = ORIENTED_EDGE('',*,*,#150,.T.);
#504 = ORIENTED_EDGE('',*,*,#181,.T.);
#505 = FACE_BOUND('',#506,.F.);
#506 = EDGE_LOOP('',(#507));
#507 = ORIENTED_EDGE('',*,*,#212,.T.);
#508 = FACE_BOUND('',#509,.F.);
#509 = EDGE_LOOP('',(#510));
#510 = ORIENTED_EDGE('',*,*,#245,.T.);
#511 = FACE_BOUND('',#512,.F.);
#512 = EDGE_LOOP('',(#513));
#513 = ORIENTED_EDGE('',*,*,#278,.T.);
#514 = FACE_BOUND('',#515,.F.);
#515 = EDGE_LOOP('',(#516));
#516 = ORIENTED_EDGE('',*,*,#311,.T.);
#517 = FACE_BOUND('',#518,.F.);
#518 = EDGE_LOOP('',(#519));
#519 = ORIENTED_EDGE('',*,*,#344,.T.);
#520 = FACE_BOUND('',#521,.F.);
#521 = EDGE_LOOP('',(#522));
#522 = ORIENTED_EDGE('',*,*,#377,.T.);
#523 = FACE_BOUND('',#524,.F.);
#524 = EDGE_LOOP('',(#525));
#525 = ORIENTED_EDGE('',*,*,#410,.T.);
#526 = FACE_BOUND('',#527,.F.);
#527 = EDGE_LOOP('',(#528));
#528 = ORIENTED_EDGE('',*,*,#443,.T.);
#529 = PLANE('',#530);
#530 = AXIS2_PLACEMENT_3D('',#531,#532,#533);
#531 = CARTESIAN_POINT('',(-2.57295435365,-1.298808194398E-15,1.6));
#532 = DIRECTION('',(0.,0.,1.));
#533 = DIRECTION('',(1.,0.,0.));
#534 = ( GEOMETRIC_REPRESENTATION_CONTEXT(3) 
GLOBAL_UNCERTAINTY_ASSIGNED_CONTEXT((#538)) GLOBAL_UNIT_ASSIGNED_CONTEXT
((#535,#536,#537)) REPRESENTATION_CONTEXT('Context #1',
  '3D Context with UNIT and UNCERTAINTY') );
#535 = ( LENGTH_UNIT() NAMED_UNIT(*) SI_UNIT(.MILLI.,.METRE.) );
#536 = ( NAMED_UNIT(*) PLANE_ANGLE_UNIT() SI_UNIT($,.RADIAN.) );
#537 = ( NAMED_UNIT(*) SI_UNIT($,.STERADIAN.) SOLID_ANGLE_UNIT() );
#538 = UNCERTAINTY_MEASURE_WITH_UNIT(LENGTH_MEASURE(1.E-07),#535,
  'distance_accuracy_value','confusion accuracy');
#539 = CONTEXT_DEPENDENT_SHAPE_REPRESENTATION(#540,#542);
#540 = ( REPRESENTATION_RELATIONSHIP('','',#71,#10) 
REPRESENTATION_RELATIONSHIP_WITH_TRANSFORMATION(#541) 
SHAPE_REPRESENTATION_RELATIONSHIP() );
#541 = ITEM_DEFINED_TRANSFORMATION('','',#11,#19);
#542 = PRODUCT_DEFINITION_SHAPE('Placement','Placement of an item',#543
  );
#543 = NEXT_ASSEMBLY_USAGE_OCCURRENCE('2','Nrf24l002','',#5,#66,$);
#544 = PRODUCT_RELATED_PRODUCT_CATEGORY('part',$,(#68));
#545 = SHAPE_DEFINITION_REPRESENTATION(#546,#552);
#546 = PRODUCT_DEFINITION_SHAPE('','',#547);
#547 = PRODUCT_DEFINITION('design','',#548,#551);
#548 = PRODUCT_DEFINITION_FORMATION('','',#549);
#549 = PRODUCT('Assembly','Assembly','',(#550));
#550 = PRODUCT_CONTEXT('',#2,'mechanical');
#551 = PRODUCT_DEFINITION_CONTEXT('part definition',#2,'design');
#552 = SHAPE_REPRESENTATION('',(#11,#553,#557,#561,#565,#569,#573,#577,
    #581,#585,#589,#593),#597);
#553 = AXIS2_PLACEMENT_3D('',#554,#555,#556);
#554 = CARTESIAN_POINT('',(0.,0.,0.));
#555 = DIRECTION('',(0.,0.,1.));
#556 = DIRECTION('',(1.,0.,0.));
#557 = AXIS2_PLACEMENT_3D('',#558,#559,#560);
#558 = CARTESIAN_POINT('',(0.,1.3E-15,-2.5));
#559 = DIRECTION('',(0.,0.,1.));
#560 = DIRECTION('',(1.,0.,0.));
#561 = AXIS2_PLACEMENT_3D('',#562,#563,#564);
#562 = CARTESIAN_POINT('',(0.,0.,0.));
#563 = DIRECTION('',(0.,0.,1.));
#564 = DIRECTION('',(1.,0.,0.));
#565 = AXIS2_PLACEMENT_3D('',#566,#567,#568);
#566 = CARTESIAN_POINT('',(0.,2.54,0.));
#567 = DIRECTION('',(0.,0.,1.));
#568 = DIRECTION('',(1.,0.,0.));
#569 = AXIS2_PLACEMENT_3D('',#570,#571,#572);
#570 = CARTESIAN_POINT('',(0.,0.,0.));
#571 = DIRECTION('',(0.,0.,1.));
#572 = DIRECTION('',(1.,0.,0.));
#573 = AXIS2_PLACEMENT_3D('',#574,#575,#576);
#574 = CARTESIAN_POINT('',(0.,-2.54,0.));
#575 = DIRECTION('',(0.,0.,1.));
#576 = DIRECTION('',(1.,0.,0.));
#577 = AXIS2_PLACEMENT_3D('',#578,#579,#580);
#578 = CARTESIAN_POINT('',(0.,-5.08,0.));
#579 = DIRECTION('',(0.,0.,1.));
#580 = DIRECTION('',(1.,0.,0.));
#581 = AXIS2_PLACEMENT_3D('',#582,#583,#584);
#582 = CARTESIAN_POINT('',(4.E-16,2.54,-5.5));
#583 = DIRECTION('',(1.224646799147E-16,1.224646799147E-32,-1.));
#584 = DIRECTION('',(-1.,-2.E-16,-1.224646799147E-16));
#585 = AXIS2_PLACEMENT_3D('',#586,#587,#588);
#586 = CARTESIAN_POINT('',(4.E-16,0.,-5.5));
#587 = DIRECTION('',(1.224646799147E-16,1.224646799147E-32,-1.));
#588 = DIRECTION('',(-1.,-2.E-16,-1.224646799147E-16));
#589 = AXIS2_PLACEMENT_3D('',#590,#591,#592);
#590 = CARTESIAN_POINT('',(4.E-16,-2.54,-5.5));
#591 = DIRECTION('',(2.E-16,-1.224646799147E-16,-1.));
#592 = DIRECTION('',(1.,1.224646799147E-32,2.E-16));
#593 = AXIS2_PLACEMENT_3D('',#594,#595,#596);
#594 = CARTESIAN_POINT('',(4.E-16,-5.08,-5.5));
#595 = DIRECTION('',(1.224646799147E-16,-1.224646799147E-32,-1.));
#596 = DIRECTION('',(-1.,2.E-16,-1.224646799147E-16));
#597 = ( GEOMETRIC_REPRESENTATION_CONTEXT(3) 
GLOBAL_UNCERTAINTY_ASSIGNED_CONTEXT((#601)) GLOBAL_UNIT_ASSIGNED_CONTEXT
((#598,#599,#600)) REPRESENTATION_CONTEXT('Context #1',
  '3D Context with UNIT and UNCERTAINTY') );
#598 = ( LENGTH_UNIT() NAMED_UNIT(*) SI_UNIT(.MILLI.,.METRE.) );
#599 = ( NAMED_UNIT(*) PLANE_ANGLE_UNIT() SI_UNIT($,.RADIAN.) );
#600 = ( NAMED_UNIT(*) SI_UNIT($,.STERADIAN.) SOLID_ANGLE_UNIT() );
#601 = UNCERTAINTY_MEASURE_WITH_UNIT(LENGTH_MEASURE(2.E-06),#598,
  'distance_accuracy_value','confusion accuracy');
#602 = CONTEXT_DEPENDENT_SHAPE_REPRESENTATION(#603,#605);
#603 = ( REPRESENTATION_RELATIONSHIP('','',#552,#10) 
REPRESENTATION_RELATIONSHIP_WITH_TRANSFORMATION(#604) 
SHAPE_REPRESENTATION_RELATIONSHIP() );
#604 = ITEM_DEFINED_TRANSFORMATION('','',#11,#23);
#605 = PRODUCT_DEFINITION_SHAPE('Placement','Placement of an item',#606
  );
#606 = NEXT_ASSEMBLY_USAGE_OCCURRENCE('14','Pin_Header___copia','',#5,
  #547,$);
#607 = PRODUCT_RELATED_PRODUCT_CATEGORY('part',$,(#549));
#608 = SHAPE_DEFINITION_REPRESENTATION(#609,#615);
#609 = PRODUCT_DEFINITION_SHAPE('','',#610);
#610 = PRODUCT_DEFINITION('design','',#611,#614);
#611 = PRODUCT_DEFINITION_FORMATION('','',#612);
#612 = PRODUCT('LCS_Origin','LCS_Origin','',(#613));
#613 = PRODUCT_CONTEXT('',#2,'mechanical');
#614 = PRODUCT_DEFINITION_CONTEXT('part definition',#2,'design');
#615 = MANIFOLD_SURFACE_SHAPE_REPRESENTATION('',(#11),#616);
#616 = ( GEOMETRIC_REPRESENTATION_CONTEXT(3) 
GLOBAL_UNCERTAINTY_ASSIGNED_CONTEXT((#620)) GLOBAL_UNIT_ASSIGNED_CONTEXT
((#617,#618,#619)) REPRESENTATION_CONTEXT('Context #1',
  '3D Context with UNIT and UNCERTAINTY') );
#617 = ( LENGTH_UNIT() NAMED_UNIT(*) SI_UNIT(.MILLI.,.METRE.) );
#618 = ( NAMED_UNIT(*) PLANE_ANGLE_UNIT() SI_UNIT($,.RADIAN.) );
#619 = ( NAMED_UNIT(*) SI_UNIT($,.STERADIAN.) SOLID_ANGLE_UNIT() );
#620 = UNCERTAINTY_MEASURE_WITH_UNIT(LENGTH_MEASURE(1.E-07),#617,
  'distance_accuracy_value','confusion accuracy');
#621 = CONTEXT_DEPENDENT_SHAPE_REPRESENTATION(#622,#624);
#622 = ( REPRESENTATION_RELATIONSHIP('','',#615,#552) 
REPRESENTATION_RELATIONSHIP_WITH_TRANSFORMATION(#623) 
SHAPE_REPRESENTATION_RELATIONSHIP() );
#623 = ITEM_DEFINED_TRANSFORMATION('','',#11,#553);
#624 = PRODUCT_DEFINITION_SHAPE('Placement','Placement of an item',#625
  );
#625 = NEXT_ASSEMBLY_USAGE_OCCURRENCE('3','LCS_Origin','',#547,#610,$);
#626 = PRODUCT_RELATED_PRODUCT_CATEGORY('part',$,(#612));
#627 = SHAPE_DEFINITION_REPRESENTATION(#628,#634);
#628 = PRODUCT_DEFINITION_SHAPE('','',#629);
#629 = PRODUCT_DEFINITION('design','',#630,#633);
#630 = PRODUCT_DEFINITION_FORMATION('','',#631);
#631 = PRODUCT('Parte plastica','Parte plastica','',(#632));
#632 = PRODUCT_CONTEXT('',#2,'mechanical');
#633 = PRODUCT_DEFINITION_CONTEXT('part definition',#2,'design');
#634 = ADVANCED_BREP_SHAPE_REPRESENTATION('',(#11,#635),#1511);
#635 = MANIFOLD_SOLID_BREP('',#636);
#636 = CLOSED_SHELL('',(#637,#853,#884,#908,#932,#956,#980,#1004,#1028,
    #1052,#1076,#1100,#1124,#1148,#1172,#1196,#1220,#1244,#1268,#1292,
    #1316,#1340,#1364,#1388,#1412,#1436,#1460,#1477));
#637 = ADVANCED_FACE('',(#638),#848,.F.);
#638 = FACE_BOUND('',#639,.F.);
#639 = EDGE_LOOP('',(#640,#650,#658,#666,#674,#682,#690,#698,#706,#714,
    #722,#730,#738,#746,#754,#762,#770,#778,#786,#794,#802,#810,#818,
    #826,#834,#842));
#640 = ORIENTED_EDGE('',*,*,#641,.F.);
#641 = EDGE_CURVE('',#642,#644,#646,.T.);
#642 = VERTEX_POINT('',#643);
#643 = CARTESIAN_POINT('',(-0.75,3.81,0.));
#644 = VERTEX_POINT('',#645);
#645 = CARTESIAN_POINT('',(0.75,3.81,0.));
#646 = LINE('',#647,#648);
#647 = CARTESIAN_POINT('',(-12.3843515,3.81,0.));
#648 = VECTOR('',#649,1.);
#649 = DIRECTION('',(1.,0.,0.));
#650 = ORIENTED_EDGE('',*,*,#651,.T.);
#651 = EDGE_CURVE('',#642,#652,#654,.T.);
#652 = VERTEX_POINT('',#653);
#653 = CARTESIAN_POINT('',(-1.25,3.31,0.));
#654 = LINE('',#655,#656);
#655 = CARTESIAN_POINT('',(-0.75,3.81,0.));
#656 = VECTOR('',#657,1.);
#657 = DIRECTION('',(-0.707106781187,-0.707106781187,0.));
#658 = ORIENTED_EDGE('',*,*,#659,.T.);
#659 = EDGE_CURVE('',#652,#660,#662,.T.);
#660 = VERTEX_POINT('',#661);
#661 = CARTESIAN_POINT('',(-1.25,1.77,0.));
#662 = LINE('',#663,#664);
#663 = CARTESIAN_POINT('',(-1.25,3.31,0.));
#664 = VECTOR('',#665,1.);
#665 = DIRECTION('',(0.,-1.,0.));
#666 = ORIENTED_EDGE('',*,*,#667,.T.);
#667 = EDGE_CURVE('',#660,#668,#670,.T.);
#668 = VERTEX_POINT('',#669);
#669 = CARTESIAN_POINT('',(-0.75,1.27,0.));
#670 = LINE('',#671,#672);
#671 = CARTESIAN_POINT('',(-1.25,1.77,0.));
#672 = VECTOR('',#673,1.);
#673 = DIRECTION('',(0.707106781187,-0.707106781187,0.));
#674 = ORIENTED_EDGE('',*,*,#675,.T.);
#675 = EDGE_CURVE('',#668,#676,#678,.T.);
#676 = VERTEX_POINT('',#677);
#677 = CARTESIAN_POINT('',(-1.25,0.77,0.));
#678 = LINE('',#679,#680);
#679 = CARTESIAN_POINT('',(-0.75,1.27,0.));
#680 = VECTOR('',#681,1.);
#681 = DIRECTION('',(-0.707106781187,-0.707106781187,0.));
#682 = ORIENTED_EDGE('',*,*,#683,.T.);
#683 = EDGE_CURVE('',#676,#684,#686,.T.);
#684 = VERTEX_POINT('',#685);
#685 = CARTESIAN_POINT('',(-1.25,-0.77,0.));
#686 = LINE('',#687,#688);
#687 = CARTESIAN_POINT('',(-1.25,0.77,0.));
#688 = VECTOR('',#689,1.);
#689 = DIRECTION('',(0.,-1.,0.));
#690 = ORIENTED_EDGE('',*,*,#691,.T.);
#691 = EDGE_CURVE('',#684,#692,#694,.T.);
#692 = VERTEX_POINT('',#693);
#693 = CARTESIAN_POINT('',(-0.75,-1.27,0.));
#694 = LINE('',#695,#696);
#695 = CARTESIAN_POINT('',(-1.25,-0.77,0.));
#696 = VECTOR('',#697,1.);
#697 = DIRECTION('',(0.707106781187,-0.707106781187,0.));
#698 = ORIENTED_EDGE('',*,*,#699,.T.);
#699 = EDGE_CURVE('',#692,#700,#702,.T.);
#700 = VERTEX_POINT('',#701);
#701 = CARTESIAN_POINT('',(-1.25,-1.77,0.));
#702 = LINE('',#703,#704);
#703 = CARTESIAN_POINT('',(-0.75,-1.27,0.));
#704 = VECTOR('',#705,1.);
#705 = DIRECTION('',(-0.707106781187,-0.707106781187,0.));
#706 = ORIENTED_EDGE('',*,*,#707,.T.);
#707 = EDGE_CURVE('',#700,#708,#710,.T.);
#708 = VERTEX_POINT('',#709);
#709 = CARTESIAN_POINT('',(-1.25,-3.31,0.));
#710 = LINE('',#711,#712);
#711 = CARTESIAN_POINT('',(-1.25,-1.77,0.));
#712 = VECTOR('',#713,1.);
#713 = DIRECTION('',(0.,-1.,0.));
#714 = ORIENTED_EDGE('',*,*,#715,.T.);
#715 = EDGE_CURVE('',#708,#716,#718,.T.);
#716 = VERTEX_POINT('',#717);
#717 = CARTESIAN_POINT('',(-0.75,-3.81,0.));
#718 = LINE('',#719,#720);
#719 = CARTESIAN_POINT('',(-1.25,-3.31,0.));
#720 = VECTOR('',#721,1.);
#721 = DIRECTION('',(0.707106781187,-0.707106781187,0.));
#722 = ORIENTED_EDGE('',*,*,#723,.T.);
#723 = EDGE_CURVE('',#716,#724,#726,.T.);
#724 = VERTEX_POINT('',#725);
#725 = CARTESIAN_POINT('',(-1.25,-4.31,0.));
#726 = LINE('',#727,#728);
#727 = CARTESIAN_POINT('',(-0.75,-3.81,0.));
#728 = VECTOR('',#729,1.);
#729 = DIRECTION('',(-0.707106781187,-0.707106781187,0.));
#730 = ORIENTED_EDGE('',*,*,#731,.T.);
#731 = EDGE_CURVE('',#724,#732,#734,.T.);
#732 = VERTEX_POINT('',#733);
#733 = CARTESIAN_POINT('',(-1.25,-5.85,0.));
#734 = LINE('',#735,#736);
#735 = CARTESIAN_POINT('',(-1.25,-4.31,0.));
#736 = VECTOR('',#737,1.);
#737 = DIRECTION('',(0.,-1.,0.));
#738 = ORIENTED_EDGE('',*,*,#739,.T.);
#739 = EDGE_CURVE('',#732,#740,#742,.T.);
#740 = VERTEX_POINT('',#741);
#741 = CARTESIAN_POINT('',(-0.75,-6.35,0.));
#742 = LINE('',#743,#744);
#743 = CARTESIAN_POINT('',(-1.25,-5.85,0.));
#744 = VECTOR('',#745,1.);
#745 = DIRECTION('',(0.707106781187,-0.707106781187,0.));
#746 = ORIENTED_EDGE('',*,*,#747,.F.);
#747 = EDGE_CURVE('',#748,#740,#750,.T.);
#748 = VERTEX_POINT('',#749);
#749 = CARTESIAN_POINT('',(0.75,-6.35,0.));
#750 = LINE('',#751,#752);
#751 = CARTESIAN_POINT('',(10.7914885,-6.35,0.));
#752 = VECTOR('',#753,1.);
#753 = DIRECTION('',(-1.,0.,0.));
#754 = ORIENTED_EDGE('',*,*,#755,.T.);
#755 = EDGE_CURVE('',#748,#756,#758,.T.);
#756 = VERTEX_POINT('',#757);
#757 = CARTESIAN_POINT('',(1.25,-5.85,0.));
#758 = LINE('',#759,#760);
#759 = CARTESIAN_POINT('',(0.75,-6.35,0.));
#760 = VECTOR('',#761,1.);
#761 = DIRECTION('',(0.707106781187,0.707106781187,0.));
#762 = ORIENTED_EDGE('',*,*,#763,.T.);
#763 = EDGE_CURVE('',#756,#764,#766,.T.);
#764 = VERTEX_POINT('',#765);
#765 = CARTESIAN_POINT('',(1.25,-4.31,0.));
#766 = LINE('',#767,#768);
#767 = CARTESIAN_POINT('',(1.25,-5.85,0.));
#768 = VECTOR('',#769,1.);
#769 = DIRECTION('',(0.,1.,0.));
#770 = ORIENTED_EDGE('',*,*,#771,.T.);
#771 = EDGE_CURVE('',#764,#772,#774,.T.);
#772 = VERTEX_POINT('',#773);
#773 = CARTESIAN_POINT('',(0.75,-3.81,0.));
#774 = LINE('',#775,#776);
#775 = CARTESIAN_POINT('',(1.25,-4.31,0.));
#776 = VECTOR('',#777,1.);
#777 = DIRECTION('',(-0.707106781187,0.707106781187,0.));
#778 = ORIENTED_EDGE('',*,*,#779,.T.);
#779 = EDGE_CURVE('',#772,#780,#782,.T.);
#780 = VERTEX_POINT('',#781);
#781 = CARTESIAN_POINT('',(1.25,-3.31,0.));
#782 = LINE('',#783,#784);
#783 = CARTESIAN_POINT('',(0.75,-3.81,0.));
#784 = VECTOR('',#785,1.);
#785 = DIRECTION('',(0.707106781187,0.707106781187,0.));
#786 = ORIENTED_EDGE('',*,*,#787,.T.);
#787 = EDGE_CURVE('',#780,#788,#790,.T.);
#788 = VERTEX_POINT('',#789);
#789 = CARTESIAN_POINT('',(1.25,-1.77,0.));
#790 = LINE('',#791,#792);
#791 = CARTESIAN_POINT('',(1.25,-3.31,0.));
#792 = VECTOR('',#793,1.);
#793 = DIRECTION('',(0.,1.,0.));
#794 = ORIENTED_EDGE('',*,*,#795,.T.);
#795 = EDGE_CURVE('',#788,#796,#798,.T.);
#796 = VERTEX_POINT('',#797);
#797 = CARTESIAN_POINT('',(0.75,-1.27,0.));
#798 = LINE('',#799,#800);
#799 = CARTESIAN_POINT('',(1.25,-1.77,0.));
#800 = VECTOR('',#801,1.);
#801 = DIRECTION('',(-0.707106781187,0.707106781187,0.));
#802 = ORIENTED_EDGE('',*,*,#803,.T.);
#803 = EDGE_CURVE('',#796,#804,#806,.T.);
#804 = VERTEX_POINT('',#805);
#805 = CARTESIAN_POINT('',(1.25,-0.77,0.));
#806 = LINE('',#807,#808);
#807 = CARTESIAN_POINT('',(0.75,-1.27,0.));
#808 = VECTOR('',#809,1.);
#809 = DIRECTION('',(0.707106781187,0.707106781187,0.));
#810 = ORIENTED_EDGE('',*,*,#811,.T.);
#811 = EDGE_CURVE('',#804,#812,#814,.T.);
#812 = VERTEX_POINT('',#813);
#813 = CARTESIAN_POINT('',(1.25,0.77,0.));
#814 = LINE('',#815,#816);
#815 = CARTESIAN_POINT('',(1.25,-0.77,0.));
#816 = VECTOR('',#817,1.);
#817 = DIRECTION('',(0.,1.,0.));
#818 = ORIENTED_EDGE('',*,*,#819,.T.);
#819 = EDGE_CURVE('',#812,#820,#822,.T.);
#820 = VERTEX_POINT('',#821);
#821 = CARTESIAN_POINT('',(0.75,1.27,0.));
#822 = LINE('',#823,#824);
#823 = CARTESIAN_POINT('',(1.25,0.77,0.));
#824 = VECTOR('',#825,1.);
#825 = DIRECTION('',(-0.707106781187,0.707106781187,0.));
#826 = ORIENTED_EDGE('',*,*,#827,.T.);
#827 = EDGE_CURVE('',#820,#828,#830,.T.);
#828 = VERTEX_POINT('',#829);
#829 = CARTESIAN_POINT('',(1.25,1.77,0.));
#830 = LINE('',#831,#832);
#831 = CARTESIAN_POINT('',(0.75,1.27,0.));
#832 = VECTOR('',#833,1.);
#833 = DIRECTION('',(0.707106781187,0.707106781187,0.));
#834 = ORIENTED_EDGE('',*,*,#835,.T.);
#835 = EDGE_CURVE('',#828,#836,#838,.T.);
#836 = VERTEX_POINT('',#837);
#837 = CARTESIAN_POINT('',(1.25,3.31,0.));
#838 = LINE('',#839,#840);
#839 = CARTESIAN_POINT('',(1.25,1.77,0.));
#840 = VECTOR('',#841,1.);
#841 = DIRECTION('',(0.,1.,0.));
#842 = ORIENTED_EDGE('',*,*,#843,.T.);
#843 = EDGE_CURVE('',#836,#644,#844,.T.);
#844 = LINE('',#845,#846);
#845 = CARTESIAN_POINT('',(1.25,3.31,0.));
#846 = VECTOR('',#847,1.);
#847 = DIRECTION('',(-0.707106781187,0.707106781187,0.));
#848 = PLANE('',#849);
#849 = AXIS2_PLACEMENT_3D('',#850,#851,#852);
#850 = CARTESIAN_POINT('',(5.E-17,1.17E-15,0.));
#851 = DIRECTION('',(0.,0.,1.));
#852 = DIRECTION('',(1.,0.,0.));
#853 = ADVANCED_FACE('',(#854),#879,.F.);
#854 = FACE_BOUND('',#855,.F.);
#855 = EDGE_LOOP('',(#856,#866,#872,#873));
#856 = ORIENTED_EDGE('',*,*,#857,.F.);
#857 = EDGE_CURVE('',#858,#860,#862,.T.);
#858 = VERTEX_POINT('',#859);
#859 = CARTESIAN_POINT('',(-0.75,3.81,2.5));
#860 = VERTEX_POINT('',#861);
#861 = CARTESIAN_POINT('',(0.75,3.81,2.5));
#862 = LINE('',#863,#864);
#863 = CARTESIAN_POINT('',(-24.768703,3.81,2.5));
#864 = VECTOR('',#865,1.);
#865 = DIRECTION('',(1.,0.,0.));
#866 = ORIENTED_EDGE('',*,*,#867,.F.);
#867 = EDGE_CURVE('',#642,#858,#868,.T.);
#868 = LINE('',#869,#870);
#869 = CARTESIAN_POINT('',(-0.75,3.81,0.));
#870 = VECTOR('',#871,1.);
#871 = DIRECTION('',(0.,0.,1.));
#872 = ORIENTED_EDGE('',*,*,#641,.T.);
#873 = ORIENTED_EDGE('',*,*,#874,.T.);
#874 = EDGE_CURVE('',#644,#860,#875,.T.);
#875 = LINE('',#876,#877);
#876 = CARTESIAN_POINT('',(0.75,3.81,0.));
#877 = VECTOR('',#878,1.);
#878 = DIRECTION('',(0.,0.,1.));
#879 = PLANE('',#880);
#880 = AXIS2_PLACEMENT_3D('',#881,#882,#883);
#881 = CARTESIAN_POINT('',(-24.768703,3.81,2.5));
#882 = DIRECTION('',(0.,-1.,0.));
#883 = DIRECTION('',(1.,0.,0.));
#884 = ADVANCED_FACE('',(#885),#903,.F.);
#885 = FACE_BOUND('',#886,.F.);
#886 = EDGE_LOOP('',(#887,#895,#901,#902));
#887 = ORIENTED_EDGE('',*,*,#888,.T.);
#888 = EDGE_CURVE('',#836,#889,#891,.T.);
#889 = VERTEX_POINT('',#890);
#890 = CARTESIAN_POINT('',(1.25,3.31,2.5));
#891 = LINE('',#892,#893);
#892 = CARTESIAN_POINT('',(1.25,3.31,0.));
#893 = VECTOR('',#894,1.);
#894 = DIRECTION('',(0.,0.,1.));
#895 = ORIENTED_EDGE('',*,*,#896,.T.);
#896 = EDGE_CURVE('',#889,#860,#897,.T.);
#897 = LINE('',#898,#899);
#898 = CARTESIAN_POINT('',(1.25,3.31,2.5));
#899 = VECTOR('',#900,1.);
#900 = DIRECTION('',(-0.707106781187,0.707106781187,0.));
#901 = ORIENTED_EDGE('',*,*,#874,.F.);
#902 = ORIENTED_EDGE('',*,*,#843,.F.);
#903 = PLANE('',#904);
#904 = AXIS2_PLACEMENT_3D('',#905,#906,#907);
#905 = CARTESIAN_POINT('',(1.25,3.31,0.));
#906 = DIRECTION('',(-0.707106781187,-0.707106781187,0.));
#907 = DIRECTION('',(-0.707106781187,0.707106781187,0.));
#908 = ADVANCED_FACE('',(#909),#927,.F.);
#909 = FACE_BOUND('',#910,.F.);
#910 = EDGE_LOOP('',(#911,#919,#925,#926));
#911 = ORIENTED_EDGE('',*,*,#912,.T.);
#912 = EDGE_CURVE('',#828,#913,#915,.T.);
#913 = VERTEX_POINT('',#914);
#914 = CARTESIAN_POINT('',(1.25,1.77,2.5));
#915 = LINE('',#916,#917);
#916 = CARTESIAN_POINT('',(1.25,1.77,0.));
#917 = VECTOR('',#918,1.);
#918 = DIRECTION('',(0.,0.,1.));
#919 = ORIENTED_EDGE('',*,*,#920,.T.);
#920 = EDGE_CURVE('',#913,#889,#921,.T.);
#921 = LINE('',#922,#923);
#922 = CARTESIAN_POINT('',(1.25,1.77,2.5));
#923 = VECTOR('',#924,1.);
#924 = DIRECTION('',(0.,1.,0.));
#925 = ORIENTED_EDGE('',*,*,#888,.F.);
#926 = ORIENTED_EDGE('',*,*,#835,.F.);
#927 = PLANE('',#928);
#928 = AXIS2_PLACEMENT_3D('',#929,#930,#931);
#929 = CARTESIAN_POINT('',(1.25,1.77,0.));
#930 = DIRECTION('',(-1.,0.,0.));
#931 = DIRECTION('',(0.,1.,0.));
#932 = ADVANCED_FACE('',(#933),#951,.F.);
#933 = FACE_BOUND('',#934,.F.);
#934 = EDGE_LOOP('',(#935,#943,#949,#950));
#935 = ORIENTED_EDGE('',*,*,#936,.T.);
#936 = EDGE_CURVE('',#820,#937,#939,.T.);
#937 = VERTEX_POINT('',#938);
#938 = CARTESIAN_POINT('',(0.75,1.27,2.5));
#939 = LINE('',#940,#941);
#940 = CARTESIAN_POINT('',(0.75,1.27,0.));
#941 = VECTOR('',#942,1.);
#942 = DIRECTION('',(0.,0.,1.));
#943 = ORIENTED_EDGE('',*,*,#944,.T.);
#944 = EDGE_CURVE('',#937,#913,#945,.T.);
#945 = LINE('',#946,#947);
#946 = CARTESIAN_POINT('',(0.75,1.27,2.5));
#947 = VECTOR('',#948,1.);
#948 = DIRECTION('',(0.707106781187,0.707106781187,0.));
#949 = ORIENTED_EDGE('',*,*,#912,.F.);
#950 = ORIENTED_EDGE('',*,*,#827,.F.);
#951 = PLANE('',#952);
#952 = AXIS2_PLACEMENT_3D('',#953,#954,#955);
#953 = CARTESIAN_POINT('',(0.75,1.27,0.));
#954 = DIRECTION('',(-0.707106781187,0.707106781187,0.));
#955 = DIRECTION('',(0.707106781187,0.707106781187,0.));
#956 = ADVANCED_FACE('',(#957),#975,.F.);
#957 = FACE_BOUND('',#958,.F.);
#958 = EDGE_LOOP('',(#959,#967,#973,#974));
#959 = ORIENTED_EDGE('',*,*,#960,.T.);
#960 = EDGE_CURVE('',#812,#961,#963,.T.);
#961 = VERTEX_POINT('',#962);
#962 = CARTESIAN_POINT('',(1.25,0.77,2.5));
#963 = LINE('',#964,#965);
#964 = CARTESIAN_POINT('',(1.25,0.77,0.));
#965 = VECTOR('',#966,1.);
#966 = DIRECTION('',(0.,0.,1.));
#967 = ORIENTED_EDGE('',*,*,#968,.T.);
#968 = EDGE_CURVE('',#961,#937,#969,.T.);
#969 = LINE('',#970,#971);
#970 = CARTESIAN_POINT('',(1.25,0.77,2.5));
#971 = VECTOR('',#972,1.);
#972 = DIRECTION('',(-0.707106781187,0.707106781187,0.));
#973 = ORIENTED_EDGE('',*,*,#936,.F.);
#974 = ORIENTED_EDGE('',*,*,#819,.F.);
#975 = PLANE('',#976);
#976 = AXIS2_PLACEMENT_3D('',#977,#978,#979);
#977 = CARTESIAN_POINT('',(1.25,0.77,0.));
#978 = DIRECTION('',(-0.707106781187,-0.707106781187,0.));
#979 = DIRECTION('',(-0.707106781187,0.707106781187,0.));
#980 = ADVANCED_FACE('',(#981),#999,.F.);
#981 = FACE_BOUND('',#982,.F.);
#982 = EDGE_LOOP('',(#983,#991,#997,#998));
#983 = ORIENTED_EDGE('',*,*,#984,.T.);
#984 = EDGE_CURVE('',#804,#985,#987,.T.);
#985 = VERTEX_POINT('',#986);
#986 = CARTESIAN_POINT('',(1.25,-0.77,2.5));
#987 = LINE('',#988,#989);
#988 = CARTESIAN_POINT('',(1.25,-0.77,0.));
#989 = VECTOR('',#990,1.);
#990 = DIRECTION('',(0.,0.,1.));
#991 = ORIENTED_EDGE('',*,*,#992,.T.);
#992 = EDGE_CURVE('',#985,#961,#993,.T.);
#993 = LINE('',#994,#995);
#994 = CARTESIAN_POINT('',(1.25,-0.77,2.5));
#995 = VECTOR('',#996,1.);
#996 = DIRECTION('',(0.,1.,0.));
#997 = ORIENTED_EDGE('',*,*,#960,.F.);
#998 = ORIENTED_EDGE('',*,*,#811,.F.);
#999 = PLANE('',#1000);
#1000 = AXIS2_PLACEMENT_3D('',#1001,#1002,#1003);
#1001 = CARTESIAN_POINT('',(1.25,-0.77,0.));
#1002 = DIRECTION('',(-1.,0.,0.));
#1003 = DIRECTION('',(0.,1.,0.));
#1004 = ADVANCED_FACE('',(#1005),#1023,.F.);
#1005 = FACE_BOUND('',#1006,.F.);
#1006 = EDGE_LOOP('',(#1007,#1015,#1021,#1022));
#1007 = ORIENTED_EDGE('',*,*,#1008,.T.);
#1008 = EDGE_CURVE('',#796,#1009,#1011,.T.);
#1009 = VERTEX_POINT('',#1010);
#1010 = CARTESIAN_POINT('',(0.75,-1.27,2.5));
#1011 = LINE('',#1012,#1013);
#1012 = CARTESIAN_POINT('',(0.75,-1.27,0.));
#1013 = VECTOR('',#1014,1.);
#1014 = DIRECTION('',(0.,0.,1.));
#1015 = ORIENTED_EDGE('',*,*,#1016,.T.);
#1016 = EDGE_CURVE('',#1009,#985,#1017,.T.);
#1017 = LINE('',#1018,#1019);
#1018 = CARTESIAN_POINT('',(0.75,-1.27,2.5));
#1019 = VECTOR('',#1020,1.);
#1020 = DIRECTION('',(0.707106781187,0.707106781187,0.));
#1021 = ORIENTED_EDGE('',*,*,#984,.F.);
#1022 = ORIENTED_EDGE('',*,*,#803,.F.);
#1023 = PLANE('',#1024);
#1024 = AXIS2_PLACEMENT_3D('',#1025,#1026,#1027);
#1025 = CARTESIAN_POINT('',(0.75,-1.27,0.));
#1026 = DIRECTION('',(-0.707106781187,0.707106781187,0.));
#1027 = DIRECTION('',(0.707106781187,0.707106781187,0.));
#1028 = ADVANCED_FACE('',(#1029),#1047,.F.);
#1029 = FACE_BOUND('',#1030,.F.);
#1030 = EDGE_LOOP('',(#1031,#1039,#1045,#1046));
#1031 = ORIENTED_EDGE('',*,*,#1032,.T.);
#1032 = EDGE_CURVE('',#788,#1033,#1035,.T.);
#1033 = VERTEX_POINT('',#1034);
#1034 = CARTESIAN_POINT('',(1.25,-1.77,2.5));
#1035 = LINE('',#1036,#1037);
#1036 = CARTESIAN_POINT('',(1.25,-1.77,0.));
#1037 = VECTOR('',#1038,1.);
#1038 = DIRECTION('',(0.,0.,1.));
#1039 = ORIENTED_EDGE('',*,*,#1040,.T.);
#1040 = EDGE_CURVE('',#1033,#1009,#1041,.T.);
#1041 = LINE('',#1042,#1043);
#1042 = CARTESIAN_POINT('',(1.25,-1.77,2.5));
#1043 = VECTOR('',#1044,1.);
#1044 = DIRECTION('',(-0.707106781187,0.707106781187,0.));
#1045 = ORIENTED_EDGE('',*,*,#1008,.F.);
#1046 = ORIENTED_EDGE('',*,*,#795,.F.);
#1047 = PLANE('',#1048);
#1048 = AXIS2_PLACEMENT_3D('',#1049,#1050,#1051);
#1049 = CARTESIAN_POINT('',(1.25,-1.77,0.));
#1050 = DIRECTION('',(-0.707106781187,-0.707106781187,0.));
#1051 = DIRECTION('',(-0.707106781187,0.707106781187,0.));
#1052 = ADVANCED_FACE('',(#1053),#1071,.F.);
#1053 = FACE_BOUND('',#1054,.F.);
#1054 = EDGE_LOOP('',(#1055,#1063,#1069,#1070));
#1055 = ORIENTED_EDGE('',*,*,#1056,.T.);
#1056 = EDGE_CURVE('',#780,#1057,#1059,.T.);
#1057 = VERTEX_POINT('',#1058);
#1058 = CARTESIAN_POINT('',(1.25,-3.31,2.5));
#1059 = LINE('',#1060,#1061);
#1060 = CARTESIAN_POINT('',(1.25,-3.31,0.));
#1061 = VECTOR('',#1062,1.);
#1062 = DIRECTION('',(0.,0.,1.));
#1063 = ORIENTED_EDGE('',*,*,#1064,.T.);
#1064 = EDGE_CURVE('',#1057,#1033,#1065,.T.);
#1065 = LINE('',#1066,#1067);
#1066 = CARTESIAN_POINT('',(1.25,-3.31,2.5));
#1067 = VECTOR('',#1068,1.);
#1068 = DIRECTION('',(0.,1.,0.));
#1069 = ORIENTED_EDGE('',*,*,#1032,.F.);
#1070 = ORIENTED_EDGE('',*,*,#787,.F.);
#1071 = PLANE('',#1072);
#1072 = AXIS2_PLACEMENT_3D('',#1073,#1074,#1075);
#1073 = CARTESIAN_POINT('',(1.25,-3.31,0.));
#1074 = DIRECTION('',(-1.,0.,0.));
#1075 = DIRECTION('',(0.,1.,0.));
#1076 = ADVANCED_FACE('',(#1077),#1095,.F.);
#1077 = FACE_BOUND('',#1078,.F.);
#1078 = EDGE_LOOP('',(#1079,#1087,#1093,#1094));
#1079 = ORIENTED_EDGE('',*,*,#1080,.T.);
#1080 = EDGE_CURVE('',#772,#1081,#1083,.T.);
#1081 = VERTEX_POINT('',#1082);
#1082 = CARTESIAN_POINT('',(0.75,-3.81,2.5));
#1083 = LINE('',#1084,#1085);
#1084 = CARTESIAN_POINT('',(0.75,-3.81,0.));
#1085 = VECTOR('',#1086,1.);
#1086 = DIRECTION('',(0.,0.,1.));
#1087 = ORIENTED_EDGE('',*,*,#1088,.T.);
#1088 = EDGE_CURVE('',#1081,#1057,#1089,.T.);
#1089 = LINE('',#1090,#1091);
#1090 = CARTESIAN_POINT('',(0.75,-3.81,2.5));
#1091 = VECTOR('',#1092,1.);
#1092 = DIRECTION('',(0.707106781187,0.707106781187,0.));
#1093 = ORIENTED_EDGE('',*,*,#1056,.F.);
#1094 = ORIENTED_EDGE('',*,*,#779,.F.);
#1095 = PLANE('',#1096);
#1096 = AXIS2_PLACEMENT_3D('',#1097,#1098,#1099);
#1097 = CARTESIAN_POINT('',(0.75,-3.81,0.));
#1098 = DIRECTION('',(-0.707106781187,0.707106781187,0.));
#1099 = DIRECTION('',(0.707106781187,0.707106781187,0.));
#1100 = ADVANCED_FACE('',(#1101),#1119,.F.);
#1101 = FACE_BOUND('',#1102,.F.);
#1102 = EDGE_LOOP('',(#1103,#1111,#1117,#1118));
#1103 = ORIENTED_EDGE('',*,*,#1104,.T.);
#1104 = EDGE_CURVE('',#764,#1105,#1107,.T.);
#1105 = VERTEX_POINT('',#1106);
#1106 = CARTESIAN_POINT('',(1.25,-4.31,2.5));
#1107 = LINE('',#1108,#1109);
#1108 = CARTESIAN_POINT('',(1.25,-4.31,0.));
#1109 = VECTOR('',#1110,1.);
#1110 = DIRECTION('',(0.,0.,1.));
#1111 = ORIENTED_EDGE('',*,*,#1112,.T.);
#1112 = EDGE_CURVE('',#1105,#1081,#1113,.T.);
#1113 = LINE('',#1114,#1115);
#1114 = CARTESIAN_POINT('',(1.25,-4.31,2.5));
#1115 = VECTOR('',#1116,1.);
#1116 = DIRECTION('',(-0.707106781187,0.707106781187,0.));
#1117 = ORIENTED_EDGE('',*,*,#1080,.F.);
#1118 = ORIENTED_EDGE('',*,*,#771,.F.);
#1119 = PLANE('',#1120);
#1120 = AXIS2_PLACEMENT_3D('',#1121,#1122,#1123);
#1121 = CARTESIAN_POINT('',(1.25,-4.31,0.));
#1122 = DIRECTION('',(-0.707106781187,-0.707106781187,0.));
#1123 = DIRECTION('',(-0.707106781187,0.707106781187,0.));
#1124 = ADVANCED_FACE('',(#1125),#1143,.F.);
#1125 = FACE_BOUND('',#1126,.F.);
#1126 = EDGE_LOOP('',(#1127,#1135,#1141,#1142));
#1127 = ORIENTED_EDGE('',*,*,#1128,.T.);
#1128 = EDGE_CURVE('',#756,#1129,#1131,.T.);
#1129 = VERTEX_POINT('',#1130);
#1130 = CARTESIAN_POINT('',(1.25,-5.85,2.5));
#1131 = LINE('',#1132,#1133);
#1132 = CARTESIAN_POINT('',(1.25,-5.85,0.));
#1133 = VECTOR('',#1134,1.);
#1134 = DIRECTION('',(0.,0.,1.));
#1135 = ORIENTED_EDGE('',*,*,#1136,.T.);
#1136 = EDGE_CURVE('',#1129,#1105,#1137,.T.);
#1137 = LINE('',#1138,#1139);
#1138 = CARTESIAN_POINT('',(1.25,-5.85,2.5));
#1139 = VECTOR('',#1140,1.);
#1140 = DIRECTION('',(0.,1.,0.));
#1141 = ORIENTED_EDGE('',*,*,#1104,.F.);
#1142 = ORIENTED_EDGE('',*,*,#763,.F.);
#1143 = PLANE('',#1144);
#1144 = AXIS2_PLACEMENT_3D('',#1145,#1146,#1147);
#1145 = CARTESIAN_POINT('',(1.25,-5.85,0.));
#1146 = DIRECTION('',(-1.,0.,0.));
#1147 = DIRECTION('',(0.,1.,0.));
#1148 = ADVANCED_FACE('',(#1149),#1167,.F.);
#1149 = FACE_BOUND('',#1150,.F.);
#1150 = EDGE_LOOP('',(#1151,#1159,#1165,#1166));
#1151 = ORIENTED_EDGE('',*,*,#1152,.T.);
#1152 = EDGE_CURVE('',#748,#1153,#1155,.T.);
#1153 = VERTEX_POINT('',#1154);
#1154 = CARTESIAN_POINT('',(0.75,-6.35,2.5));
#1155 = LINE('',#1156,#1157);
#1156 = CARTESIAN_POINT('',(0.75,-6.35,0.));
#1157 = VECTOR('',#1158,1.);
#1158 = DIRECTION('',(0.,0.,1.));
#1159 = ORIENTED_EDGE('',*,*,#1160,.T.);
#1160 = EDGE_CURVE('',#1153,#1129,#1161,.T.);
#1161 = LINE('',#1162,#1163);
#1162 = CARTESIAN_POINT('',(0.75,-6.35,2.5));
#1163 = VECTOR('',#1164,1.);
#1164 = DIRECTION('',(0.707106781187,0.707106781187,0.));
#1165 = ORIENTED_EDGE('',*,*,#1128,.F.);
#1166 = ORIENTED_EDGE('',*,*,#755,.F.);
#1167 = PLANE('',#1168);
#1168 = AXIS2_PLACEMENT_3D('',#1169,#1170,#1171);
#1169 = CARTESIAN_POINT('',(0.75,-6.35,0.));
#1170 = DIRECTION('',(-0.707106781187,0.707106781187,0.));
#1171 = DIRECTION('',(0.707106781187,0.707106781187,0.));
#1172 = ADVANCED_FACE('',(#1173),#1191,.F.);
#1173 = FACE_BOUND('',#1174,.F.);
#1174 = EDGE_LOOP('',(#1175,#1183,#1184,#1185));
#1175 = ORIENTED_EDGE('',*,*,#1176,.F.);
#1176 = EDGE_CURVE('',#1153,#1177,#1179,.T.);
#1177 = VERTEX_POINT('',#1178);
#1178 = CARTESIAN_POINT('',(-0.75,-6.35,2.5));
#1179 = LINE('',#1180,#1181);
#1180 = CARTESIAN_POINT('',(21.582977,-6.35,2.5));
#1181 = VECTOR('',#1182,1.);
#1182 = DIRECTION('',(-1.,0.,0.));
#1183 = ORIENTED_EDGE('',*,*,#1152,.F.);
#1184 = ORIENTED_EDGE('',*,*,#747,.T.);
#1185 = ORIENTED_EDGE('',*,*,#1186,.T.);
#1186 = EDGE_CURVE('',#740,#1177,#1187,.T.);
#1187 = LINE('',#1188,#1189);
#1188 = CARTESIAN_POINT('',(-0.75,-6.35,0.));
#1189 = VECTOR('',#1190,1.);
#1190 = DIRECTION('',(0.,0.,1.));
#1191 = PLANE('',#1192);
#1192 = AXIS2_PLACEMENT_3D('',#1193,#1194,#1195);
#1193 = CARTESIAN_POINT('',(21.582977,-6.35,2.5));
#1194 = DIRECTION('',(0.,1.,0.));
#1195 = DIRECTION('',(-1.,0.,0.));
#1196 = ADVANCED_FACE('',(#1197),#1215,.F.);
#1197 = FACE_BOUND('',#1198,.F.);
#1198 = EDGE_LOOP('',(#1199,#1207,#1213,#1214));
#1199 = ORIENTED_EDGE('',*,*,#1200,.T.);
#1200 = EDGE_CURVE('',#732,#1201,#1203,.T.);
#1201 = VERTEX_POINT('',#1202);
#1202 = CARTESIAN_POINT('',(-1.25,-5.85,2.5));
#1203 = LINE('',#1204,#1205);
#1204 = CARTESIAN_POINT('',(-1.25,-5.85,0.));
#1205 = VECTOR('',#1206,1.);
#1206 = DIRECTION('',(0.,0.,1.));
#1207 = ORIENTED_EDGE('',*,*,#1208,.T.);
#1208 = EDGE_CURVE('',#1201,#1177,#1209,.T.);
#1209 = LINE('',#1210,#1211);
#1210 = CARTESIAN_POINT('',(-1.25,-5.85,2.5));
#1211 = VECTOR('',#1212,1.);
#1212 = DIRECTION('',(0.707106781187,-0.707106781187,0.));
#1213 = ORIENTED_EDGE('',*,*,#1186,.F.);
#1214 = ORIENTED_EDGE('',*,*,#739,.F.);
#1215 = PLANE('',#1216);
#1216 = AXIS2_PLACEMENT_3D('',#1217,#1218,#1219);
#1217 = CARTESIAN_POINT('',(-1.25,-5.85,0.));
#1218 = DIRECTION('',(0.707106781187,0.707106781187,0.));
#1219 = DIRECTION('',(0.707106781187,-0.707106781187,0.));
#1220 = ADVANCED_FACE('',(#1221),#1239,.F.);
#1221 = FACE_BOUND('',#1222,.F.);
#1222 = EDGE_LOOP('',(#1223,#1231,#1237,#1238));
#1223 = ORIENTED_EDGE('',*,*,#1224,.T.);
#1224 = EDGE_CURVE('',#724,#1225,#1227,.T.);
#1225 = VERTEX_POINT('',#1226);
#1226 = CARTESIAN_POINT('',(-1.25,-4.31,2.5));
#1227 = LINE('',#1228,#1229);
#1228 = CARTESIAN_POINT('',(-1.25,-4.31,0.));
#1229 = VECTOR('',#1230,1.);
#1230 = DIRECTION('',(0.,0.,1.));
#1231 = ORIENTED_EDGE('',*,*,#1232,.T.);
#1232 = EDGE_CURVE('',#1225,#1201,#1233,.T.);
#1233 = LINE('',#1234,#1235);
#1234 = CARTESIAN_POINT('',(-1.25,-4.31,2.5));
#1235 = VECTOR('',#1236,1.);
#1236 = DIRECTION('',(0.,-1.,0.));
#1237 = ORIENTED_EDGE('',*,*,#1200,.F.);
#1238 = ORIENTED_EDGE('',*,*,#731,.F.);
#1239 = PLANE('',#1240);
#1240 = AXIS2_PLACEMENT_3D('',#1241,#1242,#1243);
#1241 = CARTESIAN_POINT('',(-1.25,-4.31,0.));
#1242 = DIRECTION('',(1.,0.,0.));
#1243 = DIRECTION('',(0.,-1.,0.));
#1244 = ADVANCED_FACE('',(#1245),#1263,.F.);
#1245 = FACE_BOUND('',#1246,.F.);
#1246 = EDGE_LOOP('',(#1247,#1255,#1261,#1262));
#1247 = ORIENTED_EDGE('',*,*,#1248,.T.);
#1248 = EDGE_CURVE('',#716,#1249,#1251,.T.);
#1249 = VERTEX_POINT('',#1250);
#1250 = CARTESIAN_POINT('',(-0.75,-3.81,2.5));
#1251 = LINE('',#1252,#1253);
#1252 = CARTESIAN_POINT('',(-0.75,-3.81,0.));
#1253 = VECTOR('',#1254,1.);
#1254 = DIRECTION('',(0.,0.,1.));
#1255 = ORIENTED_EDGE('',*,*,#1256,.T.);
#1256 = EDGE_CURVE('',#1249,#1225,#1257,.T.);
#1257 = LINE('',#1258,#1259);
#1258 = CARTESIAN_POINT('',(-0.75,-3.81,2.5));
#1259 = VECTOR('',#1260,1.);
#1260 = DIRECTION('',(-0.707106781187,-0.707106781187,0.));
#1261 = ORIENTED_EDGE('',*,*,#1224,.F.);
#1262 = ORIENTED_EDGE('',*,*,#723,.F.);
#1263 = PLANE('',#1264);
#1264 = AXIS2_PLACEMENT_3D('',#1265,#1266,#1267);
#1265 = CARTESIAN_POINT('',(-0.75,-3.81,0.));
#1266 = DIRECTION('',(0.707106781187,-0.707106781187,0.));
#1267 = DIRECTION('',(-0.707106781187,-0.707106781187,0.));
#1268 = ADVANCED_FACE('',(#1269),#1287,.F.);
#1269 = FACE_BOUND('',#1270,.F.);
#1270 = EDGE_LOOP('',(#1271,#1279,#1285,#1286));
#1271 = ORIENTED_EDGE('',*,*,#1272,.T.);
#1272 = EDGE_CURVE('',#708,#1273,#1275,.T.);
#1273 = VERTEX_POINT('',#1274);
#1274 = CARTESIAN_POINT('',(-1.25,-3.31,2.5));
#1275 = LINE('',#1276,#1277);
#1276 = CARTESIAN_POINT('',(-1.25,-3.31,0.));
#1277 = VECTOR('',#1278,1.);
#1278 = DIRECTION('',(0.,0.,1.));
#1279 = ORIENTED_EDGE('',*,*,#1280,.T.);
#1280 = EDGE_CURVE('',#1273,#1249,#1281,.T.);
#1281 = LINE('',#1282,#1283);
#1282 = CARTESIAN_POINT('',(-1.25,-3.31,2.5));
#1283 = VECTOR('',#1284,1.);
#1284 = DIRECTION('',(0.707106781187,-0.707106781187,0.));
#1285 = ORIENTED_EDGE('',*,*,#1248,.F.);
#1286 = ORIENTED_EDGE('',*,*,#715,.F.);
#1287 = PLANE('',#1288);
#1288 = AXIS2_PLACEMENT_3D('',#1289,#1290,#1291);
#1289 = CARTESIAN_POINT('',(-1.25,-3.31,0.));
#1290 = DIRECTION('',(0.707106781187,0.707106781187,0.));
#1291 = DIRECTION('',(0.707106781187,-0.707106781187,0.));
#1292 = ADVANCED_FACE('',(#1293),#1311,.F.);
#1293 = FACE_BOUND('',#1294,.F.);
#1294 = EDGE_LOOP('',(#1295,#1303,#1309,#1310));
#1295 = ORIENTED_EDGE('',*,*,#1296,.T.);
#1296 = EDGE_CURVE('',#700,#1297,#1299,.T.);
#1297 = VERTEX_POINT('',#1298);
#1298 = CARTESIAN_POINT('',(-1.25,-1.77,2.5));
#1299 = LINE('',#1300,#1301);
#1300 = CARTESIAN_POINT('',(-1.25,-1.77,0.));
#1301 = VECTOR('',#1302,1.);
#1302 = DIRECTION('',(0.,0.,1.));
#1303 = ORIENTED_EDGE('',*,*,#1304,.T.);
#1304 = EDGE_CURVE('',#1297,#1273,#1305,.T.);
#1305 = LINE('',#1306,#1307);
#1306 = CARTESIAN_POINT('',(-1.25,-1.77,2.5));
#1307 = VECTOR('',#1308,1.);
#1308 = DIRECTION('',(0.,-1.,0.));
#1309 = ORIENTED_EDGE('',*,*,#1272,.F.);
#1310 = ORIENTED_EDGE('',*,*,#707,.F.);
#1311 = PLANE('',#1312);
#1312 = AXIS2_PLACEMENT_3D('',#1313,#1314,#1315);
#1313 = CARTESIAN_POINT('',(-1.25,-1.77,0.));
#1314 = DIRECTION('',(1.,0.,0.));
#1315 = DIRECTION('',(0.,-1.,0.));
#1316 = ADVANCED_FACE('',(#1317),#1335,.F.);
#1317 = FACE_BOUND('',#1318,.F.);
#1318 = EDGE_LOOP('',(#1319,#1327,#1333,#1334));
#1319 = ORIENTED_EDGE('',*,*,#1320,.T.);
#1320 = EDGE_CURVE('',#692,#1321,#1323,.T.);
#1321 = VERTEX_POINT('',#1322);
#1322 = CARTESIAN_POINT('',(-0.75,-1.27,2.5));
#1323 = LINE('',#1324,#1325);
#1324 = CARTESIAN_POINT('',(-0.75,-1.27,0.));
#1325 = VECTOR('',#1326,1.);
#1326 = DIRECTION('',(0.,0.,1.));
#1327 = ORIENTED_EDGE('',*,*,#1328,.T.);
#1328 = EDGE_CURVE('',#1321,#1297,#1329,.T.);
#1329 = LINE('',#1330,#1331);
#1330 = CARTESIAN_POINT('',(-0.75,-1.27,2.5));
#1331 = VECTOR('',#1332,1.);
#1332 = DIRECTION('',(-0.707106781187,-0.707106781187,0.));
#1333 = ORIENTED_EDGE('',*,*,#1296,.F.);
#1334 = ORIENTED_EDGE('',*,*,#699,.F.);
#1335 = PLANE('',#1336);
#1336 = AXIS2_PLACEMENT_3D('',#1337,#1338,#1339);
#1337 = CARTESIAN_POINT('',(-0.75,-1.27,0.));
#1338 = DIRECTION('',(0.707106781187,-0.707106781187,0.));
#1339 = DIRECTION('',(-0.707106781187,-0.707106781187,0.));
#1340 = ADVANCED_FACE('',(#1341),#1359,.F.);
#1341 = FACE_BOUND('',#1342,.F.);
#1342 = EDGE_LOOP('',(#1343,#1351,#1357,#1358));
#1343 = ORIENTED_EDGE('',*,*,#1344,.T.);
#1344 = EDGE_CURVE('',#684,#1345,#1347,.T.);
#1345 = VERTEX_POINT('',#1346);
#1346 = CARTESIAN_POINT('',(-1.25,-0.77,2.5));
#1347 = LINE('',#1348,#1349);
#1348 = CARTESIAN_POINT('',(-1.25,-0.77,0.));
#1349 = VECTOR('',#1350,1.);
#1350 = DIRECTION('',(0.,0.,1.));
#1351 = ORIENTED_EDGE('',*,*,#1352,.T.);
#1352 = EDGE_CURVE('',#1345,#1321,#1353,.T.);
#1353 = LINE('',#1354,#1355);
#1354 = CARTESIAN_POINT('',(-1.25,-0.77,2.5));
#1355 = VECTOR('',#1356,1.);
#1356 = DIRECTION('',(0.707106781187,-0.707106781187,0.));
#1357 = ORIENTED_EDGE('',*,*,#1320,.F.);
#1358 = ORIENTED_EDGE('',*,*,#691,.F.);
#1359 = PLANE('',#1360);
#1360 = AXIS2_PLACEMENT_3D('',#1361,#1362,#1363);
#1361 = CARTESIAN_POINT('',(-1.25,-0.77,0.));
#1362 = DIRECTION('',(0.707106781187,0.707106781187,0.));
#1363 = DIRECTION('',(0.707106781187,-0.707106781187,0.));
#1364 = ADVANCED_FACE('',(#1365),#1383,.F.);
#1365 = FACE_BOUND('',#1366,.F.);
#1366 = EDGE_LOOP('',(#1367,#1375,#1381,#1382));
#1367 = ORIENTED_EDGE('',*,*,#1368,.T.);
#1368 = EDGE_CURVE('',#676,#1369,#1371,.T.);
#1369 = VERTEX_POINT('',#1370);
#1370 = CARTESIAN_POINT('',(-1.25,0.77,2.5));
#1371 = LINE('',#1372,#1373);
#1372 = CARTESIAN_POINT('',(-1.25,0.77,0.));
#1373 = VECTOR('',#1374,1.);
#1374 = DIRECTION('',(0.,0.,1.));
#1375 = ORIENTED_EDGE('',*,*,#1376,.T.);
#1376 = EDGE_CURVE('',#1369,#1345,#1377,.T.);
#1377 = LINE('',#1378,#1379);
#1378 = CARTESIAN_POINT('',(-1.25,0.77,2.5));
#1379 = VECTOR('',#1380,1.);
#1380 = DIRECTION('',(0.,-1.,0.));
#1381 = ORIENTED_EDGE('',*,*,#1344,.F.);
#1382 = ORIENTED_EDGE('',*,*,#683,.F.);
#1383 = PLANE('',#1384);
#1384 = AXIS2_PLACEMENT_3D('',#1385,#1386,#1387);
#1385 = CARTESIAN_POINT('',(-1.25,0.77,0.));
#1386 = DIRECTION('',(1.,0.,0.));
#1387 = DIRECTION('',(0.,-1.,0.));
#1388 = ADVANCED_FACE('',(#1389),#1407,.F.);
#1389 = FACE_BOUND('',#1390,.F.);
#1390 = EDGE_LOOP('',(#1391,#1399,#1405,#1406));
#1391 = ORIENTED_EDGE('',*,*,#1392,.T.);
#1392 = EDGE_CURVE('',#668,#1393,#1395,.T.);
#1393 = VERTEX_POINT('',#1394);
#1394 = CARTESIAN_POINT('',(-0.75,1.27,2.5));
#1395 = LINE('',#1396,#1397);
#1396 = CARTESIAN_POINT('',(-0.75,1.27,0.));
#1397 = VECTOR('',#1398,1.);
#1398 = DIRECTION('',(0.,0.,1.));
#1399 = ORIENTED_EDGE('',*,*,#1400,.T.);
#1400 = EDGE_CURVE('',#1393,#1369,#1401,.T.);
#1401 = LINE('',#1402,#1403);
#1402 = CARTESIAN_POINT('',(-0.75,1.27,2.5));
#1403 = VECTOR('',#1404,1.);
#1404 = DIRECTION('',(-0.707106781187,-0.707106781187,0.));
#1405 = ORIENTED_EDGE('',*,*,#1368,.F.);
#1406 = ORIENTED_EDGE('',*,*,#675,.F.);
#1407 = PLANE('',#1408);
#1408 = AXIS2_PLACEMENT_3D('',#1409,#1410,#1411);
#1409 = CARTESIAN_POINT('',(-0.75,1.27,0.));
#1410 = DIRECTION('',(0.707106781187,-0.707106781187,0.));
#1411 = DIRECTION('',(-0.707106781187,-0.707106781187,0.));
#1412 = ADVANCED_FACE('',(#1413),#1431,.F.);
#1413 = FACE_BOUND('',#1414,.F.);
#1414 = EDGE_LOOP('',(#1415,#1423,#1429,#1430));
#1415 = ORIENTED_EDGE('',*,*,#1416,.T.);
#1416 = EDGE_CURVE('',#660,#1417,#1419,.T.);
#1417 = VERTEX_POINT('',#1418);
#1418 = CARTESIAN_POINT('',(-1.25,1.77,2.5));
#1419 = LINE('',#1420,#1421);
#1420 = CARTESIAN_POINT('',(-1.25,1.77,0.));
#1421 = VECTOR('',#1422,1.);
#1422 = DIRECTION('',(0.,0.,1.));
#1423 = ORIENTED_EDGE('',*,*,#1424,.T.);
#1424 = EDGE_CURVE('',#1417,#1393,#1425,.T.);
#1425 = LINE('',#1426,#1427);
#1426 = CARTESIAN_POINT('',(-1.25,1.77,2.5));
#1427 = VECTOR('',#1428,1.);
#1428 = DIRECTION('',(0.707106781187,-0.707106781187,0.));
#1429 = ORIENTED_EDGE('',*,*,#1392,.F.);
#1430 = ORIENTED_EDGE('',*,*,#667,.F.);
#1431 = PLANE('',#1432);
#1432 = AXIS2_PLACEMENT_3D('',#1433,#1434,#1435);
#1433 = CARTESIAN_POINT('',(-1.25,1.77,0.));
#1434 = DIRECTION('',(0.707106781187,0.707106781187,0.));
#1435 = DIRECTION('',(0.707106781187,-0.707106781187,0.));
#1436 = ADVANCED_FACE('',(#1437),#1455,.F.);
#1437 = FACE_BOUND('',#1438,.F.);
#1438 = EDGE_LOOP('',(#1439,#1447,#1453,#1454));
#1439 = ORIENTED_EDGE('',*,*,#1440,.T.);
#1440 = EDGE_CURVE('',#652,#1441,#1443,.T.);
#1441 = VERTEX_POINT('',#1442);
#1442 = CARTESIAN_POINT('',(-1.25,3.31,2.5));
#1443 = LINE('',#1444,#1445);
#1444 = CARTESIAN_POINT('',(-1.25,3.31,0.));
#1445 = VECTOR('',#1446,1.);
#1446 = DIRECTION('',(0.,0.,1.));
#1447 = ORIENTED_EDGE('',*,*,#1448,.T.);
#1448 = EDGE_CURVE('',#1441,#1417,#1449,.T.);
#1449 = LINE('',#1450,#1451);
#1450 = CARTESIAN_POINT('',(-1.25,3.31,2.5));
#1451 = VECTOR('',#1452,1.);
#1452 = DIRECTION('',(0.,-1.,0.));
#1453 = ORIENTED_EDGE('',*,*,#1416,.F.);
#1454 = ORIENTED_EDGE('',*,*,#659,.F.);
#1455 = PLANE('',#1456);
#1456 = AXIS2_PLACEMENT_3D('',#1457,#1458,#1459);
#1457 = CARTESIAN_POINT('',(-1.25,3.31,0.));
#1458 = DIRECTION('',(1.,0.,0.));
#1459 = DIRECTION('',(0.,-1.,0.));
#1460 = ADVANCED_FACE('',(#1461),#1472,.F.);
#1461 = FACE_BOUND('',#1462,.F.);
#1462 = EDGE_LOOP('',(#1463,#1464,#1470,#1471));
#1463 = ORIENTED_EDGE('',*,*,#867,.T.);
#1464 = ORIENTED_EDGE('',*,*,#1465,.T.);
#1465 = EDGE_CURVE('',#858,#1441,#1466,.T.);
#1466 = LINE('',#1467,#1468);
#1467 = CARTESIAN_POINT('',(-0.75,3.81,2.5));
#1468 = VECTOR('',#1469,1.);
#1469 = DIRECTION('',(-0.707106781187,-0.707106781187,0.));
#1470 = ORIENTED_EDGE('',*,*,#1440,.F.);
#1471 = ORIENTED_EDGE('',*,*,#651,.F.);
#1472 = PLANE('',#1473);
#1473 = AXIS2_PLACEMENT_3D('',#1474,#1475,#1476);
#1474 = CARTESIAN_POINT('',(-0.75,3.81,0.));
#1475 = DIRECTION('',(0.707106781187,-0.707106781187,0.));
#1476 = DIRECTION('',(-0.707106781187,-0.707106781187,0.));
#1477 = ADVANCED_FACE('',(#1478),#1506,.T.);
#1478 = FACE_BOUND('',#1479,.T.);
#1479 = EDGE_LOOP('',(#1480,#1481,#1482,#1483,#1484,#1485,#1486,#1487,
    #1488,#1489,#1490,#1491,#1492,#1493,#1494,#1495,#1496,#1497,#1498,
    #1499,#1500,#1501,#1502,#1503,#1504,#1505));
#1480 = ORIENTED_EDGE('',*,*,#857,.F.);
#1481 = ORIENTED_EDGE('',*,*,#1465,.T.);
#1482 = ORIENTED_EDGE('',*,*,#1448,.T.);
#1483 = ORIENTED_EDGE('',*,*,#1424,.T.);
#1484 = ORIENTED_EDGE('',*,*,#1400,.T.);
#1485 = ORIENTED_EDGE('',*,*,#1376,.T.);
#1486 = ORIENTED_EDGE('',*,*,#1352,.T.);
#1487 = ORIENTED_EDGE('',*,*,#1328,.T.);
#1488 = ORIENTED_EDGE('',*,*,#1304,.T.);
#1489 = ORIENTED_EDGE('',*,*,#1280,.T.);
#1490 = ORIENTED_EDGE('',*,*,#1256,.T.);
#1491 = ORIENTED_EDGE('',*,*,#1232,.T.);
#1492 = ORIENTED_EDGE('',*,*,#1208,.T.);
#1493 = ORIENTED_EDGE('',*,*,#1176,.F.);
#1494 = ORIENTED_EDGE('',*,*,#1160,.T.);
#1495 = ORIENTED_EDGE('',*,*,#1136,.T.);
#1496 = ORIENTED_EDGE('',*,*,#1112,.T.);
#1497 = ORIENTED_EDGE('',*,*,#1088,.T.);
#1498 = ORIENTED_EDGE('',*,*,#1064,.T.);
#1499 = ORIENTED_EDGE('',*,*,#1040,.T.);
#1500 = ORIENTED_EDGE('',*,*,#1016,.T.);
#1501 = ORIENTED_EDGE('',*,*,#992,.T.);
#1502 = ORIENTED_EDGE('',*,*,#968,.T.);
#1503 = ORIENTED_EDGE('',*,*,#944,.T.);
#1504 = ORIENTED_EDGE('',*,*,#920,.T.);
#1505 = ORIENTED_EDGE('',*,*,#896,.T.);
#1506 = PLANE('',#1507);
#1507 = AXIS2_PLACEMENT_3D('',#1508,#1509,#1510);
#1508 = CARTESIAN_POINT('',(5.E-17,1.17E-15,2.5));
#1509 = DIRECTION('',(0.,0.,1.));
#1510 = DIRECTION('',(1.,0.,0.));
#1511 = ( GEOMETRIC_REPRESENTATION_CONTEXT(3) 
GLOBAL_UNCERTAINTY_ASSIGNED_CONTEXT((#1515)) 
GLOBAL_UNIT_ASSIGNED_CONTEXT((#1512,#1513,#1514)) REPRESENTATION_CONTEXT
('Context #1','3D Context with UNIT and UNCERTAINTY') );
#1512 = ( LENGTH_UNIT() NAMED_UNIT(*) SI_UNIT(.MILLI.,.METRE.) );
#1513 = ( NAMED_UNIT(*) PLANE_ANGLE_UNIT() SI_UNIT($,.RADIAN.) );
#1514 = ( NAMED_UNIT(*) SI_UNIT($,.STERADIAN.) SOLID_ANGLE_UNIT() );
#1515 = UNCERTAINTY_MEASURE_WITH_UNIT(LENGTH_MEASURE(2.E-06),#1512,
  'distance_accuracy_value','confusion accuracy');
#1516 = CONTEXT_DEPENDENT_SHAPE_REPRESENTATION(#1517,#1519);
#1517 = ( REPRESENTATION_RELATIONSHIP('','',#634,#552) 
REPRESENTATION_RELATIONSHIP_WITH_TRANSFORMATION(#1518) 
SHAPE_REPRESENTATION_RELATIONSHIP() );
#1518 = ITEM_DEFINED_TRANSFORMATION('','',#11,#557);
#1519 = PRODUCT_DEFINITION_SHAPE('Placement','Placement of an item',
  #1520);
#1520 = NEXT_ASSEMBLY_USAGE_OCCURRENCE('4','Parte plastica001','',#547,
  #629,$);
#1521 = PRODUCT_RELATED_PRODUCT_CATEGORY('part',$,(#631));
#1522 = SHAPE_DEFINITION_REPRESENTATION(#1523,#1529);
#1523 = PRODUCT_DEFINITION_SHAPE('','',#1524);
#1524 = PRODUCT_DEFINITION('design','',#1525,#1528);
#1525 = PRODUCT_DEFINITION_FORMATION('','',#1526);
#1526 = PRODUCT('LCS_PH1','LCS_PH1','',(#1527));
#1527 = PRODUCT_CONTEXT('',#2,'mechanical');
#1528 = PRODUCT_DEFINITION_CONTEXT('part definition',#2,'design');
#1529 = MANIFOLD_SURFACE_SHAPE_REPRESENTATION('',(#11),#1530);
#1530 = ( GEOMETRIC_REPRESENTATION_CONTEXT(3) 
GLOBAL_UNCERTAINTY_ASSIGNED_CONTEXT((#1534)) 
GLOBAL_UNIT_ASSIGNED_CONTEXT((#1531,#1532,#1533)) REPRESENTATION_CONTEXT
('Context #1','3D Context with UNIT and UNCERTAINTY') );
#1531 = ( LENGTH_UNIT() NAMED_UNIT(*) SI_UNIT(.MILLI.,.METRE.) );
#1532 = ( NAMED_UNIT(*) PLANE_ANGLE_UNIT() SI_UNIT($,.RADIAN.) );
#1533 = ( NAMED_UNIT(*) SI_UNIT($,.STERADIAN.) SOLID_ANGLE_UNIT() );
#1534 = UNCERTAINTY_MEASURE_WITH_UNIT(LENGTH_MEASURE(1.E-07),#1531,
  'distance_accuracy_value','confusion accuracy');
#1535 = CONTEXT_DEPENDENT_SHAPE_REPRESENTATION(#1536,#1538);
#1536 = ( REPRESENTATION_RELATIONSHIP('','',#1529,#552) 
REPRESENTATION_RELATIONSHIP_WITH_TRANSFORMATION(#1537) 
SHAPE_REPRESENTATION_RELATIONSHIP() );
#1537 = ITEM_DEFINED_TRANSFORMATION('','',#11,#561);
#1538 = PRODUCT_DEFINITION_SHAPE('Placement','Placement of an item',
  #1539);
#1539 = NEXT_ASSEMBLY_USAGE_OCCURRENCE('5','LCS_PH1','',#547,#1524,$);
#1540 = PRODUCT_RELATED_PRODUCT_CATEGORY('part',$,(#1526));
#1541 = SHAPE_DEFINITION_REPRESENTATION(#1542,#1548);
#1542 = PRODUCT_DEFINITION_SHAPE('','',#1543);
#1543 = PRODUCT_DEFINITION('design','',#1544,#1547);
#1544 = PRODUCT_DEFINITION_FORMATION('','',#1545);
#1545 = PRODUCT('Metal superior','Metal superior','',(#1546));
#1546 = PRODUCT_CONTEXT('',#2,'mechanical');
#1547 = PRODUCT_DEFINITION_CONTEXT('part definition',#2,'design');
#1548 = ADVANCED_BREP_SHAPE_REPRESENTATION('',(#11,#1549),#1602);
#1549 = MANIFOLD_SOLID_BREP('',#1550);
#1550 = CLOSED_SHELL('',(#1551,#1584,#1593));
#1551 = ADVANCED_FACE('',(#1552),#1579,.T.);
#1552 = FACE_BOUND('',#1553,.F.);
#1553 = EDGE_LOOP('',(#1554,#1564,#1571,#1572));
#1554 = ORIENTED_EDGE('',*,*,#1555,.T.);
#1555 = EDGE_CURVE('',#1556,#1558,#1560,.T.);
#1556 = VERTEX_POINT('',#1557);
#1557 = CARTESIAN_POINT('',(0.32,0.,0.));
#1558 = VERTEX_POINT('',#1559);
#1559 = CARTESIAN_POINT('',(0.32,0.,6.));
#1560 = LINE('',#1561,#1562);
#1561 = CARTESIAN_POINT('',(0.32,0.,0.));
#1562 = VECTOR('',#1563,1.);
#1563 = DIRECTION('',(0.,0.,1.));
#1564 = ORIENTED_EDGE('',*,*,#1565,.T.);
#1565 = EDGE_CURVE('',#1558,#1558,#1566,.T.);
#1566 = CIRCLE('',#1567,0.32);
#1567 = AXIS2_PLACEMENT_3D('',#1568,#1569,#1570);
#1568 = CARTESIAN_POINT('',(0.,0.,6.));
#1569 = DIRECTION('',(0.,0.,1.));
#1570 = DIRECTION('',(1.,0.,0.));
#1571 = ORIENTED_EDGE('',*,*,#1555,.F.);
#1572 = ORIENTED_EDGE('',*,*,#1573,.F.);
#1573 = EDGE_CURVE('',#1556,#1556,#1574,.T.);
#1574 = CIRCLE('',#1575,0.32);
#1575 = AXIS2_PLACEMENT_3D('',#1576,#1577,#1578);
#1576 = CARTESIAN_POINT('',(0.,0.,0.));
#1577 = DIRECTION('',(0.,0.,1.));
#1578 = DIRECTION('',(1.,0.,0.));
#1579 = CYLINDRICAL_SURFACE('',#1580,0.32);
#1580 = AXIS2_PLACEMENT_3D('',#1581,#1582,#1583);
#1581 = CARTESIAN_POINT('',(0.,0.,0.));
#1582 = DIRECTION('',(-0.,-0.,-1.));
#1583 = DIRECTION('',(1.,0.,0.));
#1584 = ADVANCED_FACE('',(#1585),#1588,.F.);
#1585 = FACE_BOUND('',#1586,.F.);
#1586 = EDGE_LOOP('',(#1587));
#1587 = ORIENTED_EDGE('',*,*,#1573,.T.);
#1588 = PLANE('',#1589);
#1589 = AXIS2_PLACEMENT_3D('',#1590,#1591,#1592);
#1590 = CARTESIAN_POINT('',(-3.E-17,2.E-17,0.));
#1591 = DIRECTION('',(0.,0.,1.));
#1592 = DIRECTION('',(1.,0.,0.));
#1593 = ADVANCED_FACE('',(#1594),#1597,.T.);
#1594 = FACE_BOUND('',#1595,.T.);
#1595 = EDGE_LOOP('',(#1596));
#1596 = ORIENTED_EDGE('',*,*,#1565,.T.);
#1597 = PLANE('',#1598);
#1598 = AXIS2_PLACEMENT_3D('',#1599,#1600,#1601);
#1599 = CARTESIAN_POINT('',(-3.E-17,2.E-17,6.));
#1600 = DIRECTION('',(0.,0.,1.));
#1601 = DIRECTION('',(1.,0.,0.));
#1602 = ( GEOMETRIC_REPRESENTATION_CONTEXT(3) 
GLOBAL_UNCERTAINTY_ASSIGNED_CONTEXT((#1606)) 
GLOBAL_UNIT_ASSIGNED_CONTEXT((#1603,#1604,#1605)) REPRESENTATION_CONTEXT
('Context #1','3D Context with UNIT and UNCERTAINTY') );
#1603 = ( LENGTH_UNIT() NAMED_UNIT(*) SI_UNIT(.MILLI.,.METRE.) );
#1604 = ( NAMED_UNIT(*) PLANE_ANGLE_UNIT() SI_UNIT($,.RADIAN.) );
#1605 = ( NAMED_UNIT(*) SI_UNIT($,.STERADIAN.) SOLID_ANGLE_UNIT() );
#1606 = UNCERTAINTY_MEASURE_WITH_UNIT(LENGTH_MEASURE(1.E-07),#1603,
  'distance_accuracy_value','confusion accuracy');
#1607 = CONTEXT_DEPENDENT_SHAPE_REPRESENTATION(#1608,#1610);
#1608 = ( REPRESENTATION_RELATIONSHIP('','',#1548,#552) 
REPRESENTATION_RELATIONSHIP_WITH_TRANSFORMATION(#1609) 
SHAPE_REPRESENTATION_RELATIONSHIP() );
#1609 = ITEM_DEFINED_TRANSFORMATION('','',#11,#565);
#1610 = PRODUCT_DEFINITION_SHAPE('Placement','Placement of an item',
  #1611);
#1611 = NEXT_ASSEMBLY_USAGE_OCCURRENCE('6','Metal superior001','',#547,
  #1543,$);
#1612 = PRODUCT_RELATED_PRODUCT_CATEGORY('part',$,(#1545));
#1613 = CONTEXT_DEPENDENT_SHAPE_REPRESENTATION(#1614,#1616);
#1614 = ( REPRESENTATION_RELATIONSHIP('','',#1548,#552) 
REPRESENTATION_RELATIONSHIP_WITH_TRANSFORMATION(#1615) 
SHAPE_REPRESENTATION_RELATIONSHIP() );
#1615 = ITEM_DEFINED_TRANSFORMATION('','',#11,#569);
#1616 = PRODUCT_DEFINITION_SHAPE('Placement','Placement of an item',
  #1617);
#1617 = NEXT_ASSEMBLY_USAGE_OCCURRENCE('7','Metal superior002','',#547,
  #1543,$);
#1618 = CONTEXT_DEPENDENT_SHAPE_REPRESENTATION(#1619,#1621);
#1619 = ( REPRESENTATION_RELATIONSHIP('','',#1548,#552) 
REPRESENTATION_RELATIONSHIP_WITH_TRANSFORMATION(#1620) 
SHAPE_REPRESENTATION_RELATIONSHIP() );
#1620 = ITEM_DEFINED_TRANSFORMATION('','',#11,#573);
#1621 = PRODUCT_DEFINITION_SHAPE('Placement','Placement of an item',
  #1622);
#1622 = NEXT_ASSEMBLY_USAGE_OCCURRENCE('8','Metal superior003','',#547,
  #1543,$);
#1623 = CONTEXT_DEPENDENT_SHAPE_REPRESENTATION(#1624,#1626);
#1624 = ( REPRESENTATION_RELATIONSHIP('','',#1548,#552) 
REPRESENTATION_RELATIONSHIP_WITH_TRANSFORMATION(#1625) 
SHAPE_REPRESENTATION_RELATIONSHIP() );
#1625 = ITEM_DEFINED_TRANSFORMATION('','',#11,#577);
#1626 = PRODUCT_DEFINITION_SHAPE('Placement','Placement of an item',
  #1627);
#1627 = NEXT_ASSEMBLY_USAGE_OCCURRENCE('9','Metal superior004','',#547,
  #1543,$);
#1628 = SHAPE_DEFINITION_REPRESENTATION(#1629,#1635);
#1629 = PRODUCT_DEFINITION_SHAPE('','',#1630);
#1630 = PRODUCT_DEFINITION('design','',#1631,#1634);
#1631 = PRODUCT_DEFINITION_FORMATION('','',#1632);
#1632 = PRODUCT('Metal inferior','Metal inferior','',(#1633));
#1633 = PRODUCT_CONTEXT('',#2,'mechanical');
#1634 = PRODUCT_DEFINITION_CONTEXT('part definition',#2,'design');
#1635 = ADVANCED_BREP_SHAPE_REPRESENTATION('',(#11,#1636),#1689);
#1636 = MANIFOLD_SOLID_BREP('',#1637);
#1637 = CLOSED_SHELL('',(#1638,#1671,#1680));
#1638 = ADVANCED_FACE('',(#1639),#1666,.T.);
#1639 = FACE_BOUND('',#1640,.T.);
#1640 = EDGE_LOOP('',(#1641,#1651,#1658,#1659));
#1641 = ORIENTED_EDGE('',*,*,#1642,.T.);
#1642 = EDGE_CURVE('',#1643,#1645,#1647,.T.);
#1643 = VERTEX_POINT('',#1644);
#1644 = CARTESIAN_POINT('',(0.32,0.,0.));
#1645 = VERTEX_POINT('',#1646);
#1646 = CARTESIAN_POINT('',(0.32,0.,-3.));
#1647 = LINE('',#1648,#1649);
#1648 = CARTESIAN_POINT('',(0.32,0.,0.));
#1649 = VECTOR('',#1650,1.);
#1650 = DIRECTION('',(-0.,-0.,-1.));
#1651 = ORIENTED_EDGE('',*,*,#1652,.T.);
#1652 = EDGE_CURVE('',#1645,#1645,#1653,.T.);
#1653 = CIRCLE('',#1654,0.32);
#1654 = AXIS2_PLACEMENT_3D('',#1655,#1656,#1657);
#1655 = CARTESIAN_POINT('',(0.,0.,-3.));
#1656 = DIRECTION('',(0.,0.,1.));
#1657 = DIRECTION('',(1.,0.,0.));
#1658 = ORIENTED_EDGE('',*,*,#1642,.F.);
#1659 = ORIENTED_EDGE('',*,*,#1660,.F.);
#1660 = EDGE_CURVE('',#1643,#1643,#1661,.T.);
#1661 = CIRCLE('',#1662,0.32);
#1662 = AXIS2_PLACEMENT_3D('',#1663,#1664,#1665);
#1663 = CARTESIAN_POINT('',(0.,0.,0.));
#1664 = DIRECTION('',(0.,0.,1.));
#1665 = DIRECTION('',(1.,0.,0.));
#1666 = CYLINDRICAL_SURFACE('',#1667,0.32);
#1667 = AXIS2_PLACEMENT_3D('',#1668,#1669,#1670);
#1668 = CARTESIAN_POINT('',(0.,0.,0.));
#1669 = DIRECTION('',(0.,0.,1.));
#1670 = DIRECTION('',(1.,0.,-0.));
#1671 = ADVANCED_FACE('',(#1672),#1675,.T.);
#1672 = FACE_BOUND('',#1673,.T.);
#1673 = EDGE_LOOP('',(#1674));
#1674 = ORIENTED_EDGE('',*,*,#1660,.T.);
#1675 = PLANE('',#1676);
#1676 = AXIS2_PLACEMENT_3D('',#1677,#1678,#1679);
#1677 = CARTESIAN_POINT('',(-3.E-17,2.E-17,0.));
#1678 = DIRECTION('',(0.,0.,1.));
#1679 = DIRECTION('',(1.,0.,0.));
#1680 = ADVANCED_FACE('',(#1681),#1684,.F.);
#1681 = FACE_BOUND('',#1682,.F.);
#1682 = EDGE_LOOP('',(#1683));
#1683 = ORIENTED_EDGE('',*,*,#1652,.T.);
#1684 = PLANE('',#1685);
#1685 = AXIS2_PLACEMENT_3D('',#1686,#1687,#1688);
#1686 = CARTESIAN_POINT('',(-3.E-17,2.E-17,-3.));
#1687 = DIRECTION('',(0.,0.,1.));
#1688 = DIRECTION('',(1.,0.,0.));
#1689 = ( GEOMETRIC_REPRESENTATION_CONTEXT(3) 
GLOBAL_UNCERTAINTY_ASSIGNED_CONTEXT((#1693)) 
GLOBAL_UNIT_ASSIGNED_CONTEXT((#1690,#1691,#1692)) REPRESENTATION_CONTEXT
('Context #1','3D Context with UNIT and UNCERTAINTY') );
#1690 = ( LENGTH_UNIT() NAMED_UNIT(*) SI_UNIT(.MILLI.,.METRE.) );
#1691 = ( NAMED_UNIT(*) PLANE_ANGLE_UNIT() SI_UNIT($,.RADIAN.) );
#1692 = ( NAMED_UNIT(*) SI_UNIT($,.STERADIAN.) SOLID_ANGLE_UNIT() );
#1693 = UNCERTAINTY_MEASURE_WITH_UNIT(LENGTH_MEASURE(1.E-07),#1690,
  'distance_accuracy_value','confusion accuracy');
#1694 = CONTEXT_DEPENDENT_SHAPE_REPRESENTATION(#1695,#1697);
#1695 = ( REPRESENTATION_RELATIONSHIP('','',#1635,#552) 
REPRESENTATION_RELATIONSHIP_WITH_TRANSFORMATION(#1696) 
SHAPE_REPRESENTATION_RELATIONSHIP() );
#1696 = ITEM_DEFINED_TRANSFORMATION('','',#11,#581);
#1697 = PRODUCT_DEFINITION_SHAPE('Placement','Placement of an item',
  #1698);
#1698 = NEXT_ASSEMBLY_USAGE_OCCURRENCE('10','Metal inferior001','',#547,
  #1630,$);
#1699 = PRODUCT_RELATED_PRODUCT_CATEGORY('part',$,(#1632));
#1700 = CONTEXT_DEPENDENT_SHAPE_REPRESENTATION(#1701,#1703);
#1701 = ( REPRESENTATION_RELATIONSHIP('','',#1635,#552) 
REPRESENTATION_RELATIONSHIP_WITH_TRANSFORMATION(#1702) 
SHAPE_REPRESENTATION_RELATIONSHIP() );
#1702 = ITEM_DEFINED_TRANSFORMATION('','',#11,#585);
#1703 = PRODUCT_DEFINITION_SHAPE('Placement','Placement of an item',
  #1704);
#1704 = NEXT_ASSEMBLY_USAGE_OCCURRENCE('11','Metal inferior002','',#547,
  #1630,$);
#1705 = CONTEXT_DEPENDENT_SHAPE_REPRESENTATION(#1706,#1708);
#1706 = ( REPRESENTATION_RELATIONSHIP('','',#1635,#552) 
REPRESENTATION_RELATIONSHIP_WITH_TRANSFORMATION(#1707) 
SHAPE_REPRESENTATION_RELATIONSHIP() );
#1707 = ITEM_DEFINED_TRANSFORMATION('','',#11,#589);
#1708 = PRODUCT_DEFINITION_SHAPE('Placement','Placement of an item',
  #1709);
#1709 = NEXT_ASSEMBLY_USAGE_OCCURRENCE('12','Metal inferior003','',#547,
  #1630,$);
#1710 = CONTEXT_DEPENDENT_SHAPE_REPRESENTATION(#1711,#1713);
#1711 = ( REPRESENTATION_RELATIONSHIP('','',#1635,#552) 
REPRESENTATION_RELATIONSHIP_WITH_TRANSFORMATION(#1712) 
SHAPE_REPRESENTATION_RELATIONSHIP() );
#1712 = ITEM_DEFINED_TRANSFORMATION('','',#11,#593);
#1713 = PRODUCT_DEFINITION_SHAPE('Placement','Placement of an item',
  #1714);
#1714 = NEXT_ASSEMBLY_USAGE_OCCURRENCE('13','Metal inferior004','',#547,
  #1630,$);
#1715 = CONTEXT_DEPENDENT_SHAPE_REPRESENTATION(#1716,#1718);
#1716 = ( REPRESENTATION_RELATIONSHIP('','',#552,#10) 
REPRESENTATION_RELATIONSHIP_WITH_TRANSFORMATION(#1717) 
SHAPE_REPRESENTATION_RELATIONSHIP() );
#1717 = ITEM_DEFINED_TRANSFORMATION('','',#11,#27);
#1718 = PRODUCT_DEFINITION_SHAPE('Placement','Placement of an item',
  #1719);
#1719 = NEXT_ASSEMBLY_USAGE_OCCURRENCE('15','Pin_Header___copia001','',
  #5,#547,$);
#1720 = SHAPE_DEFINITION_REPRESENTATION(#1721,#1727);
#1721 = PRODUCT_DEFINITION_SHAPE('','',#1722);
#1722 = PRODUCT_DEFINITION('design','',#1723,#1726);
#1723 = PRODUCT_DEFINITION_FORMATION('','',#1724);
#1724 = PRODUCT('Assembly','Assembly','',(#1725));
#1725 = PRODUCT_CONTEXT('',#2,'mechanical');
#1726 = PRODUCT_DEFINITION_CONTEXT('part definition',#2,'design');
#1727 = SHAPE_REPRESENTATION('',(#11,#1728,#1732,#1736,#1740,#1744,#1748
    ),#1752);
#1728 = AXIS2_PLACEMENT_3D('',#1729,#1730,#1731);
#1729 = CARTESIAN_POINT('',(0.,0.,0.));
#1730 = DIRECTION('',(0.,0.,1.));
#1731 = DIRECTION('',(1.,0.,0.));
#1732 = AXIS2_PLACEMENT_3D('',#1733,#1734,#1735);
#1733 = CARTESIAN_POINT('',(-1.25,-3.2E-15,-4.25));
#1734 = DIRECTION('',(0.,0.,1.));
#1735 = DIRECTION('',(1.,0.,0.));
#1736 = AXIS2_PLACEMENT_3D('',#1737,#1738,#1739);
#1737 = CARTESIAN_POINT('',(2.E-16,-5.08,-11.5));
#1738 = DIRECTION('',(0.,0.,1.));
#1739 = DIRECTION('',(1.,0.,0.));
#1740 = AXIS2_PLACEMENT_3D('',#1741,#1742,#1743);
#1741 = CARTESIAN_POINT('',(2.E-16,-2.54,-11.5));
#1742 = DIRECTION('',(0.,0.,1.));
#1743 = DIRECTION('',(1.,0.,0.));
#1744 = AXIS2_PLACEMENT_3D('',#1745,#1746,#1747);
#1745 = CARTESIAN_POINT('',(1.4E-15,-2.7E-15,-11.5));
#1746 = DIRECTION('',(0.,0.,1.));
#1747 = DIRECTION('',(1.,0.,0.));
#1748 = AXIS2_PLACEMENT_3D('',#1749,#1750,#1751);
#1749 = CARTESIAN_POINT('',(3.6E-15,2.54,-11.5));
#1750 = DIRECTION('',(0.,0.,1.));
#1751 = DIRECTION('',(1.,0.,0.));
#1752 = ( GEOMETRIC_REPRESENTATION_CONTEXT(3) 
GLOBAL_UNCERTAINTY_ASSIGNED_CONTEXT((#1756)) 
GLOBAL_UNIT_ASSIGNED_CONTEXT((#1753,#1754,#1755)) REPRESENTATION_CONTEXT
('Context #1','3D Context with UNIT and UNCERTAINTY') );
#1753 = ( LENGTH_UNIT() NAMED_UNIT(*) SI_UNIT(.MILLI.,.METRE.) );
#1754 = ( NAMED_UNIT(*) PLANE_ANGLE_UNIT() SI_UNIT($,.RADIAN.) );
#1755 = ( NAMED_UNIT(*) SI_UNIT($,.STERADIAN.) SOLID_ANGLE_UNIT() );
#1756 = UNCERTAINTY_MEASURE_WITH_UNIT(LENGTH_MEASURE(2.E-06),#1753,
  'distance_accuracy_value','confusion accuracy');
#1757 = CONTEXT_DEPENDENT_SHAPE_REPRESENTATION(#1758,#1760);
#1758 = ( REPRESENTATION_RELATIONSHIP('','',#1727,#10) 
REPRESENTATION_RELATIONSHIP_WITH_TRANSFORMATION(#1759) 
SHAPE_REPRESENTATION_RELATIONSHIP() );
#1759 = ITEM_DEFINED_TRANSFORMATION('','',#11,#31);
#1760 = PRODUCT_DEFINITION_SHAPE('Placement','Placement of an item',
  #1761);
#1761 = NEXT_ASSEMBLY_USAGE_OCCURRENCE('22','Pin_socket___copia','',#5,
  #1722,$);
#1762 = PRODUCT_RELATED_PRODUCT_CATEGORY('part',$,(#1724));
#1763 = SHAPE_DEFINITION_REPRESENTATION(#1764,#1770);
#1764 = PRODUCT_DEFINITION_SHAPE('','',#1765);
#1765 = PRODUCT_DEFINITION('design','',#1766,#1769);
#1766 = PRODUCT_DEFINITION_FORMATION('','',#1767);
#1767 = PRODUCT('LCS_Origin','LCS_Origin','',(#1768));
#1768 = PRODUCT_CONTEXT('',#2,'mechanical');
#1769 = PRODUCT_DEFINITION_CONTEXT('part definition',#2,'design');
#1770 = MANIFOLD_SURFACE_SHAPE_REPRESENTATION('',(#11),#1771);
#1771 = ( GEOMETRIC_REPRESENTATION_CONTEXT(3) 
GLOBAL_UNCERTAINTY_ASSIGNED_CONTEXT((#1775)) 
GLOBAL_UNIT_ASSIGNED_CONTEXT((#1772,#1773,#1774)) REPRESENTATION_CONTEXT
('Context #1','3D Context with UNIT and UNCERTAINTY') );
#1772 = ( LENGTH_UNIT() NAMED_UNIT(*) SI_UNIT(.MILLI.,.METRE.) );
#1773 = ( NAMED_UNIT(*) PLANE_ANGLE_UNIT() SI_UNIT($,.RADIAN.) );
#1774 = ( NAMED_UNIT(*) SI_UNIT($,.STERADIAN.) SOLID_ANGLE_UNIT() );
#1775 = UNCERTAINTY_MEASURE_WITH_UNIT(LENGTH_MEASURE(1.E-07),#1772,
  'distance_accuracy_value','confusion accuracy');
#1776 = CONTEXT_DEPENDENT_SHAPE_REPRESENTATION(#1777,#1779);
#1777 = ( REPRESENTATION_RELATIONSHIP('','',#1770,#1727) 
REPRESENTATION_RELATIONSHIP_WITH_TRANSFORMATION(#1778) 
SHAPE_REPRESENTATION_RELATIONSHIP() );
#1778 = ITEM_DEFINED_TRANSFORMATION('','',#11,#1728);
#1779 = PRODUCT_DEFINITION_SHAPE('Placement','Placement of an item',
  #1780);
#1780 = NEXT_ASSEMBLY_USAGE_OCCURRENCE('16','LCS_Origin','',#1722,#1765,
  $);
#1781 = PRODUCT_RELATED_PRODUCT_CATEGORY('part',$,(#1767));
#1782 = SHAPE_DEFINITION_REPRESENTATION(#1783,#1789);
#1783 = PRODUCT_DEFINITION_SHAPE('','',#1784);
#1784 = PRODUCT_DEFINITION('design','',#1785,#1788);
#1785 = PRODUCT_DEFINITION_FORMATION('','',#1786);
#1786 = PRODUCT('Parte plastica','Parte plastica','',(#1787));
#1787 = PRODUCT_CONTEXT('',#2,'mechanical');
#1788 = PRODUCT_DEFINITION_CONTEXT('part definition',#2,'design');
#1789 = ADVANCED_BREP_SHAPE_REPRESENTATION('',(#11,#1790),#2120);
#1790 = MANIFOLD_SOLID_BREP('',#1791);
#1791 = CLOSED_SHELL('',(#1792,#1832,#1863,#1887,#1911,#1928,#1984,#2009
    ,#2034,#2059,#2084,#2093,#2102,#2111));
#1792 = ADVANCED_FACE('',(#1793),#1827,.F.);
#1793 = FACE_BOUND('',#1794,.F.);
#1794 = EDGE_LOOP('',(#1795,#1805,#1813,#1821));
#1795 = ORIENTED_EDGE('',*,*,#1796,.F.);
#1796 = EDGE_CURVE('',#1797,#1799,#1801,.T.);
#1797 = VERTEX_POINT('',#1798);
#1798 = CARTESIAN_POINT('',(-1.E-15,-6.35,-4.25));
#1799 = VERTEX_POINT('',#1800);
#1800 = CARTESIAN_POINT('',(4.E-15,3.81,-4.25));
#1801 = LINE('',#1802,#1803);
#1802 = CARTESIAN_POINT('',(6.77E-15,-24.13,-4.25));
#1803 = VECTOR('',#1804,1.);
#1804 = DIRECTION('',(-2.2E-16,1.,-3.3E-16));
#1805 = ORIENTED_EDGE('',*,*,#1806,.F.);
#1806 = EDGE_CURVE('',#1807,#1797,#1809,.T.);
#1807 = VERTEX_POINT('',#1808);
#1808 = CARTESIAN_POINT('',(2.5,-6.35,-4.25));
#1809 = LINE('',#1810,#1811);
#1810 = CARTESIAN_POINT('',(1.25,-6.35,-4.25));
#1811 = VECTOR('',#1812,1.);
#1812 = DIRECTION('',(-1.,-0.,-3.3E-16));
#1813 = ORIENTED_EDGE('',*,*,#1814,.T.);
#1814 = EDGE_CURVE('',#1807,#1815,#1817,.T.);
#1815 = VERTEX_POINT('',#1816);
#1816 = CARTESIAN_POINT('',(2.5,3.81,-4.25));
#1817 = LINE('',#1818,#1819);
#1818 = CARTESIAN_POINT('',(2.5,-24.13,-4.25));
#1819 = VECTOR('',#1820,1.);
#1820 = DIRECTION('',(-2.2E-16,1.,-3.3E-16));
#1821 = ORIENTED_EDGE('',*,*,#1822,.F.);
#1822 = EDGE_CURVE('',#1799,#1815,#1823,.T.);
#1823 = LINE('',#1824,#1825);
#1824 = CARTESIAN_POINT('',(4.13E-15,3.81,-4.25));
#1825 = VECTOR('',#1826,1.);
#1826 = DIRECTION('',(1.,0.,3.3E-16));
#1827 = PLANE('',#1828);
#1828 = AXIS2_PLACEMENT_3D('',#1829,#1830,#1831);
#1829 = CARTESIAN_POINT('',(7.71E-15,-24.13,-4.25));
#1830 = DIRECTION('',(-3.3E-16,1.1E-16,1.));
#1831 = DIRECTION('',(-2.2E-16,1.,-1.1E-16));
#1832 = ADVANCED_FACE('',(#1833),#1858,.F.);
#1833 = FACE_BOUND('',#1834,.F.);
#1834 = EDGE_LOOP('',(#1835,#1843,#1844,#1852));
#1835 = ORIENTED_EDGE('',*,*,#1836,.T.);
#1836 = EDGE_CURVE('',#1837,#1797,#1839,.T.);
#1837 = VERTEX_POINT('',#1838);
#1838 = CARTESIAN_POINT('',(-6.E-15,-6.35,4.25));
#1839 = LINE('',#1840,#1841);
#1840 = CARTESIAN_POINT('',(-5.33E-15,-6.35,4.25));
#1841 = VECTOR('',#1842,1.);
#1842 = DIRECTION('',(3.3E-16,-1.1E-16,-1.));
#1843 = ORIENTED_EDGE('',*,*,#1796,.T.);
#1844 = ORIENTED_EDGE('',*,*,#1845,.F.);
#1845 = EDGE_CURVE('',#1846,#1799,#1848,.T.);
#1846 = VERTEX_POINT('',#1847);
#1847 = CARTESIAN_POINT('',(3.E-15,3.81,4.25));
#1848 = LINE('',#1849,#1850);
#1849 = CARTESIAN_POINT('',(3.07E-15,3.81,4.25));
#1850 = VECTOR('',#1851,1.);
#1851 = DIRECTION('',(3.3E-16,-1.1E-16,-1.));
#1852 = ORIENTED_EDGE('',*,*,#1853,.T.);
#1853 = EDGE_CURVE('',#1846,#1837,#1854,.T.);
#1854 = LINE('',#1855,#1856);
#1855 = CARTESIAN_POINT('',(-6.77E-15,24.13,4.25));
#1856 = VECTOR('',#1857,1.);
#1857 = DIRECTION('',(2.2E-16,-1.,3.3E-16));
#1858 = PLANE('',#1859);
#1859 = AXIS2_PLACEMENT_3D('',#1860,#1861,#1862);
#1860 = CARTESIAN_POINT('',(0.,2.5E-16,0.));
#1861 = DIRECTION('',(1.,-2.2E-16,-1.1E-16));
#1862 = DIRECTION('',(1.1E-16,-1.1E-16,1.));
#1863 = ADVANCED_FACE('',(#1864),#1882,.F.);
#1864 = FACE_BOUND('',#1865,.F.);
#1865 = EDGE_LOOP('',(#1866,#1874,#1875,#1876));
#1866 = ORIENTED_EDGE('',*,*,#1867,.F.);
#1867 = EDGE_CURVE('',#1846,#1868,#1870,.T.);
#1868 = VERTEX_POINT('',#1869);
#1869 = CARTESIAN_POINT('',(2.5,3.81,4.25));
#1870 = LINE('',#1871,#1872);
#1871 = CARTESIAN_POINT('',(2.29E-15,3.81,4.25));
#1872 = VECTOR('',#1873,1.);
#1873 = DIRECTION('',(1.,0.,1.1E-16));
#1874 = ORIENTED_EDGE('',*,*,#1845,.T.);
#1875 = ORIENTED_EDGE('',*,*,#1822,.T.);
#1876 = ORIENTED_EDGE('',*,*,#1877,.F.);
#1877 = EDGE_CURVE('',#1868,#1815,#1878,.T.);
#1878 = LINE('',#1879,#1880);
#1879 = CARTESIAN_POINT('',(2.5,3.81,4.25));
#1880 = VECTOR('',#1881,1.);
#1881 = DIRECTION('',(3.3E-16,-1.1E-16,-1.));
#1882 = PLANE('',#1883);
#1883 = AXIS2_PLACEMENT_3D('',#1884,#1885,#1886);
#1884 = CARTESIAN_POINT('',(3.07E-15,3.81,4.25));
#1885 = DIRECTION('',(0.,-1.,1.1E-16));
#1886 = DIRECTION('',(1.,1.21E-32,1.1E-16));
#1887 = ADVANCED_FACE('',(#1888),#1906,.T.);
#1888 = FACE_BOUND('',#1889,.T.);
#1889 = EDGE_LOOP('',(#1890,#1898,#1899,#1900));
#1890 = ORIENTED_EDGE('',*,*,#1891,.T.);
#1891 = EDGE_CURVE('',#1892,#1807,#1894,.T.);
#1892 = VERTEX_POINT('',#1893);
#1893 = CARTESIAN_POINT('',(2.5,-6.35,4.25));
#1894 = LINE('',#1895,#1896);
#1895 = CARTESIAN_POINT('',(2.5,-6.35,4.25));
#1896 = VECTOR('',#1897,1.);
#1897 = DIRECTION('',(3.3E-16,-1.1E-16,-1.));
#1898 = ORIENTED_EDGE('',*,*,#1814,.T.);
#1899 = ORIENTED_EDGE('',*,*,#1877,.F.);
#1900 = ORIENTED_EDGE('',*,*,#1901,.T.);
#1901 = EDGE_CURVE('',#1868,#1892,#1902,.T.);
#1902 = LINE('',#1903,#1904);
#1903 = CARTESIAN_POINT('',(2.5,24.13,4.25));
#1904 = VECTOR('',#1905,1.);
#1905 = DIRECTION('',(2.2E-16,-1.,3.3E-16));
#1906 = PLANE('',#1907);
#1907 = AXIS2_PLACEMENT_3D('',#1908,#1909,#1910);
#1908 = CARTESIAN_POINT('',(2.5,-7.5E-16,-1.33226762955E-15));
#1909 = DIRECTION('',(1.,-2.2E-16,-1.1E-16));
#1910 = DIRECTION('',(1.1E-16,-1.1E-16,1.));
#1911 = ADVANCED_FACE('',(#1912),#1923,.F.);
#1912 = FACE_BOUND('',#1913,.F.);
#1913 = EDGE_LOOP('',(#1914,#1920,#1921,#1922));
#1914 = ORIENTED_EDGE('',*,*,#1915,.F.);
#1915 = EDGE_CURVE('',#1892,#1837,#1916,.T.);
#1916 = LINE('',#1917,#1918);
#1917 = CARTESIAN_POINT('',(2.5,-6.35,4.25));
#1918 = VECTOR('',#1919,1.);
#1919 = DIRECTION('',(-1.,0.,-1.1E-16));
#1920 = ORIENTED_EDGE('',*,*,#1891,.T.);
#1921 = ORIENTED_EDGE('',*,*,#1806,.T.);
#1922 = ORIENTED_EDGE('',*,*,#1836,.F.);
#1923 = PLANE('',#1924);
#1924 = AXIS2_PLACEMENT_3D('',#1925,#1926,#1927);
#1925 = CARTESIAN_POINT('',(2.5,-6.35,4.25));
#1926 = DIRECTION('',(-0.,1.,-1.1E-16));
#1927 = DIRECTION('',(-1.,-1.21E-32,-1.1E-16));
#1928 = ADVANCED_FACE('',(#1929,#1935,#1946,#1957,#1968),#1979,.F.);
#1929 = FACE_BOUND('',#1930,.F.);
#1930 = EDGE_LOOP('',(#1931,#1932,#1933,#1934));
#1931 = ORIENTED_EDGE('',*,*,#1853,.F.);
#1932 = ORIENTED_EDGE('',*,*,#1867,.T.);
#1933 = ORIENTED_EDGE('',*,*,#1901,.T.);
#1934 = ORIENTED_EDGE('',*,*,#1915,.T.);
#1935 = FACE_BOUND('',#1936,.F.);
#1936 = EDGE_LOOP('',(#1937));
#1937 = ORIENTED_EDGE('',*,*,#1938,.T.);
#1938 = EDGE_CURVE('',#1939,#1939,#1941,.T.);
#1939 = VERTEX_POINT('',#1940);
#1940 = CARTESIAN_POINT('',(1.25,2.22,4.25));
#1941 = CIRCLE('',#1942,0.32);
#1942 = AXIS2_PLACEMENT_3D('',#1943,#1944,#1945);
#1943 = CARTESIAN_POINT('',(1.25,2.54,4.25));
#1944 = DIRECTION('',(1.1E-16,3.3E-16,1.));
#1945 = DIRECTION('',(2.2E-16,-1.,3.3E-16));
#1946 = FACE_BOUND('',#1947,.F.);
#1947 = EDGE_LOOP('',(#1948));
#1948 = ORIENTED_EDGE('',*,*,#1949,.T.);
#1949 = EDGE_CURVE('',#1950,#1950,#1952,.T.);
#1950 = VERTEX_POINT('',#1951);
#1951 = CARTESIAN_POINT('',(1.25,-0.32,4.25));
#1952 = CIRCLE('',#1953,0.32);
#1953 = AXIS2_PLACEMENT_3D('',#1954,#1955,#1956);
#1954 = CARTESIAN_POINT('',(1.25,-8.881784197001E-16,4.25));
#1955 = DIRECTION('',(1.1E-16,3.3E-16,1.));
#1956 = DIRECTION('',(2.2E-16,-1.,3.3E-16));
#1957 = FACE_BOUND('',#1958,.F.);
#1958 = EDGE_LOOP('',(#1959));
#1959 = ORIENTED_EDGE('',*,*,#1960,.T.);
#1960 = EDGE_CURVE('',#1961,#1961,#1963,.T.);
#1961 = VERTEX_POINT('',#1962);
#1962 = CARTESIAN_POINT('',(1.25,-2.86,4.25));
#1963 = CIRCLE('',#1964,0.32);
#1964 = AXIS2_PLACEMENT_3D('',#1965,#1966,#1967);
#1965 = CARTESIAN_POINT('',(1.25,-2.54,4.25));
#1966 = DIRECTION('',(1.1E-16,3.3E-16,1.));
#1967 = DIRECTION('',(2.2E-16,-1.,3.3E-16));
#1968 = FACE_BOUND('',#1969,.F.);
#1969 = EDGE_LOOP('',(#1970));
#1970 = ORIENTED_EDGE('',*,*,#1971,.T.);
#1971 = EDGE_CURVE('',#1972,#1972,#1974,.T.);
#1972 = VERTEX_POINT('',#1973);
#1973 = CARTESIAN_POINT('',(1.25,-5.4,4.25));
#1974 = CIRCLE('',#1975,0.32);
#1975 = AXIS2_PLACEMENT_3D('',#1976,#1977,#1978);
#1976 = CARTESIAN_POINT('',(1.25,-5.08,4.25));
#1977 = DIRECTION('',(1.1E-16,3.3E-16,1.));
#1978 = DIRECTION('',(2.2E-16,-1.,3.3E-16));
#1979 = PLANE('',#1980);
#1980 = AXIS2_PLACEMENT_3D('',#1981,#1982,#1983);
#1981 = CARTESIAN_POINT('',(-7.71E-15,24.13,4.25));
#1982 = DIRECTION('',(3.3E-16,-1.1E-16,-1.));
#1983 = DIRECTION('',(2.2E-16,-1.,1.1E-16));
#1984 = ADVANCED_FACE('',(#1985),#2004,.F.);
#1985 = FACE_BOUND('',#1986,.F.);
#1986 = EDGE_LOOP('',(#1987,#1995,#2002,#2003));
#1987 = ORIENTED_EDGE('',*,*,#1988,.T.);
#1988 = EDGE_CURVE('',#1939,#1989,#1991,.T.);
#1989 = VERTEX_POINT('',#1990);
#1990 = CARTESIAN_POINT('',(1.25,2.22,-1.75));
#1991 = LINE('',#1992,#1993);
#1992 = CARTESIAN_POINT('',(1.25,2.22,4.25));
#1993 = VECTOR('',#1994,1.);
#1994 = DIRECTION('',(5.5E-16,1.1E-16,-1.));
#1995 = ORIENTED_EDGE('',*,*,#1996,.T.);
#1996 = EDGE_CURVE('',#1989,#1989,#1997,.T.);
#1997 = CIRCLE('',#1998,0.32);
#1998 = AXIS2_PLACEMENT_3D('',#1999,#2000,#2001);
#1999 = CARTESIAN_POINT('',(1.25,2.54,-1.75));
#2000 = DIRECTION('',(1.1E-16,3.3E-16,1.));
#2001 = DIRECTION('',(2.2E-16,-1.,3.3E-16));
#2002 = ORIENTED_EDGE('',*,*,#1988,.F.);
#2003 = ORIENTED_EDGE('',*,*,#1938,.F.);
#2004 = CYLINDRICAL_SURFACE('',#2005,0.32);
#2005 = AXIS2_PLACEMENT_3D('',#2006,#2007,#2008);
#2006 = CARTESIAN_POINT('',(1.25,2.54,4.25));
#2007 = DIRECTION('',(-3.3E-16,1.1E-16,1.));
#2008 = DIRECTION('',(4.4E-16,-1.,1.1E-16));
#2009 = ADVANCED_FACE('',(#2010),#2029,.F.);
#2010 = FACE_BOUND('',#2011,.F.);
#2011 = EDGE_LOOP('',(#2012,#2020,#2027,#2028));
#2012 = ORIENTED_EDGE('',*,*,#2013,.T.);
#2013 = EDGE_CURVE('',#1950,#2014,#2016,.T.);
#2014 = VERTEX_POINT('',#2015);
#2015 = CARTESIAN_POINT('',(1.25,-0.32,-1.75));
#2016 = LINE('',#2017,#2018);
#2017 = CARTESIAN_POINT('',(1.25,-0.32,4.25));
#2018 = VECTOR('',#2019,1.);
#2019 = DIRECTION('',(5.5E-16,1.1E-16,-1.));
#2020 = ORIENTED_EDGE('',*,*,#2021,.T.);
#2021 = EDGE_CURVE('',#2014,#2014,#2022,.T.);
#2022 = CIRCLE('',#2023,0.32);
#2023 = AXIS2_PLACEMENT_3D('',#2024,#2025,#2026);
#2024 = CARTESIAN_POINT('',(1.25,2.22044604925E-15,-1.75));
#2025 = DIRECTION('',(1.1E-16,3.3E-16,1.));
#2026 = DIRECTION('',(2.2E-16,-1.,3.3E-16));
#2027 = ORIENTED_EDGE('',*,*,#2013,.F.);
#2028 = ORIENTED_EDGE('',*,*,#1949,.F.);
#2029 = CYLINDRICAL_SURFACE('',#2030,0.32);
#2030 = AXIS2_PLACEMENT_3D('',#2031,#2032,#2033);
#2031 = CARTESIAN_POINT('',(1.25,6.7E-16,4.25));
#2032 = DIRECTION('',(-3.3E-16,1.1E-16,1.));
#2033 = DIRECTION('',(4.4E-16,-1.,1.1E-16));
#2034 = ADVANCED_FACE('',(#2035),#2054,.F.);
#2035 = FACE_BOUND('',#2036,.F.);
#2036 = EDGE_LOOP('',(#2037,#2045,#2052,#2053));
#2037 = ORIENTED_EDGE('',*,*,#2038,.T.);
#2038 = EDGE_CURVE('',#1961,#2039,#2041,.T.);
#2039 = VERTEX_POINT('',#2040);
#2040 = CARTESIAN_POINT('',(1.25,-2.86,-1.75));
#2041 = LINE('',#2042,#2043);
#2042 = CARTESIAN_POINT('',(1.25,-2.86,4.25));
#2043 = VECTOR('',#2044,1.);
#2044 = DIRECTION('',(5.5E-16,1.1E-16,-1.));
#2045 = ORIENTED_EDGE('',*,*,#2046,.T.);
#2046 = EDGE_CURVE('',#2039,#2039,#2047,.T.);
#2047 = CIRCLE('',#2048,0.32);
#2048 = AXIS2_PLACEMENT_3D('',#2049,#2050,#2051);
#2049 = CARTESIAN_POINT('',(1.25,-2.54,-1.75));
#2050 = DIRECTION('',(1.1E-16,3.3E-16,1.));
#2051 = DIRECTION('',(2.2E-16,-1.,3.3E-16));
#2052 = ORIENTED_EDGE('',*,*,#2038,.F.);
#2053 = ORIENTED_EDGE('',*,*,#1960,.F.);
#2054 = CYLINDRICAL_SURFACE('',#2055,0.32);
#2055 = AXIS2_PLACEMENT_3D('',#2056,#2057,#2058);
#2056 = CARTESIAN_POINT('',(1.25,-2.54,4.25));
#2057 = DIRECTION('',(-3.3E-16,1.1E-16,1.));
#2058 = DIRECTION('',(4.4E-16,-1.,1.1E-16));
#2059 = ADVANCED_FACE('',(#2060),#2079,.F.);
#2060 = FACE_BOUND('',#2061,.F.);
#2061 = EDGE_LOOP('',(#2062,#2070,#2077,#2078));
#2062 = ORIENTED_EDGE('',*,*,#2063,.T.);
#2063 = EDGE_CURVE('',#1972,#2064,#2066,.T.);
#2064 = VERTEX_POINT('',#2065);
#2065 = CARTESIAN_POINT('',(1.25,-5.4,-1.75));
#2066 = LINE('',#2067,#2068);
#2067 = CARTESIAN_POINT('',(1.25,-5.4,4.25));
#2068 = VECTOR('',#2069,1.);
#2069 = DIRECTION('',(5.5E-16,1.1E-16,-1.));
#2070 = ORIENTED_EDGE('',*,*,#2071,.T.);
#2071 = EDGE_CURVE('',#2064,#2064,#2072,.T.);
#2072 = CIRCLE('',#2073,0.32);
#2073 = AXIS2_PLACEMENT_3D('',#2074,#2075,#2076);
#2074 = CARTESIAN_POINT('',(1.25,-5.08,-1.75));
#2075 = DIRECTION('',(1.1E-16,3.3E-16,1.));
#2076 = DIRECTION('',(2.2E-16,-1.,3.3E-16));
#2077 = ORIENTED_EDGE('',*,*,#2063,.F.);
#2078 = ORIENTED_EDGE('',*,*,#1971,.F.);
#2079 = CYLINDRICAL_SURFACE('',#2080,0.32);
#2080 = AXIS2_PLACEMENT_3D('',#2081,#2082,#2083);
#2081 = CARTESIAN_POINT('',(1.25,-5.08,4.25));
#2082 = DIRECTION('',(-3.3E-16,1.1E-16,1.));
#2083 = DIRECTION('',(4.4E-16,-1.,1.1E-16));
#2084 = ADVANCED_FACE('',(#2085),#2088,.T.);
#2085 = FACE_BOUND('',#2086,.T.);
#2086 = EDGE_LOOP('',(#2087));
#2087 = ORIENTED_EDGE('',*,*,#1996,.T.);
#2088 = PLANE('',#2089);
#2089 = AXIS2_PLACEMENT_3D('',#2090,#2091,#2092);
#2090 = CARTESIAN_POINT('',(1.25,5.329070518201E-15,-1.75));
#2091 = DIRECTION('',(-3.3E-16,-1.1E-16,1.));
#2092 = DIRECTION('',(1.,-2.2E-16,3.3E-16));
#2093 = ADVANCED_FACE('',(#2094),#2097,.T.);
#2094 = FACE_BOUND('',#2095,.T.);
#2095 = EDGE_LOOP('',(#2096));
#2096 = ORIENTED_EDGE('',*,*,#2021,.T.);
#2097 = PLANE('',#2098);
#2098 = AXIS2_PLACEMENT_3D('',#2099,#2100,#2101);
#2099 = CARTESIAN_POINT('',(1.25,5.329070518201E-15,-1.75));
#2100 = DIRECTION('',(-3.3E-16,-1.1E-16,1.));
#2101 = DIRECTION('',(1.,-2.2E-16,3.3E-16));
#2102 = ADVANCED_FACE('',(#2103),#2106,.T.);
#2103 = FACE_BOUND('',#2104,.T.);
#2104 = EDGE_LOOP('',(#2105));
#2105 = ORIENTED_EDGE('',*,*,#2046,.T.);
#2106 = PLANE('',#2107);
#2107 = AXIS2_PLACEMENT_3D('',#2108,#2109,#2110);
#2108 = CARTESIAN_POINT('',(1.25,5.329070518201E-15,-1.75));
#2109 = DIRECTION('',(-3.3E-16,-1.1E-16,1.));
#2110 = DIRECTION('',(1.,-2.2E-16,3.3E-16));
#2111 = ADVANCED_FACE('',(#2112),#2115,.T.);
#2112 = FACE_BOUND('',#2113,.T.);
#2113 = EDGE_LOOP('',(#2114));
#2114 = ORIENTED_EDGE('',*,*,#2071,.T.);
#2115 = PLANE('',#2116);
#2116 = AXIS2_PLACEMENT_3D('',#2117,#2118,#2119);
#2117 = CARTESIAN_POINT('',(1.25,5.329070518201E-15,-1.75));
#2118 = DIRECTION('',(-3.3E-16,-1.1E-16,1.));
#2119 = DIRECTION('',(1.,-2.2E-16,3.3E-16));
#2120 = ( GEOMETRIC_REPRESENTATION_CONTEXT(3) 
GLOBAL_UNCERTAINTY_ASSIGNED_CONTEXT((#2124)) 
GLOBAL_UNIT_ASSIGNED_CONTEXT((#2121,#2122,#2123)) REPRESENTATION_CONTEXT
('Context #1','3D Context with UNIT and UNCERTAINTY') );
#2121 = ( LENGTH_UNIT() NAMED_UNIT(*) SI_UNIT(.MILLI.,.METRE.) );
#2122 = ( NAMED_UNIT(*) PLANE_ANGLE_UNIT() SI_UNIT($,.RADIAN.) );
#2123 = ( NAMED_UNIT(*) SI_UNIT($,.STERADIAN.) SOLID_ANGLE_UNIT() );
#2124 = UNCERTAINTY_MEASURE_WITH_UNIT(LENGTH_MEASURE(5.E-06),#2121,
  'distance_accuracy_value','confusion accuracy');
#2125 = CONTEXT_DEPENDENT_SHAPE_REPRESENTATION(#2126,#2128);
#2126 = ( REPRESENTATION_RELATIONSHIP('','',#1789,#1727) 
REPRESENTATION_RELATIONSHIP_WITH_TRANSFORMATION(#2127) 
SHAPE_REPRESENTATION_RELATIONSHIP() );
#2127 = ITEM_DEFINED_TRANSFORMATION('','',#11,#1732);
#2128 = PRODUCT_DEFINITION_SHAPE('Placement','Placement of an item',
  #2129);
#2129 = NEXT_ASSEMBLY_USAGE_OCCURRENCE('17','Parte plastica001','',#1722
  ,#1784,$);
#2130 = PRODUCT_RELATED_PRODUCT_CATEGORY('part',$,(#1786));
#2131 = SHAPE_DEFINITION_REPRESENTATION(#2132,#2138);
#2132 = PRODUCT_DEFINITION_SHAPE('','',#2133);
#2133 = PRODUCT_DEFINITION('design','',#2134,#2137);
#2134 = PRODUCT_DEFINITION_FORMATION('','',#2135);
#2135 = PRODUCT('Parte metalica','Parte metalica','',(#2136));
#2136 = PRODUCT_CONTEXT('',#2,'mechanical');
#2137 = PRODUCT_DEFINITION_CONTEXT('part definition',#2,'design');
#2138 = ADVANCED_BREP_SHAPE_REPRESENTATION('',(#11,#2139),#2192);
#2139 = MANIFOLD_SOLID_BREP('',#2140);
#2140 = CLOSED_SHELL('',(#2141,#2174,#2183));
#2141 = ADVANCED_FACE('',(#2142),#2169,.T.);
#2142 = FACE_BOUND('',#2143,.F.);
#2143 = EDGE_LOOP('',(#2144,#2154,#2161,#2162));
#2144 = ORIENTED_EDGE('',*,*,#2145,.T.);
#2145 = EDGE_CURVE('',#2146,#2148,#2150,.T.);
#2146 = VERTEX_POINT('',#2147);
#2147 = CARTESIAN_POINT('',(0.325,0.,0.));
#2148 = VERTEX_POINT('',#2149);
#2149 = CARTESIAN_POINT('',(0.325,0.,3.));
#2150 = LINE('',#2151,#2152);
#2151 = CARTESIAN_POINT('',(0.325,0.,0.));
#2152 = VECTOR('',#2153,1.);
#2153 = DIRECTION('',(0.,0.,1.));
#2154 = ORIENTED_EDGE('',*,*,#2155,.T.);
#2155 = EDGE_CURVE('',#2148,#2148,#2156,.T.);
#2156 = CIRCLE('',#2157,0.325);
#2157 = AXIS2_PLACEMENT_3D('',#2158,#2159,#2160);
#2158 = CARTESIAN_POINT('',(0.,0.,3.));
#2159 = DIRECTION('',(0.,0.,1.));
#2160 = DIRECTION('',(1.,0.,0.));
#2161 = ORIENTED_EDGE('',*,*,#2145,.F.);
#2162 = ORIENTED_EDGE('',*,*,#2163,.F.);
#2163 = EDGE_CURVE('',#2146,#2146,#2164,.T.);
#2164 = CIRCLE('',#2165,0.325);
#2165 = AXIS2_PLACEMENT_3D('',#2166,#2167,#2168);
#2166 = CARTESIAN_POINT('',(0.,0.,0.));
#2167 = DIRECTION('',(0.,0.,1.));
#2168 = DIRECTION('',(1.,0.,0.));
#2169 = CYLINDRICAL_SURFACE('',#2170,0.325);
#2170 = AXIS2_PLACEMENT_3D('',#2171,#2172,#2173);
#2171 = CARTESIAN_POINT('',(0.,0.,0.));
#2172 = DIRECTION('',(-0.,-0.,-1.));
#2173 = DIRECTION('',(1.,0.,0.));
#2174 = ADVANCED_FACE('',(#2175),#2178,.F.);
#2175 = FACE_BOUND('',#2176,.F.);
#2176 = EDGE_LOOP('',(#2177));
#2177 = ORIENTED_EDGE('',*,*,#2163,.T.);
#2178 = PLANE('',#2179);
#2179 = AXIS2_PLACEMENT_3D('',#2180,#2181,#2182);
#2180 = CARTESIAN_POINT('',(-2.E-17,2.E-17,0.));
#2181 = DIRECTION('',(0.,0.,1.));
#2182 = DIRECTION('',(1.,0.,0.));
#2183 = ADVANCED_FACE('',(#2184),#2187,.T.);
#2184 = FACE_BOUND('',#2185,.T.);
#2185 = EDGE_LOOP('',(#2186));
#2186 = ORIENTED_EDGE('',*,*,#2155,.T.);
#2187 = PLANE('',#2188);
#2188 = AXIS2_PLACEMENT_3D('',#2189,#2190,#2191);
#2189 = CARTESIAN_POINT('',(-2.E-17,2.E-17,3.));
#2190 = DIRECTION('',(0.,0.,1.));
#2191 = DIRECTION('',(1.,0.,0.));
#2192 = ( GEOMETRIC_REPRESENTATION_CONTEXT(3) 
GLOBAL_UNCERTAINTY_ASSIGNED_CONTEXT((#2196)) 
GLOBAL_UNIT_ASSIGNED_CONTEXT((#2193,#2194,#2195)) REPRESENTATION_CONTEXT
('Context #1','3D Context with UNIT and UNCERTAINTY') );
#2193 = ( LENGTH_UNIT() NAMED_UNIT(*) SI_UNIT(.MILLI.,.METRE.) );
#2194 = ( NAMED_UNIT(*) PLANE_ANGLE_UNIT() SI_UNIT($,.RADIAN.) );
#2195 = ( NAMED_UNIT(*) SI_UNIT($,.STERADIAN.) SOLID_ANGLE_UNIT() );
#2196 = UNCERTAINTY_MEASURE_WITH_UNIT(LENGTH_MEASURE(1.E-07),#2193,
  'distance_accuracy_value','confusion accuracy');
#2197 = CONTEXT_DEPENDENT_SHAPE_REPRESENTATION(#2198,#2200);
#2198 = ( REPRESENTATION_RELATIONSHIP('','',#2138,#1727) 
REPRESENTATION_RELATIONSHIP_WITH_TRANSFORMATION(#2199) 
SHAPE_REPRESENTATION_RELATIONSHIP() );
#2199 = ITEM_DEFINED_TRANSFORMATION('','',#11,#1736);
#2200 = PRODUCT_DEFINITION_SHAPE('Placement','Placement of an item',
  #2201);
#2201 = NEXT_ASSEMBLY_USAGE_OCCURRENCE('18','Parte metalica001','',#1722
  ,#2133,$);
#2202 = PRODUCT_RELATED_PRODUCT_CATEGORY('part',$,(#2135));
#2203 = CONTEXT_DEPENDENT_SHAPE_REPRESENTATION(#2204,#2206);
#2204 = ( REPRESENTATION_RELATIONSHIP('','',#2138,#1727) 
REPRESENTATION_RELATIONSHIP_WITH_TRANSFORMATION(#2205) 
SHAPE_REPRESENTATION_RELATIONSHIP() );
#2205 = ITEM_DEFINED_TRANSFORMATION('','',#11,#1740);
#2206 = PRODUCT_DEFINITION_SHAPE('Placement','Placement of an item',
  #2207);
#2207 = NEXT_ASSEMBLY_USAGE_OCCURRENCE('19','Parte metalica002','',#1722
  ,#2133,$);
#2208 = CONTEXT_DEPENDENT_SHAPE_REPRESENTATION(#2209,#2211);
#2209 = ( REPRESENTATION_RELATIONSHIP('','',#2138,#1727) 
REPRESENTATION_RELATIONSHIP_WITH_TRANSFORMATION(#2210) 
SHAPE_REPRESENTATION_RELATIONSHIP() );
#2210 = ITEM_DEFINED_TRANSFORMATION('','',#11,#1744);
#2211 = PRODUCT_DEFINITION_SHAPE('Placement','Placement of an item',
  #2212);
#2212 = NEXT_ASSEMBLY_USAGE_OCCURRENCE('20','Parte metalica003','',#1722
  ,#2133,$);
#2213 = CONTEXT_DEPENDENT_SHAPE_REPRESENTATION(#2214,#2216);
#2214 = ( REPRESENTATION_RELATIONSHIP('','',#2138,#1727) 
REPRESENTATION_RELATIONSHIP_WITH_TRANSFORMATION(#2215) 
SHAPE_REPRESENTATION_RELATIONSHIP() );
#2215 = ITEM_DEFINED_TRANSFORMATION('','',#11,#1748);
#2216 = PRODUCT_DEFINITION_SHAPE('Placement','Placement of an item',
  #2217);
#2217 = NEXT_ASSEMBLY_USAGE_OCCURRENCE('21','Parte metalica004','',#1722
  ,#2133,$);
#2218 = CONTEXT_DEPENDENT_SHAPE_REPRESENTATION(#2219,#2221);
#2219 = ( REPRESENTATION_RELATIONSHIP('','',#1727,#10) 
REPRESENTATION_RELATIONSHIP_WITH_TRANSFORMATION(#2220) 
SHAPE_REPRESENTATION_RELATIONSHIP() );
#2220 = ITEM_DEFINED_TRANSFORMATION('','',#11,#35);
#2221 = PRODUCT_DEFINITION_SHAPE('Placement','Placement of an item',
  #2222);
#2222 = NEXT_ASSEMBLY_USAGE_OCCURRENCE('23','Pin_socket___copia001','',
  #5,#1722,$);
#2223 = MECHANICAL_DESIGN_GEOMETRIC_PRESENTATION_REPRESENTATION('',(
    #2224),#2120);
#2224 = STYLED_ITEM('color',(#2225),#1790);
#2225 = PRESENTATION_STYLE_ASSIGNMENT((#2226,#2232));
#2226 = SURFACE_STYLE_USAGE(.BOTH.,#2227);
#2227 = SURFACE_SIDE_STYLE('',(#2228));
#2228 = SURFACE_STYLE_FILL_AREA(#2229);
#2229 = FILL_AREA_STYLE('',(#2230));
#2230 = FILL_AREA_STYLE_COLOUR('',#2231);
#2231 = DRAUGHTING_PRE_DEFINED_COLOUR('black');
#2232 = CURVE_STYLE('',#2233,POSITIVE_LENGTH_MEASURE(0.1),#2234);
#2233 = DRAUGHTING_PRE_DEFINED_CURVE_FONT('continuous');
#2234 = COLOUR_RGB('',9.803921802644E-02,9.803921802644E-02,
  9.803921802644E-02);
#2235 = MECHANICAL_DESIGN_GEOMETRIC_PRESENTATION_REPRESENTATION('',(
    #2236),#1602);
#2236 = STYLED_ITEM('color',(#2237),#1549);
#2237 = PRESENTATION_STYLE_ASSIGNMENT((#2238,#2244));
#2238 = SURFACE_STYLE_USAGE(.BOTH.,#2239);
#2239 = SURFACE_SIDE_STYLE('',(#2240));
#2240 = SURFACE_STYLE_FILL_AREA(#2241);
#2241 = FILL_AREA_STYLE('',(#2242));
#2242 = FILL_AREA_STYLE_COLOUR('',#2243);
#2243 = COLOUR_RGB('',0.780392170416,0.568627474046,0.113725493293);
#2244 = CURVE_STYLE('',#2245,POSITIVE_LENGTH_MEASURE(0.1),#2234);
#2245 = DRAUGHTING_PRE_DEFINED_CURVE_FONT('continuous');
#2246 = MECHANICAL_DESIGN_GEOMETRIC_PRESENTATION_REPRESENTATION('',(
    #2247),#2192);
#2247 = STYLED_ITEM('color',(#2248),#2139);
#2248 = PRESENTATION_STYLE_ASSIGNMENT((#2249,#2254));
#2249 = SURFACE_STYLE_USAGE(.BOTH.,#2250);
#2250 = SURFACE_SIDE_STYLE('',(#2251));
#2251 = SURFACE_STYLE_FILL_AREA(#2252);
#2252 = FILL_AREA_STYLE('',(#2253));
#2253 = FILL_AREA_STYLE_COLOUR('',#2243);
#2254 = CURVE_STYLE('',#2255,POSITIVE_LENGTH_MEASURE(0.1),#2234);
#2255 = DRAUGHTING_PRE_DEFINED_CURVE_FONT('continuous');
#2256 = MECHANICAL_DESIGN_GEOMETRIC_PRESENTATION_REPRESENTATION('',(
    #2257),#1689);
#2257 = STYLED_ITEM('color',(#2258),#1636);
#2258 = PRESENTATION_STYLE_ASSIGNMENT((#2259,#2264));
#2259 = SURFACE_STYLE_USAGE(.BOTH.,#2260);
#2260 = SURFACE_SIDE_STYLE('',(#2261));
#2261 = SURFACE_STYLE_FILL_AREA(#2262);
#2262 = FILL_AREA_STYLE('',(#2263));
#2263 = FILL_AREA_STYLE_COLOUR('',#2243);
#2264 = CURVE_STYLE('',#2265,POSITIVE_LENGTH_MEASURE(0.1),#2234);
#2265 = DRAUGHTING_PRE_DEFINED_CURVE_FONT('continuous');
#2266 = MECHANICAL_DESIGN_GEOMETRIC_PRESENTATION_REPRESENTATION('',(
    #2267),#1511);
#2267 = STYLED_ITEM('color',(#2268),#635);
#2268 = PRESENTATION_STYLE_ASSIGNMENT((#2269,#2274));
#2269 = SURFACE_STYLE_USAGE(.BOTH.,#2270);
#2270 = SURFACE_SIDE_STYLE('',(#2271));
#2271 = SURFACE_STYLE_FILL_AREA(#2272);
#2272 = FILL_AREA_STYLE('',(#2273));
#2273 = FILL_AREA_STYLE_COLOUR('',#2231);
#2274 = CURVE_STYLE('',#2275,POSITIVE_LENGTH_MEASURE(0.1),#2234);
#2275 = DRAUGHTING_PRE_DEFINED_CURVE_FONT('continuous');
#2276 = MECHANICAL_DESIGN_GEOMETRIC_PRESENTATION_REPRESENTATION('',(
    #2277),#534);
#2277 = STYLED_ITEM('color',(#2278),#72);
#2278 = PRESENTATION_STYLE_ASSIGNMENT((#2279,#2285));
#2279 = SURFACE_STYLE_USAGE(.BOTH.,#2280);
#2280 = SURFACE_SIDE_STYLE('',(#2281));
#2281 = SURFACE_STYLE_FILL_AREA(#2282);
#2282 = FILL_AREA_STYLE('',(#2283));
#2283 = FILL_AREA_STYLE_COLOUR('',#2284);
#2284 = COLOUR_RGB('',0.447058818107,0.474509808674,0.501960817233);
#2285 = CURVE_STYLE('',#2286,POSITIVE_LENGTH_MEASURE(0.1),#2234);
#2286 = DRAUGHTING_PRE_DEFINED_CURVE_FONT('continuous');
ENDSEC;
END-ISO-10303-21;
