ISO-10303-21;
HEADER;
FILE_DESCRIPTION(('FreeCAD Model'),'2;1');
FILE_NAME('Open CASCADE Shape Model','2026-02-06T15:03:23',(''),(''),
  'Open CASCADE STEP processor 7.8','FreeCAD','Unknown');
FILE_SCHEMA(('AUTOMOTIVE_DESIGN { 1 0 10303 214 1 1 1 1 }'));
ENDSEC;
DATA;
#1 = APPLICATION_PROTOCOL_DEFINITION('international standard',
  'automotive_design',2000,#2);
#2 = APPLICATION_CONTEXT(
  'core data for automotive mechanical design processes');
#3 = SHAPE_DEFINITION_REPRESENTATION(#4,#10);
#4 = PRODUCT_DEFINITION_SHAPE('','',#5);
#5 = PRODUCT_DEFINITION('design','',#6,#9);
#6 = PRODUCT_DEFINITION_FORMATION('','',#7);
#7 = PRODUCT('Assembly','Assembly','',(#8));
#8 = PRODUCT_CONTEXT('',#2,'mechanical');
#9 = PRODUCT_DEFINITION_CONTEXT('part definition',#2,'design');
#10 = SHAPE_REPRESENTATION('',(#11,#15,#19,#23,#27),#31);
#11 = AXIS2_PLACEMENT_3D('',#12,#13,#14);
#12 = CARTESIAN_POINT('',(0.,0.,0.));
#13 = DIRECTION('',(0.,0.,1.));
#14 = DIRECTION('',(1.,0.,-0.));
#15 = AXIS2_PLACEMENT_3D('',#16,#17,#18);
#16 = CARTESIAN_POINT('',(0.,0.,0.));
#17 = DIRECTION('',(0.,0.,1.));
#18 = DIRECTION('',(1.,0.,0.));
#19 = AXIS2_PLACEMENT_3D('',#20,#21,#22);
#20 = CARTESIAN_POINT('',(0.,0.,0.));
#21 = DIRECTION('',(0.,0.,1.));
#22 = DIRECTION('',(1.,0.,0.));
#23 = AXIS2_PLACEMENT_3D('',#24,#25,#26);
#24 = CARTESIAN_POINT('',(-28.71,-1.27,-2.5));
#25 = DIRECTION('',(2.592226237855E-32,1.224646799147E-16,-1.));
#26 = DIRECTION('',(-1.,2.22044604925E-16,1.270359090391E-33));
#27 = AXIS2_PLACEMENT_3D('',#28,#29,#30);
#28 = CARTESIAN_POINT('',(-28.71,-1.27,-2.5));
#29 = DIRECTION('',(-1.224646799147E-16,-1.224646799147E-16,1.));
#30 = DIRECTION('',(1.,-2.22044604925E-16,1.224646799147E-16));
#31 = ( GEOMETRIC_REPRESENTATION_CONTEXT(3) 
GLOBAL_UNCERTAINTY_ASSIGNED_CONTEXT((#35)) GLOBAL_UNIT_ASSIGNED_CONTEXT(
(#32,#33,#34)) REPRESENTATION_CONTEXT('Context #1',
  '3D Context with UNIT and UNCERTAINTY') );
#32 = ( LENGTH_UNIT() NAMED_UNIT(*) SI_UNIT(.MILLI.,.METRE.) );
#33 = ( NAMED_UNIT(*) PLANE_ANGLE_UNIT() SI_UNIT($,.RADIAN.) );
#34 = ( NAMED_UNIT(*) SI_UNIT($,.STERADIAN.) SOLID_ANGLE_UNIT() );
#35 = UNCERTAINTY_MEASURE_WITH_UNIT(LENGTH_MEASURE(1.E-06),#32,
  'distance_accuracy_value','confusion accuracy');
#36 = PRODUCT_RELATED_PRODUCT_CATEGORY('part',$,(#7));
#37 = SHAPE_DEFINITION_REPRESENTATION(#38,#44);
#38 = PRODUCT_DEFINITION_SHAPE('','',#39);
#39 = PRODUCT_DEFINITION('design','',#40,#43);
#40 = PRODUCT_DEFINITION_FORMATION('','',#41);
#41 = PRODUCT('LCS_Origin','LCS_Origin','',(#42));
#42 = PRODUCT_CONTEXT('',#2,'mechanical');
#43 = PRODUCT_DEFINITION_CONTEXT('part definition',#2,'design');
#44 = MANIFOLD_SURFACE_SHAPE_REPRESENTATION('',(#11),#45);
#45 = ( GEOMETRIC_REPRESENTATION_CONTEXT(3) 
GLOBAL_UNCERTAINTY_ASSIGNED_CONTEXT((#49)) GLOBAL_UNIT_ASSIGNED_CONTEXT(
(#46,#47,#48)) REPRESENTATION_CONTEXT('Context #1',
  '3D Context with UNIT and UNCERTAINTY') );
#46 = ( LENGTH_UNIT() NAMED_UNIT(*) SI_UNIT(.MILLI.,.METRE.) );
#47 = ( NAMED_UNIT(*) PLANE_ANGLE_UNIT() SI_UNIT($,.RADIAN.) );
#48 = ( NAMED_UNIT(*) SI_UNIT($,.STERADIAN.) SOLID_ANGLE_UNIT() );
#49 = UNCERTAINTY_MEASURE_WITH_UNIT(LENGTH_MEASURE(1.E-07),#46,
  'distance_accuracy_value','confusion accuracy');
#50 = CONTEXT_DEPENDENT_SHAPE_REPRESENTATION(#51,#53);
#51 = ( REPRESENTATION_RELATIONSHIP('','',#44,#10) 
REPRESENTATION_RELATIONSHIP_WITH_TRANSFORMATION(#52) 
SHAPE_REPRESENTATION_RELATIONSHIP() );
#52 = ITEM_DEFINED_TRANSFORMATION('','',#11,#15);
#53 = PRODUCT_DEFINITION_SHAPE('Placement','Placement of an item',#54);
#54 = NEXT_ASSEMBLY_USAGE_OCCURRENCE('1','LCS_Origin','',#5,#39,$);
#55 = PRODUCT_RELATED_PRODUCT_CATEGORY('part',$,(#41));
#56 = SHAPE_DEFINITION_REPRESENTATION(#57,#63);
#57 = PRODUCT_DEFINITION_SHAPE('','',#58);
#58 = PRODUCT_DEFINITION('design','',#59,#62);
#59 = PRODUCT_DEFINITION_FORMATION('','',#60);
#60 = PRODUCT('PCA9685','PCA9685','',(#61));
#61 = PRODUCT_CONTEXT('',#2,'mechanical');
#62 = PRODUCT_DEFINITION_CONTEXT('part definition',#2,'design');
#63 = ADVANCED_BREP_SHAPE_REPRESENTATION('',(#11,#64),#448);
#64 = MANIFOLD_SOLID_BREP('',#65);
#65 = CLOSED_SHELL('',(#66,#106,#137,#168,#190,#223,#256,#289,#322,#355,
    #388,#418));
#66 = ADVANCED_FACE('',(#67),#101,.F.);
#67 = FACE_BOUND('',#68,.F.);
#68 = EDGE_LOOP('',(#69,#79,#87,#95));
#69 = ORIENTED_EDGE('',*,*,#70,.T.);
#70 = EDGE_CURVE('',#71,#73,#75,.T.);
#71 = VERTEX_POINT('',#72);
#72 = CARTESIAN_POINT('',(-31.25,-12.75,0.));
#73 = VERTEX_POINT('',#74);
#74 = CARTESIAN_POINT('',(-31.25,-12.75,1.6));
#75 = LINE('',#76,#77);
#76 = CARTESIAN_POINT('',(-31.25,-12.75,0.));
#77 = VECTOR('',#78,1.);
#78 = DIRECTION('',(0.,0.,1.));
#79 = ORIENTED_EDGE('',*,*,#80,.T.);
#80 = EDGE_CURVE('',#73,#81,#83,.T.);
#81 = VERTEX_POINT('',#82);
#82 = CARTESIAN_POINT('',(31.25,-12.75,1.6));
#83 = LINE('',#84,#85);
#84 = CARTESIAN_POINT('',(-31.25,-12.75,1.6));
#85 = VECTOR('',#86,1.);
#86 = DIRECTION('',(1.,0.,0.));
#87 = ORIENTED_EDGE('',*,*,#88,.F.);
#88 = EDGE_CURVE('',#89,#81,#91,.T.);
#89 = VERTEX_POINT('',#90);
#90 = CARTESIAN_POINT('',(31.25,-12.75,0.));
#91 = LINE('',#92,#93);
#92 = CARTESIAN_POINT('',(31.25,-12.75,0.));
#93 = VECTOR('',#94,1.);
#94 = DIRECTION('',(0.,0.,1.));
#95 = ORIENTED_EDGE('',*,*,#96,.F.);
#96 = EDGE_CURVE('',#71,#89,#97,.T.);
#97 = LINE('',#98,#99);
#98 = CARTESIAN_POINT('',(-31.25,-12.75,0.));
#99 = VECTOR('',#100,1.);
#100 = DIRECTION('',(1.,0.,0.));
#101 = PLANE('',#102);
#102 = AXIS2_PLACEMENT_3D('',#103,#104,#105);
#103 = CARTESIAN_POINT('',(-31.25,-12.75,0.));
#104 = DIRECTION('',(0.,1.,0.));
#105 = DIRECTION('',(1.,0.,0.));
#106 = ADVANCED_FACE('',(#107),#132,.F.);
#107 = FACE_BOUND('',#108,.F.);
#108 = EDGE_LOOP('',(#109,#110,#118,#126));
#109 = ORIENTED_EDGE('',*,*,#88,.T.);
#110 = ORIENTED_EDGE('',*,*,#111,.T.);
#111 = EDGE_CURVE('',#81,#112,#114,.T.);
#112 = VERTEX_POINT('',#113);
#113 = CARTESIAN_POINT('',(31.25,12.75,1.6));
#114 = LINE('',#115,#116);
#115 = CARTESIAN_POINT('',(31.25,-12.75,1.6));
#116 = VECTOR('',#117,1.);
#117 = DIRECTION('',(0.,1.,0.));
#118 = ORIENTED_EDGE('',*,*,#119,.F.);
#119 = EDGE_CURVE('',#120,#112,#122,.T.);
#120 = VERTEX_POINT('',#121);
#121 = CARTESIAN_POINT('',(31.25,12.75,0.));
#122 = LINE('',#123,#124);
#123 = CARTESIAN_POINT('',(31.25,12.75,0.));
#124 = VECTOR('',#125,1.);
#125 = DIRECTION('',(0.,0.,1.));
#126 = ORIENTED_EDGE('',*,*,#127,.F.);
#127 = EDGE_CURVE('',#89,#120,#128,.T.);
#128 = LINE('',#129,#130);
#129 = CARTESIAN_POINT('',(31.25,-12.75,0.));
#130 = VECTOR('',#131,1.);
#131 = DIRECTION('',(0.,1.,0.));
#132 = PLANE('',#133);
#133 = AXIS2_PLACEMENT_3D('',#134,#135,#136);
#134 = CARTESIAN_POINT('',(31.25,-12.75,0.));
#135 = DIRECTION('',(-1.,0.,0.));
#136 = DIRECTION('',(0.,1.,0.));
#137 = ADVANCED_FACE('',(#138),#163,.F.);
#138 = FACE_BOUND('',#139,.F.);
#139 = EDGE_LOOP('',(#140,#141,#149,#157));
#140 = ORIENTED_EDGE('',*,*,#119,.T.);
#141 = ORIENTED_EDGE('',*,*,#142,.T.);
#142 = EDGE_CURVE('',#112,#143,#145,.T.);
#143 = VERTEX_POINT('',#144);
#144 = CARTESIAN_POINT('',(-31.25,12.75,1.6));
#145 = LINE('',#146,#147);
#146 = CARTESIAN_POINT('',(31.25,12.75,1.6));
#147 = VECTOR('',#148,1.);
#148 = DIRECTION('',(-1.,0.,0.));
#149 = ORIENTED_EDGE('',*,*,#150,.F.);
#150 = EDGE_CURVE('',#151,#143,#153,.T.);
#151 = VERTEX_POINT('',#152);
#152 = CARTESIAN_POINT('',(-31.25,12.75,0.));
#153 = LINE('',#154,#155);
#154 = CARTESIAN_POINT('',(-31.25,12.75,0.));
#155 = VECTOR('',#156,1.);
#156 = DIRECTION('',(0.,0.,1.));
#157 = ORIENTED_EDGE('',*,*,#158,.F.);
#158 = EDGE_CURVE('',#120,#151,#159,.T.);
#159 = LINE('',#160,#161);
#160 = CARTESIAN_POINT('',(31.25,12.75,0.));
#161 = VECTOR('',#162,1.);
#162 = DIRECTION('',(-1.,0.,0.));
#163 = PLANE('',#164);
#164 = AXIS2_PLACEMENT_3D('',#165,#166,#167);
#165 = CARTESIAN_POINT('',(31.25,12.75,0.));
#166 = DIRECTION('',(0.,-1.,0.));
#167 = DIRECTION('',(-1.,0.,0.));
#168 = ADVANCED_FACE('',(#169),#185,.F.);
#169 = FACE_BOUND('',#170,.F.);
#170 = EDGE_LOOP('',(#171,#172,#178,#179));
#171 = ORIENTED_EDGE('',*,*,#150,.T.);
#172 = ORIENTED_EDGE('',*,*,#173,.T.);
#173 = EDGE_CURVE('',#143,#73,#174,.T.);
#174 = LINE('',#175,#176);
#175 = CARTESIAN_POINT('',(-31.25,12.75,1.6));
#176 = VECTOR('',#177,1.);
#177 = DIRECTION('',(0.,-1.,0.));
#178 = ORIENTED_EDGE('',*,*,#70,.F.);
#179 = ORIENTED_EDGE('',*,*,#180,.F.);
#180 = EDGE_CURVE('',#151,#71,#181,.T.);
#181 = LINE('',#182,#183);
#182 = CARTESIAN_POINT('',(-31.25,12.75,0.));
#183 = VECTOR('',#184,1.);
#184 = DIRECTION('',(0.,-1.,0.));
#185 = PLANE('',#186);
#186 = AXIS2_PLACEMENT_3D('',#187,#188,#189);
#187 = CARTESIAN_POINT('',(-31.25,12.75,0.));
#188 = DIRECTION('',(1.,0.,0.));
#189 = DIRECTION('',(0.,-1.,0.));
#190 = ADVANCED_FACE('',(#191),#218,.F.);
#191 = FACE_BOUND('',#192,.T.);
#192 = EDGE_LOOP('',(#193,#203,#210,#211));
#193 = ORIENTED_EDGE('',*,*,#194,.T.);
#194 = EDGE_CURVE('',#195,#197,#199,.T.);
#195 = VERTEX_POINT('',#196);
#196 = CARTESIAN_POINT('',(-28.21,-6.35,0.));
#197 = VERTEX_POINT('',#198);
#198 = CARTESIAN_POINT('',(-28.21,-6.35,1.6));
#199 = LINE('',#200,#201);
#200 = CARTESIAN_POINT('',(-28.21,-6.35,0.));
#201 = VECTOR('',#202,1.);
#202 = DIRECTION('',(0.,0.,1.));
#203 = ORIENTED_EDGE('',*,*,#204,.T.);
#204 = EDGE_CURVE('',#197,#197,#205,.T.);
#205 = CIRCLE('',#206,0.5);
#206 = AXIS2_PLACEMENT_3D('',#207,#208,#209);
#207 = CARTESIAN_POINT('',(-28.71,-6.35,1.6));
#208 = DIRECTION('',(0.,0.,1.));
#209 = DIRECTION('',(1.,0.,0.));
#210 = ORIENTED_EDGE('',*,*,#194,.F.);
#211 = ORIENTED_EDGE('',*,*,#212,.F.);
#212 = EDGE_CURVE('',#195,#195,#213,.T.);
#213 = CIRCLE('',#214,0.5);
#214 = AXIS2_PLACEMENT_3D('',#215,#216,#217);
#215 = CARTESIAN_POINT('',(-28.71,-6.35,0.));
#216 = DIRECTION('',(0.,0.,1.));
#217 = DIRECTION('',(1.,0.,0.));
#218 = CYLINDRICAL_SURFACE('',#219,0.5);
#219 = AXIS2_PLACEMENT_3D('',#220,#221,#222);
#220 = CARTESIAN_POINT('',(-28.71,-6.35,0.));
#221 = DIRECTION('',(-0.,-0.,-1.));
#222 = DIRECTION('',(1.,0.,0.));
#223 = ADVANCED_FACE('',(#224),#251,.F.);
#224 = FACE_BOUND('',#225,.T.);
#225 = EDGE_LOOP('',(#226,#236,#243,#244));
#226 = ORIENTED_EDGE('',*,*,#227,.T.);
#227 = EDGE_CURVE('',#228,#230,#232,.T.);
#228 = VERTEX_POINT('',#229);
#229 = CARTESIAN_POINT('',(-28.21,6.35,0.));
#230 = VERTEX_POINT('',#231);
#231 = CARTESIAN_POINT('',(-28.21,6.35,1.6));
#232 = LINE('',#233,#234);
#233 = CARTESIAN_POINT('',(-28.21,6.35,0.));
#234 = VECTOR('',#235,1.);
#235 = DIRECTION('',(0.,0.,1.));
#236 = ORIENTED_EDGE('',*,*,#237,.T.);
#237 = EDGE_CURVE('',#230,#230,#238,.T.);
#238 = CIRCLE('',#239,0.5);
#239 = AXIS2_PLACEMENT_3D('',#240,#241,#242);
#240 = CARTESIAN_POINT('',(-28.71,6.35,1.6));
#241 = DIRECTION('',(0.,0.,1.));
#242 = DIRECTION('',(1.,0.,0.));
#243 = ORIENTED_EDGE('',*,*,#227,.F.);
#244 = ORIENTED_EDGE('',*,*,#245,.F.);
#245 = EDGE_CURVE('',#228,#228,#246,.T.);
#246 = CIRCLE('',#247,0.5);
#247 = AXIS2_PLACEMENT_3D('',#248,#249,#250);
#248 = CARTESIAN_POINT('',(-28.71,6.35,0.));
#249 = DIRECTION('',(0.,0.,1.));
#250 = DIRECTION('',(1.,0.,0.));
#251 = CYLINDRICAL_SURFACE('',#252,0.5);
#252 = AXIS2_PLACEMENT_3D('',#253,#254,#255);
#253 = CARTESIAN_POINT('',(-28.71,6.35,0.));
#254 = DIRECTION('',(-0.,-0.,-1.));
#255 = DIRECTION('',(1.,0.,0.));
#256 = ADVANCED_FACE('',(#257),#284,.F.);
#257 = FACE_BOUND('',#258,.T.);
#258 = EDGE_LOOP('',(#259,#269,#276,#277));
#259 = ORIENTED_EDGE('',*,*,#260,.T.);
#260 = EDGE_CURVE('',#261,#263,#265,.T.);
#261 = VERTEX_POINT('',#262);
#262 = CARTESIAN_POINT('',(-28.21,-1.27,0.));
#263 = VERTEX_POINT('',#264);
#264 = CARTESIAN_POINT('',(-28.21,-1.27,1.6));
#265 = LINE('',#266,#267);
#266 = CARTESIAN_POINT('',(-28.21,-1.27,0.));
#267 = VECTOR('',#268,1.);
#268 = DIRECTION('',(0.,0.,1.));
#269 = ORIENTED_EDGE('',*,*,#270,.T.);
#270 = EDGE_CURVE('',#263,#263,#271,.T.);
#271 = CIRCLE('',#272,0.5);
#272 = AXIS2_PLACEMENT_3D('',#273,#274,#275);
#273 = CARTESIAN_POINT('',(-28.71,-1.27,1.6));
#274 = DIRECTION('',(0.,0.,1.));
#275 = DIRECTION('',(1.,0.,0.));
#276 = ORIENTED_EDGE('',*,*,#260,.F.);
#277 = ORIENTED_EDGE('',*,*,#278,.F.);
#278 = EDGE_CURVE('',#261,#261,#279,.T.);
#279 = CIRCLE('',#280,0.5);
#280 = AXIS2_PLACEMENT_3D('',#281,#282,#283);
#281 = CARTESIAN_POINT('',(-28.71,-1.27,0.));
#282 = DIRECTION('',(0.,0.,1.));
#283 = DIRECTION('',(1.,0.,0.));
#284 = CYLINDRICAL_SURFACE('',#285,0.5);
#285 = AXIS2_PLACEMENT_3D('',#286,#287,#288);
#286 = CARTESIAN_POINT('',(-28.71,-1.27,0.));
#287 = DIRECTION('',(-0.,-0.,-1.));
#288 = DIRECTION('',(1.,0.,0.));
#289 = ADVANCED_FACE('',(#290),#317,.F.);
#290 = FACE_BOUND('',#291,.T.);
#291 = EDGE_LOOP('',(#292,#302,#309,#310));
#292 = ORIENTED_EDGE('',*,*,#293,.T.);
#293 = EDGE_CURVE('',#294,#296,#298,.T.);
#294 = VERTEX_POINT('',#295);
#295 = CARTESIAN_POINT('',(-28.21,1.27,0.));
#296 = VERTEX_POINT('',#297);
#297 = CARTESIAN_POINT('',(-28.21,1.27,1.6));
#298 = LINE('',#299,#300);
#299 = CARTESIAN_POINT('',(-28.21,1.27,0.));
#300 = VECTOR('',#301,1.);
#301 = DIRECTION('',(0.,0.,1.));
#302 = ORIENTED_EDGE('',*,*,#303,.T.);
#303 = EDGE_CURVE('',#296,#296,#304,.T.);
#304 = CIRCLE('',#305,0.5);
#305 = AXIS2_PLACEMENT_3D('',#306,#307,#308);
#306 = CARTESIAN_POINT('',(-28.71,1.27,1.6));
#307 = DIRECTION('',(0.,0.,1.));
#308 = DIRECTION('',(1.,0.,0.));
#309 = ORIENTED_EDGE('',*,*,#293,.F.);
#310 = ORIENTED_EDGE('',*,*,#311,.F.);
#311 = EDGE_CURVE('',#294,#294,#312,.T.);
#312 = CIRCLE('',#313,0.5);
#313 = AXIS2_PLACEMENT_3D('',#314,#315,#316);
#314 = CARTESIAN_POINT('',(-28.71,1.27,0.));
#315 = DIRECTION('',(0.,0.,1.));
#316 = DIRECTION('',(1.,0.,0.));
#317 = CYLINDRICAL_SURFACE('',#318,0.5);
#318 = AXIS2_PLACEMENT_3D('',#319,#320,#321);
#319 = CARTESIAN_POINT('',(-28.71,1.27,0.));
#320 = DIRECTION('',(-0.,-0.,-1.));
#321 = DIRECTION('',(1.,0.,0.));
#322 = ADVANCED_FACE('',(#323),#350,.F.);
#323 = FACE_BOUND('',#324,.T.);
#324 = EDGE_LOOP('',(#325,#335,#342,#343));
#325 = ORIENTED_EDGE('',*,*,#326,.T.);
#326 = EDGE_CURVE('',#327,#329,#331,.T.);
#327 = VERTEX_POINT('',#328);
#328 = CARTESIAN_POINT('',(-28.21,-3.81,0.));
#329 = VERTEX_POINT('',#330);
#330 = CARTESIAN_POINT('',(-28.21,-3.81,1.6));
#331 = LINE('',#332,#333);
#332 = CARTESIAN_POINT('',(-28.21,-3.81,0.));
#333 = VECTOR('',#334,1.);
#334 = DIRECTION('',(0.,0.,1.));
#335 = ORIENTED_EDGE('',*,*,#336,.T.);
#336 = EDGE_CURVE('',#329,#329,#337,.T.);
#337 = CIRCLE('',#338,0.5);
#338 = AXIS2_PLACEMENT_3D('',#339,#340,#341);
#339 = CARTESIAN_POINT('',(-28.71,-3.81,1.6));
#340 = DIRECTION('',(0.,0.,1.));
#341 = DIRECTION('',(1.,0.,0.));
#342 = ORIENTED_EDGE('',*,*,#326,.F.);
#343 = ORIENTED_EDGE('',*,*,#344,.F.);
#344 = EDGE_CURVE('',#327,#327,#345,.T.);
#345 = CIRCLE('',#346,0.5);
#346 = AXIS2_PLACEMENT_3D('',#347,#348,#349);
#347 = CARTESIAN_POINT('',(-28.71,-3.81,0.));
#348 = DIRECTION('',(0.,0.,1.));
#349 = DIRECTION('',(1.,0.,0.));
#350 = CYLINDRICAL_SURFACE('',#351,0.5);
#351 = AXIS2_PLACEMENT_3D('',#352,#353,#354);
#352 = CARTESIAN_POINT('',(-28.71,-3.81,0.));
#353 = DIRECTION('',(-0.,-0.,-1.));
#354 = DIRECTION('',(1.,0.,0.));
#355 = ADVANCED_FACE('',(#356),#383,.F.);
#356 = FACE_BOUND('',#357,.T.);
#357 = EDGE_LOOP('',(#358,#368,#375,#376));
#358 = ORIENTED_EDGE('',*,*,#359,.T.);
#359 = EDGE_CURVE('',#360,#362,#364,.T.);
#360 = VERTEX_POINT('',#361);
#361 = CARTESIAN_POINT('',(-28.21,3.81,0.));
#362 = VERTEX_POINT('',#363);
#363 = CARTESIAN_POINT('',(-28.21,3.81,1.6));
#364 = LINE('',#365,#366);
#365 = CARTESIAN_POINT('',(-28.21,3.81,0.));
#366 = VECTOR('',#367,1.);
#367 = DIRECTION('',(0.,0.,1.));
#368 = ORIENTED_EDGE('',*,*,#369,.T.);
#369 = EDGE_CURVE('',#362,#362,#370,.T.);
#370 = CIRCLE('',#371,0.5);
#371 = AXIS2_PLACEMENT_3D('',#372,#373,#374);
#372 = CARTESIAN_POINT('',(-28.71,3.81,1.6));
#373 = DIRECTION('',(0.,0.,1.));
#374 = DIRECTION('',(1.,0.,0.));
#375 = ORIENTED_EDGE('',*,*,#359,.F.);
#376 = ORIENTED_EDGE('',*,*,#377,.F.);
#377 = EDGE_CURVE('',#360,#360,#378,.T.);
#378 = CIRCLE('',#379,0.5);
#379 = AXIS2_PLACEMENT_3D('',#380,#381,#382);
#380 = CARTESIAN_POINT('',(-28.71,3.81,0.));
#381 = DIRECTION('',(0.,0.,1.));
#382 = DIRECTION('',(1.,0.,0.));
#383 = CYLINDRICAL_SURFACE('',#384,0.5);
#384 = AXIS2_PLACEMENT_3D('',#385,#386,#387);
#385 = CARTESIAN_POINT('',(-28.71,3.81,0.));
#386 = DIRECTION('',(-0.,-0.,-1.));
#387 = DIRECTION('',(1.,0.,0.));
#388 = ADVANCED_FACE('',(#389,#395,#398,#401,#404,#407,#410),#413,.F.);
#389 = FACE_BOUND('',#390,.F.);
#390 = EDGE_LOOP('',(#391,#392,#393,#394));
#391 = ORIENTED_EDGE('',*,*,#96,.T.);
#392 = ORIENTED_EDGE('',*,*,#127,.T.);
#393 = ORIENTED_EDGE('',*,*,#158,.T.);
#394 = ORIENTED_EDGE('',*,*,#180,.T.);
#395 = FACE_BOUND('',#396,.T.);
#396 = EDGE_LOOP('',(#397));
#397 = ORIENTED_EDGE('',*,*,#212,.T.);
#398 = FACE_BOUND('',#399,.T.);
#399 = EDGE_LOOP('',(#400));
#400 = ORIENTED_EDGE('',*,*,#245,.T.);
#401 = FACE_BOUND('',#402,.T.);
#402 = EDGE_LOOP('',(#403));
#403 = ORIENTED_EDGE('',*,*,#278,.T.);
#404 = FACE_BOUND('',#405,.T.);
#405 = EDGE_LOOP('',(#406));
#406 = ORIENTED_EDGE('',*,*,#311,.T.);
#407 = FACE_BOUND('',#408,.T.);
#408 = EDGE_LOOP('',(#409));
#409 = ORIENTED_EDGE('',*,*,#344,.T.);
#410 = FACE_BOUND('',#411,.T.);
#411 = EDGE_LOOP('',(#412));
#412 = ORIENTED_EDGE('',*,*,#377,.T.);
#413 = PLANE('',#414);
#414 = AXIS2_PLACEMENT_3D('',#415,#416,#417);
#415 = CARTESIAN_POINT('',(-2.335968536671,1.481159194769E-15,0.));
#416 = DIRECTION('',(0.,0.,1.));
#417 = DIRECTION('',(1.,0.,0.));
#418 = ADVANCED_FACE('',(#419,#425,#428,#431,#434,#437,#440),#443,.T.);
#419 = FACE_BOUND('',#420,.T.);
#420 = EDGE_LOOP('',(#421,#422,#423,#424));
#421 = ORIENTED_EDGE('',*,*,#80,.T.);
#422 = ORIENTED_EDGE('',*,*,#111,.T.);
#423 = ORIENTED_EDGE('',*,*,#142,.T.);
#424 = ORIENTED_EDGE('',*,*,#173,.T.);
#425 = FACE_BOUND('',#426,.F.);
#426 = EDGE_LOOP('',(#427));
#427 = ORIENTED_EDGE('',*,*,#204,.T.);
#428 = FACE_BOUND('',#429,.F.);
#429 = EDGE_LOOP('',(#430));
#430 = ORIENTED_EDGE('',*,*,#237,.T.);
#431 = FACE_BOUND('',#432,.F.);
#432 = EDGE_LOOP('',(#433));
#433 = ORIENTED_EDGE('',*,*,#270,.T.);
#434 = FACE_BOUND('',#435,.F.);
#435 = EDGE_LOOP('',(#436));
#436 = ORIENTED_EDGE('',*,*,#303,.T.);
#437 = FACE_BOUND('',#438,.F.);
#438 = EDGE_LOOP('',(#439));
#439 = ORIENTED_EDGE('',*,*,#336,.T.);
#440 = FACE_BOUND('',#441,.F.);
#441 = EDGE_LOOP('',(#442));
#442 = ORIENTED_EDGE('',*,*,#369,.T.);
#443 = PLANE('',#444);
#444 = AXIS2_PLACEMENT_3D('',#445,#446,#447);
#445 = CARTESIAN_POINT('',(-2.335968536671,1.481159194769E-15,1.6));
#446 = DIRECTION('',(0.,0.,1.));
#447 = DIRECTION('',(1.,0.,0.));
#448 = ( GEOMETRIC_REPRESENTATION_CONTEXT(3) 
GLOBAL_UNCERTAINTY_ASSIGNED_CONTEXT((#452)) GLOBAL_UNIT_ASSIGNED_CONTEXT
((#449,#450,#451)) REPRESENTATION_CONTEXT('Context #1',
  '3D Context with UNIT and UNCERTAINTY') );
#449 = ( LENGTH_UNIT() NAMED_UNIT(*) SI_UNIT(.MILLI.,.METRE.) );
#450 = ( NAMED_UNIT(*) PLANE_ANGLE_UNIT() SI_UNIT($,.RADIAN.) );
#451 = ( NAMED_UNIT(*) SI_UNIT($,.STERADIAN.) SOLID_ANGLE_UNIT() );
#452 = UNCERTAINTY_MEASURE_WITH_UNIT(LENGTH_MEASURE(1.E-07),#449,
  'distance_accuracy_value','confusion accuracy');
#453 = CONTEXT_DEPENDENT_SHAPE_REPRESENTATION(#454,#456);
#454 = ( REPRESENTATION_RELATIONSHIP('','',#63,#10) 
REPRESENTATION_RELATIONSHIP_WITH_TRANSFORMATION(#455) 
SHAPE_REPRESENTATION_RELATIONSHIP() );
#455 = ITEM_DEFINED_TRANSFORMATION('','',#11,#19);
#456 = PRODUCT_DEFINITION_SHAPE('Placement','Placement of an item',#457
  );
#457 = NEXT_ASSEMBLY_USAGE_OCCURRENCE('2','PCA9686','',#5,#58,$);
#458 = PRODUCT_RELATED_PRODUCT_CATEGORY('part',$,(#60));
#459 = SHAPE_DEFINITION_REPRESENTATION(#460,#466);
#460 = PRODUCT_DEFINITION_SHAPE('','',#461);
#461 = PRODUCT_DEFINITION('design','',#462,#465);
#462 = PRODUCT_DEFINITION_FORMATION('','',#463);
#463 = PRODUCT('Assembly','Assembly','',(#464));
#464 = PRODUCT_CONTEXT('',#2,'mechanical');
#465 = PRODUCT_DEFINITION_CONTEXT('part definition',#2,'design');
#466 = SHAPE_REPRESENTATION('',(#11,#467,#471,#475,#479,#483,#487,#491,
    #495,#499,#503,#507,#511,#515,#519,#523),#527);
#467 = AXIS2_PLACEMENT_3D('',#468,#469,#470);
#468 = CARTESIAN_POINT('',(0.,0.,0.));
#469 = DIRECTION('',(0.,0.,1.));
#470 = DIRECTION('',(1.,0.,0.));
#471 = AXIS2_PLACEMENT_3D('',#472,#473,#474);
#472 = CARTESIAN_POINT('',(0.,1.3E-15,-2.5));
#473 = DIRECTION('',(0.,0.,1.));
#474 = DIRECTION('',(1.,0.,0.));
#475 = AXIS2_PLACEMENT_3D('',#476,#477,#478);
#476 = CARTESIAN_POINT('',(0.,0.,0.));
#477 = DIRECTION('',(0.,0.,1.));
#478 = DIRECTION('',(1.,0.,0.));
#479 = AXIS2_PLACEMENT_3D('',#480,#481,#482);
#480 = CARTESIAN_POINT('',(0.,7.62,0.));
#481 = DIRECTION('',(0.,0.,1.));
#482 = DIRECTION('',(1.,0.,0.));
#483 = AXIS2_PLACEMENT_3D('',#484,#485,#486);
#484 = CARTESIAN_POINT('',(-6.1E-15,5.08,3.E-16));
#485 = DIRECTION('',(0.,0.,1.));
#486 = DIRECTION('',(1.,0.,0.));
#487 = AXIS2_PLACEMENT_3D('',#488,#489,#490);
#488 = CARTESIAN_POINT('',(-1.33E-14,2.54,6.E-16));
#489 = DIRECTION('',(0.,0.,1.));
#490 = DIRECTION('',(1.,0.,0.));
#491 = AXIS2_PLACEMENT_3D('',#492,#493,#494);
#492 = CARTESIAN_POINT('',(-2.16E-14,0.,8.E-16));
#493 = DIRECTION('',(0.,0.,1.));
#494 = DIRECTION('',(1.,0.,0.));
#495 = AXIS2_PLACEMENT_3D('',#496,#497,#498);
#496 = CARTESIAN_POINT('',(-3.1E-14,-2.54,1.1E-15));
#497 = DIRECTION('',(0.,0.,1.));
#498 = DIRECTION('',(1.,0.,0.));
#499 = AXIS2_PLACEMENT_3D('',#500,#501,#502);
#500 = CARTESIAN_POINT('',(-4.16E-14,-5.08,1.4E-15));
#501 = DIRECTION('',(0.,0.,1.));
#502 = DIRECTION('',(1.,0.,0.));
#503 = AXIS2_PLACEMENT_3D('',#504,#505,#506);
#504 = CARTESIAN_POINT('',(0.,7.62,-2.5));
#505 = DIRECTION('',(0.,0.,1.));
#506 = DIRECTION('',(1.,0.,0.));
#507 = AXIS2_PLACEMENT_3D('',#508,#509,#510);
#508 = CARTESIAN_POINT('',(-1.1E-15,5.08,-2.5));
#509 = DIRECTION('',(0.,0.,1.));
#510 = DIRECTION('',(1.,0.,0.));
#511 = AXIS2_PLACEMENT_3D('',#512,#513,#514);
#512 = CARTESIAN_POINT('',(-3.4E-15,2.54,-2.5));
#513 = DIRECTION('',(0.,0.,1.));
#514 = DIRECTION('',(1.,0.,0.));
#515 = AXIS2_PLACEMENT_3D('',#516,#517,#518);
#516 = CARTESIAN_POINT('',(-6.8E-15,0.,-2.5));
#517 = DIRECTION('',(0.,0.,1.));
#518 = DIRECTION('',(1.,0.,0.));
#519 = AXIS2_PLACEMENT_3D('',#520,#521,#522);
#520 = CARTESIAN_POINT('',(-1.13E-14,-2.54,-2.5));
#521 = DIRECTION('',(0.,0.,1.));
#522 = DIRECTION('',(1.,0.,0.));
#523 = AXIS2_PLACEMENT_3D('',#524,#525,#526);
#524 = CARTESIAN_POINT('',(-1.69E-14,-5.08,-2.5));
#525 = DIRECTION('',(0.,0.,1.));
#526 = DIRECTION('',(1.,0.,0.));
#527 = ( GEOMETRIC_REPRESENTATION_CONTEXT(3) 
GLOBAL_UNCERTAINTY_ASSIGNED_CONTEXT((#531)) GLOBAL_UNIT_ASSIGNED_CONTEXT
((#528,#529,#530)) REPRESENTATION_CONTEXT('Context #1',
  '3D Context with UNIT and UNCERTAINTY') );
#528 = ( LENGTH_UNIT() NAMED_UNIT(*) SI_UNIT(.MILLI.,.METRE.) );
#529 = ( NAMED_UNIT(*) PLANE_ANGLE_UNIT() SI_UNIT($,.RADIAN.) );
#530 = ( NAMED_UNIT(*) SI_UNIT($,.STERADIAN.) SOLID_ANGLE_UNIT() );
#531 = UNCERTAINTY_MEASURE_WITH_UNIT(LENGTH_MEASURE(1.E-06),#528,
  'distance_accuracy_value','confusion accuracy');
#532 = CONTEXT_DEPENDENT_SHAPE_REPRESENTATION(#533,#535);
#533 = ( REPRESENTATION_RELATIONSHIP('','',#466,#10) 
REPRESENTATION_RELATIONSHIP_WITH_TRANSFORMATION(#534) 
SHAPE_REPRESENTATION_RELATIONSHIP() );
#534 = ITEM_DEFINED_TRANSFORMATION('','',#11,#23);
#535 = PRODUCT_DEFINITION_SHAPE('Placement','Placement of an item',#536
  );
#536 = NEXT_ASSEMBLY_USAGE_OCCURRENCE('18','Pin_Header_1x06','',#5,#461,
  $);
#537 = PRODUCT_RELATED_PRODUCT_CATEGORY('part',$,(#463));
#538 = SHAPE_DEFINITION_REPRESENTATION(#539,#545);
#539 = PRODUCT_DEFINITION_SHAPE('','',#540);
#540 = PRODUCT_DEFINITION('design','',#541,#544);
#541 = PRODUCT_DEFINITION_FORMATION('','',#542);
#542 = PRODUCT('LCS_Origin','LCS_Origin','',(#543));
#543 = PRODUCT_CONTEXT('',#2,'mechanical');
#544 = PRODUCT_DEFINITION_CONTEXT('part definition',#2,'design');
#545 = MANIFOLD_SURFACE_SHAPE_REPRESENTATION('',(#11),#546);
#546 = ( GEOMETRIC_REPRESENTATION_CONTEXT(3) 
GLOBAL_UNCERTAINTY_ASSIGNED_CONTEXT((#550)) GLOBAL_UNIT_ASSIGNED_CONTEXT
((#547,#548,#549)) REPRESENTATION_CONTEXT('Context #1',
  '3D Context with UNIT and UNCERTAINTY') );
#547 = ( LENGTH_UNIT() NAMED_UNIT(*) SI_UNIT(.MILLI.,.METRE.) );
#548 = ( NAMED_UNIT(*) PLANE_ANGLE_UNIT() SI_UNIT($,.RADIAN.) );
#549 = ( NAMED_UNIT(*) SI_UNIT($,.STERADIAN.) SOLID_ANGLE_UNIT() );
#550 = UNCERTAINTY_MEASURE_WITH_UNIT(LENGTH_MEASURE(1.E-07),#547,
  'distance_accuracy_value','confusion accuracy');
#551 = CONTEXT_DEPENDENT_SHAPE_REPRESENTATION(#552,#554);
#552 = ( REPRESENTATION_RELATIONSHIP('','',#545,#466) 
REPRESENTATION_RELATIONSHIP_WITH_TRANSFORMATION(#553) 
SHAPE_REPRESENTATION_RELATIONSHIP() );
#553 = ITEM_DEFINED_TRANSFORMATION('','',#11,#467);
#554 = PRODUCT_DEFINITION_SHAPE('Placement','Placement of an item',#555
  );
#555 = NEXT_ASSEMBLY_USAGE_OCCURRENCE('3','LCS_Origin','',#461,#540,$);
#556 = PRODUCT_RELATED_PRODUCT_CATEGORY('part',$,(#542));
#557 = SHAPE_DEFINITION_REPRESENTATION(#558,#564);
#558 = PRODUCT_DEFINITION_SHAPE('','',#559);
#559 = PRODUCT_DEFINITION('design','',#560,#563);
#560 = PRODUCT_DEFINITION_FORMATION('','',#561);
#561 = PRODUCT('Parte plastica','Parte plastica','',(#562));
#562 = PRODUCT_CONTEXT('',#2,'mechanical');
#563 = PRODUCT_DEFINITION_CONTEXT('part definition',#2,'design');
#564 = ADVANCED_BREP_SHAPE_REPRESENTATION('',(#11,#565),#1837);
#565 = MANIFOLD_SOLID_BREP('',#566);
#566 = CLOSED_SHELL('',(#567,#879,#910,#934,#958,#982,#1006,#1030,#1054,
    #1078,#1102,#1126,#1150,#1174,#1198,#1222,#1246,#1270,#1294,#1318,
    #1342,#1366,#1390,#1414,#1438,#1462,#1486,#1510,#1534,#1558,#1582,
    #1606,#1630,#1654,#1678,#1702,#1726,#1750,#1774,#1791));
#567 = ADVANCED_FACE('',(#568),#874,.F.);
#568 = FACE_BOUND('',#569,.F.);
#569 = EDGE_LOOP('',(#570,#580,#588,#596,#604,#612,#620,#628,#636,#644,
    #652,#660,#668,#676,#684,#692,#700,#708,#716,#724,#732,#740,#748,
    #756,#764,#772,#780,#788,#796,#804,#812,#820,#828,#836,#844,#852,
    #860,#868));
#570 = ORIENTED_EDGE('',*,*,#571,.F.);
#571 = EDGE_CURVE('',#572,#574,#576,.T.);
#572 = VERTEX_POINT('',#573);
#573 = CARTESIAN_POINT('',(-0.75,8.89,0.));
#574 = VERTEX_POINT('',#575);
#575 = CARTESIAN_POINT('',(0.75,8.89,0.));
#576 = LINE('',#577,#578);
#577 = CARTESIAN_POINT('',(-8.959302,8.89,0.));
#578 = VECTOR('',#579,1.);
#579 = DIRECTION('',(1.,0.,0.));
#580 = ORIENTED_EDGE('',*,*,#581,.T.);
#581 = EDGE_CURVE('',#572,#582,#584,.T.);
#582 = VERTEX_POINT('',#583);
#583 = CARTESIAN_POINT('',(-1.25,8.39,0.));
#584 = LINE('',#585,#586);
#585 = CARTESIAN_POINT('',(-0.75,8.89,0.));
#586 = VECTOR('',#587,1.);
#587 = DIRECTION('',(-0.707106781187,-0.707106781187,0.));
#588 = ORIENTED_EDGE('',*,*,#589,.T.);
#589 = EDGE_CURVE('',#582,#590,#592,.T.);
#590 = VERTEX_POINT('',#591);
#591 = CARTESIAN_POINT('',(-1.25,6.85,0.));
#592 = LINE('',#593,#594);
#593 = CARTESIAN_POINT('',(-1.25,8.39,0.));
#594 = VECTOR('',#595,1.);
#595 = DIRECTION('',(0.,-1.,0.));
#596 = ORIENTED_EDGE('',*,*,#597,.T.);
#597 = EDGE_CURVE('',#590,#598,#600,.T.);
#598 = VERTEX_POINT('',#599);
#599 = CARTESIAN_POINT('',(-0.75,6.35,0.));
#600 = LINE('',#601,#602);
#601 = CARTESIAN_POINT('',(-1.25,6.85,0.));
#602 = VECTOR('',#603,1.);
#603 = DIRECTION('',(0.707106781187,-0.707106781187,0.));
#604 = ORIENTED_EDGE('',*,*,#605,.T.);
#605 = EDGE_CURVE('',#598,#606,#608,.T.);
#606 = VERTEX_POINT('',#607);
#607 = CARTESIAN_POINT('',(-1.25,5.85,0.));
#608 = LINE('',#609,#610);
#609 = CARTESIAN_POINT('',(-0.75,6.35,0.));
#610 = VECTOR('',#611,1.);
#611 = DIRECTION('',(-0.707106781187,-0.707106781187,0.));
#612 = ORIENTED_EDGE('',*,*,#613,.T.);
#613 = EDGE_CURVE('',#606,#614,#616,.T.);
#614 = VERTEX_POINT('',#615);
#615 = CARTESIAN_POINT('',(-1.25,4.31,0.));
#616 = LINE('',#617,#618);
#617 = CARTESIAN_POINT('',(-1.25,5.85,0.));
#618 = VECTOR('',#619,1.);
#619 = DIRECTION('',(0.,-1.,0.));
#620 = ORIENTED_EDGE('',*,*,#621,.T.);
#621 = EDGE_CURVE('',#614,#622,#624,.T.);
#622 = VERTEX_POINT('',#623);
#623 = CARTESIAN_POINT('',(-0.75,3.81,0.));
#624 = LINE('',#625,#626);
#625 = CARTESIAN_POINT('',(-1.25,4.31,0.));
#626 = VECTOR('',#627,1.);
#627 = DIRECTION('',(0.707106781187,-0.707106781187,0.));
#628 = ORIENTED_EDGE('',*,*,#629,.T.);
#629 = EDGE_CURVE('',#622,#630,#632,.T.);
#630 = VERTEX_POINT('',#631);
#631 = CARTESIAN_POINT('',(-1.25,3.31,0.));
#632 = LINE('',#633,#634);
#633 = CARTESIAN_POINT('',(-0.75,3.81,0.));
#634 = VECTOR('',#635,1.);
#635 = DIRECTION('',(-0.707106781187,-0.707106781187,0.));
#636 = ORIENTED_EDGE('',*,*,#637,.T.);
#637 = EDGE_CURVE('',#630,#638,#640,.T.);
#638 = VERTEX_POINT('',#639);
#639 = CARTESIAN_POINT('',(-1.25,1.77,0.));
#640 = LINE('',#641,#642);
#641 = CARTESIAN_POINT('',(-1.25,3.31,0.));
#642 = VECTOR('',#643,1.);
#643 = DIRECTION('',(0.,-1.,0.));
#644 = ORIENTED_EDGE('',*,*,#645,.T.);
#645 = EDGE_CURVE('',#638,#646,#648,.T.);
#646 = VERTEX_POINT('',#647);
#647 = CARTESIAN_POINT('',(-0.75,1.27,0.));
#648 = LINE('',#649,#650);
#649 = CARTESIAN_POINT('',(-1.25,1.77,0.));
#650 = VECTOR('',#651,1.);
#651 = DIRECTION('',(0.707106781187,-0.707106781187,0.));
#652 = ORIENTED_EDGE('',*,*,#653,.T.);
#653 = EDGE_CURVE('',#646,#654,#656,.T.);
#654 = VERTEX_POINT('',#655);
#655 = CARTESIAN_POINT('',(-1.25,0.77,0.));
#656 = LINE('',#657,#658);
#657 = CARTESIAN_POINT('',(-0.75,1.27,0.));
#658 = VECTOR('',#659,1.);
#659 = DIRECTION('',(-0.707106781187,-0.707106781187,0.));
#660 = ORIENTED_EDGE('',*,*,#661,.T.);
#661 = EDGE_CURVE('',#654,#662,#664,.T.);
#662 = VERTEX_POINT('',#663);
#663 = CARTESIAN_POINT('',(-1.25,-0.77,0.));
#664 = LINE('',#665,#666);
#665 = CARTESIAN_POINT('',(-1.25,0.77,0.));
#666 = VECTOR('',#667,1.);
#667 = DIRECTION('',(0.,-1.,0.));
#668 = ORIENTED_EDGE('',*,*,#669,.T.);
#669 = EDGE_CURVE('',#662,#670,#672,.T.);
#670 = VERTEX_POINT('',#671);
#671 = CARTESIAN_POINT('',(-0.75,-1.27,0.));
#672 = LINE('',#673,#674);
#673 = CARTESIAN_POINT('',(-1.25,-0.77,0.));
#674 = VECTOR('',#675,1.);
#675 = DIRECTION('',(0.707106781187,-0.707106781187,0.));
#676 = ORIENTED_EDGE('',*,*,#677,.T.);
#677 = EDGE_CURVE('',#670,#678,#680,.T.);
#678 = VERTEX_POINT('',#679);
#679 = CARTESIAN_POINT('',(-1.25,-1.77,0.));
#680 = LINE('',#681,#682);
#681 = CARTESIAN_POINT('',(-0.75,-1.27,0.));
#682 = VECTOR('',#683,1.);
#683 = DIRECTION('',(-0.707106781187,-0.707106781187,0.));
#684 = ORIENTED_EDGE('',*,*,#685,.T.);
#685 = EDGE_CURVE('',#678,#686,#688,.T.);
#686 = VERTEX_POINT('',#687);
#687 = CARTESIAN_POINT('',(-1.25,-3.31,0.));
#688 = LINE('',#689,#690);
#689 = CARTESIAN_POINT('',(-1.25,-1.77,0.));
#690 = VECTOR('',#691,1.);
#691 = DIRECTION('',(0.,-1.,0.));
#692 = ORIENTED_EDGE('',*,*,#693,.T.);
#693 = EDGE_CURVE('',#686,#694,#696,.T.);
#694 = VERTEX_POINT('',#695);
#695 = CARTESIAN_POINT('',(-0.75,-3.81,0.));
#696 = LINE('',#697,#698);
#697 = CARTESIAN_POINT('',(-1.25,-3.31,0.));
#698 = VECTOR('',#699,1.);
#699 = DIRECTION('',(0.707106781187,-0.707106781187,0.));
#700 = ORIENTED_EDGE('',*,*,#701,.T.);
#701 = EDGE_CURVE('',#694,#702,#704,.T.);
#702 = VERTEX_POINT('',#703);
#703 = CARTESIAN_POINT('',(-1.25,-4.31,0.));
#704 = LINE('',#705,#706);
#705 = CARTESIAN_POINT('',(-0.75,-3.81,0.));
#706 = VECTOR('',#707,1.);
#707 = DIRECTION('',(-0.707106781187,-0.707106781187,0.));
#708 = ORIENTED_EDGE('',*,*,#709,.T.);
#709 = EDGE_CURVE('',#702,#710,#712,.T.);
#710 = VERTEX_POINT('',#711);
#711 = CARTESIAN_POINT('',(-1.25,-5.85,0.));
#712 = LINE('',#713,#714);
#713 = CARTESIAN_POINT('',(-1.25,-4.31,0.));
#714 = VECTOR('',#715,1.);
#715 = DIRECTION('',(0.,-1.,0.));
#716 = ORIENTED_EDGE('',*,*,#717,.T.);
#717 = EDGE_CURVE('',#710,#718,#720,.T.);
#718 = VERTEX_POINT('',#719);
#719 = CARTESIAN_POINT('',(-0.75,-6.35,0.));
#720 = LINE('',#721,#722);
#721 = CARTESIAN_POINT('',(-1.25,-5.85,0.));
#722 = VECTOR('',#723,1.);
#723 = DIRECTION('',(0.707106781187,-0.707106781187,0.));
#724 = ORIENTED_EDGE('',*,*,#725,.F.);
#725 = EDGE_CURVE('',#726,#718,#728,.T.);
#726 = VERTEX_POINT('',#727);
#727 = CARTESIAN_POINT('',(0.75,-6.35,0.));
#728 = LINE('',#729,#730);
#729 = CARTESIAN_POINT('',(14.3402015,-6.35,0.));
#730 = VECTOR('',#731,1.);
#731 = DIRECTION('',(-1.,0.,0.));
#732 = ORIENTED_EDGE('',*,*,#733,.T.);
#733 = EDGE_CURVE('',#726,#734,#736,.T.);
#734 = VERTEX_POINT('',#735);
#735 = CARTESIAN_POINT('',(1.25,-5.85,0.));
#736 = LINE('',#737,#738);
#737 = CARTESIAN_POINT('',(0.75,-6.35,0.));
#738 = VECTOR('',#739,1.);
#739 = DIRECTION('',(0.707106781187,0.707106781187,0.));
#740 = ORIENTED_EDGE('',*,*,#741,.T.);
#741 = EDGE_CURVE('',#734,#742,#744,.T.);
#742 = VERTEX_POINT('',#743);
#743 = CARTESIAN_POINT('',(1.25,-4.31,0.));
#744 = LINE('',#745,#746);
#745 = CARTESIAN_POINT('',(1.25,-5.85,0.));
#746 = VECTOR('',#747,1.);
#747 = DIRECTION('',(0.,1.,0.));
#748 = ORIENTED_EDGE('',*,*,#749,.T.);
#749 = EDGE_CURVE('',#742,#750,#752,.T.);
#750 = VERTEX_POINT('',#751);
#751 = CARTESIAN_POINT('',(0.75,-3.81,0.));
#752 = LINE('',#753,#754);
#753 = CARTESIAN_POINT('',(1.25,-4.31,0.));
#754 = VECTOR('',#755,1.);
#755 = DIRECTION('',(-0.707106781187,0.707106781187,0.));
#756 = ORIENTED_EDGE('',*,*,#757,.T.);
#757 = EDGE_CURVE('',#750,#758,#760,.T.);
#758 = VERTEX_POINT('',#759);
#759 = CARTESIAN_POINT('',(1.25,-3.31,0.));
#760 = LINE('',#761,#762);
#761 = CARTESIAN_POINT('',(0.75,-3.81,0.));
#762 = VECTOR('',#763,1.);
#763 = DIRECTION('',(0.707106781187,0.707106781187,0.));
#764 = ORIENTED_EDGE('',*,*,#765,.T.);
#765 = EDGE_CURVE('',#758,#766,#768,.T.);
#766 = VERTEX_POINT('',#767);
#767 = CARTESIAN_POINT('',(1.25,-1.77,0.));
#768 = LINE('',#769,#770);
#769 = CARTESIAN_POINT('',(1.25,-3.31,0.));
#770 = VECTOR('',#771,1.);
#771 = DIRECTION('',(0.,1.,0.));
#772 = ORIENTED_EDGE('',*,*,#773,.T.);
#773 = EDGE_CURVE('',#766,#774,#776,.T.);
#774 = VERTEX_POINT('',#775);
#775 = CARTESIAN_POINT('',(0.75,-1.27,0.));
#776 = LINE('',#777,#778);
#777 = CARTESIAN_POINT('',(1.25,-1.77,0.));
#778 = VECTOR('',#779,1.);
#779 = DIRECTION('',(-0.707106781187,0.707106781187,0.));
#780 = ORIENTED_EDGE('',*,*,#781,.T.);
#781 = EDGE_CURVE('',#774,#782,#784,.T.);
#782 = VERTEX_POINT('',#783);
#783 = CARTESIAN_POINT('',(1.25,-0.77,0.));
#784 = LINE('',#785,#786);
#785 = CARTESIAN_POINT('',(0.75,-1.27,0.));
#786 = VECTOR('',#787,1.);
#787 = DIRECTION('',(0.707106781187,0.707106781187,0.));
#788 = ORIENTED_EDGE('',*,*,#789,.T.);
#789 = EDGE_CURVE('',#782,#790,#792,.T.);
#790 = VERTEX_POINT('',#791);
#791 = CARTESIAN_POINT('',(1.25,0.77,0.));
#792 = LINE('',#793,#794);
#793 = CARTESIAN_POINT('',(1.25,-0.77,0.));
#794 = VECTOR('',#795,1.);
#795 = DIRECTION('',(0.,1.,0.));
#796 = ORIENTED_EDGE('',*,*,#797,.T.);
#797 = EDGE_CURVE('',#790,#798,#800,.T.);
#798 = VERTEX_POINT('',#799);
#799 = CARTESIAN_POINT('',(0.75,1.27,0.));
#800 = LINE('',#801,#802);
#801 = CARTESIAN_POINT('',(1.25,0.77,0.));
#802 = VECTOR('',#803,1.);
#803 = DIRECTION('',(-0.707106781187,0.707106781187,0.));
#804 = ORIENTED_EDGE('',*,*,#805,.T.);
#805 = EDGE_CURVE('',#798,#806,#808,.T.);
#806 = VERTEX_POINT('',#807);
#807 = CARTESIAN_POINT('',(1.25,1.77,0.));
#808 = LINE('',#809,#810);
#809 = CARTESIAN_POINT('',(0.75,1.27,0.));
#810 = VECTOR('',#811,1.);
#811 = DIRECTION('',(0.707106781187,0.707106781187,0.));
#812 = ORIENTED_EDGE('',*,*,#813,.T.);
#813 = EDGE_CURVE('',#806,#814,#816,.T.);
#814 = VERTEX_POINT('',#815);
#815 = CARTESIAN_POINT('',(1.25,3.31,0.));
#816 = LINE('',#817,#818);
#817 = CARTESIAN_POINT('',(1.25,1.77,0.));
#818 = VECTOR('',#819,1.);
#819 = DIRECTION('',(0.,1.,0.));
#820 = ORIENTED_EDGE('',*,*,#821,.T.);
#821 = EDGE_CURVE('',#814,#822,#824,.T.);
#822 = VERTEX_POINT('',#823);
#823 = CARTESIAN_POINT('',(0.75,3.81,0.));
#824 = LINE('',#825,#826);
#825 = CARTESIAN_POINT('',(1.25,3.31,0.));
#826 = VECTOR('',#827,1.);
#827 = DIRECTION('',(-0.707106781187,0.707106781187,0.));
#828 = ORIENTED_EDGE('',*,*,#829,.T.);
#829 = EDGE_CURVE('',#822,#830,#832,.T.);
#830 = VERTEX_POINT('',#831);
#831 = CARTESIAN_POINT('',(1.25,4.31,0.));
#832 = LINE('',#833,#834);
#833 = CARTESIAN_POINT('',(0.75,3.81,0.));
#834 = VECTOR('',#835,1.);
#835 = DIRECTION('',(0.707106781187,0.707106781187,0.));
#836 = ORIENTED_EDGE('',*,*,#837,.T.);
#837 = EDGE_CURVE('',#830,#838,#840,.T.);
#838 = VERTEX_POINT('',#839);
#839 = CARTESIAN_POINT('',(1.25,5.85,0.));
#840 = LINE('',#841,#842);
#841 = CARTESIAN_POINT('',(1.25,4.31,0.));
#842 = VECTOR('',#843,1.);
#843 = DIRECTION('',(0.,1.,0.));
#844 = ORIENTED_EDGE('',*,*,#845,.T.);
#845 = EDGE_CURVE('',#838,#846,#848,.T.);
#846 = VERTEX_POINT('',#847);
#847 = CARTESIAN_POINT('',(0.75,6.35,0.));
#848 = LINE('',#849,#850);
#849 = CARTESIAN_POINT('',(1.25,5.85,0.));
#850 = VECTOR('',#851,1.);
#851 = DIRECTION('',(-0.707106781187,0.707106781187,0.));
#852 = ORIENTED_EDGE('',*,*,#853,.T.);
#853 = EDGE_CURVE('',#846,#854,#856,.T.);
#854 = VERTEX_POINT('',#855);
#855 = CARTESIAN_POINT('',(1.25,6.85,0.));
#856 = LINE('',#857,#858);
#857 = CARTESIAN_POINT('',(0.75,6.35,0.));
#858 = VECTOR('',#859,1.);
#859 = DIRECTION('',(0.707106781187,0.707106781187,0.));
#860 = ORIENTED_EDGE('',*,*,#861,.T.);
#861 = EDGE_CURVE('',#854,#862,#864,.T.);
#862 = VERTEX_POINT('',#863);
#863 = CARTESIAN_POINT('',(1.25,8.39,0.));
#864 = LINE('',#865,#866);
#865 = CARTESIAN_POINT('',(1.25,6.85,0.));
#866 = VECTOR('',#867,1.);
#867 = DIRECTION('',(0.,1.,0.));
#868 = ORIENTED_EDGE('',*,*,#869,.T.);
#869 = EDGE_CURVE('',#862,#574,#870,.T.);
#870 = LINE('',#871,#872);
#871 = CARTESIAN_POINT('',(1.25,8.39,0.));
#872 = VECTOR('',#873,1.);
#873 = DIRECTION('',(-0.707106781187,0.707106781187,0.));
#874 = PLANE('',#875);
#875 = AXIS2_PLACEMENT_3D('',#876,#877,#878);
#876 = CARTESIAN_POINT('',(5.E-17,1.17E-15,0.));
#877 = DIRECTION('',(0.,0.,1.));
#878 = DIRECTION('',(1.,0.,0.));
#879 = ADVANCED_FACE('',(#880),#905,.F.);
#880 = FACE_BOUND('',#881,.F.);
#881 = EDGE_LOOP('',(#882,#892,#898,#899));
#882 = ORIENTED_EDGE('',*,*,#883,.F.);
#883 = EDGE_CURVE('',#884,#886,#888,.T.);
#884 = VERTEX_POINT('',#885);
#885 = CARTESIAN_POINT('',(-0.75,8.89,2.5));
#886 = VERTEX_POINT('',#887);
#887 = CARTESIAN_POINT('',(0.75,8.89,2.5));
#888 = LINE('',#889,#890);
#889 = CARTESIAN_POINT('',(-17.918604,8.89,2.5));
#890 = VECTOR('',#891,1.);
#891 = DIRECTION('',(1.,0.,0.));
#892 = ORIENTED_EDGE('',*,*,#893,.F.);
#893 = EDGE_CURVE('',#572,#884,#894,.T.);
#894 = LINE('',#895,#896);
#895 = CARTESIAN_POINT('',(-0.75,8.89,0.));
#896 = VECTOR('',#897,1.);
#897 = DIRECTION('',(0.,0.,1.));
#898 = ORIENTED_EDGE('',*,*,#571,.T.);
#899 = ORIENTED_EDGE('',*,*,#900,.T.);
#900 = EDGE_CURVE('',#574,#886,#901,.T.);
#901 = LINE('',#902,#903);
#902 = CARTESIAN_POINT('',(0.75,8.89,0.));
#903 = VECTOR('',#904,1.);
#904 = DIRECTION('',(0.,0.,1.));
#905 = PLANE('',#906);
#906 = AXIS2_PLACEMENT_3D('',#907,#908,#909);
#907 = CARTESIAN_POINT('',(-17.918604,8.89,2.5));
#908 = DIRECTION('',(0.,-1.,0.));
#909 = DIRECTION('',(1.,0.,0.));
#910 = ADVANCED_FACE('',(#911),#929,.F.);
#911 = FACE_BOUND('',#912,.F.);
#912 = EDGE_LOOP('',(#913,#921,#927,#928));
#913 = ORIENTED_EDGE('',*,*,#914,.T.);
#914 = EDGE_CURVE('',#862,#915,#917,.T.);
#915 = VERTEX_POINT('',#916);
#916 = CARTESIAN_POINT('',(1.25,8.39,2.5));
#917 = LINE('',#918,#919);
#918 = CARTESIAN_POINT('',(1.25,8.39,0.));
#919 = VECTOR('',#920,1.);
#920 = DIRECTION('',(0.,0.,1.));
#921 = ORIENTED_EDGE('',*,*,#922,.T.);
#922 = EDGE_CURVE('',#915,#886,#923,.T.);
#923 = LINE('',#924,#925);
#924 = CARTESIAN_POINT('',(1.25,8.39,2.5));
#925 = VECTOR('',#926,1.);
#926 = DIRECTION('',(-0.707106781187,0.707106781187,0.));
#927 = ORIENTED_EDGE('',*,*,#900,.F.);
#928 = ORIENTED_EDGE('',*,*,#869,.F.);
#929 = PLANE('',#930);
#930 = AXIS2_PLACEMENT_3D('',#931,#932,#933);
#931 = CARTESIAN_POINT('',(1.25,8.39,0.));
#932 = DIRECTION('',(-0.707106781187,-0.707106781187,0.));
#933 = DIRECTION('',(-0.707106781187,0.707106781187,0.));
#934 = ADVANCED_FACE('',(#935),#953,.F.);
#935 = FACE_BOUND('',#936,.F.);
#936 = EDGE_LOOP('',(#937,#945,#951,#952));
#937 = ORIENTED_EDGE('',*,*,#938,.T.);
#938 = EDGE_CURVE('',#854,#939,#941,.T.);
#939 = VERTEX_POINT('',#940);
#940 = CARTESIAN_POINT('',(1.25,6.85,2.5));
#941 = LINE('',#942,#943);
#942 = CARTESIAN_POINT('',(1.25,6.85,0.));
#943 = VECTOR('',#944,1.);
#944 = DIRECTION('',(0.,0.,1.));
#945 = ORIENTED_EDGE('',*,*,#946,.T.);
#946 = EDGE_CURVE('',#939,#915,#947,.T.);
#947 = LINE('',#948,#949);
#948 = CARTESIAN_POINT('',(1.25,6.85,2.5));
#949 = VECTOR('',#950,1.);
#950 = DIRECTION('',(0.,1.,0.));
#951 = ORIENTED_EDGE('',*,*,#914,.F.);
#952 = ORIENTED_EDGE('',*,*,#861,.F.);
#953 = PLANE('',#954);
#954 = AXIS2_PLACEMENT_3D('',#955,#956,#957);
#955 = CARTESIAN_POINT('',(1.25,6.85,0.));
#956 = DIRECTION('',(-1.,0.,0.));
#957 = DIRECTION('',(0.,1.,0.));
#958 = ADVANCED_FACE('',(#959),#977,.F.);
#959 = FACE_BOUND('',#960,.F.);
#960 = EDGE_LOOP('',(#961,#969,#975,#976));
#961 = ORIENTED_EDGE('',*,*,#962,.T.);
#962 = EDGE_CURVE('',#846,#963,#965,.T.);
#963 = VERTEX_POINT('',#964);
#964 = CARTESIAN_POINT('',(0.75,6.35,2.5));
#965 = LINE('',#966,#967);
#966 = CARTESIAN_POINT('',(0.75,6.35,0.));
#967 = VECTOR('',#968,1.);
#968 = DIRECTION('',(0.,0.,1.));
#969 = ORIENTED_EDGE('',*,*,#970,.T.);
#970 = EDGE_CURVE('',#963,#939,#971,.T.);
#971 = LINE('',#972,#973);
#972 = CARTESIAN_POINT('',(0.75,6.35,2.5));
#973 = VECTOR('',#974,1.);
#974 = DIRECTION('',(0.707106781187,0.707106781187,0.));
#975 = ORIENTED_EDGE('',*,*,#938,.F.);
#976 = ORIENTED_EDGE('',*,*,#853,.F.);
#977 = PLANE('',#978);
#978 = AXIS2_PLACEMENT_3D('',#979,#980,#981);
#979 = CARTESIAN_POINT('',(0.75,6.35,0.));
#980 = DIRECTION('',(-0.707106781187,0.707106781187,0.));
#981 = DIRECTION('',(0.707106781187,0.707106781187,0.));
#982 = ADVANCED_FACE('',(#983),#1001,.F.);
#983 = FACE_BOUND('',#984,.F.);
#984 = EDGE_LOOP('',(#985,#993,#999,#1000));
#985 = ORIENTED_EDGE('',*,*,#986,.T.);
#986 = EDGE_CURVE('',#838,#987,#989,.T.);
#987 = VERTEX_POINT('',#988);
#988 = CARTESIAN_POINT('',(1.25,5.85,2.5));
#989 = LINE('',#990,#991);
#990 = CARTESIAN_POINT('',(1.25,5.85,0.));
#991 = VECTOR('',#992,1.);
#992 = DIRECTION('',(0.,0.,1.));
#993 = ORIENTED_EDGE('',*,*,#994,.T.);
#994 = EDGE_CURVE('',#987,#963,#995,.T.);
#995 = LINE('',#996,#997);
#996 = CARTESIAN_POINT('',(1.25,5.85,2.5));
#997 = VECTOR('',#998,1.);
#998 = DIRECTION('',(-0.707106781187,0.707106781187,0.));
#999 = ORIENTED_EDGE('',*,*,#962,.F.);
#1000 = ORIENTED_EDGE('',*,*,#845,.F.);
#1001 = PLANE('',#1002);
#1002 = AXIS2_PLACEMENT_3D('',#1003,#1004,#1005);
#1003 = CARTESIAN_POINT('',(1.25,5.85,0.));
#1004 = DIRECTION('',(-0.707106781187,-0.707106781187,0.));
#1005 = DIRECTION('',(-0.707106781187,0.707106781187,0.));
#1006 = ADVANCED_FACE('',(#1007),#1025,.F.);
#1007 = FACE_BOUND('',#1008,.F.);
#1008 = EDGE_LOOP('',(#1009,#1017,#1023,#1024));
#1009 = ORIENTED_EDGE('',*,*,#1010,.T.);
#1010 = EDGE_CURVE('',#830,#1011,#1013,.T.);
#1011 = VERTEX_POINT('',#1012);
#1012 = CARTESIAN_POINT('',(1.25,4.31,2.5));
#1013 = LINE('',#1014,#1015);
#1014 = CARTESIAN_POINT('',(1.25,4.31,0.));
#1015 = VECTOR('',#1016,1.);
#1016 = DIRECTION('',(0.,0.,1.));
#1017 = ORIENTED_EDGE('',*,*,#1018,.T.);
#1018 = EDGE_CURVE('',#1011,#987,#1019,.T.);
#1019 = LINE('',#1020,#1021);
#1020 = CARTESIAN_POINT('',(1.25,4.31,2.5));
#1021 = VECTOR('',#1022,1.);
#1022 = DIRECTION('',(0.,1.,0.));
#1023 = ORIENTED_EDGE('',*,*,#986,.F.);
#1024 = ORIENTED_EDGE('',*,*,#837,.F.);
#1025 = PLANE('',#1026);
#1026 = AXIS2_PLACEMENT_3D('',#1027,#1028,#1029);
#1027 = CARTESIAN_POINT('',(1.25,4.31,0.));
#1028 = DIRECTION('',(-1.,0.,0.));
#1029 = DIRECTION('',(0.,1.,0.));
#1030 = ADVANCED_FACE('',(#1031),#1049,.F.);
#1031 = FACE_BOUND('',#1032,.F.);
#1032 = EDGE_LOOP('',(#1033,#1041,#1047,#1048));
#1033 = ORIENTED_EDGE('',*,*,#1034,.T.);
#1034 = EDGE_CURVE('',#822,#1035,#1037,.T.);
#1035 = VERTEX_POINT('',#1036);
#1036 = CARTESIAN_POINT('',(0.75,3.81,2.5));
#1037 = LINE('',#1038,#1039);
#1038 = CARTESIAN_POINT('',(0.75,3.81,0.));
#1039 = VECTOR('',#1040,1.);
#1040 = DIRECTION('',(0.,0.,1.));
#1041 = ORIENTED_EDGE('',*,*,#1042,.T.);
#1042 = EDGE_CURVE('',#1035,#1011,#1043,.T.);
#1043 = LINE('',#1044,#1045);
#1044 = CARTESIAN_POINT('',(0.75,3.81,2.5));
#1045 = VECTOR('',#1046,1.);
#1046 = DIRECTION('',(0.707106781187,0.707106781187,0.));
#1047 = ORIENTED_EDGE('',*,*,#1010,.F.);
#1048 = ORIENTED_EDGE('',*,*,#829,.F.);
#1049 = PLANE('',#1050);
#1050 = AXIS2_PLACEMENT_3D('',#1051,#1052,#1053);
#1051 = CARTESIAN_POINT('',(0.75,3.81,0.));
#1052 = DIRECTION('',(-0.707106781187,0.707106781187,0.));
#1053 = DIRECTION('',(0.707106781187,0.707106781187,0.));
#1054 = ADVANCED_FACE('',(#1055),#1073,.F.);
#1055 = FACE_BOUND('',#1056,.F.);
#1056 = EDGE_LOOP('',(#1057,#1065,#1071,#1072));
#1057 = ORIENTED_EDGE('',*,*,#1058,.T.);
#1058 = EDGE_CURVE('',#814,#1059,#1061,.T.);
#1059 = VERTEX_POINT('',#1060);
#1060 = CARTESIAN_POINT('',(1.25,3.31,2.5));
#1061 = LINE('',#1062,#1063);
#1062 = CARTESIAN_POINT('',(1.25,3.31,0.));
#1063 = VECTOR('',#1064,1.);
#1064 = DIRECTION('',(0.,0.,1.));
#1065 = ORIENTED_EDGE('',*,*,#1066,.T.);
#1066 = EDGE_CURVE('',#1059,#1035,#1067,.T.);
#1067 = LINE('',#1068,#1069);
#1068 = CARTESIAN_POINT('',(1.25,3.31,2.5));
#1069 = VECTOR('',#1070,1.);
#1070 = DIRECTION('',(-0.707106781187,0.707106781187,0.));
#1071 = ORIENTED_EDGE('',*,*,#1034,.F.);
#1072 = ORIENTED_EDGE('',*,*,#821,.F.);
#1073 = PLANE('',#1074);
#1074 = AXIS2_PLACEMENT_3D('',#1075,#1076,#1077);
#1075 = CARTESIAN_POINT('',(1.25,3.31,0.));
#1076 = DIRECTION('',(-0.707106781187,-0.707106781187,0.));
#1077 = DIRECTION('',(-0.707106781187,0.707106781187,0.));
#1078 = ADVANCED_FACE('',(#1079),#1097,.F.);
#1079 = FACE_BOUND('',#1080,.F.);
#1080 = EDGE_LOOP('',(#1081,#1089,#1095,#1096));
#1081 = ORIENTED_EDGE('',*,*,#1082,.T.);
#1082 = EDGE_CURVE('',#806,#1083,#1085,.T.);
#1083 = VERTEX_POINT('',#1084);
#1084 = CARTESIAN_POINT('',(1.25,1.77,2.5));
#1085 = LINE('',#1086,#1087);
#1086 = CARTESIAN_POINT('',(1.25,1.77,0.));
#1087 = VECTOR('',#1088,1.);
#1088 = DIRECTION('',(0.,0.,1.));
#1089 = ORIENTED_EDGE('',*,*,#1090,.T.);
#1090 = EDGE_CURVE('',#1083,#1059,#1091,.T.);
#1091 = LINE('',#1092,#1093);
#1092 = CARTESIAN_POINT('',(1.25,1.77,2.5));
#1093 = VECTOR('',#1094,1.);
#1094 = DIRECTION('',(0.,1.,0.));
#1095 = ORIENTED_EDGE('',*,*,#1058,.F.);
#1096 = ORIENTED_EDGE('',*,*,#813,.F.);
#1097 = PLANE('',#1098);
#1098 = AXIS2_PLACEMENT_3D('',#1099,#1100,#1101);
#1099 = CARTESIAN_POINT('',(1.25,1.77,0.));
#1100 = DIRECTION('',(-1.,0.,0.));
#1101 = DIRECTION('',(0.,1.,0.));
#1102 = ADVANCED_FACE('',(#1103),#1121,.F.);
#1103 = FACE_BOUND('',#1104,.F.);
#1104 = EDGE_LOOP('',(#1105,#1113,#1119,#1120));
#1105 = ORIENTED_EDGE('',*,*,#1106,.T.);
#1106 = EDGE_CURVE('',#798,#1107,#1109,.T.);
#1107 = VERTEX_POINT('',#1108);
#1108 = CARTESIAN_POINT('',(0.75,1.27,2.5));
#1109 = LINE('',#1110,#1111);
#1110 = CARTESIAN_POINT('',(0.75,1.27,0.));
#1111 = VECTOR('',#1112,1.);
#1112 = DIRECTION('',(0.,0.,1.));
#1113 = ORIENTED_EDGE('',*,*,#1114,.T.);
#1114 = EDGE_CURVE('',#1107,#1083,#1115,.T.);
#1115 = LINE('',#1116,#1117);
#1116 = CARTESIAN_POINT('',(0.75,1.27,2.5));
#1117 = VECTOR('',#1118,1.);
#1118 = DIRECTION('',(0.707106781187,0.707106781187,0.));
#1119 = ORIENTED_EDGE('',*,*,#1082,.F.);
#1120 = ORIENTED_EDGE('',*,*,#805,.F.);
#1121 = PLANE('',#1122);
#1122 = AXIS2_PLACEMENT_3D('',#1123,#1124,#1125);
#1123 = CARTESIAN_POINT('',(0.75,1.27,0.));
#1124 = DIRECTION('',(-0.707106781187,0.707106781187,0.));
#1125 = DIRECTION('',(0.707106781187,0.707106781187,0.));
#1126 = ADVANCED_FACE('',(#1127),#1145,.F.);
#1127 = FACE_BOUND('',#1128,.F.);
#1128 = EDGE_LOOP('',(#1129,#1137,#1143,#1144));
#1129 = ORIENTED_EDGE('',*,*,#1130,.T.);
#1130 = EDGE_CURVE('',#790,#1131,#1133,.T.);
#1131 = VERTEX_POINT('',#1132);
#1132 = CARTESIAN_POINT('',(1.25,0.77,2.5));
#1133 = LINE('',#1134,#1135);
#1134 = CARTESIAN_POINT('',(1.25,0.77,0.));
#1135 = VECTOR('',#1136,1.);
#1136 = DIRECTION('',(0.,0.,1.));
#1137 = ORIENTED_EDGE('',*,*,#1138,.T.);
#1138 = EDGE_CURVE('',#1131,#1107,#1139,.T.);
#1139 = LINE('',#1140,#1141);
#1140 = CARTESIAN_POINT('',(1.25,0.77,2.5));
#1141 = VECTOR('',#1142,1.);
#1142 = DIRECTION('',(-0.707106781187,0.707106781187,0.));
#1143 = ORIENTED_EDGE('',*,*,#1106,.F.);
#1144 = ORIENTED_EDGE('',*,*,#797,.F.);
#1145 = PLANE('',#1146);
#1146 = AXIS2_PLACEMENT_3D('',#1147,#1148,#1149);
#1147 = CARTESIAN_POINT('',(1.25,0.77,0.));
#1148 = DIRECTION('',(-0.707106781187,-0.707106781187,0.));
#1149 = DIRECTION('',(-0.707106781187,0.707106781187,0.));
#1150 = ADVANCED_FACE('',(#1151),#1169,.F.);
#1151 = FACE_BOUND('',#1152,.F.);
#1152 = EDGE_LOOP('',(#1153,#1161,#1167,#1168));
#1153 = ORIENTED_EDGE('',*,*,#1154,.T.);
#1154 = EDGE_CURVE('',#782,#1155,#1157,.T.);
#1155 = VERTEX_POINT('',#1156);
#1156 = CARTESIAN_POINT('',(1.25,-0.77,2.5));
#1157 = LINE('',#1158,#1159);
#1158 = CARTESIAN_POINT('',(1.25,-0.77,0.));
#1159 = VECTOR('',#1160,1.);
#1160 = DIRECTION('',(0.,0.,1.));
#1161 = ORIENTED_EDGE('',*,*,#1162,.T.);
#1162 = EDGE_CURVE('',#1155,#1131,#1163,.T.);
#1163 = LINE('',#1164,#1165);
#1164 = CARTESIAN_POINT('',(1.25,-0.77,2.5));
#1165 = VECTOR('',#1166,1.);
#1166 = DIRECTION('',(0.,1.,0.));
#1167 = ORIENTED_EDGE('',*,*,#1130,.F.);
#1168 = ORIENTED_EDGE('',*,*,#789,.F.);
#1169 = PLANE('',#1170);
#1170 = AXIS2_PLACEMENT_3D('',#1171,#1172,#1173);
#1171 = CARTESIAN_POINT('',(1.25,-0.77,0.));
#1172 = DIRECTION('',(-1.,0.,0.));
#1173 = DIRECTION('',(0.,1.,0.));
#1174 = ADVANCED_FACE('',(#1175),#1193,.F.);
#1175 = FACE_BOUND('',#1176,.F.);
#1176 = EDGE_LOOP('',(#1177,#1185,#1191,#1192));
#1177 = ORIENTED_EDGE('',*,*,#1178,.T.);
#1178 = EDGE_CURVE('',#774,#1179,#1181,.T.);
#1179 = VERTEX_POINT('',#1180);
#1180 = CARTESIAN_POINT('',(0.75,-1.27,2.5));
#1181 = LINE('',#1182,#1183);
#1182 = CARTESIAN_POINT('',(0.75,-1.27,0.));
#1183 = VECTOR('',#1184,1.);
#1184 = DIRECTION('',(0.,0.,1.));
#1185 = ORIENTED_EDGE('',*,*,#1186,.T.);
#1186 = EDGE_CURVE('',#1179,#1155,#1187,.T.);
#1187 = LINE('',#1188,#1189);
#1188 = CARTESIAN_POINT('',(0.75,-1.27,2.5));
#1189 = VECTOR('',#1190,1.);
#1190 = DIRECTION('',(0.707106781187,0.707106781187,0.));
#1191 = ORIENTED_EDGE('',*,*,#1154,.F.);
#1192 = ORIENTED_EDGE('',*,*,#781,.F.);
#1193 = PLANE('',#1194);
#1194 = AXIS2_PLACEMENT_3D('',#1195,#1196,#1197);
#1195 = CARTESIAN_POINT('',(0.75,-1.27,0.));
#1196 = DIRECTION('',(-0.707106781187,0.707106781187,0.));
#1197 = DIRECTION('',(0.707106781187,0.707106781187,0.));
#1198 = ADVANCED_FACE('',(#1199),#1217,.F.);
#1199 = FACE_BOUND('',#1200,.F.);
#1200 = EDGE_LOOP('',(#1201,#1209,#1215,#1216));
#1201 = ORIENTED_EDGE('',*,*,#1202,.T.);
#1202 = EDGE_CURVE('',#766,#1203,#1205,.T.);
#1203 = VERTEX_POINT('',#1204);
#1204 = CARTESIAN_POINT('',(1.25,-1.77,2.5));
#1205 = LINE('',#1206,#1207);
#1206 = CARTESIAN_POINT('',(1.25,-1.77,0.));
#1207 = VECTOR('',#1208,1.);
#1208 = DIRECTION('',(0.,0.,1.));
#1209 = ORIENTED_EDGE('',*,*,#1210,.T.);
#1210 = EDGE_CURVE('',#1203,#1179,#1211,.T.);
#1211 = LINE('',#1212,#1213);
#1212 = CARTESIAN_POINT('',(1.25,-1.77,2.5));
#1213 = VECTOR('',#1214,1.);
#1214 = DIRECTION('',(-0.707106781187,0.707106781187,0.));
#1215 = ORIENTED_EDGE('',*,*,#1178,.F.);
#1216 = ORIENTED_EDGE('',*,*,#773,.F.);
#1217 = PLANE('',#1218);
#1218 = AXIS2_PLACEMENT_3D('',#1219,#1220,#1221);
#1219 = CARTESIAN_POINT('',(1.25,-1.77,0.));
#1220 = DIRECTION('',(-0.707106781187,-0.707106781187,0.));
#1221 = DIRECTION('',(-0.707106781187,0.707106781187,0.));
#1222 = ADVANCED_FACE('',(#1223),#1241,.F.);
#1223 = FACE_BOUND('',#1224,.F.);
#1224 = EDGE_LOOP('',(#1225,#1233,#1239,#1240));
#1225 = ORIENTED_EDGE('',*,*,#1226,.T.);
#1226 = EDGE_CURVE('',#758,#1227,#1229,.T.);
#1227 = VERTEX_POINT('',#1228);
#1228 = CARTESIAN_POINT('',(1.25,-3.31,2.5));
#1229 = LINE('',#1230,#1231);
#1230 = CARTESIAN_POINT('',(1.25,-3.31,0.));
#1231 = VECTOR('',#1232,1.);
#1232 = DIRECTION('',(0.,0.,1.));
#1233 = ORIENTED_EDGE('',*,*,#1234,.T.);
#1234 = EDGE_CURVE('',#1227,#1203,#1235,.T.);
#1235 = LINE('',#1236,#1237);
#1236 = CARTESIAN_POINT('',(1.25,-3.31,2.5));
#1237 = VECTOR('',#1238,1.);
#1238 = DIRECTION('',(0.,1.,0.));
#1239 = ORIENTED_EDGE('',*,*,#1202,.F.);
#1240 = ORIENTED_EDGE('',*,*,#765,.F.);
#1241 = PLANE('',#1242);
#1242 = AXIS2_PLACEMENT_3D('',#1243,#1244,#1245);
#1243 = CARTESIAN_POINT('',(1.25,-3.31,0.));
#1244 = DIRECTION('',(-1.,0.,0.));
#1245 = DIRECTION('',(0.,1.,0.));
#1246 = ADVANCED_FACE('',(#1247),#1265,.F.);
#1247 = FACE_BOUND('',#1248,.F.);
#1248 = EDGE_LOOP('',(#1249,#1257,#1263,#1264));
#1249 = ORIENTED_EDGE('',*,*,#1250,.T.);
#1250 = EDGE_CURVE('',#750,#1251,#1253,.T.);
#1251 = VERTEX_POINT('',#1252);
#1252 = CARTESIAN_POINT('',(0.75,-3.81,2.5));
#1253 = LINE('',#1254,#1255);
#1254 = CARTESIAN_POINT('',(0.75,-3.81,0.));
#1255 = VECTOR('',#1256,1.);
#1256 = DIRECTION('',(0.,0.,1.));
#1257 = ORIENTED_EDGE('',*,*,#1258,.T.);
#1258 = EDGE_CURVE('',#1251,#1227,#1259,.T.);
#1259 = LINE('',#1260,#1261);
#1260 = CARTESIAN_POINT('',(0.75,-3.81,2.5));
#1261 = VECTOR('',#1262,1.);
#1262 = DIRECTION('',(0.707106781187,0.707106781187,0.));
#1263 = ORIENTED_EDGE('',*,*,#1226,.F.);
#1264 = ORIENTED_EDGE('',*,*,#757,.F.);
#1265 = PLANE('',#1266);
#1266 = AXIS2_PLACEMENT_3D('',#1267,#1268,#1269);
#1267 = CARTESIAN_POINT('',(0.75,-3.81,0.));
#1268 = DIRECTION('',(-0.707106781187,0.707106781187,0.));
#1269 = DIRECTION('',(0.707106781187,0.707106781187,0.));
#1270 = ADVANCED_FACE('',(#1271),#1289,.F.);
#1271 = FACE_BOUND('',#1272,.F.);
#1272 = EDGE_LOOP('',(#1273,#1281,#1287,#1288));
#1273 = ORIENTED_EDGE('',*,*,#1274,.T.);
#1274 = EDGE_CURVE('',#742,#1275,#1277,.T.);
#1275 = VERTEX_POINT('',#1276);
#1276 = CARTESIAN_POINT('',(1.25,-4.31,2.5));
#1277 = LINE('',#1278,#1279);
#1278 = CARTESIAN_POINT('',(1.25,-4.31,0.));
#1279 = VECTOR('',#1280,1.);
#1280 = DIRECTION('',(0.,0.,1.));
#1281 = ORIENTED_EDGE('',*,*,#1282,.T.);
#1282 = EDGE_CURVE('',#1275,#1251,#1283,.T.);
#1283 = LINE('',#1284,#1285);
#1284 = CARTESIAN_POINT('',(1.25,-4.31,2.5));
#1285 = VECTOR('',#1286,1.);
#1286 = DIRECTION('',(-0.707106781187,0.707106781187,0.));
#1287 = ORIENTED_EDGE('',*,*,#1250,.F.);
#1288 = ORIENTED_EDGE('',*,*,#749,.F.);
#1289 = PLANE('',#1290);
#1290 = AXIS2_PLACEMENT_3D('',#1291,#1292,#1293);
#1291 = CARTESIAN_POINT('',(1.25,-4.31,0.));
#1292 = DIRECTION('',(-0.707106781187,-0.707106781187,0.));
#1293 = DIRECTION('',(-0.707106781187,0.707106781187,0.));
#1294 = ADVANCED_FACE('',(#1295),#1313,.F.);
#1295 = FACE_BOUND('',#1296,.F.);
#1296 = EDGE_LOOP('',(#1297,#1305,#1311,#1312));
#1297 = ORIENTED_EDGE('',*,*,#1298,.T.);
#1298 = EDGE_CURVE('',#734,#1299,#1301,.T.);
#1299 = VERTEX_POINT('',#1300);
#1300 = CARTESIAN_POINT('',(1.25,-5.85,2.5));
#1301 = LINE('',#1302,#1303);
#1302 = CARTESIAN_POINT('',(1.25,-5.85,0.));
#1303 = VECTOR('',#1304,1.);
#1304 = DIRECTION('',(0.,0.,1.));
#1305 = ORIENTED_EDGE('',*,*,#1306,.T.);
#1306 = EDGE_CURVE('',#1299,#1275,#1307,.T.);
#1307 = LINE('',#1308,#1309);
#1308 = CARTESIAN_POINT('',(1.25,-5.85,2.5));
#1309 = VECTOR('',#1310,1.);
#1310 = DIRECTION('',(0.,1.,0.));
#1311 = ORIENTED_EDGE('',*,*,#1274,.F.);
#1312 = ORIENTED_EDGE('',*,*,#741,.F.);
#1313 = PLANE('',#1314);
#1314 = AXIS2_PLACEMENT_3D('',#1315,#1316,#1317);
#1315 = CARTESIAN_POINT('',(1.25,-5.85,0.));
#1316 = DIRECTION('',(-1.,0.,0.));
#1317 = DIRECTION('',(0.,1.,0.));
#1318 = ADVANCED_FACE('',(#1319),#1337,.F.);
#1319 = FACE_BOUND('',#1320,.F.);
#1320 = EDGE_LOOP('',(#1321,#1329,#1335,#1336));
#1321 = ORIENTED_EDGE('',*,*,#1322,.T.);
#1322 = EDGE_CURVE('',#726,#1323,#1325,.T.);
#1323 = VERTEX_POINT('',#1324);
#1324 = CARTESIAN_POINT('',(0.75,-6.35,2.5));
#1325 = LINE('',#1326,#1327);
#1326 = CARTESIAN_POINT('',(0.75,-6.35,0.));
#1327 = VECTOR('',#1328,1.);
#1328 = DIRECTION('',(0.,0.,1.));
#1329 = ORIENTED_EDGE('',*,*,#1330,.T.);
#1330 = EDGE_CURVE('',#1323,#1299,#1331,.T.);
#1331 = LINE('',#1332,#1333);
#1332 = CARTESIAN_POINT('',(0.75,-6.35,2.5));
#1333 = VECTOR('',#1334,1.);
#1334 = DIRECTION('',(0.707106781187,0.707106781187,0.));
#1335 = ORIENTED_EDGE('',*,*,#1298,.F.);
#1336 = ORIENTED_EDGE('',*,*,#733,.F.);
#1337 = PLANE('',#1338);
#1338 = AXIS2_PLACEMENT_3D('',#1339,#1340,#1341);
#1339 = CARTESIAN_POINT('',(0.75,-6.35,0.));
#1340 = DIRECTION('',(-0.707106781187,0.707106781187,0.));
#1341 = DIRECTION('',(0.707106781187,0.707106781187,0.));
#1342 = ADVANCED_FACE('',(#1343),#1361,.F.);
#1343 = FACE_BOUND('',#1344,.F.);
#1344 = EDGE_LOOP('',(#1345,#1353,#1354,#1355));
#1345 = ORIENTED_EDGE('',*,*,#1346,.F.);
#1346 = EDGE_CURVE('',#1323,#1347,#1349,.T.);
#1347 = VERTEX_POINT('',#1348);
#1348 = CARTESIAN_POINT('',(-0.75,-6.35,2.5));
#1349 = LINE('',#1350,#1351);
#1350 = CARTESIAN_POINT('',(28.680403,-6.35,2.5));
#1351 = VECTOR('',#1352,1.);
#1352 = DIRECTION('',(-1.,0.,0.));
#1353 = ORIENTED_EDGE('',*,*,#1322,.F.);
#1354 = ORIENTED_EDGE('',*,*,#725,.T.);
#1355 = ORIENTED_EDGE('',*,*,#1356,.T.);
#1356 = EDGE_CURVE('',#718,#1347,#1357,.T.);
#1357 = LINE('',#1358,#1359);
#1358 = CARTESIAN_POINT('',(-0.75,-6.35,0.));
#1359 = VECTOR('',#1360,1.);
#1360 = DIRECTION('',(0.,0.,1.));
#1361 = PLANE('',#1362);
#1362 = AXIS2_PLACEMENT_3D('',#1363,#1364,#1365);
#1363 = CARTESIAN_POINT('',(28.680403,-6.35,2.5));
#1364 = DIRECTION('',(0.,1.,0.));
#1365 = DIRECTION('',(-1.,0.,0.));
#1366 = ADVANCED_FACE('',(#1367),#1385,.F.);
#1367 = FACE_BOUND('',#1368,.F.);
#1368 = EDGE_LOOP('',(#1369,#1377,#1383,#1384));
#1369 = ORIENTED_EDGE('',*,*,#1370,.T.);
#1370 = EDGE_CURVE('',#710,#1371,#1373,.T.);
#1371 = VERTEX_POINT('',#1372);
#1372 = CARTESIAN_POINT('',(-1.25,-5.85,2.5));
#1373 = LINE('',#1374,#1375);
#1374 = CARTESIAN_POINT('',(-1.25,-5.85,0.));
#1375 = VECTOR('',#1376,1.);
#1376 = DIRECTION('',(0.,0.,1.));
#1377 = ORIENTED_EDGE('',*,*,#1378,.T.);
#1378 = EDGE_CURVE('',#1371,#1347,#1379,.T.);
#1379 = LINE('',#1380,#1381);
#1380 = CARTESIAN_POINT('',(-1.25,-5.85,2.5));
#1381 = VECTOR('',#1382,1.);
#1382 = DIRECTION('',(0.707106781187,-0.707106781187,0.));
#1383 = ORIENTED_EDGE('',*,*,#1356,.F.);
#1384 = ORIENTED_EDGE('',*,*,#717,.F.);
#1385 = PLANE('',#1386);
#1386 = AXIS2_PLACEMENT_3D('',#1387,#1388,#1389);
#1387 = CARTESIAN_POINT('',(-1.25,-5.85,0.));
#1388 = DIRECTION('',(0.707106781187,0.707106781187,0.));
#1389 = DIRECTION('',(0.707106781187,-0.707106781187,0.));
#1390 = ADVANCED_FACE('',(#1391),#1409,.F.);
#1391 = FACE_BOUND('',#1392,.F.);
#1392 = EDGE_LOOP('',(#1393,#1401,#1407,#1408));
#1393 = ORIENTED_EDGE('',*,*,#1394,.T.);
#1394 = EDGE_CURVE('',#702,#1395,#1397,.T.);
#1395 = VERTEX_POINT('',#1396);
#1396 = CARTESIAN_POINT('',(-1.25,-4.31,2.5));
#1397 = LINE('',#1398,#1399);
#1398 = CARTESIAN_POINT('',(-1.25,-4.31,0.));
#1399 = VECTOR('',#1400,1.);
#1400 = DIRECTION('',(0.,0.,1.));
#1401 = ORIENTED_EDGE('',*,*,#1402,.T.);
#1402 = EDGE_CURVE('',#1395,#1371,#1403,.T.);
#1403 = LINE('',#1404,#1405);
#1404 = CARTESIAN_POINT('',(-1.25,-4.31,2.5));
#1405 = VECTOR('',#1406,1.);
#1406 = DIRECTION('',(0.,-1.,0.));
#1407 = ORIENTED_EDGE('',*,*,#1370,.F.);
#1408 = ORIENTED_EDGE('',*,*,#709,.F.);
#1409 = PLANE('',#1410);
#1410 = AXIS2_PLACEMENT_3D('',#1411,#1412,#1413);
#1411 = CARTESIAN_POINT('',(-1.25,-4.31,0.));
#1412 = DIRECTION('',(1.,0.,0.));
#1413 = DIRECTION('',(0.,-1.,0.));
#1414 = ADVANCED_FACE('',(#1415),#1433,.F.);
#1415 = FACE_BOUND('',#1416,.F.);
#1416 = EDGE_LOOP('',(#1417,#1425,#1431,#1432));
#1417 = ORIENTED_EDGE('',*,*,#1418,.T.);
#1418 = EDGE_CURVE('',#694,#1419,#1421,.T.);
#1419 = VERTEX_POINT('',#1420);
#1420 = CARTESIAN_POINT('',(-0.75,-3.81,2.5));
#1421 = LINE('',#1422,#1423);
#1422 = CARTESIAN_POINT('',(-0.75,-3.81,0.));
#1423 = VECTOR('',#1424,1.);
#1424 = DIRECTION('',(0.,0.,1.));
#1425 = ORIENTED_EDGE('',*,*,#1426,.T.);
#1426 = EDGE_CURVE('',#1419,#1395,#1427,.T.);
#1427 = LINE('',#1428,#1429);
#1428 = CARTESIAN_POINT('',(-0.75,-3.81,2.5));
#1429 = VECTOR('',#1430,1.);
#1430 = DIRECTION('',(-0.707106781187,-0.707106781187,0.));
#1431 = ORIENTED_EDGE('',*,*,#1394,.F.);
#1432 = ORIENTED_EDGE('',*,*,#701,.F.);
#1433 = PLANE('',#1434);
#1434 = AXIS2_PLACEMENT_3D('',#1435,#1436,#1437);
#1435 = CARTESIAN_POINT('',(-0.75,-3.81,0.));
#1436 = DIRECTION('',(0.707106781187,-0.707106781187,0.));
#1437 = DIRECTION('',(-0.707106781187,-0.707106781187,0.));
#1438 = ADVANCED_FACE('',(#1439),#1457,.F.);
#1439 = FACE_BOUND('',#1440,.F.);
#1440 = EDGE_LOOP('',(#1441,#1449,#1455,#1456));
#1441 = ORIENTED_EDGE('',*,*,#1442,.T.);
#1442 = EDGE_CURVE('',#686,#1443,#1445,.T.);
#1443 = VERTEX_POINT('',#1444);
#1444 = CARTESIAN_POINT('',(-1.25,-3.31,2.5));
#1445 = LINE('',#1446,#1447);
#1446 = CARTESIAN_POINT('',(-1.25,-3.31,0.));
#1447 = VECTOR('',#1448,1.);
#1448 = DIRECTION('',(0.,0.,1.));
#1449 = ORIENTED_EDGE('',*,*,#1450,.T.);
#1450 = EDGE_CURVE('',#1443,#1419,#1451,.T.);
#1451 = LINE('',#1452,#1453);
#1452 = CARTESIAN_POINT('',(-1.25,-3.31,2.5));
#1453 = VECTOR('',#1454,1.);
#1454 = DIRECTION('',(0.707106781187,-0.707106781187,0.));
#1455 = ORIENTED_EDGE('',*,*,#1418,.F.);
#1456 = ORIENTED_EDGE('',*,*,#693,.F.);
#1457 = PLANE('',#1458);
#1458 = AXIS2_PLACEMENT_3D('',#1459,#1460,#1461);
#1459 = CARTESIAN_POINT('',(-1.25,-3.31,0.));
#1460 = DIRECTION('',(0.707106781187,0.707106781187,0.));
#1461 = DIRECTION('',(0.707106781187,-0.707106781187,0.));
#1462 = ADVANCED_FACE('',(#1463),#1481,.F.);
#1463 = FACE_BOUND('',#1464,.F.);
#1464 = EDGE_LOOP('',(#1465,#1473,#1479,#1480));
#1465 = ORIENTED_EDGE('',*,*,#1466,.T.);
#1466 = EDGE_CURVE('',#678,#1467,#1469,.T.);
#1467 = VERTEX_POINT('',#1468);
#1468 = CARTESIAN_POINT('',(-1.25,-1.77,2.5));
#1469 = LINE('',#1470,#1471);
#1470 = CARTESIAN_POINT('',(-1.25,-1.77,0.));
#1471 = VECTOR('',#1472,1.);
#1472 = DIRECTION('',(0.,0.,1.));
#1473 = ORIENTED_EDGE('',*,*,#1474,.T.);
#1474 = EDGE_CURVE('',#1467,#1443,#1475,.T.);
#1475 = LINE('',#1476,#1477);
#1476 = CARTESIAN_POINT('',(-1.25,-1.77,2.5));
#1477 = VECTOR('',#1478,1.);
#1478 = DIRECTION('',(0.,-1.,0.));
#1479 = ORIENTED_EDGE('',*,*,#1442,.F.);
#1480 = ORIENTED_EDGE('',*,*,#685,.F.);
#1481 = PLANE('',#1482);
#1482 = AXIS2_PLACEMENT_3D('',#1483,#1484,#1485);
#1483 = CARTESIAN_POINT('',(-1.25,-1.77,0.));
#1484 = DIRECTION('',(1.,0.,0.));
#1485 = DIRECTION('',(0.,-1.,0.));
#1486 = ADVANCED_FACE('',(#1487),#1505,.F.);
#1487 = FACE_BOUND('',#1488,.F.);
#1488 = EDGE_LOOP('',(#1489,#1497,#1503,#1504));
#1489 = ORIENTED_EDGE('',*,*,#1490,.T.);
#1490 = EDGE_CURVE('',#670,#1491,#1493,.T.);
#1491 = VERTEX_POINT('',#1492);
#1492 = CARTESIAN_POINT('',(-0.75,-1.27,2.5));
#1493 = LINE('',#1494,#1495);
#1494 = CARTESIAN_POINT('',(-0.75,-1.27,0.));
#1495 = VECTOR('',#1496,1.);
#1496 = DIRECTION('',(0.,0.,1.));
#1497 = ORIENTED_EDGE('',*,*,#1498,.T.);
#1498 = EDGE_CURVE('',#1491,#1467,#1499,.T.);
#1499 = LINE('',#1500,#1501);
#1500 = CARTESIAN_POINT('',(-0.75,-1.27,2.5));
#1501 = VECTOR('',#1502,1.);
#1502 = DIRECTION('',(-0.707106781187,-0.707106781187,0.));
#1503 = ORIENTED_EDGE('',*,*,#1466,.F.);
#1504 = ORIENTED_EDGE('',*,*,#677,.F.);
#1505 = PLANE('',#1506);
#1506 = AXIS2_PLACEMENT_3D('',#1507,#1508,#1509);
#1507 = CARTESIAN_POINT('',(-0.75,-1.27,0.));
#1508 = DIRECTION('',(0.707106781187,-0.707106781187,0.));
#1509 = DIRECTION('',(-0.707106781187,-0.707106781187,0.));
#1510 = ADVANCED_FACE('',(#1511),#1529,.F.);
#1511 = FACE_BOUND('',#1512,.F.);
#1512 = EDGE_LOOP('',(#1513,#1521,#1527,#1528));
#1513 = ORIENTED_EDGE('',*,*,#1514,.T.);
#1514 = EDGE_CURVE('',#662,#1515,#1517,.T.);
#1515 = VERTEX_POINT('',#1516);
#1516 = CARTESIAN_POINT('',(-1.25,-0.77,2.5));
#1517 = LINE('',#1518,#1519);
#1518 = CARTESIAN_POINT('',(-1.25,-0.77,0.));
#1519 = VECTOR('',#1520,1.);
#1520 = DIRECTION('',(0.,0.,1.));
#1521 = ORIENTED_EDGE('',*,*,#1522,.T.);
#1522 = EDGE_CURVE('',#1515,#1491,#1523,.T.);
#1523 = LINE('',#1524,#1525);
#1524 = CARTESIAN_POINT('',(-1.25,-0.77,2.5));
#1525 = VECTOR('',#1526,1.);
#1526 = DIRECTION('',(0.707106781187,-0.707106781187,0.));
#1527 = ORIENTED_EDGE('',*,*,#1490,.F.);
#1528 = ORIENTED_EDGE('',*,*,#669,.F.);
#1529 = PLANE('',#1530);
#1530 = AXIS2_PLACEMENT_3D('',#1531,#1532,#1533);
#1531 = CARTESIAN_POINT('',(-1.25,-0.77,0.));
#1532 = DIRECTION('',(0.707106781187,0.707106781187,0.));
#1533 = DIRECTION('',(0.707106781187,-0.707106781187,0.));
#1534 = ADVANCED_FACE('',(#1535),#1553,.F.);
#1535 = FACE_BOUND('',#1536,.F.);
#1536 = EDGE_LOOP('',(#1537,#1545,#1551,#1552));
#1537 = ORIENTED_EDGE('',*,*,#1538,.T.);
#1538 = EDGE_CURVE('',#654,#1539,#1541,.T.);
#1539 = VERTEX_POINT('',#1540);
#1540 = CARTESIAN_POINT('',(-1.25,0.77,2.5));
#1541 = LINE('',#1542,#1543);
#1542 = CARTESIAN_POINT('',(-1.25,0.77,0.));
#1543 = VECTOR('',#1544,1.);
#1544 = DIRECTION('',(0.,0.,1.));
#1545 = ORIENTED_EDGE('',*,*,#1546,.T.);
#1546 = EDGE_CURVE('',#1539,#1515,#1547,.T.);
#1547 = LINE('',#1548,#1549);
#1548 = CARTESIAN_POINT('',(-1.25,0.77,2.5));
#1549 = VECTOR('',#1550,1.);
#1550 = DIRECTION('',(0.,-1.,0.));
#1551 = ORIENTED_EDGE('',*,*,#1514,.F.);
#1552 = ORIENTED_EDGE('',*,*,#661,.F.);
#1553 = PLANE('',#1554);
#1554 = AXIS2_PLACEMENT_3D('',#1555,#1556,#1557);
#1555 = CARTESIAN_POINT('',(-1.25,0.77,0.));
#1556 = DIRECTION('',(1.,0.,0.));
#1557 = DIRECTION('',(0.,-1.,0.));
#1558 = ADVANCED_FACE('',(#1559),#1577,.F.);
#1559 = FACE_BOUND('',#1560,.F.);
#1560 = EDGE_LOOP('',(#1561,#1569,#1575,#1576));
#1561 = ORIENTED_EDGE('',*,*,#1562,.T.);
#1562 = EDGE_CURVE('',#646,#1563,#1565,.T.);
#1563 = VERTEX_POINT('',#1564);
#1564 = CARTESIAN_POINT('',(-0.75,1.27,2.5));
#1565 = LINE('',#1566,#1567);
#1566 = CARTESIAN_POINT('',(-0.75,1.27,0.));
#1567 = VECTOR('',#1568,1.);
#1568 = DIRECTION('',(0.,0.,1.));
#1569 = ORIENTED_EDGE('',*,*,#1570,.T.);
#1570 = EDGE_CURVE('',#1563,#1539,#1571,.T.);
#1571 = LINE('',#1572,#1573);
#1572 = CARTESIAN_POINT('',(-0.75,1.27,2.5));
#1573 = VECTOR('',#1574,1.);
#1574 = DIRECTION('',(-0.707106781187,-0.707106781187,0.));
#1575 = ORIENTED_EDGE('',*,*,#1538,.F.);
#1576 = ORIENTED_EDGE('',*,*,#653,.F.);
#1577 = PLANE('',#1578);
#1578 = AXIS2_PLACEMENT_3D('',#1579,#1580,#1581);
#1579 = CARTESIAN_POINT('',(-0.75,1.27,0.));
#1580 = DIRECTION('',(0.707106781187,-0.707106781187,0.));
#1581 = DIRECTION('',(-0.707106781187,-0.707106781187,0.));
#1582 = ADVANCED_FACE('',(#1583),#1601,.F.);
#1583 = FACE_BOUND('',#1584,.F.);
#1584 = EDGE_LOOP('',(#1585,#1593,#1599,#1600));
#1585 = ORIENTED_EDGE('',*,*,#1586,.T.);
#1586 = EDGE_CURVE('',#638,#1587,#1589,.T.);
#1587 = VERTEX_POINT('',#1588);
#1588 = CARTESIAN_POINT('',(-1.25,1.77,2.5));
#1589 = LINE('',#1590,#1591);
#1590 = CARTESIAN_POINT('',(-1.25,1.77,0.));
#1591 = VECTOR('',#1592,1.);
#1592 = DIRECTION('',(0.,0.,1.));
#1593 = ORIENTED_EDGE('',*,*,#1594,.T.);
#1594 = EDGE_CURVE('',#1587,#1563,#1595,.T.);
#1595 = LINE('',#1596,#1597);
#1596 = CARTESIAN_POINT('',(-1.25,1.77,2.5));
#1597 = VECTOR('',#1598,1.);
#1598 = DIRECTION('',(0.707106781187,-0.707106781187,0.));
#1599 = ORIENTED_EDGE('',*,*,#1562,.F.);
#1600 = ORIENTED_EDGE('',*,*,#645,.F.);
#1601 = PLANE('',#1602);
#1602 = AXIS2_PLACEMENT_3D('',#1603,#1604,#1605);
#1603 = CARTESIAN_POINT('',(-1.25,1.77,0.));
#1604 = DIRECTION('',(0.707106781187,0.707106781187,0.));
#1605 = DIRECTION('',(0.707106781187,-0.707106781187,0.));
#1606 = ADVANCED_FACE('',(#1607),#1625,.F.);
#1607 = FACE_BOUND('',#1608,.F.);
#1608 = EDGE_LOOP('',(#1609,#1617,#1623,#1624));
#1609 = ORIENTED_EDGE('',*,*,#1610,.T.);
#1610 = EDGE_CURVE('',#630,#1611,#1613,.T.);
#1611 = VERTEX_POINT('',#1612);
#1612 = CARTESIAN_POINT('',(-1.25,3.31,2.5));
#1613 = LINE('',#1614,#1615);
#1614 = CARTESIAN_POINT('',(-1.25,3.31,0.));
#1615 = VECTOR('',#1616,1.);
#1616 = DIRECTION('',(0.,0.,1.));
#1617 = ORIENTED_EDGE('',*,*,#1618,.T.);
#1618 = EDGE_CURVE('',#1611,#1587,#1619,.T.);
#1619 = LINE('',#1620,#1621);
#1620 = CARTESIAN_POINT('',(-1.25,3.31,2.5));
#1621 = VECTOR('',#1622,1.);
#1622 = DIRECTION('',(0.,-1.,0.));
#1623 = ORIENTED_EDGE('',*,*,#1586,.F.);
#1624 = ORIENTED_EDGE('',*,*,#637,.F.);
#1625 = PLANE('',#1626);
#1626 = AXIS2_PLACEMENT_3D('',#1627,#1628,#1629);
#1627 = CARTESIAN_POINT('',(-1.25,3.31,0.));
#1628 = DIRECTION('',(1.,0.,0.));
#1629 = DIRECTION('',(0.,-1.,0.));
#1630 = ADVANCED_FACE('',(#1631),#1649,.F.);
#1631 = FACE_BOUND('',#1632,.F.);
#1632 = EDGE_LOOP('',(#1633,#1641,#1647,#1648));
#1633 = ORIENTED_EDGE('',*,*,#1634,.T.);
#1634 = EDGE_CURVE('',#622,#1635,#1637,.T.);
#1635 = VERTEX_POINT('',#1636);
#1636 = CARTESIAN_POINT('',(-0.75,3.81,2.5));
#1637 = LINE('',#1638,#1639);
#1638 = CARTESIAN_POINT('',(-0.75,3.81,0.));
#1639 = VECTOR('',#1640,1.);
#1640 = DIRECTION('',(0.,0.,1.));
#1641 = ORIENTED_EDGE('',*,*,#1642,.T.);
#1642 = EDGE_CURVE('',#1635,#1611,#1643,.T.);
#1643 = LINE('',#1644,#1645);
#1644 = CARTESIAN_POINT('',(-0.75,3.81,2.5));
#1645 = VECTOR('',#1646,1.);
#1646 = DIRECTION('',(-0.707106781187,-0.707106781187,0.));
#1647 = ORIENTED_EDGE('',*,*,#1610,.F.);
#1648 = ORIENTED_EDGE('',*,*,#629,.F.);
#1649 = PLANE('',#1650);
#1650 = AXIS2_PLACEMENT_3D('',#1651,#1652,#1653);
#1651 = CARTESIAN_POINT('',(-0.75,3.81,0.));
#1652 = DIRECTION('',(0.707106781187,-0.707106781187,0.));
#1653 = DIRECTION('',(-0.707106781187,-0.707106781187,0.));
#1654 = ADVANCED_FACE('',(#1655),#1673,.F.);
#1655 = FACE_BOUND('',#1656,.F.);
#1656 = EDGE_LOOP('',(#1657,#1665,#1671,#1672));
#1657 = ORIENTED_EDGE('',*,*,#1658,.T.);
#1658 = EDGE_CURVE('',#614,#1659,#1661,.T.);
#1659 = VERTEX_POINT('',#1660);
#1660 = CARTESIAN_POINT('',(-1.25,4.31,2.5));
#1661 = LINE('',#1662,#1663);
#1662 = CARTESIAN_POINT('',(-1.25,4.31,0.));
#1663 = VECTOR('',#1664,1.);
#1664 = DIRECTION('',(0.,0.,1.));
#1665 = ORIENTED_EDGE('',*,*,#1666,.T.);
#1666 = EDGE_CURVE('',#1659,#1635,#1667,.T.);
#1667 = LINE('',#1668,#1669);
#1668 = CARTESIAN_POINT('',(-1.25,4.31,2.5));
#1669 = VECTOR('',#1670,1.);
#1670 = DIRECTION('',(0.707106781187,-0.707106781187,0.));
#1671 = ORIENTED_EDGE('',*,*,#1634,.F.);
#1672 = ORIENTED_EDGE('',*,*,#621,.F.);
#1673 = PLANE('',#1674);
#1674 = AXIS2_PLACEMENT_3D('',#1675,#1676,#1677);
#1675 = CARTESIAN_POINT('',(-1.25,4.31,0.));
#1676 = DIRECTION('',(0.707106781187,0.707106781187,0.));
#1677 = DIRECTION('',(0.707106781187,-0.707106781187,0.));
#1678 = ADVANCED_FACE('',(#1679),#1697,.F.);
#1679 = FACE_BOUND('',#1680,.F.);
#1680 = EDGE_LOOP('',(#1681,#1689,#1695,#1696));
#1681 = ORIENTED_EDGE('',*,*,#1682,.T.);
#1682 = EDGE_CURVE('',#606,#1683,#1685,.T.);
#1683 = VERTEX_POINT('',#1684);
#1684 = CARTESIAN_POINT('',(-1.25,5.85,2.5));
#1685 = LINE('',#1686,#1687);
#1686 = CARTESIAN_POINT('',(-1.25,5.85,0.));
#1687 = VECTOR('',#1688,1.);
#1688 = DIRECTION('',(0.,0.,1.));
#1689 = ORIENTED_EDGE('',*,*,#1690,.T.);
#1690 = EDGE_CURVE('',#1683,#1659,#1691,.T.);
#1691 = LINE('',#1692,#1693);
#1692 = CARTESIAN_POINT('',(-1.25,5.85,2.5));
#1693 = VECTOR('',#1694,1.);
#1694 = DIRECTION('',(0.,-1.,0.));
#1695 = ORIENTED_EDGE('',*,*,#1658,.F.);
#1696 = ORIENTED_EDGE('',*,*,#613,.F.);
#1697 = PLANE('',#1698);
#1698 = AXIS2_PLACEMENT_3D('',#1699,#1700,#1701);
#1699 = CARTESIAN_POINT('',(-1.25,5.85,0.));
#1700 = DIRECTION('',(1.,0.,0.));
#1701 = DIRECTION('',(0.,-1.,0.));
#1702 = ADVANCED_FACE('',(#1703),#1721,.F.);
#1703 = FACE_BOUND('',#1704,.F.);
#1704 = EDGE_LOOP('',(#1705,#1713,#1719,#1720));
#1705 = ORIENTED_EDGE('',*,*,#1706,.T.);
#1706 = EDGE_CURVE('',#598,#1707,#1709,.T.);
#1707 = VERTEX_POINT('',#1708);
#1708 = CARTESIAN_POINT('',(-0.75,6.35,2.5));
#1709 = LINE('',#1710,#1711);
#1710 = CARTESIAN_POINT('',(-0.75,6.35,0.));
#1711 = VECTOR('',#1712,1.);
#1712 = DIRECTION('',(0.,0.,1.));
#1713 = ORIENTED_EDGE('',*,*,#1714,.T.);
#1714 = EDGE_CURVE('',#1707,#1683,#1715,.T.);
#1715 = LINE('',#1716,#1717);
#1716 = CARTESIAN_POINT('',(-0.75,6.35,2.5));
#1717 = VECTOR('',#1718,1.);
#1718 = DIRECTION('',(-0.707106781187,-0.707106781187,0.));
#1719 = ORIENTED_EDGE('',*,*,#1682,.F.);
#1720 = ORIENTED_EDGE('',*,*,#605,.F.);
#1721 = PLANE('',#1722);
#1722 = AXIS2_PLACEMENT_3D('',#1723,#1724,#1725);
#1723 = CARTESIAN_POINT('',(-0.75,6.35,0.));
#1724 = DIRECTION('',(0.707106781187,-0.707106781187,0.));
#1725 = DIRECTION('',(-0.707106781187,-0.707106781187,0.));
#1726 = ADVANCED_FACE('',(#1727),#1745,.F.);
#1727 = FACE_BOUND('',#1728,.F.);
#1728 = EDGE_LOOP('',(#1729,#1737,#1743,#1744));
#1729 = ORIENTED_EDGE('',*,*,#1730,.T.);
#1730 = EDGE_CURVE('',#590,#1731,#1733,.T.);
#1731 = VERTEX_POINT('',#1732);
#1732 = CARTESIAN_POINT('',(-1.25,6.85,2.5));
#1733 = LINE('',#1734,#1735);
#1734 = CARTESIAN_POINT('',(-1.25,6.85,0.));
#1735 = VECTOR('',#1736,1.);
#1736 = DIRECTION('',(0.,0.,1.));
#1737 = ORIENTED_EDGE('',*,*,#1738,.T.);
#1738 = EDGE_CURVE('',#1731,#1707,#1739,.T.);
#1739 = LINE('',#1740,#1741);
#1740 = CARTESIAN_POINT('',(-1.25,6.85,2.5));
#1741 = VECTOR('',#1742,1.);
#1742 = DIRECTION('',(0.707106781187,-0.707106781187,0.));
#1743 = ORIENTED_EDGE('',*,*,#1706,.F.);
#1744 = ORIENTED_EDGE('',*,*,#597,.F.);
#1745 = PLANE('',#1746);
#1746 = AXIS2_PLACEMENT_3D('',#1747,#1748,#1749);
#1747 = CARTESIAN_POINT('',(-1.25,6.85,0.));
#1748 = DIRECTION('',(0.707106781187,0.707106781187,0.));
#1749 = DIRECTION('',(0.707106781187,-0.707106781187,0.));
#1750 = ADVANCED_FACE('',(#1751),#1769,.F.);
#1751 = FACE_BOUND('',#1752,.F.);
#1752 = EDGE_LOOP('',(#1753,#1761,#1767,#1768));
#1753 = ORIENTED_EDGE('',*,*,#1754,.T.);
#1754 = EDGE_CURVE('',#582,#1755,#1757,.T.);
#1755 = VERTEX_POINT('',#1756);
#1756 = CARTESIAN_POINT('',(-1.25,8.39,2.5));
#1757 = LINE('',#1758,#1759);
#1758 = CARTESIAN_POINT('',(-1.25,8.39,0.));
#1759 = VECTOR('',#1760,1.);
#1760 = DIRECTION('',(0.,0.,1.));
#1761 = ORIENTED_EDGE('',*,*,#1762,.T.);
#1762 = EDGE_CURVE('',#1755,#1731,#1763,.T.);
#1763 = LINE('',#1764,#1765);
#1764 = CARTESIAN_POINT('',(-1.25,8.39,2.5));
#1765 = VECTOR('',#1766,1.);
#1766 = DIRECTION('',(0.,-1.,0.));
#1767 = ORIENTED_EDGE('',*,*,#1730,.F.);
#1768 = ORIENTED_EDGE('',*,*,#589,.F.);
#1769 = PLANE('',#1770);
#1770 = AXIS2_PLACEMENT_3D('',#1771,#1772,#1773);
#1771 = CARTESIAN_POINT('',(-1.25,8.39,0.));
#1772 = DIRECTION('',(1.,0.,0.));
#1773 = DIRECTION('',(0.,-1.,0.));
#1774 = ADVANCED_FACE('',(#1775),#1786,.F.);
#1775 = FACE_BOUND('',#1776,.F.);
#1776 = EDGE_LOOP('',(#1777,#1778,#1784,#1785));
#1777 = ORIENTED_EDGE('',*,*,#893,.T.);
#1778 = ORIENTED_EDGE('',*,*,#1779,.T.);
#1779 = EDGE_CURVE('',#884,#1755,#1780,.T.);
#1780 = LINE('',#1781,#1782);
#1781 = CARTESIAN_POINT('',(-0.75,8.89,2.5));
#1782 = VECTOR('',#1783,1.);
#1783 = DIRECTION('',(-0.707106781187,-0.707106781187,0.));
#1784 = ORIENTED_EDGE('',*,*,#1754,.F.);
#1785 = ORIENTED_EDGE('',*,*,#581,.F.);
#1786 = PLANE('',#1787);
#1787 = AXIS2_PLACEMENT_3D('',#1788,#1789,#1790);
#1788 = CARTESIAN_POINT('',(-0.75,8.89,0.));
#1789 = DIRECTION('',(0.707106781187,-0.707106781187,0.));
#1790 = DIRECTION('',(-0.707106781187,-0.707106781187,0.));
#1791 = ADVANCED_FACE('',(#1792),#1832,.T.);
#1792 = FACE_BOUND('',#1793,.T.);
#1793 = EDGE_LOOP('',(#1794,#1795,#1796,#1797,#1798,#1799,#1800,#1801,
    #1802,#1803,#1804,#1805,#1806,#1807,#1808,#1809,#1810,#1811,#1812,
    #1813,#1814,#1815,#1816,#1817,#1818,#1819,#1820,#1821,#1822,#1823,
    #1824,#1825,#1826,#1827,#1828,#1829,#1830,#1831));
#1794 = ORIENTED_EDGE('',*,*,#883,.F.);
#1795 = ORIENTED_EDGE('',*,*,#1779,.T.);
#1796 = ORIENTED_EDGE('',*,*,#1762,.T.);
#1797 = ORIENTED_EDGE('',*,*,#1738,.T.);
#1798 = ORIENTED_EDGE('',*,*,#1714,.T.);
#1799 = ORIENTED_EDGE('',*,*,#1690,.T.);
#1800 = ORIENTED_EDGE('',*,*,#1666,.T.);
#1801 = ORIENTED_EDGE('',*,*,#1642,.T.);
#1802 = ORIENTED_EDGE('',*,*,#1618,.T.);
#1803 = ORIENTED_EDGE('',*,*,#1594,.T.);
#1804 = ORIENTED_EDGE('',*,*,#1570,.T.);
#1805 = ORIENTED_EDGE('',*,*,#1546,.T.);
#1806 = ORIENTED_EDGE('',*,*,#1522,.T.);
#1807 = ORIENTED_EDGE('',*,*,#1498,.T.);
#1808 = ORIENTED_EDGE('',*,*,#1474,.T.);
#1809 = ORIENTED_EDGE('',*,*,#1450,.T.);
#1810 = ORIENTED_EDGE('',*,*,#1426,.T.);
#1811 = ORIENTED_EDGE('',*,*,#1402,.T.);
#1812 = ORIENTED_EDGE('',*,*,#1378,.T.);
#1813 = ORIENTED_EDGE('',*,*,#1346,.F.);
#1814 = ORIENTED_EDGE('',*,*,#1330,.T.);
#1815 = ORIENTED_EDGE('',*,*,#1306,.T.);
#1816 = ORIENTED_EDGE('',*,*,#1282,.T.);
#1817 = ORIENTED_EDGE('',*,*,#1258,.T.);
#1818 = ORIENTED_EDGE('',*,*,#1234,.T.);
#1819 = ORIENTED_EDGE('',*,*,#1210,.T.);
#1820 = ORIENTED_EDGE('',*,*,#1186,.T.);
#1821 = ORIENTED_EDGE('',*,*,#1162,.T.);
#1822 = ORIENTED_EDGE('',*,*,#1138,.T.);
#1823 = ORIENTED_EDGE('',*,*,#1114,.T.);
#1824 = ORIENTED_EDGE('',*,*,#1090,.T.);
#1825 = ORIENTED_EDGE('',*,*,#1066,.T.);
#1826 = ORIENTED_EDGE('',*,*,#1042,.T.);
#1827 = ORIENTED_EDGE('',*,*,#1018,.T.);
#1828 = ORIENTED_EDGE('',*,*,#994,.T.);
#1829 = ORIENTED_EDGE('',*,*,#970,.T.);
#1830 = ORIENTED_EDGE('',*,*,#946,.T.);
#1831 = ORIENTED_EDGE('',*,*,#922,.T.);
#1832 = PLANE('',#1833);
#1833 = AXIS2_PLACEMENT_3D('',#1834,#1835,#1836);
#1834 = CARTESIAN_POINT('',(5.E-17,1.17E-15,2.5));
#1835 = DIRECTION('',(0.,0.,1.));
#1836 = DIRECTION('',(1.,0.,0.));
#1837 = ( GEOMETRIC_REPRESENTATION_CONTEXT(3) 
GLOBAL_UNCERTAINTY_ASSIGNED_CONTEXT((#1841)) 
GLOBAL_UNIT_ASSIGNED_CONTEXT((#1838,#1839,#1840)) REPRESENTATION_CONTEXT
('Context #1','3D Context with UNIT and UNCERTAINTY') );
#1838 = ( LENGTH_UNIT() NAMED_UNIT(*) SI_UNIT(.MILLI.,.METRE.) );
#1839 = ( NAMED_UNIT(*) PLANE_ANGLE_UNIT() SI_UNIT($,.RADIAN.) );
#1840 = ( NAMED_UNIT(*) SI_UNIT($,.STERADIAN.) SOLID_ANGLE_UNIT() );
#1841 = UNCERTAINTY_MEASURE_WITH_UNIT(LENGTH_MEASURE(2.E-06),#1838,
  'distance_accuracy_value','confusion accuracy');
#1842 = CONTEXT_DEPENDENT_SHAPE_REPRESENTATION(#1843,#1845);
#1843 = ( REPRESENTATION_RELATIONSHIP('','',#564,#466) 
REPRESENTATION_RELATIONSHIP_WITH_TRANSFORMATION(#1844) 
SHAPE_REPRESENTATION_RELATIONSHIP() );
#1844 = ITEM_DEFINED_TRANSFORMATION('','',#11,#471);
#1845 = PRODUCT_DEFINITION_SHAPE('Placement','Placement of an item',
  #1846);
#1846 = NEXT_ASSEMBLY_USAGE_OCCURRENCE('4','Parte plastica001','',#461,
  #559,$);
#1847 = PRODUCT_RELATED_PRODUCT_CATEGORY('part',$,(#561));
#1848 = SHAPE_DEFINITION_REPRESENTATION(#1849,#1855);
#1849 = PRODUCT_DEFINITION_SHAPE('','',#1850);
#1850 = PRODUCT_DEFINITION('design','',#1851,#1854);
#1851 = PRODUCT_DEFINITION_FORMATION('','',#1852);
#1852 = PRODUCT('LCS_PH1','LCS_PH1','',(#1853));
#1853 = PRODUCT_CONTEXT('',#2,'mechanical');
#1854 = PRODUCT_DEFINITION_CONTEXT('part definition',#2,'design');
#1855 = MANIFOLD_SURFACE_SHAPE_REPRESENTATION('',(#11),#1856);
#1856 = ( GEOMETRIC_REPRESENTATION_CONTEXT(3) 
GLOBAL_UNCERTAINTY_ASSIGNED_CONTEXT((#1860)) 
GLOBAL_UNIT_ASSIGNED_CONTEXT((#1857,#1858,#1859)) REPRESENTATION_CONTEXT
('Context #1','3D Context with UNIT and UNCERTAINTY') );
#1857 = ( LENGTH_UNIT() NAMED_UNIT(*) SI_UNIT(.MILLI.,.METRE.) );
#1858 = ( NAMED_UNIT(*) PLANE_ANGLE_UNIT() SI_UNIT($,.RADIAN.) );
#1859 = ( NAMED_UNIT(*) SI_UNIT($,.STERADIAN.) SOLID_ANGLE_UNIT() );
#1860 = UNCERTAINTY_MEASURE_WITH_UNIT(LENGTH_MEASURE(1.E-07),#1857,
  'distance_accuracy_value','confusion accuracy');
#1861 = CONTEXT_DEPENDENT_SHAPE_REPRESENTATION(#1862,#1864);
#1862 = ( REPRESENTATION_RELATIONSHIP('','',#1855,#466) 
REPRESENTATION_RELATIONSHIP_WITH_TRANSFORMATION(#1863) 
SHAPE_REPRESENTATION_RELATIONSHIP() );
#1863 = ITEM_DEFINED_TRANSFORMATION('','',#11,#475);
#1864 = PRODUCT_DEFINITION_SHAPE('Placement','Placement of an item',
  #1865);
#1865 = NEXT_ASSEMBLY_USAGE_OCCURRENCE('5','LCS_PH1','',#461,#1850,$);
#1866 = PRODUCT_RELATED_PRODUCT_CATEGORY('part',$,(#1852));
#1867 = SHAPE_DEFINITION_REPRESENTATION(#1868,#1874);
#1868 = PRODUCT_DEFINITION_SHAPE('','',#1869);
#1869 = PRODUCT_DEFINITION('design','',#1870,#1873);
#1870 = PRODUCT_DEFINITION_FORMATION('','',#1871);
#1871 = PRODUCT('Metal superior','Metal superior','',(#1872));
#1872 = PRODUCT_CONTEXT('',#2,'mechanical');
#1873 = PRODUCT_DEFINITION_CONTEXT('part definition',#2,'design');
#1874 = ADVANCED_BREP_SHAPE_REPRESENTATION('',(#11,#1875),#1928);
#1875 = MANIFOLD_SOLID_BREP('',#1876);
#1876 = CLOSED_SHELL('',(#1877,#1910,#1919));
#1877 = ADVANCED_FACE('',(#1878),#1905,.T.);
#1878 = FACE_BOUND('',#1879,.F.);
#1879 = EDGE_LOOP('',(#1880,#1890,#1897,#1898));
#1880 = ORIENTED_EDGE('',*,*,#1881,.T.);
#1881 = EDGE_CURVE('',#1882,#1884,#1886,.T.);
#1882 = VERTEX_POINT('',#1883);
#1883 = CARTESIAN_POINT('',(0.32,0.,0.));
#1884 = VERTEX_POINT('',#1885);
#1885 = CARTESIAN_POINT('',(0.32,0.,6.));
#1886 = LINE('',#1887,#1888);
#1887 = CARTESIAN_POINT('',(0.32,0.,0.));
#1888 = VECTOR('',#1889,1.);
#1889 = DIRECTION('',(0.,0.,1.));
#1890 = ORIENTED_EDGE('',*,*,#1891,.T.);
#1891 = EDGE_CURVE('',#1884,#1884,#1892,.T.);
#1892 = CIRCLE('',#1893,0.32);
#1893 = AXIS2_PLACEMENT_3D('',#1894,#1895,#1896);
#1894 = CARTESIAN_POINT('',(0.,0.,6.));
#1895 = DIRECTION('',(0.,0.,1.));
#1896 = DIRECTION('',(1.,0.,0.));
#1897 = ORIENTED_EDGE('',*,*,#1881,.F.);
#1898 = ORIENTED_EDGE('',*,*,#1899,.F.);
#1899 = EDGE_CURVE('',#1882,#1882,#1900,.T.);
#1900 = CIRCLE('',#1901,0.32);
#1901 = AXIS2_PLACEMENT_3D('',#1902,#1903,#1904);
#1902 = CARTESIAN_POINT('',(0.,0.,0.));
#1903 = DIRECTION('',(0.,0.,1.));
#1904 = DIRECTION('',(1.,0.,0.));
#1905 = CYLINDRICAL_SURFACE('',#1906,0.32);
#1906 = AXIS2_PLACEMENT_3D('',#1907,#1908,#1909);
#1907 = CARTESIAN_POINT('',(0.,0.,0.));
#1908 = DIRECTION('',(-0.,-0.,-1.));
#1909 = DIRECTION('',(1.,0.,0.));
#1910 = ADVANCED_FACE('',(#1911),#1914,.F.);
#1911 = FACE_BOUND('',#1912,.F.);
#1912 = EDGE_LOOP('',(#1913));
#1913 = ORIENTED_EDGE('',*,*,#1899,.T.);
#1914 = PLANE('',#1915);
#1915 = AXIS2_PLACEMENT_3D('',#1916,#1917,#1918);
#1916 = CARTESIAN_POINT('',(-3.E-17,2.E-17,0.));
#1917 = DIRECTION('',(0.,0.,1.));
#1918 = DIRECTION('',(1.,0.,0.));
#1919 = ADVANCED_FACE('',(#1920),#1923,.T.);
#1920 = FACE_BOUND('',#1921,.T.);
#1921 = EDGE_LOOP('',(#1922));
#1922 = ORIENTED_EDGE('',*,*,#1891,.T.);
#1923 = PLANE('',#1924);
#1924 = AXIS2_PLACEMENT_3D('',#1925,#1926,#1927);
#1925 = CARTESIAN_POINT('',(-3.E-17,2.E-17,6.));
#1926 = DIRECTION('',(0.,0.,1.));
#1927 = DIRECTION('',(1.,0.,0.));
#1928 = ( GEOMETRIC_REPRESENTATION_CONTEXT(3) 
GLOBAL_UNCERTAINTY_ASSIGNED_CONTEXT((#1932)) 
GLOBAL_UNIT_ASSIGNED_CONTEXT((#1929,#1930,#1931)) REPRESENTATION_CONTEXT
('Context #1','3D Context with UNIT and UNCERTAINTY') );
#1929 = ( LENGTH_UNIT() NAMED_UNIT(*) SI_UNIT(.MILLI.,.METRE.) );
#1930 = ( NAMED_UNIT(*) PLANE_ANGLE_UNIT() SI_UNIT($,.RADIAN.) );
#1931 = ( NAMED_UNIT(*) SI_UNIT($,.STERADIAN.) SOLID_ANGLE_UNIT() );
#1932 = UNCERTAINTY_MEASURE_WITH_UNIT(LENGTH_MEASURE(1.E-07),#1929,
  'distance_accuracy_value','confusion accuracy');
#1933 = CONTEXT_DEPENDENT_SHAPE_REPRESENTATION(#1934,#1936);
#1934 = ( REPRESENTATION_RELATIONSHIP('','',#1874,#466) 
REPRESENTATION_RELATIONSHIP_WITH_TRANSFORMATION(#1935) 
SHAPE_REPRESENTATION_RELATIONSHIP() );
#1935 = ITEM_DEFINED_TRANSFORMATION('','',#11,#479);
#1936 = PRODUCT_DEFINITION_SHAPE('Placement','Placement of an item',
  #1937);
#1937 = NEXT_ASSEMBLY_USAGE_OCCURRENCE('6','Metal superior001','',#461,
  #1869,$);
#1938 = PRODUCT_RELATED_PRODUCT_CATEGORY('part',$,(#1871));
#1939 = CONTEXT_DEPENDENT_SHAPE_REPRESENTATION(#1940,#1942);
#1940 = ( REPRESENTATION_RELATIONSHIP('','',#1874,#466) 
REPRESENTATION_RELATIONSHIP_WITH_TRANSFORMATION(#1941) 
SHAPE_REPRESENTATION_RELATIONSHIP() );
#1941 = ITEM_DEFINED_TRANSFORMATION('','',#11,#483);
#1942 = PRODUCT_DEFINITION_SHAPE('Placement','Placement of an item',
  #1943);
#1943 = NEXT_ASSEMBLY_USAGE_OCCURRENCE('7','Metal superior002','',#461,
  #1869,$);
#1944 = CONTEXT_DEPENDENT_SHAPE_REPRESENTATION(#1945,#1947);
#1945 = ( REPRESENTATION_RELATIONSHIP('','',#1874,#466) 
REPRESENTATION_RELATIONSHIP_WITH_TRANSFORMATION(#1946) 
SHAPE_REPRESENTATION_RELATIONSHIP() );
#1946 = ITEM_DEFINED_TRANSFORMATION('','',#11,#487);
#1947 = PRODUCT_DEFINITION_SHAPE('Placement','Placement of an item',
  #1948);
#1948 = NEXT_ASSEMBLY_USAGE_OCCURRENCE('8','Metal superior003','',#461,
  #1869,$);
#1949 = CONTEXT_DEPENDENT_SHAPE_REPRESENTATION(#1950,#1952);
#1950 = ( REPRESENTATION_RELATIONSHIP('','',#1874,#466) 
REPRESENTATION_RELATIONSHIP_WITH_TRANSFORMATION(#1951) 
SHAPE_REPRESENTATION_RELATIONSHIP() );
#1951 = ITEM_DEFINED_TRANSFORMATION('','',#11,#491);
#1952 = PRODUCT_DEFINITION_SHAPE('Placement','Placement of an item',
  #1953);
#1953 = NEXT_ASSEMBLY_USAGE_OCCURRENCE('9','Metal superior004','',#461,
  #1869,$);
#1954 = CONTEXT_DEPENDENT_SHAPE_REPRESENTATION(#1955,#1957);
#1955 = ( REPRESENTATION_RELATIONSHIP('','',#1874,#466) 
REPRESENTATION_RELATIONSHIP_WITH_TRANSFORMATION(#1956) 
SHAPE_REPRESENTATION_RELATIONSHIP() );
#1956 = ITEM_DEFINED_TRANSFORMATION('','',#11,#495);
#1957 = PRODUCT_DEFINITION_SHAPE('Placement','Placement of an item',
  #1958);
#1958 = NEXT_ASSEMBLY_USAGE_OCCURRENCE('10','Metal superior005','',#461,
  #1869,$);
#1959 = CONTEXT_DEPENDENT_SHAPE_REPRESENTATION(#1960,#1962);
#1960 = ( REPRESENTATION_RELATIONSHIP('','',#1874,#466) 
REPRESENTATION_RELATIONSHIP_WITH_TRANSFORMATION(#1961) 
SHAPE_REPRESENTATION_RELATIONSHIP() );
#1961 = ITEM_DEFINED_TRANSFORMATION('','',#11,#499);
#1962 = PRODUCT_DEFINITION_SHAPE('Placement','Placement of an item',
  #1963);
#1963 = NEXT_ASSEMBLY_USAGE_OCCURRENCE('11','Metal superior006','',#461,
  #1869,$);
#1964 = SHAPE_DEFINITION_REPRESENTATION(#1965,#1971);
#1965 = PRODUCT_DEFINITION_SHAPE('','',#1966);
#1966 = PRODUCT_DEFINITION('design','',#1967,#1970);
#1967 = PRODUCT_DEFINITION_FORMATION('','',#1968);
#1968 = PRODUCT('Metal inferior','Metal inferior','',(#1969));
#1969 = PRODUCT_CONTEXT('',#2,'mechanical');
#1970 = PRODUCT_DEFINITION_CONTEXT('part definition',#2,'design');
#1971 = ADVANCED_BREP_SHAPE_REPRESENTATION('',(#11,#1972),#2025);
#1972 = MANIFOLD_SOLID_BREP('',#1973);
#1973 = CLOSED_SHELL('',(#1974,#2007,#2016));
#1974 = ADVANCED_FACE('',(#1975),#2002,.T.);
#1975 = FACE_BOUND('',#1976,.T.);
#1976 = EDGE_LOOP('',(#1977,#1987,#1994,#1995));
#1977 = ORIENTED_EDGE('',*,*,#1978,.T.);
#1978 = EDGE_CURVE('',#1979,#1981,#1983,.T.);
#1979 = VERTEX_POINT('',#1980);
#1980 = CARTESIAN_POINT('',(0.32,0.,0.));
#1981 = VERTEX_POINT('',#1982);
#1982 = CARTESIAN_POINT('',(0.32,0.,-3.));
#1983 = LINE('',#1984,#1985);
#1984 = CARTESIAN_POINT('',(0.32,0.,0.));
#1985 = VECTOR('',#1986,1.);
#1986 = DIRECTION('',(-0.,-0.,-1.));
#1987 = ORIENTED_EDGE('',*,*,#1988,.T.);
#1988 = EDGE_CURVE('',#1981,#1981,#1989,.T.);
#1989 = CIRCLE('',#1990,0.32);
#1990 = AXIS2_PLACEMENT_3D('',#1991,#1992,#1993);
#1991 = CARTESIAN_POINT('',(0.,0.,-3.));
#1992 = DIRECTION('',(0.,0.,1.));
#1993 = DIRECTION('',(1.,0.,0.));
#1994 = ORIENTED_EDGE('',*,*,#1978,.F.);
#1995 = ORIENTED_EDGE('',*,*,#1996,.F.);
#1996 = EDGE_CURVE('',#1979,#1979,#1997,.T.);
#1997 = CIRCLE('',#1998,0.32);
#1998 = AXIS2_PLACEMENT_3D('',#1999,#2000,#2001);
#1999 = CARTESIAN_POINT('',(0.,0.,0.));
#2000 = DIRECTION('',(0.,0.,1.));
#2001 = DIRECTION('',(1.,0.,0.));
#2002 = CYLINDRICAL_SURFACE('',#2003,0.32);
#2003 = AXIS2_PLACEMENT_3D('',#2004,#2005,#2006);
#2004 = CARTESIAN_POINT('',(0.,0.,0.));
#2005 = DIRECTION('',(0.,0.,1.));
#2006 = DIRECTION('',(1.,0.,-0.));
#2007 = ADVANCED_FACE('',(#2008),#2011,.T.);
#2008 = FACE_BOUND('',#2009,.T.);
#2009 = EDGE_LOOP('',(#2010));
#2010 = ORIENTED_EDGE('',*,*,#1996,.T.);
#2011 = PLANE('',#2012);
#2012 = AXIS2_PLACEMENT_3D('',#2013,#2014,#2015);
#2013 = CARTESIAN_POINT('',(-3.E-17,2.E-17,0.));
#2014 = DIRECTION('',(0.,0.,1.));
#2015 = DIRECTION('',(1.,0.,0.));
#2016 = ADVANCED_FACE('',(#2017),#2020,.F.);
#2017 = FACE_BOUND('',#2018,.F.);
#2018 = EDGE_LOOP('',(#2019));
#2019 = ORIENTED_EDGE('',*,*,#1988,.T.);
#2020 = PLANE('',#2021);
#2021 = AXIS2_PLACEMENT_3D('',#2022,#2023,#2024);
#2022 = CARTESIAN_POINT('',(-3.E-17,2.E-17,-3.));
#2023 = DIRECTION('',(0.,0.,1.));
#2024 = DIRECTION('',(1.,0.,0.));
#2025 = ( GEOMETRIC_REPRESENTATION_CONTEXT(3) 
GLOBAL_UNCERTAINTY_ASSIGNED_CONTEXT((#2029)) 
GLOBAL_UNIT_ASSIGNED_CONTEXT((#2026,#2027,#2028)) REPRESENTATION_CONTEXT
('Context #1','3D Context with UNIT and UNCERTAINTY') );
#2026 = ( LENGTH_UNIT() NAMED_UNIT(*) SI_UNIT(.MILLI.,.METRE.) );
#2027 = ( NAMED_UNIT(*) PLANE_ANGLE_UNIT() SI_UNIT($,.RADIAN.) );
#2028 = ( NAMED_UNIT(*) SI_UNIT($,.STERADIAN.) SOLID_ANGLE_UNIT() );
#2029 = UNCERTAINTY_MEASURE_WITH_UNIT(LENGTH_MEASURE(1.E-07),#2026,
  'distance_accuracy_value','confusion accuracy');
#2030 = CONTEXT_DEPENDENT_SHAPE_REPRESENTATION(#2031,#2033);
#2031 = ( REPRESENTATION_RELATIONSHIP('','',#1971,#466) 
REPRESENTATION_RELATIONSHIP_WITH_TRANSFORMATION(#2032) 
SHAPE_REPRESENTATION_RELATIONSHIP() );
#2032 = ITEM_DEFINED_TRANSFORMATION('','',#11,#503);
#2033 = PRODUCT_DEFINITION_SHAPE('Placement','Placement of an item',
  #2034);
#2034 = NEXT_ASSEMBLY_USAGE_OCCURRENCE('12','Metal inferior001','',#461,
  #1966,$);
#2035 = PRODUCT_RELATED_PRODUCT_CATEGORY('part',$,(#1968));
#2036 = CONTEXT_DEPENDENT_SHAPE_REPRESENTATION(#2037,#2039);
#2037 = ( REPRESENTATION_RELATIONSHIP('','',#1971,#466) 
REPRESENTATION_RELATIONSHIP_WITH_TRANSFORMATION(#2038) 
SHAPE_REPRESENTATION_RELATIONSHIP() );
#2038 = ITEM_DEFINED_TRANSFORMATION('','',#11,#507);
#2039 = PRODUCT_DEFINITION_SHAPE('Placement','Placement of an item',
  #2040);
#2040 = NEXT_ASSEMBLY_USAGE_OCCURRENCE('13','Metal inferior002','',#461,
  #1966,$);
#2041 = CONTEXT_DEPENDENT_SHAPE_REPRESENTATION(#2042,#2044);
#2042 = ( REPRESENTATION_RELATIONSHIP('','',#1971,#466) 
REPRESENTATION_RELATIONSHIP_WITH_TRANSFORMATION(#2043) 
SHAPE_REPRESENTATION_RELATIONSHIP() );
#2043 = ITEM_DEFINED_TRANSFORMATION('','',#11,#511);
#2044 = PRODUCT_DEFINITION_SHAPE('Placement','Placement of an item',
  #2045);
#2045 = NEXT_ASSEMBLY_USAGE_OCCURRENCE('14','Metal inferior003','',#461,
  #1966,$);
#2046 = CONTEXT_DEPENDENT_SHAPE_REPRESENTATION(#2047,#2049);
#2047 = ( REPRESENTATION_RELATIONSHIP('','',#1971,#466) 
REPRESENTATION_RELATIONSHIP_WITH_TRANSFORMATION(#2048) 
SHAPE_REPRESENTATION_RELATIONSHIP() );
#2048 = ITEM_DEFINED_TRANSFORMATION('','',#11,#515);
#2049 = PRODUCT_DEFINITION_SHAPE('Placement','Placement of an item',
  #2050);
#2050 = NEXT_ASSEMBLY_USAGE_OCCURRENCE('15','Metal inferior004','',#461,
  #1966,$);
#2051 = CONTEXT_DEPENDENT_SHAPE_REPRESENTATION(#2052,#2054);
#2052 = ( REPRESENTATION_RELATIONSHIP('','',#1971,#466) 
REPRESENTATION_RELATIONSHIP_WITH_TRANSFORMATION(#2053) 
SHAPE_REPRESENTATION_RELATIONSHIP() );
#2053 = ITEM_DEFINED_TRANSFORMATION('','',#11,#519);
#2054 = PRODUCT_DEFINITION_SHAPE('Placement','Placement of an item',
  #2055);
#2055 = NEXT_ASSEMBLY_USAGE_OCCURRENCE('16','Metal inferior005','',#461,
  #1966,$);
#2056 = CONTEXT_DEPENDENT_SHAPE_REPRESENTATION(#2057,#2059);
#2057 = ( REPRESENTATION_RELATIONSHIP('','',#1971,#466) 
REPRESENTATION_RELATIONSHIP_WITH_TRANSFORMATION(#2058) 
SHAPE_REPRESENTATION_RELATIONSHIP() );
#2058 = ITEM_DEFINED_TRANSFORMATION('','',#11,#523);
#2059 = PRODUCT_DEFINITION_SHAPE('Placement','Placement of an item',
  #2060);
#2060 = NEXT_ASSEMBLY_USAGE_OCCURRENCE('17','Metal inferior006','',#461,
  #1966,$);
#2061 = SHAPE_DEFINITION_REPRESENTATION(#2062,#2068);
#2062 = PRODUCT_DEFINITION_SHAPE('','',#2063);
#2063 = PRODUCT_DEFINITION('design','',#2064,#2067);
#2064 = PRODUCT_DEFINITION_FORMATION('','',#2065);
#2065 = PRODUCT('Assembly','Assembly','',(#2066));
#2066 = PRODUCT_CONTEXT('',#2,'mechanical');
#2067 = PRODUCT_DEFINITION_CONTEXT('part definition',#2,'design');
#2068 = SHAPE_REPRESENTATION('',(#11,#2069,#2073,#2077,#2081,#2085,#2089
    ,#2093,#2097),#2101);
#2069 = AXIS2_PLACEMENT_3D('',#2070,#2071,#2072);
#2070 = CARTESIAN_POINT('',(0.,0.,0.));
#2071 = DIRECTION('',(0.,0.,1.));
#2072 = DIRECTION('',(1.,0.,0.));
#2073 = AXIS2_PLACEMENT_3D('',#2074,#2075,#2076);
#2074 = CARTESIAN_POINT('',(-1.25,-3.164135620182E-15,-4.25));
#2075 = DIRECTION('',(0.,0.,1.));
#2076 = DIRECTION('',(1.,0.,0.));
#2077 = AXIS2_PLACEMENT_3D('',#2078,#2079,#2080);
#2078 = CARTESIAN_POINT('',(2.22044604925E-16,-5.08,-11.5));
#2079 = DIRECTION('',(-0.,0.,1.));
#2080 = DIRECTION('',(1.,-2.22044604925E-16,0.));
#2081 = AXIS2_PLACEMENT_3D('',#2082,#2083,#2084);
#2082 = CARTESIAN_POINT('',(2.22044604925E-16,-2.54,-11.5));
#2083 = DIRECTION('',(-0.,0.,1.));
#2084 = DIRECTION('',(1.,-2.22044604925E-16,0.));
#2085 = AXIS2_PLACEMENT_3D('',#2086,#2087,#2088);
#2086 = CARTESIAN_POINT('',(1.350031197944E-15,-2.6645352591E-15,-11.5)
  );
#2087 = DIRECTION('',(-0.,0.,1.));
#2088 = DIRECTION('',(1.,-6.661338147751E-16,0.));
#2089 = AXIS2_PLACEMENT_3D('',#2090,#2091,#2092);
#2090 = CARTESIAN_POINT('',(3.606004383983E-15,2.54,-11.5));
#2091 = DIRECTION('',(-0.,0.,1.));
#2092 = DIRECTION('',(1.,-1.110223024625E-15,0.));
#2093 = AXIS2_PLACEMENT_3D('',#2094,#2095,#2096);
#2094 = CARTESIAN_POINT('',(6.98996416304E-15,5.08,-11.5));
#2095 = DIRECTION('',(-0.,0.,1.));
#2096 = DIRECTION('',(1.,-1.554312234475E-15,0.));
#2097 = AXIS2_PLACEMENT_3D('',#2098,#2099,#2100);
#2098 = CARTESIAN_POINT('',(1.150191053512E-14,7.62,-11.5));
#2099 = DIRECTION('',(-0.,0.,1.));
#2100 = DIRECTION('',(1.,-1.998401444325E-15,0.));
#2101 = ( GEOMETRIC_REPRESENTATION_CONTEXT(3) 
GLOBAL_UNCERTAINTY_ASSIGNED_CONTEXT((#2105)) 
GLOBAL_UNIT_ASSIGNED_CONTEXT((#2102,#2103,#2104)) REPRESENTATION_CONTEXT
('Context #1','3D Context with UNIT and UNCERTAINTY') );
#2102 = ( LENGTH_UNIT() NAMED_UNIT(*) SI_UNIT(.MILLI.,.METRE.) );
#2103 = ( NAMED_UNIT(*) PLANE_ANGLE_UNIT() SI_UNIT($,.RADIAN.) );
#2104 = ( NAMED_UNIT(*) SI_UNIT($,.STERADIAN.) SOLID_ANGLE_UNIT() );
#2105 = UNCERTAINTY_MEASURE_WITH_UNIT(LENGTH_MEASURE(2.E-06),#2102,
  'distance_accuracy_value','confusion accuracy');
#2106 = CONTEXT_DEPENDENT_SHAPE_REPRESENTATION(#2107,#2109);
#2107 = ( REPRESENTATION_RELATIONSHIP('','',#2068,#10) 
REPRESENTATION_RELATIONSHIP_WITH_TRANSFORMATION(#2108) 
SHAPE_REPRESENTATION_RELATIONSHIP() );
#2108 = ITEM_DEFINED_TRANSFORMATION('','',#11,#27);
#2109 = PRODUCT_DEFINITION_SHAPE('Placement','Placement of an item',
  #2110);
#2110 = NEXT_ASSEMBLY_USAGE_OCCURRENCE('27','Pin_socket_1x06','',#5,
  #2063,$);
#2111 = PRODUCT_RELATED_PRODUCT_CATEGORY('part',$,(#2065));
#2112 = SHAPE_DEFINITION_REPRESENTATION(#2113,#2119);
#2113 = PRODUCT_DEFINITION_SHAPE('','',#2114);
#2114 = PRODUCT_DEFINITION('design','',#2115,#2118);
#2115 = PRODUCT_DEFINITION_FORMATION('','',#2116);
#2116 = PRODUCT('LCS_Origin','LCS_Origin','',(#2117));
#2117 = PRODUCT_CONTEXT('',#2,'mechanical');
#2118 = PRODUCT_DEFINITION_CONTEXT('part definition',#2,'design');
#2119 = MANIFOLD_SURFACE_SHAPE_REPRESENTATION('',(#11),#2120);
#2120 = ( GEOMETRIC_REPRESENTATION_CONTEXT(3) 
GLOBAL_UNCERTAINTY_ASSIGNED_CONTEXT((#2124)) 
GLOBAL_UNIT_ASSIGNED_CONTEXT((#2121,#2122,#2123)) REPRESENTATION_CONTEXT
('Context #1','3D Context with UNIT and UNCERTAINTY') );
#2121 = ( LENGTH_UNIT() NAMED_UNIT(*) SI_UNIT(.MILLI.,.METRE.) );
#2122 = ( NAMED_UNIT(*) PLANE_ANGLE_UNIT() SI_UNIT($,.RADIAN.) );
#2123 = ( NAMED_UNIT(*) SI_UNIT($,.STERADIAN.) SOLID_ANGLE_UNIT() );
#2124 = UNCERTAINTY_MEASURE_WITH_UNIT(LENGTH_MEASURE(1.E-07),#2121,
  'distance_accuracy_value','confusion accuracy');
#2125 = CONTEXT_DEPENDENT_SHAPE_REPRESENTATION(#2126,#2128);
#2126 = ( REPRESENTATION_RELATIONSHIP('','',#2119,#2068) 
REPRESENTATION_RELATIONSHIP_WITH_TRANSFORMATION(#2127) 
SHAPE_REPRESENTATION_RELATIONSHIP() );
#2127 = ITEM_DEFINED_TRANSFORMATION('','',#11,#2069);
#2128 = PRODUCT_DEFINITION_SHAPE('Placement','Placement of an item',
  #2129);
#2129 = NEXT_ASSEMBLY_USAGE_OCCURRENCE('19','LCS_Origin','',#2063,#2114,
  $);
#2130 = PRODUCT_RELATED_PRODUCT_CATEGORY('part',$,(#2116));
#2131 = SHAPE_DEFINITION_REPRESENTATION(#2132,#2138);
#2132 = PRODUCT_DEFINITION_SHAPE('','',#2133);
#2133 = PRODUCT_DEFINITION('design','',#2134,#2137);
#2134 = PRODUCT_DEFINITION_FORMATION('','',#2135);
#2135 = PRODUCT('Parte plastica','Parte plastica','',(#2136));
#2136 = PRODUCT_CONTEXT('',#2,'mechanical');
#2137 = PRODUCT_DEFINITION_CONTEXT('part definition',#2,'design');
#2138 = ADVANCED_BREP_SHAPE_REPRESENTATION('',(#11,#2139),#2559);
#2139 = MANIFOLD_SOLID_BREP('',#2140);
#2140 = CLOSED_SHELL('',(#2141,#2181,#2212,#2236,#2260,#2277,#2355,#2380
    ,#2405,#2430,#2455,#2480,#2505,#2514,#2523,#2532,#2541,#2550));
#2141 = ADVANCED_FACE('',(#2142),#2176,.F.);
#2142 = FACE_BOUND('',#2143,.F.);
#2143 = EDGE_LOOP('',(#2144,#2154,#2162,#2170));
#2144 = ORIENTED_EDGE('',*,*,#2145,.F.);
#2145 = EDGE_CURVE('',#2146,#2148,#2150,.T.);
#2146 = VERTEX_POINT('',#2147);
#2147 = CARTESIAN_POINT('',(2.120525977034E-15,-6.35,-4.25));
#2148 = VERTEX_POINT('',#2149);
#2149 = CARTESIAN_POINT('',(4.285460875053E-16,8.89,-4.25));
#2150 = LINE('',#2151,#2152);
#2151 = CARTESIAN_POINT('',(7.717160244169E-15,-24.13,-4.25));
#2152 = VECTOR('',#2153,1.);
#2153 = DIRECTION('',(-2.22044604925E-16,1.,-5.551115123126E-16));
#2154 = ORIENTED_EDGE('',*,*,#2155,.F.);
#2155 = EDGE_CURVE('',#2156,#2146,#2158,.T.);
#2156 = VERTEX_POINT('',#2157);
#2157 = CARTESIAN_POINT('',(2.5,-6.35,-4.25));
#2158 = LINE('',#2159,#2160);
#2159 = CARTESIAN_POINT('',(1.25,-6.35,-4.25));
#2160 = VECTOR('',#2161,1.);
#2161 = DIRECTION('',(-1.,-8.628166150855E-32,-3.330669073875E-16));
#2162 = ORIENTED_EDGE('',*,*,#2163,.T.);
#2163 = EDGE_CURVE('',#2156,#2164,#2166,.T.);
#2164 = VERTEX_POINT('',#2165);
#2165 = CARTESIAN_POINT('',(2.5,8.89,-4.25));
#2166 = LINE('',#2167,#2168);
#2167 = CARTESIAN_POINT('',(2.5,-24.13,-4.25));
#2168 = VECTOR('',#2169,1.);
#2169 = DIRECTION('',(-2.22044604925E-16,1.,-5.551115123126E-16));
#2170 = ORIENTED_EDGE('',*,*,#2171,.F.);
#2171 = EDGE_CURVE('',#2148,#2164,#2172,.T.);
#2172 = LINE('',#2173,#2174);
#2173 = CARTESIAN_POINT('',(8.985460875053E-16,8.89,-4.25));
#2174 = VECTOR('',#2175,1.);
#2175 = DIRECTION('',(1.,8.628166150855E-32,3.330669073875E-16));
#2176 = PLANE('',#2177);
#2177 = AXIS2_PLACEMENT_3D('',#2178,#2179,#2180);
#2178 = CARTESIAN_POINT('',(8.657160244169E-15,-24.13,-4.25));
#2179 = DIRECTION('',(-5.551115123126E-16,1.089776975375E-16,1.));
#2180 = DIRECTION('',(-2.22044604925E-16,1.,-7.751115123126E-16));
#2181 = ADVANCED_FACE('',(#2182),#2207,.F.);
#2182 = FACE_BOUND('',#2183,.F.);
#2183 = EDGE_LOOP('',(#2184,#2192,#2193,#2201));
#2184 = ORIENTED_EDGE('',*,*,#2185,.T.);
#2185 = EDGE_CURVE('',#2186,#2146,#2188,.T.);
#2186 = VERTEX_POINT('',#2187);
#2187 = CARTESIAN_POINT('',(-5.551115123126E-18,-6.35,4.25));
#2188 = LINE('',#2189,#2190);
#2189 = CARTESIAN_POINT('',(-5.551115123126E-18,-6.35,4.25));
#2190 = VECTOR('',#2191,1.);
#2191 = DIRECTION('',(3.330669073875E-16,-1.110223024625E-16,-1.));
#2192 = ORIENTED_EDGE('',*,*,#2145,.T.);
#2193 = ORIENTED_EDGE('',*,*,#2194,.F.);
#2194 = EDGE_CURVE('',#2195,#2148,#2197,.T.);
#2195 = VERTEX_POINT('',#2196);
#2196 = CARTESIAN_POINT('',(-3.389510894181E-15,8.89,4.25));
#2197 = LINE('',#2198,#2199);
#2198 = CARTESIAN_POINT('',(-3.389510894181E-15,8.89,4.25));
#2199 = VECTOR('',#2200,1.);
#2200 = DIRECTION('',(3.330669073875E-16,-1.110223024625E-16,-1.));
#2201 = ORIENTED_EDGE('',*,*,#2202,.T.);
#2202 = EDGE_CURVE('',#2195,#2186,#2203,.T.);
#2203 = LINE('',#2204,#2205);
#2204 = CARTESIAN_POINT('',(-7.717160244169E-15,24.13,4.25));
#2205 = VECTOR('',#2206,1.);
#2206 = DIRECTION('',(2.22044604925E-16,-1.,5.551115123126E-16));
#2207 = PLANE('',#2208);
#2208 = AXIS2_PLACEMENT_3D('',#2209,#2210,#2211);
#2209 = CARTESIAN_POINT('',(-5.551115123126E-32,2.5E-16,
    -1.387778780781E-31));
#2210 = DIRECTION('',(1.,-4.440892098501E-16,-1.110223024625E-16));
#2211 = DIRECTION('',(-5.551115123126E-16,-1.110223024625E-16,1.));
#2212 = ADVANCED_FACE('',(#2213),#2231,.F.);
#2213 = FACE_BOUND('',#2214,.F.);
#2214 = EDGE_LOOP('',(#2215,#2223,#2224,#2225));
#2215 = ORIENTED_EDGE('',*,*,#2216,.F.);
#2216 = EDGE_CURVE('',#2195,#2217,#2219,.T.);
#2217 = VERTEX_POINT('',#2218);
#2218 = CARTESIAN_POINT('',(2.5,8.89,4.25));
#2219 = LINE('',#2220,#2221);
#2220 = CARTESIAN_POINT('',(-5.363487431964E-15,8.89,4.25));
#2221 = VECTOR('',#2222,1.);
#2222 = DIRECTION('',(1.,-2.22044604925E-16,-1.110223024625E-16));
#2223 = ORIENTED_EDGE('',*,*,#2194,.T.);
#2224 = ORIENTED_EDGE('',*,*,#2171,.T.);
#2225 = ORIENTED_EDGE('',*,*,#2226,.F.);
#2226 = EDGE_CURVE('',#2217,#2164,#2227,.T.);
#2227 = LINE('',#2228,#2229);
#2228 = CARTESIAN_POINT('',(2.5,8.89,4.25));
#2229 = VECTOR('',#2230,1.);
#2230 = DIRECTION('',(3.330669073875E-16,-1.110223024625E-16,-1.));
#2231 = PLANE('',#2232);
#2232 = AXIS2_PLACEMENT_3D('',#2233,#2234,#2235);
#2233 = CARTESIAN_POINT('',(-3.389510894181E-15,8.89,4.25));
#2234 = DIRECTION('',(4.930380657631E-32,-1.,1.110223024625E-16));
#2235 = DIRECTION('',(1.,6.162975822039E-32,1.110223024625E-16));
#2236 = ADVANCED_FACE('',(#2237),#2255,.T.);
#2237 = FACE_BOUND('',#2238,.T.);
#2238 = EDGE_LOOP('',(#2239,#2247,#2248,#2249));
#2239 = ORIENTED_EDGE('',*,*,#2240,.T.);
#2240 = EDGE_CURVE('',#2241,#2156,#2243,.T.);
#2241 = VERTEX_POINT('',#2242);
#2242 = CARTESIAN_POINT('',(2.5,-6.35,4.25));
#2243 = LINE('',#2244,#2245);
#2244 = CARTESIAN_POINT('',(2.5,-6.35,4.25));
#2245 = VECTOR('',#2246,1.);
#2246 = DIRECTION('',(3.330669073875E-16,-1.110223024625E-16,-1.));
#2247 = ORIENTED_EDGE('',*,*,#2163,.T.);
#2248 = ORIENTED_EDGE('',*,*,#2226,.F.);
#2249 = ORIENTED_EDGE('',*,*,#2250,.T.);
#2250 = EDGE_CURVE('',#2217,#2241,#2251,.T.);
#2251 = LINE('',#2252,#2253);
#2252 = CARTESIAN_POINT('',(2.5,24.13,4.25));
#2253 = VECTOR('',#2254,1.);
#2254 = DIRECTION('',(2.22044604925E-16,-1.,5.551115123126E-16));
#2255 = PLANE('',#2256);
#2256 = AXIS2_PLACEMENT_3D('',#2257,#2258,#2259);
#2257 = CARTESIAN_POINT('',(2.5,-1.305111512313E-15,-1.33226762955E-15)
  );
#2258 = DIRECTION('',(1.,-4.440892098501E-16,-1.110223024625E-16));
#2259 = DIRECTION('',(-5.551115123126E-16,-1.110223024625E-16,1.));
#2260 = ADVANCED_FACE('',(#2261),#2272,.F.);
#2261 = FACE_BOUND('',#2262,.F.);
#2262 = EDGE_LOOP('',(#2263,#2269,#2270,#2271));
#2263 = ORIENTED_EDGE('',*,*,#2264,.F.);
#2264 = EDGE_CURVE('',#2241,#2186,#2265,.T.);
#2265 = LINE('',#2266,#2267);
#2266 = CARTESIAN_POINT('',(2.5,-6.35,4.25));
#2267 = VECTOR('',#2268,1.);
#2268 = DIRECTION('',(-1.,2.22044604925E-16,1.110223024625E-16));
#2269 = ORIENTED_EDGE('',*,*,#2240,.T.);
#2270 = ORIENTED_EDGE('',*,*,#2155,.T.);
#2271 = ORIENTED_EDGE('',*,*,#2185,.F.);
#2272 = PLANE('',#2273);
#2273 = AXIS2_PLACEMENT_3D('',#2274,#2275,#2276);
#2274 = CARTESIAN_POINT('',(2.5,-6.35,4.25));
#2275 = DIRECTION('',(-4.930380657631E-32,1.,-1.110223024625E-16));
#2276 = DIRECTION('',(-1.,-6.162975822039E-32,-1.110223024625E-16));
#2277 = ADVANCED_FACE('',(#2278,#2284,#2295,#2306,#2317,#2328,#2339),
  #2350,.F.);
#2278 = FACE_BOUND('',#2279,.F.);
#2279 = EDGE_LOOP('',(#2280,#2281,#2282,#2283));
#2280 = ORIENTED_EDGE('',*,*,#2202,.F.);
#2281 = ORIENTED_EDGE('',*,*,#2216,.T.);
#2282 = ORIENTED_EDGE('',*,*,#2250,.T.);
#2283 = ORIENTED_EDGE('',*,*,#2264,.T.);
#2284 = FACE_BOUND('',#2285,.F.);
#2285 = EDGE_LOOP('',(#2286));
#2286 = ORIENTED_EDGE('',*,*,#2287,.T.);
#2287 = EDGE_CURVE('',#2288,#2288,#2290,.T.);
#2288 = VERTEX_POINT('',#2289);
#2289 = CARTESIAN_POINT('',(1.25,7.3,4.25));
#2290 = CIRCLE('',#2291,0.32);
#2291 = AXIS2_PLACEMENT_3D('',#2292,#2293,#2294);
#2292 = CARTESIAN_POINT('',(1.25,7.62,4.25));
#2293 = DIRECTION('',(1.110223024625E-16,5.551115123126E-16,1.));
#2294 = DIRECTION('',(2.22044604925E-16,-1.,5.551115123126E-16));
#2295 = FACE_BOUND('',#2296,.F.);
#2296 = EDGE_LOOP('',(#2297));
#2297 = ORIENTED_EDGE('',*,*,#2298,.T.);
#2298 = EDGE_CURVE('',#2299,#2299,#2301,.T.);
#2299 = VERTEX_POINT('',#2300);
#2300 = CARTESIAN_POINT('',(1.25,4.76,4.25));
#2301 = CIRCLE('',#2302,0.32);
#2302 = AXIS2_PLACEMENT_3D('',#2303,#2304,#2305);
#2303 = CARTESIAN_POINT('',(1.25,5.08,4.25));
#2304 = DIRECTION('',(1.110223024625E-16,5.551115123126E-16,1.));
#2305 = DIRECTION('',(2.22044604925E-16,-1.,5.551115123126E-16));
#2306 = FACE_BOUND('',#2307,.F.);
#2307 = EDGE_LOOP('',(#2308));
#2308 = ORIENTED_EDGE('',*,*,#2309,.T.);
#2309 = EDGE_CURVE('',#2310,#2310,#2312,.T.);
#2310 = VERTEX_POINT('',#2311);
#2311 = CARTESIAN_POINT('',(1.25,2.22,4.25));
#2312 = CIRCLE('',#2313,0.32);
#2313 = AXIS2_PLACEMENT_3D('',#2314,#2315,#2316);
#2314 = CARTESIAN_POINT('',(1.25,2.54,4.25));
#2315 = DIRECTION('',(1.110223024625E-16,5.551115123126E-16,1.));
#2316 = DIRECTION('',(2.22044604925E-16,-1.,5.551115123126E-16));
#2317 = FACE_BOUND('',#2318,.F.);
#2318 = EDGE_LOOP('',(#2319));
#2319 = ORIENTED_EDGE('',*,*,#2320,.T.);
#2320 = EDGE_CURVE('',#2321,#2321,#2323,.T.);
#2321 = VERTEX_POINT('',#2322);
#2322 = CARTESIAN_POINT('',(1.25,-0.32,4.25));
#2323 = CIRCLE('',#2324,0.32);
#2324 = AXIS2_PLACEMENT_3D('',#2325,#2326,#2327);
#2325 = CARTESIAN_POINT('',(1.25,-8.881784197001E-16,4.25));
#2326 = DIRECTION('',(1.110223024625E-16,5.551115123126E-16,1.));
#2327 = DIRECTION('',(2.22044604925E-16,-1.,5.551115123126E-16));
#2328 = FACE_BOUND('',#2329,.F.);
#2329 = EDGE_LOOP('',(#2330));
#2330 = ORIENTED_EDGE('',*,*,#2331,.T.);
#2331 = EDGE_CURVE('',#2332,#2332,#2334,.T.);
#2332 = VERTEX_POINT('',#2333);
#2333 = CARTESIAN_POINT('',(1.25,-2.86,4.25));
#2334 = CIRCLE('',#2335,0.32);
#2335 = AXIS2_PLACEMENT_3D('',#2336,#2337,#2338);
#2336 = CARTESIAN_POINT('',(1.25,-2.54,4.25));
#2337 = DIRECTION('',(1.110223024625E-16,5.551115123126E-16,1.));
#2338 = DIRECTION('',(2.22044604925E-16,-1.,5.551115123126E-16));
#2339 = FACE_BOUND('',#2340,.F.);
#2340 = EDGE_LOOP('',(#2341));
#2341 = ORIENTED_EDGE('',*,*,#2342,.T.);
#2342 = EDGE_CURVE('',#2343,#2343,#2345,.T.);
#2343 = VERTEX_POINT('',#2344);
#2344 = CARTESIAN_POINT('',(1.25,-5.4,4.25));
#2345 = CIRCLE('',#2346,0.32);
#2346 = AXIS2_PLACEMENT_3D('',#2347,#2348,#2349);
#2347 = CARTESIAN_POINT('',(1.25,-5.08,4.25));
#2348 = DIRECTION('',(1.110223024625E-16,5.551115123126E-16,1.));
#2349 = DIRECTION('',(2.22044604925E-16,-1.,5.551115123126E-16));
#2350 = PLANE('',#2351);
#2351 = AXIS2_PLACEMENT_3D('',#2352,#2353,#2354);
#2352 = CARTESIAN_POINT('',(-8.657160244169E-15,24.13,4.25));
#2353 = DIRECTION('',(5.551115123126E-16,-1.089776975375E-16,-1.));
#2354 = DIRECTION('',(2.22044604925E-16,-1.,7.751115123126E-16));
#2355 = ADVANCED_FACE('',(#2356),#2375,.F.);
#2356 = FACE_BOUND('',#2357,.F.);
#2357 = EDGE_LOOP('',(#2358,#2366,#2373,#2374));
#2358 = ORIENTED_EDGE('',*,*,#2359,.T.);
#2359 = EDGE_CURVE('',#2288,#2360,#2362,.T.);
#2360 = VERTEX_POINT('',#2361);
#2361 = CARTESIAN_POINT('',(1.25,7.3,-1.75));
#2362 = LINE('',#2363,#2364);
#2363 = CARTESIAN_POINT('',(1.25,7.3,4.25));
#2364 = VECTOR('',#2365,1.);
#2365 = DIRECTION('',(7.751115123126E-16,1.110223024625E-16,-1.));
#2366 = ORIENTED_EDGE('',*,*,#2367,.T.);
#2367 = EDGE_CURVE('',#2360,#2360,#2368,.T.);
#2368 = CIRCLE('',#2369,0.32);
#2369 = AXIS2_PLACEMENT_3D('',#2370,#2371,#2372);
#2370 = CARTESIAN_POINT('',(1.25,7.62,-1.75));
#2371 = DIRECTION('',(1.110223024625E-16,5.551115123126E-16,1.));
#2372 = DIRECTION('',(2.22044604925E-16,-1.,5.551115123126E-16));
#2373 = ORIENTED_EDGE('',*,*,#2359,.F.);
#2374 = ORIENTED_EDGE('',*,*,#2287,.F.);
#2375 = CYLINDRICAL_SURFACE('',#2376,0.32);
#2376 = AXIS2_PLACEMENT_3D('',#2377,#2378,#2379);
#2377 = CARTESIAN_POINT('',(1.25,7.62,4.25));
#2378 = DIRECTION('',(-5.551115123126E-16,1.089776975375E-16,1.));
#2379 = DIRECTION('',(4.42044604925E-16,-1.,7.751115123126E-16));
#2380 = ADVANCED_FACE('',(#2381),#2400,.F.);
#2381 = FACE_BOUND('',#2382,.F.);
#2382 = EDGE_LOOP('',(#2383,#2391,#2398,#2399));
#2383 = ORIENTED_EDGE('',*,*,#2384,.T.);
#2384 = EDGE_CURVE('',#2299,#2385,#2387,.T.);
#2385 = VERTEX_POINT('',#2386);
#2386 = CARTESIAN_POINT('',(1.25,4.76,-1.75));
#2387 = LINE('',#2388,#2389);
#2388 = CARTESIAN_POINT('',(1.25,4.76,4.25));
#2389 = VECTOR('',#2390,1.);
#2390 = DIRECTION('',(7.751115123126E-16,1.110223024625E-16,-1.));
#2391 = ORIENTED_EDGE('',*,*,#2392,.T.);
#2392 = EDGE_CURVE('',#2385,#2385,#2393,.T.);
#2393 = CIRCLE('',#2394,0.32);
#2394 = AXIS2_PLACEMENT_3D('',#2395,#2396,#2397);
#2395 = CARTESIAN_POINT('',(1.25,5.08,-1.75));
#2396 = DIRECTION('',(1.110223024625E-16,5.551115123126E-16,1.));
#2397 = DIRECTION('',(2.22044604925E-16,-1.,5.551115123126E-16));
#2398 = ORIENTED_EDGE('',*,*,#2384,.F.);
#2399 = ORIENTED_EDGE('',*,*,#2298,.F.);
#2400 = CYLINDRICAL_SURFACE('',#2401,0.32);
#2401 = AXIS2_PLACEMENT_3D('',#2402,#2403,#2404);
#2402 = CARTESIAN_POINT('',(1.25,5.08,4.25));
#2403 = DIRECTION('',(-5.551115123126E-16,1.089776975375E-16,1.));
#2404 = DIRECTION('',(4.42044604925E-16,-1.,7.751115123126E-16));
#2405 = ADVANCED_FACE('',(#2406),#2425,.F.);
#2406 = FACE_BOUND('',#2407,.F.);
#2407 = EDGE_LOOP('',(#2408,#2416,#2423,#2424));
#2408 = ORIENTED_EDGE('',*,*,#2409,.T.);
#2409 = EDGE_CURVE('',#2310,#2410,#2412,.T.);
#2410 = VERTEX_POINT('',#2411);
#2411 = CARTESIAN_POINT('',(1.25,2.22,-1.75));
#2412 = LINE('',#2413,#2414);
#2413 = CARTESIAN_POINT('',(1.25,2.22,4.25));
#2414 = VECTOR('',#2415,1.);
#2415 = DIRECTION('',(7.751115123126E-16,1.110223024625E-16,-1.));
#2416 = ORIENTED_EDGE('',*,*,#2417,.T.);
#2417 = EDGE_CURVE('',#2410,#2410,#2418,.T.);
#2418 = CIRCLE('',#2419,0.32);
#2419 = AXIS2_PLACEMENT_3D('',#2420,#2421,#2422);
#2420 = CARTESIAN_POINT('',(1.25,2.54,-1.75));
#2421 = DIRECTION('',(1.110223024625E-16,5.551115123126E-16,1.));
#2422 = DIRECTION('',(2.22044604925E-16,-1.,5.551115123126E-16));
#2423 = ORIENTED_EDGE('',*,*,#2409,.F.);
#2424 = ORIENTED_EDGE('',*,*,#2309,.F.);
#2425 = CYLINDRICAL_SURFACE('',#2426,0.32);
#2426 = AXIS2_PLACEMENT_3D('',#2427,#2428,#2429);
#2427 = CARTESIAN_POINT('',(1.25,2.54,4.25));
#2428 = DIRECTION('',(-5.551115123126E-16,1.089776975375E-16,1.));
#2429 = DIRECTION('',(4.42044604925E-16,-1.,7.751115123126E-16));
#2430 = ADVANCED_FACE('',(#2431),#2450,.F.);
#2431 = FACE_BOUND('',#2432,.F.);
#2432 = EDGE_LOOP('',(#2433,#2441,#2448,#2449));
#2433 = ORIENTED_EDGE('',*,*,#2434,.T.);
#2434 = EDGE_CURVE('',#2321,#2435,#2437,.T.);
#2435 = VERTEX_POINT('',#2436);
#2436 = CARTESIAN_POINT('',(1.25,-0.32,-1.75));
#2437 = LINE('',#2438,#2439);
#2438 = CARTESIAN_POINT('',(1.25,-0.32,4.25));
#2439 = VECTOR('',#2440,1.);
#2440 = DIRECTION('',(7.751115123126E-16,1.110223024625E-16,-1.));
#2441 = ORIENTED_EDGE('',*,*,#2442,.T.);
#2442 = EDGE_CURVE('',#2435,#2435,#2443,.T.);
#2443 = CIRCLE('',#2444,0.32);
#2444 = AXIS2_PLACEMENT_3D('',#2445,#2446,#2447);
#2445 = CARTESIAN_POINT('',(1.25,1.554312234475E-15,-1.75));
#2446 = DIRECTION('',(1.110223024625E-16,5.551115123126E-16,1.));
#2447 = DIRECTION('',(2.22044604925E-16,-1.,5.551115123126E-16));
#2448 = ORIENTED_EDGE('',*,*,#2434,.F.);
#2449 = ORIENTED_EDGE('',*,*,#2320,.F.);
#2450 = CYLINDRICAL_SURFACE('',#2451,0.32);
#2451 = AXIS2_PLACEMENT_3D('',#2452,#2453,#2454);
#2452 = CARTESIAN_POINT('',(1.25,3.930437022217E-16,4.25));
#2453 = DIRECTION('',(-5.551115123126E-16,1.089776975375E-16,1.));
#2454 = DIRECTION('',(4.42044604925E-16,-1.,7.751115123126E-16));
#2455 = ADVANCED_FACE('',(#2456),#2475,.F.);
#2456 = FACE_BOUND('',#2457,.F.);
#2457 = EDGE_LOOP('',(#2458,#2466,#2473,#2474));
#2458 = ORIENTED_EDGE('',*,*,#2459,.T.);
#2459 = EDGE_CURVE('',#2332,#2460,#2462,.T.);
#2460 = VERTEX_POINT('',#2461);
#2461 = CARTESIAN_POINT('',(1.25,-2.86,-1.75));
#2462 = LINE('',#2463,#2464);
#2463 = CARTESIAN_POINT('',(1.25,-2.86,4.25));
#2464 = VECTOR('',#2465,1.);
#2465 = DIRECTION('',(7.751115123126E-16,1.110223024625E-16,-1.));
#2466 = ORIENTED_EDGE('',*,*,#2467,.T.);
#2467 = EDGE_CURVE('',#2460,#2460,#2468,.T.);
#2468 = CIRCLE('',#2469,0.32);
#2469 = AXIS2_PLACEMENT_3D('',#2470,#2471,#2472);
#2470 = CARTESIAN_POINT('',(1.25,-2.54,-1.75));
#2471 = DIRECTION('',(1.110223024625E-16,5.551115123126E-16,1.));
#2472 = DIRECTION('',(2.22044604925E-16,-1.,5.551115123126E-16));
#2473 = ORIENTED_EDGE('',*,*,#2459,.F.);
#2474 = ORIENTED_EDGE('',*,*,#2331,.F.);
#2475 = CYLINDRICAL_SURFACE('',#2476,0.32);
#2476 = AXIS2_PLACEMENT_3D('',#2477,#2478,#2479);
#2477 = CARTESIAN_POINT('',(1.25,-2.54,4.25));
#2478 = DIRECTION('',(-5.551115123126E-16,1.089776975375E-16,1.));
#2479 = DIRECTION('',(4.42044604925E-16,-1.,7.751115123126E-16));
#2480 = ADVANCED_FACE('',(#2481),#2500,.F.);
#2481 = FACE_BOUND('',#2482,.F.);
#2482 = EDGE_LOOP('',(#2483,#2491,#2498,#2499));
#2483 = ORIENTED_EDGE('',*,*,#2484,.T.);
#2484 = EDGE_CURVE('',#2343,#2485,#2487,.T.);
#2485 = VERTEX_POINT('',#2486);
#2486 = CARTESIAN_POINT('',(1.25,-5.4,-1.75));
#2487 = LINE('',#2488,#2489);
#2488 = CARTESIAN_POINT('',(1.25,-5.4,4.25));
#2489 = VECTOR('',#2490,1.);
#2490 = DIRECTION('',(7.751115123126E-16,1.110223024625E-16,-1.));
#2491 = ORIENTED_EDGE('',*,*,#2492,.T.);
#2492 = EDGE_CURVE('',#2485,#2485,#2493,.T.);
#2493 = CIRCLE('',#2494,0.32);
#2494 = AXIS2_PLACEMENT_3D('',#2495,#2496,#2497);
#2495 = CARTESIAN_POINT('',(1.25,-5.08,-1.75));
#2496 = DIRECTION('',(1.110223024625E-16,5.551115123126E-16,1.));
#2497 = DIRECTION('',(2.22044604925E-16,-1.,5.551115123126E-16));
#2498 = ORIENTED_EDGE('',*,*,#2484,.F.);
#2499 = ORIENTED_EDGE('',*,*,#2342,.F.);
#2500 = CYLINDRICAL_SURFACE('',#2501,0.32);
#2501 = AXIS2_PLACEMENT_3D('',#2502,#2503,#2504);
#2502 = CARTESIAN_POINT('',(1.25,-5.08,4.25));
#2503 = DIRECTION('',(-5.551115123126E-16,1.089776975375E-16,1.));
#2504 = DIRECTION('',(4.42044604925E-16,-1.,7.751115123126E-16));
#2505 = ADVANCED_FACE('',(#2506),#2509,.T.);
#2506 = FACE_BOUND('',#2507,.T.);
#2507 = EDGE_LOOP('',(#2508));
#2508 = ORIENTED_EDGE('',*,*,#2367,.T.);
#2509 = PLANE('',#2510);
#2510 = AXIS2_PLACEMENT_3D('',#2511,#2512,#2513);
#2511 = CARTESIAN_POINT('',(1.25,5.329070518201E-15,-1.75));
#2512 = DIRECTION('',(-5.551115123126E-16,-1.110223024625E-16,1.));
#2513 = DIRECTION('',(1.,-4.440892098501E-16,-1.110223024625E-16));
#2514 = ADVANCED_FACE('',(#2515),#2518,.T.);
#2515 = FACE_BOUND('',#2516,.T.);
#2516 = EDGE_LOOP('',(#2517));
#2517 = ORIENTED_EDGE('',*,*,#2392,.T.);
#2518 = PLANE('',#2519);
#2519 = AXIS2_PLACEMENT_3D('',#2520,#2521,#2522);
#2520 = CARTESIAN_POINT('',(1.25,5.329070518201E-15,-1.75));
#2521 = DIRECTION('',(-5.551115123126E-16,-1.110223024625E-16,1.));
#2522 = DIRECTION('',(1.,-4.440892098501E-16,-1.110223024625E-16));
#2523 = ADVANCED_FACE('',(#2524),#2527,.T.);
#2524 = FACE_BOUND('',#2525,.T.);
#2525 = EDGE_LOOP('',(#2526));
#2526 = ORIENTED_EDGE('',*,*,#2417,.T.);
#2527 = PLANE('',#2528);
#2528 = AXIS2_PLACEMENT_3D('',#2529,#2530,#2531);
#2529 = CARTESIAN_POINT('',(1.25,5.329070518201E-15,-1.75));
#2530 = DIRECTION('',(-5.551115123126E-16,-1.110223024625E-16,1.));
#2531 = DIRECTION('',(1.,-4.440892098501E-16,-1.110223024625E-16));
#2532 = ADVANCED_FACE('',(#2533),#2536,.T.);
#2533 = FACE_BOUND('',#2534,.T.);
#2534 = EDGE_LOOP('',(#2535));
#2535 = ORIENTED_EDGE('',*,*,#2442,.T.);
#2536 = PLANE('',#2537);
#2537 = AXIS2_PLACEMENT_3D('',#2538,#2539,#2540);
#2538 = CARTESIAN_POINT('',(1.25,5.329070518201E-15,-1.75));
#2539 = DIRECTION('',(-5.551115123126E-16,-1.110223024625E-16,1.));
#2540 = DIRECTION('',(1.,-4.440892098501E-16,-1.110223024625E-16));
#2541 = ADVANCED_FACE('',(#2542),#2545,.T.);
#2542 = FACE_BOUND('',#2543,.T.);
#2543 = EDGE_LOOP('',(#2544));
#2544 = ORIENTED_EDGE('',*,*,#2467,.T.);
#2545 = PLANE('',#2546);
#2546 = AXIS2_PLACEMENT_3D('',#2547,#2548,#2549);
#2547 = CARTESIAN_POINT('',(1.25,5.329070518201E-15,-1.75));
#2548 = DIRECTION('',(-5.551115123126E-16,-1.110223024625E-16,1.));
#2549 = DIRECTION('',(1.,-4.440892098501E-16,-1.110223024625E-16));
#2550 = ADVANCED_FACE('',(#2551),#2554,.T.);
#2551 = FACE_BOUND('',#2552,.T.);
#2552 = EDGE_LOOP('',(#2553));
#2553 = ORIENTED_EDGE('',*,*,#2492,.T.);
#2554 = PLANE('',#2555);
#2555 = AXIS2_PLACEMENT_3D('',#2556,#2557,#2558);
#2556 = CARTESIAN_POINT('',(1.25,5.329070518201E-15,-1.75));
#2557 = DIRECTION('',(-5.551115123126E-16,-1.110223024625E-16,1.));
#2558 = DIRECTION('',(1.,-4.440892098501E-16,-1.110223024625E-16));
#2559 = ( GEOMETRIC_REPRESENTATION_CONTEXT(3) 
GLOBAL_UNCERTAINTY_ASSIGNED_CONTEXT((#2563)) 
GLOBAL_UNIT_ASSIGNED_CONTEXT((#2560,#2561,#2562)) REPRESENTATION_CONTEXT
('Context #1','3D Context with UNIT and UNCERTAINTY') );
#2560 = ( LENGTH_UNIT() NAMED_UNIT(*) SI_UNIT(.MILLI.,.METRE.) );
#2561 = ( NAMED_UNIT(*) PLANE_ANGLE_UNIT() SI_UNIT($,.RADIAN.) );
#2562 = ( NAMED_UNIT(*) SI_UNIT($,.STERADIAN.) SOLID_ANGLE_UNIT() );
#2563 = UNCERTAINTY_MEASURE_WITH_UNIT(LENGTH_MEASURE(5.E-06),#2560,
  'distance_accuracy_value','confusion accuracy');
#2564 = CONTEXT_DEPENDENT_SHAPE_REPRESENTATION(#2565,#2567);
#2565 = ( REPRESENTATION_RELATIONSHIP('','',#2138,#2068) 
REPRESENTATION_RELATIONSHIP_WITH_TRANSFORMATION(#2566) 
SHAPE_REPRESENTATION_RELATIONSHIP() );
#2566 = ITEM_DEFINED_TRANSFORMATION('','',#11,#2073);
#2567 = PRODUCT_DEFINITION_SHAPE('Placement','Placement of an item',
  #2568);
#2568 = NEXT_ASSEMBLY_USAGE_OCCURRENCE('20','Parte plastica001','',#2063
  ,#2133,$);
#2569 = PRODUCT_RELATED_PRODUCT_CATEGORY('part',$,(#2135));
#2570 = SHAPE_DEFINITION_REPRESENTATION(#2571,#2577);
#2571 = PRODUCT_DEFINITION_SHAPE('','',#2572);
#2572 = PRODUCT_DEFINITION('design','',#2573,#2576);
#2573 = PRODUCT_DEFINITION_FORMATION('','',#2574);
#2574 = PRODUCT('Parte metalica','Parte metalica','',(#2575));
#2575 = PRODUCT_CONTEXT('',#2,'mechanical');
#2576 = PRODUCT_DEFINITION_CONTEXT('part definition',#2,'design');
#2577 = ADVANCED_BREP_SHAPE_REPRESENTATION('',(#11,#2578),#2631);
#2578 = MANIFOLD_SOLID_BREP('',#2579);
#2579 = CLOSED_SHELL('',(#2580,#2613,#2622));
#2580 = ADVANCED_FACE('',(#2581),#2608,.T.);
#2581 = FACE_BOUND('',#2582,.F.);
#2582 = EDGE_LOOP('',(#2583,#2593,#2600,#2601));
#2583 = ORIENTED_EDGE('',*,*,#2584,.T.);
#2584 = EDGE_CURVE('',#2585,#2587,#2589,.T.);
#2585 = VERTEX_POINT('',#2586);
#2586 = CARTESIAN_POINT('',(0.325,0.,0.));
#2587 = VERTEX_POINT('',#2588);
#2588 = CARTESIAN_POINT('',(0.325,0.,3.));
#2589 = LINE('',#2590,#2591);
#2590 = CARTESIAN_POINT('',(0.325,0.,0.));
#2591 = VECTOR('',#2592,1.);
#2592 = DIRECTION('',(0.,0.,1.));
#2593 = ORIENTED_EDGE('',*,*,#2594,.T.);
#2594 = EDGE_CURVE('',#2587,#2587,#2595,.T.);
#2595 = CIRCLE('',#2596,0.325);
#2596 = AXIS2_PLACEMENT_3D('',#2597,#2598,#2599);
#2597 = CARTESIAN_POINT('',(0.,0.,3.));
#2598 = DIRECTION('',(0.,0.,1.));
#2599 = DIRECTION('',(1.,0.,0.));
#2600 = ORIENTED_EDGE('',*,*,#2584,.F.);
#2601 = ORIENTED_EDGE('',*,*,#2602,.F.);
#2602 = EDGE_CURVE('',#2585,#2585,#2603,.T.);
#2603 = CIRCLE('',#2604,0.325);
#2604 = AXIS2_PLACEMENT_3D('',#2605,#2606,#2607);
#2605 = CARTESIAN_POINT('',(0.,0.,0.));
#2606 = DIRECTION('',(0.,0.,1.));
#2607 = DIRECTION('',(1.,0.,0.));
#2608 = CYLINDRICAL_SURFACE('',#2609,0.325);
#2609 = AXIS2_PLACEMENT_3D('',#2610,#2611,#2612);
#2610 = CARTESIAN_POINT('',(0.,0.,0.));
#2611 = DIRECTION('',(-0.,-0.,-1.));
#2612 = DIRECTION('',(1.,0.,0.));
#2613 = ADVANCED_FACE('',(#2614),#2617,.F.);
#2614 = FACE_BOUND('',#2615,.F.);
#2615 = EDGE_LOOP('',(#2616));
#2616 = ORIENTED_EDGE('',*,*,#2602,.T.);
#2617 = PLANE('',#2618);
#2618 = AXIS2_PLACEMENT_3D('',#2619,#2620,#2621);
#2619 = CARTESIAN_POINT('',(-2.E-17,2.E-17,0.));
#2620 = DIRECTION('',(0.,0.,1.));
#2621 = DIRECTION('',(1.,0.,0.));
#2622 = ADVANCED_FACE('',(#2623),#2626,.T.);
#2623 = FACE_BOUND('',#2624,.T.);
#2624 = EDGE_LOOP('',(#2625));
#2625 = ORIENTED_EDGE('',*,*,#2594,.T.);
#2626 = PLANE('',#2627);
#2627 = AXIS2_PLACEMENT_3D('',#2628,#2629,#2630);
#2628 = CARTESIAN_POINT('',(-2.E-17,2.E-17,3.));
#2629 = DIRECTION('',(0.,0.,1.));
#2630 = DIRECTION('',(1.,0.,0.));
#2631 = ( GEOMETRIC_REPRESENTATION_CONTEXT(3) 
GLOBAL_UNCERTAINTY_ASSIGNED_CONTEXT((#2635)) 
GLOBAL_UNIT_ASSIGNED_CONTEXT((#2632,#2633,#2634)) REPRESENTATION_CONTEXT
('Context #1','3D Context with UNIT and UNCERTAINTY') );
#2632 = ( LENGTH_UNIT() NAMED_UNIT(*) SI_UNIT(.MILLI.,.METRE.) );
#2633 = ( NAMED_UNIT(*) PLANE_ANGLE_UNIT() SI_UNIT($,.RADIAN.) );
#2634 = ( NAMED_UNIT(*) SI_UNIT($,.STERADIAN.) SOLID_ANGLE_UNIT() );
#2635 = UNCERTAINTY_MEASURE_WITH_UNIT(LENGTH_MEASURE(1.E-07),#2632,
  'distance_accuracy_value','confusion accuracy');
#2636 = CONTEXT_DEPENDENT_SHAPE_REPRESENTATION(#2637,#2639);
#2637 = ( REPRESENTATION_RELATIONSHIP('','',#2577,#2068) 
REPRESENTATION_RELATIONSHIP_WITH_TRANSFORMATION(#2638) 
SHAPE_REPRESENTATION_RELATIONSHIP() );
#2638 = ITEM_DEFINED_TRANSFORMATION('','',#11,#2077);
#2639 = PRODUCT_DEFINITION_SHAPE('Placement','Placement of an item',
  #2640);
#2640 = NEXT_ASSEMBLY_USAGE_OCCURRENCE('21','Parte metalica001','',#2063
  ,#2572,$);
#2641 = PRODUCT_RELATED_PRODUCT_CATEGORY('part',$,(#2574));
#2642 = CONTEXT_DEPENDENT_SHAPE_REPRESENTATION(#2643,#2645);
#2643 = ( REPRESENTATION_RELATIONSHIP('','',#2577,#2068) 
REPRESENTATION_RELATIONSHIP_WITH_TRANSFORMATION(#2644) 
SHAPE_REPRESENTATION_RELATIONSHIP() );
#2644 = ITEM_DEFINED_TRANSFORMATION('','',#11,#2081);
#2645 = PRODUCT_DEFINITION_SHAPE('Placement','Placement of an item',
  #2646);
#2646 = NEXT_ASSEMBLY_USAGE_OCCURRENCE('22','Parte metalica002','',#2063
  ,#2572,$);
#2647 = CONTEXT_DEPENDENT_SHAPE_REPRESENTATION(#2648,#2650);
#2648 = ( REPRESENTATION_RELATIONSHIP('','',#2577,#2068) 
REPRESENTATION_RELATIONSHIP_WITH_TRANSFORMATION(#2649) 
SHAPE_REPRESENTATION_RELATIONSHIP() );
#2649 = ITEM_DEFINED_TRANSFORMATION('','',#11,#2085);
#2650 = PRODUCT_DEFINITION_SHAPE('Placement','Placement of an item',
  #2651);
#2651 = NEXT_ASSEMBLY_USAGE_OCCURRENCE('23','Parte metalica003','',#2063
  ,#2572,$);
#2652 = CONTEXT_DEPENDENT_SHAPE_REPRESENTATION(#2653,#2655);
#2653 = ( REPRESENTATION_RELATIONSHIP('','',#2577,#2068) 
REPRESENTATION_RELATIONSHIP_WITH_TRANSFORMATION(#2654) 
SHAPE_REPRESENTATION_RELATIONSHIP() );
#2654 = ITEM_DEFINED_TRANSFORMATION('','',#11,#2089);
#2655 = PRODUCT_DEFINITION_SHAPE('Placement','Placement of an item',
  #2656);
#2656 = NEXT_ASSEMBLY_USAGE_OCCURRENCE('24','Parte metalica004','',#2063
  ,#2572,$);
#2657 = CONTEXT_DEPENDENT_SHAPE_REPRESENTATION(#2658,#2660);
#2658 = ( REPRESENTATION_RELATIONSHIP('','',#2577,#2068) 
REPRESENTATION_RELATIONSHIP_WITH_TRANSFORMATION(#2659) 
SHAPE_REPRESENTATION_RELATIONSHIP() );
#2659 = ITEM_DEFINED_TRANSFORMATION('','',#11,#2093);
#2660 = PRODUCT_DEFINITION_SHAPE('Placement','Placement of an item',
  #2661);
#2661 = NEXT_ASSEMBLY_USAGE_OCCURRENCE('25','Parte metalica005','',#2063
  ,#2572,$);
#2662 = CONTEXT_DEPENDENT_SHAPE_REPRESENTATION(#2663,#2665);
#2663 = ( REPRESENTATION_RELATIONSHIP('','',#2577,#2068) 
REPRESENTATION_RELATIONSHIP_WITH_TRANSFORMATION(#2664) 
SHAPE_REPRESENTATION_RELATIONSHIP() );
#2664 = ITEM_DEFINED_TRANSFORMATION('','',#11,#2097);
#2665 = PRODUCT_DEFINITION_SHAPE('Placement','Placement of an item',
  #2666);
#2666 = NEXT_ASSEMBLY_USAGE_OCCURRENCE('26','Parte metalica006','',#2063
  ,#2572,$);
#2667 = MECHANICAL_DESIGN_GEOMETRIC_PRESENTATION_REPRESENTATION('',(
    #2668),#1928);
#2668 = STYLED_ITEM('color',(#2669),#1875);
#2669 = PRESENTATION_STYLE_ASSIGNMENT((#2670,#2676));
#2670 = SURFACE_STYLE_USAGE(.BOTH.,#2671);
#2671 = SURFACE_SIDE_STYLE('',(#2672));
#2672 = SURFACE_STYLE_FILL_AREA(#2673);
#2673 = FILL_AREA_STYLE('',(#2674));
#2674 = FILL_AREA_STYLE_COLOUR('',#2675);
#2675 = COLOUR_RGB('',0.780392170416,0.568627474046,0.113725493293);
#2676 = CURVE_STYLE('',#2677,POSITIVE_LENGTH_MEASURE(0.1),#2678);
#2677 = DRAUGHTING_PRE_DEFINED_CURVE_FONT('continuous');
#2678 = COLOUR_RGB('',9.803921802644E-02,9.803921802644E-02,
  9.803921802644E-02);
#2679 = MECHANICAL_DESIGN_GEOMETRIC_PRESENTATION_REPRESENTATION('',(
    #2680),#448);
#2680 = STYLED_ITEM('color',(#2681),#64);
#2681 = PRESENTATION_STYLE_ASSIGNMENT((#2682,#2688));
#2682 = SURFACE_STYLE_USAGE(.BOTH.,#2683);
#2683 = SURFACE_SIDE_STYLE('',(#2684));
#2684 = SURFACE_STYLE_FILL_AREA(#2685);
#2685 = FILL_AREA_STYLE('',(#2686));
#2686 = FILL_AREA_STYLE_COLOUR('',#2687);
#2687 = COLOUR_RGB('',0.,0.333333345507,0.);
#2688 = CURVE_STYLE('',#2689,POSITIVE_LENGTH_MEASURE(0.1),#2678);
#2689 = DRAUGHTING_PRE_DEFINED_CURVE_FONT('continuous');
#2690 = MECHANICAL_DESIGN_GEOMETRIC_PRESENTATION_REPRESENTATION('',(
    #2691),#2631);
#2691 = STYLED_ITEM('color',(#2692),#2578);
#2692 = PRESENTATION_STYLE_ASSIGNMENT((#2693,#2698));
#2693 = SURFACE_STYLE_USAGE(.BOTH.,#2694);
#2694 = SURFACE_SIDE_STYLE('',(#2695));
#2695 = SURFACE_STYLE_FILL_AREA(#2696);
#2696 = FILL_AREA_STYLE('',(#2697));
#2697 = FILL_AREA_STYLE_COLOUR('',#2675);
#2698 = CURVE_STYLE('',#2699,POSITIVE_LENGTH_MEASURE(0.1),#2678);
#2699 = DRAUGHTING_PRE_DEFINED_CURVE_FONT('continuous');
#2700 = MECHANICAL_DESIGN_GEOMETRIC_PRESENTATION_REPRESENTATION('',(
    #2701),#2025);
#2701 = STYLED_ITEM('color',(#2702),#1972);
#2702 = PRESENTATION_STYLE_ASSIGNMENT((#2703,#2708));
#2703 = SURFACE_STYLE_USAGE(.BOTH.,#2704);
#2704 = SURFACE_SIDE_STYLE('',(#2705));
#2705 = SURFACE_STYLE_FILL_AREA(#2706);
#2706 = FILL_AREA_STYLE('',(#2707));
#2707 = FILL_AREA_STYLE_COLOUR('',#2675);
#2708 = CURVE_STYLE('',#2709,POSITIVE_LENGTH_MEASURE(0.1),#2678);
#2709 = DRAUGHTING_PRE_DEFINED_CURVE_FONT('continuous');
#2710 = MECHANICAL_DESIGN_GEOMETRIC_PRESENTATION_REPRESENTATION('',(
    #2711),#2559);
#2711 = STYLED_ITEM('color',(#2712),#2139);
#2712 = PRESENTATION_STYLE_ASSIGNMENT((#2713,#2719));
#2713 = SURFACE_STYLE_USAGE(.BOTH.,#2714);
#2714 = SURFACE_SIDE_STYLE('',(#2715));
#2715 = SURFACE_STYLE_FILL_AREA(#2716);
#2716 = FILL_AREA_STYLE('',(#2717));
#2717 = FILL_AREA_STYLE_COLOUR('',#2718);
#2718 = DRAUGHTING_PRE_DEFINED_COLOUR('black');
#2719 = CURVE_STYLE('',#2720,POSITIVE_LENGTH_MEASURE(0.1),#2678);
#2720 = DRAUGHTING_PRE_DEFINED_CURVE_FONT('continuous');
#2721 = MECHANICAL_DESIGN_GEOMETRIC_PRESENTATION_REPRESENTATION('',(
    #2722),#1837);
#2722 = STYLED_ITEM('color',(#2723),#565);
#2723 = PRESENTATION_STYLE_ASSIGNMENT((#2724,#2729));
#2724 = SURFACE_STYLE_USAGE(.BOTH.,#2725);
#2725 = SURFACE_SIDE_STYLE('',(#2726));
#2726 = SURFACE_STYLE_FILL_AREA(#2727);
#2727 = FILL_AREA_STYLE('',(#2728));
#2728 = FILL_AREA_STYLE_COLOUR('',#2718);
#2729 = CURVE_STYLE('',#2730,POSITIVE_LENGTH_MEASURE(0.1),#2678);
#2730 = DRAUGHTING_PRE_DEFINED_CURVE_FONT('continuous');
ENDSEC;
END-ISO-10303-21;
