ISO-10303-21;
HEADER;
FILE_DESCRIPTION(('FreeCAD Model'),'2;1');
FILE_NAME('Open CASCADE Shape Model','2026-01-27T14:36:38',(''),(''),
  'Open CASCADE STEP processor 7.8','FreeCAD','Unknown');
FILE_SCHEMA(('AUTOMOTIVE_DESIGN { 1 0 10303 214 1 1 1 1 }'));
ENDSEC;
DATA;
#1 = APPLICATION_PROTOCOL_DEFINITION('international standard',
  'automotive_design',2000,#2);
#2 = APPLICATION_CONTEXT(
  'core data for automotive mechanical design processes');
#3 = SHAPE_DEFINITION_REPRESENTATION(#4,#10);
#4 = PRODUCT_DEFINITION_SHAPE('','',#5);
#5 = PRODUCT_DEFINITION('design','',#6,#9);
#6 = PRODUCT_DEFINITION_FORMATION('','',#7);
#7 = PRODUCT('Assembly','Assembly','',(#8));
#8 = PRODUCT_CONTEXT('',#2,'mechanical');
#9 = PRODUCT_DEFINITION_CONTEXT('part definition',#2,'design');
#10 = SHAPE_REPRESENTATION('',(#11,#15,#19,#23,#27,#31,#35),#39);
#11 = AXIS2_PLACEMENT_3D('',#12,#13,#14);
#12 = CARTESIAN_POINT('',(0.,0.,0.));
#13 = DIRECTION('',(0.,0.,1.));
#14 = DIRECTION('',(1.,0.,-0.));
#15 = AXIS2_PLACEMENT_3D('',#16,#17,#18);
#16 = CARTESIAN_POINT('',(0.,0.,0.));
#17 = DIRECTION('',(0.,0.,1.));
#18 = DIRECTION('',(1.,0.,0.));
#19 = AXIS2_PLACEMENT_3D('',#20,#21,#22);
#20 = CARTESIAN_POINT('',(0.,0.,-1.6));
#21 = DIRECTION('',(0.,0.,1.));
#22 = DIRECTION('',(1.,0.,0.));
#23 = AXIS2_PLACEMENT_3D('',#24,#25,#26);
#24 = CARTESIAN_POINT('',(12.7,1.44,-4.1));
#25 = DIRECTION('',(2.465190328816E-32,1.224646799147E-16,-1.));
#26 = DIRECTION('',(1.,-1.509493722737E-48,2.465190328816E-32));
#27 = AXIS2_PLACEMENT_3D('',#28,#29,#30);
#28 = CARTESIAN_POINT('',(-12.7,1.44,-4.1));
#29 = DIRECTION('',(2.592226237855E-32,1.224646799147E-16,-1.));
#30 = DIRECTION('',(-1.,2.22044604925E-16,1.270359090391E-33));
#31 = AXIS2_PLACEMENT_3D('',#32,#33,#34);
#32 = CARTESIAN_POINT('',(12.7,1.44,-4.1));
#33 = DIRECTION('',(1.224646799147E-16,-1.224646799147E-16,1.));
#34 = DIRECTION('',(1.,-1.224646799147E-16,-1.224646799147E-16));
#35 = AXIS2_PLACEMENT_3D('',#36,#37,#38);
#36 = CARTESIAN_POINT('',(-12.7,1.44,-4.1));
#37 = DIRECTION('',(-1.224646799147E-16,-1.224646799147E-16,1.));
#38 = DIRECTION('',(1.,-2.22044604925E-16,1.224646799147E-16));
#39 = ( GEOMETRIC_REPRESENTATION_CONTEXT(3) 
GLOBAL_UNCERTAINTY_ASSIGNED_CONTEXT((#43)) GLOBAL_UNIT_ASSIGNED_CONTEXT(
(#40,#41,#42)) REPRESENTATION_CONTEXT('Context #1',
  '3D Context with UNIT and UNCERTAINTY') );
#40 = ( LENGTH_UNIT() NAMED_UNIT(*) SI_UNIT(.MILLI.,.METRE.) );
#41 = ( NAMED_UNIT(*) PLANE_ANGLE_UNIT() SI_UNIT($,.RADIAN.) );
#42 = ( NAMED_UNIT(*) SI_UNIT($,.STERADIAN.) SOLID_ANGLE_UNIT() );
#43 = UNCERTAINTY_MEASURE_WITH_UNIT(LENGTH_MEASURE(1.E-07),#40,
  'distance_accuracy_value','confusion accuracy');
#44 = PRODUCT_RELATED_PRODUCT_CATEGORY('part',$,(#7));
#45 = SHAPE_DEFINITION_REPRESENTATION(#46,#52);
#46 = PRODUCT_DEFINITION_SHAPE('','',#47);
#47 = PRODUCT_DEFINITION('design','',#48,#51);
#48 = PRODUCT_DEFINITION_FORMATION('','',#49);
#49 = PRODUCT('LCS_Origin','LCS_Origin','',(#50));
#50 = PRODUCT_CONTEXT('',#2,'mechanical');
#51 = PRODUCT_DEFINITION_CONTEXT('part definition',#2,'design');
#52 = MANIFOLD_SURFACE_SHAPE_REPRESENTATION('',(#11),#53);
#53 = ( GEOMETRIC_REPRESENTATION_CONTEXT(3) 
GLOBAL_UNCERTAINTY_ASSIGNED_CONTEXT((#57)) GLOBAL_UNIT_ASSIGNED_CONTEXT(
(#54,#55,#56)) REPRESENTATION_CONTEXT('Context #1',
  '3D Context with UNIT and UNCERTAINTY') );
#54 = ( LENGTH_UNIT() NAMED_UNIT(*) SI_UNIT(.MILLI.,.METRE.) );
#55 = ( NAMED_UNIT(*) PLANE_ANGLE_UNIT() SI_UNIT($,.RADIAN.) );
#56 = ( NAMED_UNIT(*) SI_UNIT($,.STERADIAN.) SOLID_ANGLE_UNIT() );
#57 = UNCERTAINTY_MEASURE_WITH_UNIT(LENGTH_MEASURE(1.E-07),#54,
  'distance_accuracy_value','confusion accuracy');
#58 = CONTEXT_DEPENDENT_SHAPE_REPRESENTATION(#59,#61);
#59 = ( REPRESENTATION_RELATIONSHIP('','',#52,#10) 
REPRESENTATION_RELATIONSHIP_WITH_TRANSFORMATION(#60) 
SHAPE_REPRESENTATION_RELATIONSHIP() );
#60 = ITEM_DEFINED_TRANSFORMATION('','',#11,#15);
#61 = PRODUCT_DEFINITION_SHAPE('Placement','Placement of an item',#62);
#62 = NEXT_ASSEMBLY_USAGE_OCCURRENCE('1','LCS_Origin','',#5,#47,$);
#63 = PRODUCT_RELATED_PRODUCT_CATEGORY('part',$,(#49));
#64 = SHAPE_DEFINITION_REPRESENTATION(#65,#71);
#65 = PRODUCT_DEFINITION_SHAPE('','',#66);
#66 = PRODUCT_DEFINITION('design','',#67,#70);
#67 = PRODUCT_DEFINITION_FORMATION('','',#68);
#68 = PRODUCT('ESP32','ESP32','',(#69));
#69 = PRODUCT_CONTEXT('',#2,'mechanical');
#70 = PRODUCT_DEFINITION_CONTEXT('part definition',#2,'design');
#71 = ADVANCED_BREP_SHAPE_REPRESENTATION('',(#11,#72),#1704);
#72 = MANIFOLD_SOLID_BREP('',#73);
#73 = CLOSED_SHELL('',(#74,#114,#145,#176,#198,#231,#264,#297,#330,#363,
    #396,#429,#462,#495,#528,#561,#594,#627,#660,#693,#726,#759,#792,
    #825,#858,#891,#924,#957,#990,#1023,#1056,#1089,#1122,#1155,#1188,
    #1221,#1254,#1287,#1320,#1353,#1386,#1419,#1452,#1578));
#74 = ADVANCED_FACE('',(#75),#109,.F.);
#75 = FACE_BOUND('',#76,.F.);
#76 = EDGE_LOOP('',(#77,#87,#95,#103));
#77 = ORIENTED_EDGE('',*,*,#78,.T.);
#78 = EDGE_CURVE('',#79,#81,#83,.T.);
#79 = VERTEX_POINT('',#80);
#80 = CARTESIAN_POINT('',(-13.6,-27.5,0.));
#81 = VERTEX_POINT('',#82);
#82 = CARTESIAN_POINT('',(-13.6,-27.5,1.6));
#83 = LINE('',#84,#85);
#84 = CARTESIAN_POINT('',(-13.6,-27.5,0.));
#85 = VECTOR('',#86,1.);
#86 = DIRECTION('',(0.,0.,1.));
#87 = ORIENTED_EDGE('',*,*,#88,.T.);
#88 = EDGE_CURVE('',#81,#89,#91,.T.);
#89 = VERTEX_POINT('',#90);
#90 = CARTESIAN_POINT('',(13.6,-27.5,1.6));
#91 = LINE('',#92,#93);
#92 = CARTESIAN_POINT('',(-13.6,-27.5,1.6));
#93 = VECTOR('',#94,1.);
#94 = DIRECTION('',(1.,0.,0.));
#95 = ORIENTED_EDGE('',*,*,#96,.F.);
#96 = EDGE_CURVE('',#97,#89,#99,.T.);
#97 = VERTEX_POINT('',#98);
#98 = CARTESIAN_POINT('',(13.6,-27.5,0.));
#99 = LINE('',#100,#101);
#100 = CARTESIAN_POINT('',(13.6,-27.5,0.));
#101 = VECTOR('',#102,1.);
#102 = DIRECTION('',(0.,0.,1.));
#103 = ORIENTED_EDGE('',*,*,#104,.F.);
#104 = EDGE_CURVE('',#79,#97,#105,.T.);
#105 = LINE('',#106,#107);
#106 = CARTESIAN_POINT('',(-13.6,-27.5,0.));
#107 = VECTOR('',#108,1.);
#108 = DIRECTION('',(1.,0.,0.));
#109 = PLANE('',#110);
#110 = AXIS2_PLACEMENT_3D('',#111,#112,#113);
#111 = CARTESIAN_POINT('',(-13.6,-27.5,0.));
#112 = DIRECTION('',(0.,1.,0.));
#113 = DIRECTION('',(1.,0.,0.));
#114 = ADVANCED_FACE('',(#115),#140,.F.);
#115 = FACE_BOUND('',#116,.F.);
#116 = EDGE_LOOP('',(#117,#118,#126,#134));
#117 = ORIENTED_EDGE('',*,*,#96,.T.);
#118 = ORIENTED_EDGE('',*,*,#119,.T.);
#119 = EDGE_CURVE('',#89,#120,#122,.T.);
#120 = VERTEX_POINT('',#121);
#121 = CARTESIAN_POINT('',(13.6,27.5,1.6));
#122 = LINE('',#123,#124);
#123 = CARTESIAN_POINT('',(13.6,-27.5,1.6));
#124 = VECTOR('',#125,1.);
#125 = DIRECTION('',(0.,1.,0.));
#126 = ORIENTED_EDGE('',*,*,#127,.F.);
#127 = EDGE_CURVE('',#128,#120,#130,.T.);
#128 = VERTEX_POINT('',#129);
#129 = CARTESIAN_POINT('',(13.6,27.5,0.));
#130 = LINE('',#131,#132);
#131 = CARTESIAN_POINT('',(13.6,27.5,0.));
#132 = VECTOR('',#133,1.);
#133 = DIRECTION('',(0.,0.,1.));
#134 = ORIENTED_EDGE('',*,*,#135,.F.);
#135 = EDGE_CURVE('',#97,#128,#136,.T.);
#136 = LINE('',#137,#138);
#137 = CARTESIAN_POINT('',(13.6,-27.5,0.));
#138 = VECTOR('',#139,1.);
#139 = DIRECTION('',(0.,1.,0.));
#140 = PLANE('',#141);
#141 = AXIS2_PLACEMENT_3D('',#142,#143,#144);
#142 = CARTESIAN_POINT('',(13.6,-27.5,0.));
#143 = DIRECTION('',(-1.,0.,0.));
#144 = DIRECTION('',(0.,1.,0.));
#145 = ADVANCED_FACE('',(#146),#171,.F.);
#146 = FACE_BOUND('',#147,.F.);
#147 = EDGE_LOOP('',(#148,#149,#157,#165));
#148 = ORIENTED_EDGE('',*,*,#127,.T.);
#149 = ORIENTED_EDGE('',*,*,#150,.T.);
#150 = EDGE_CURVE('',#120,#151,#153,.T.);
#151 = VERTEX_POINT('',#152);
#152 = CARTESIAN_POINT('',(-13.6,27.5,1.6));
#153 = LINE('',#154,#155);
#154 = CARTESIAN_POINT('',(13.6,27.5,1.6));
#155 = VECTOR('',#156,1.);
#156 = DIRECTION('',(-1.,0.,0.));
#157 = ORIENTED_EDGE('',*,*,#158,.F.);
#158 = EDGE_CURVE('',#159,#151,#161,.T.);
#159 = VERTEX_POINT('',#160);
#160 = CARTESIAN_POINT('',(-13.6,27.5,0.));
#161 = LINE('',#162,#163);
#162 = CARTESIAN_POINT('',(-13.6,27.5,0.));
#163 = VECTOR('',#164,1.);
#164 = DIRECTION('',(0.,0.,1.));
#165 = ORIENTED_EDGE('',*,*,#166,.F.);
#166 = EDGE_CURVE('',#128,#159,#167,.T.);
#167 = LINE('',#168,#169);
#168 = CARTESIAN_POINT('',(13.6,27.5,0.));
#169 = VECTOR('',#170,1.);
#170 = DIRECTION('',(-1.,0.,0.));
#171 = PLANE('',#172);
#172 = AXIS2_PLACEMENT_3D('',#173,#174,#175);
#173 = CARTESIAN_POINT('',(13.6,27.5,0.));
#174 = DIRECTION('',(0.,-1.,0.));
#175 = DIRECTION('',(-1.,0.,0.));
#176 = ADVANCED_FACE('',(#177),#193,.F.);
#177 = FACE_BOUND('',#178,.F.);
#178 = EDGE_LOOP('',(#179,#180,#186,#187));
#179 = ORIENTED_EDGE('',*,*,#158,.T.);
#180 = ORIENTED_EDGE('',*,*,#181,.T.);
#181 = EDGE_CURVE('',#151,#81,#182,.T.);
#182 = LINE('',#183,#184);
#183 = CARTESIAN_POINT('',(-13.6,27.5,1.6));
#184 = VECTOR('',#185,1.);
#185 = DIRECTION('',(0.,-1.,0.));
#186 = ORIENTED_EDGE('',*,*,#78,.F.);
#187 = ORIENTED_EDGE('',*,*,#188,.F.);
#188 = EDGE_CURVE('',#159,#79,#189,.T.);
#189 = LINE('',#190,#191);
#190 = CARTESIAN_POINT('',(-13.6,27.5,0.));
#191 = VECTOR('',#192,1.);
#192 = DIRECTION('',(0.,-1.,0.));
#193 = PLANE('',#194);
#194 = AXIS2_PLACEMENT_3D('',#195,#196,#197);
#195 = CARTESIAN_POINT('',(-13.6,27.5,0.));
#196 = DIRECTION('',(1.,0.,0.));
#197 = DIRECTION('',(0.,-1.,0.));
#198 = ADVANCED_FACE('',(#199),#226,.F.);
#199 = FACE_BOUND('',#200,.T.);
#200 = EDGE_LOOP('',(#201,#211,#218,#219));
#201 = ORIENTED_EDGE('',*,*,#202,.T.);
#202 = EDGE_CURVE('',#203,#205,#207,.T.);
#203 = VERTEX_POINT('',#204);
#204 = CARTESIAN_POINT('',(13.2,-21.42,0.));
#205 = VERTEX_POINT('',#206);
#206 = CARTESIAN_POINT('',(13.2,-21.42,1.6));
#207 = LINE('',#208,#209);
#208 = CARTESIAN_POINT('',(13.2,-21.42,0.));
#209 = VECTOR('',#210,1.);
#210 = DIRECTION('',(0.,0.,1.));
#211 = ORIENTED_EDGE('',*,*,#212,.T.);
#212 = EDGE_CURVE('',#205,#205,#213,.T.);
#213 = CIRCLE('',#214,0.5);
#214 = AXIS2_PLACEMENT_3D('',#215,#216,#217);
#215 = CARTESIAN_POINT('',(12.7,-21.42,1.6));
#216 = DIRECTION('',(0.,0.,1.));
#217 = DIRECTION('',(1.,0.,0.));
#218 = ORIENTED_EDGE('',*,*,#202,.F.);
#219 = ORIENTED_EDGE('',*,*,#220,.F.);
#220 = EDGE_CURVE('',#203,#203,#221,.T.);
#221 = CIRCLE('',#222,0.5);
#222 = AXIS2_PLACEMENT_3D('',#223,#224,#225);
#223 = CARTESIAN_POINT('',(12.7,-21.42,0.));
#224 = DIRECTION('',(0.,0.,1.));
#225 = DIRECTION('',(1.,0.,0.));
#226 = CYLINDRICAL_SURFACE('',#227,0.5);
#227 = AXIS2_PLACEMENT_3D('',#228,#229,#230);
#228 = CARTESIAN_POINT('',(12.7,-21.42,0.));
#229 = DIRECTION('',(-0.,-0.,-1.));
#230 = DIRECTION('',(1.,0.,0.));
#231 = ADVANCED_FACE('',(#232),#259,.F.);
#232 = FACE_BOUND('',#233,.T.);
#233 = EDGE_LOOP('',(#234,#244,#251,#252));
#234 = ORIENTED_EDGE('',*,*,#235,.T.);
#235 = EDGE_CURVE('',#236,#238,#240,.T.);
#236 = VERTEX_POINT('',#237);
#237 = CARTESIAN_POINT('',(13.2,-18.88,0.));
#238 = VERTEX_POINT('',#239);
#239 = CARTESIAN_POINT('',(13.2,-18.88,1.6));
#240 = LINE('',#241,#242);
#241 = CARTESIAN_POINT('',(13.2,-18.88,0.));
#242 = VECTOR('',#243,1.);
#243 = DIRECTION('',(0.,0.,1.));
#244 = ORIENTED_EDGE('',*,*,#245,.T.);
#245 = EDGE_CURVE('',#238,#238,#246,.T.);
#246 = CIRCLE('',#247,0.5);
#247 = AXIS2_PLACEMENT_3D('',#248,#249,#250);
#248 = CARTESIAN_POINT('',(12.7,-18.88,1.6));
#249 = DIRECTION('',(0.,0.,1.));
#250 = DIRECTION('',(1.,0.,0.));
#251 = ORIENTED_EDGE('',*,*,#235,.F.);
#252 = ORIENTED_EDGE('',*,*,#253,.F.);
#253 = EDGE_CURVE('',#236,#236,#254,.T.);
#254 = CIRCLE('',#255,0.5);
#255 = AXIS2_PLACEMENT_3D('',#256,#257,#258);
#256 = CARTESIAN_POINT('',(12.7,-18.88,0.));
#257 = DIRECTION('',(0.,0.,1.));
#258 = DIRECTION('',(1.,0.,0.));
#259 = CYLINDRICAL_SURFACE('',#260,0.5);
#260 = AXIS2_PLACEMENT_3D('',#261,#262,#263);
#261 = CARTESIAN_POINT('',(12.7,-18.88,0.));
#262 = DIRECTION('',(-0.,-0.,-1.));
#263 = DIRECTION('',(1.,0.,0.));
#264 = ADVANCED_FACE('',(#265),#292,.F.);
#265 = FACE_BOUND('',#266,.T.);
#266 = EDGE_LOOP('',(#267,#277,#284,#285));
#267 = ORIENTED_EDGE('',*,*,#268,.T.);
#268 = EDGE_CURVE('',#269,#271,#273,.T.);
#269 = VERTEX_POINT('',#270);
#270 = CARTESIAN_POINT('',(13.2,-16.34,0.));
#271 = VERTEX_POINT('',#272);
#272 = CARTESIAN_POINT('',(13.2,-16.34,1.6));
#273 = LINE('',#274,#275);
#274 = CARTESIAN_POINT('',(13.2,-16.34,0.));
#275 = VECTOR('',#276,1.);
#276 = DIRECTION('',(0.,0.,1.));
#277 = ORIENTED_EDGE('',*,*,#278,.T.);
#278 = EDGE_CURVE('',#271,#271,#279,.T.);
#279 = CIRCLE('',#280,0.5);
#280 = AXIS2_PLACEMENT_3D('',#281,#282,#283);
#281 = CARTESIAN_POINT('',(12.7,-16.34,1.6));
#282 = DIRECTION('',(0.,0.,1.));
#283 = DIRECTION('',(1.,0.,0.));
#284 = ORIENTED_EDGE('',*,*,#268,.F.);
#285 = ORIENTED_EDGE('',*,*,#286,.F.);
#286 = EDGE_CURVE('',#269,#269,#287,.T.);
#287 = CIRCLE('',#288,0.5);
#288 = AXIS2_PLACEMENT_3D('',#289,#290,#291);
#289 = CARTESIAN_POINT('',(12.7,-16.34,0.));
#290 = DIRECTION('',(0.,0.,1.));
#291 = DIRECTION('',(1.,0.,0.));
#292 = CYLINDRICAL_SURFACE('',#293,0.5);
#293 = AXIS2_PLACEMENT_3D('',#294,#295,#296);
#294 = CARTESIAN_POINT('',(12.7,-16.34,0.));
#295 = DIRECTION('',(-0.,-0.,-1.));
#296 = DIRECTION('',(1.,0.,0.));
#297 = ADVANCED_FACE('',(#298),#325,.F.);
#298 = FACE_BOUND('',#299,.T.);
#299 = EDGE_LOOP('',(#300,#310,#317,#318));
#300 = ORIENTED_EDGE('',*,*,#301,.T.);
#301 = EDGE_CURVE('',#302,#304,#306,.T.);
#302 = VERTEX_POINT('',#303);
#303 = CARTESIAN_POINT('',(13.2,-13.8,0.));
#304 = VERTEX_POINT('',#305);
#305 = CARTESIAN_POINT('',(13.2,-13.8,1.6));
#306 = LINE('',#307,#308);
#307 = CARTESIAN_POINT('',(13.2,-13.8,0.));
#308 = VECTOR('',#309,1.);
#309 = DIRECTION('',(0.,0.,1.));
#310 = ORIENTED_EDGE('',*,*,#311,.T.);
#311 = EDGE_CURVE('',#304,#304,#312,.T.);
#312 = CIRCLE('',#313,0.5);
#313 = AXIS2_PLACEMENT_3D('',#314,#315,#316);
#314 = CARTESIAN_POINT('',(12.7,-13.8,1.6));
#315 = DIRECTION('',(0.,0.,1.));
#316 = DIRECTION('',(1.,0.,0.));
#317 = ORIENTED_EDGE('',*,*,#301,.F.);
#318 = ORIENTED_EDGE('',*,*,#319,.F.);
#319 = EDGE_CURVE('',#302,#302,#320,.T.);
#320 = CIRCLE('',#321,0.5);
#321 = AXIS2_PLACEMENT_3D('',#322,#323,#324);
#322 = CARTESIAN_POINT('',(12.7,-13.8,0.));
#323 = DIRECTION('',(0.,0.,1.));
#324 = DIRECTION('',(1.,0.,0.));
#325 = CYLINDRICAL_SURFACE('',#326,0.5);
#326 = AXIS2_PLACEMENT_3D('',#327,#328,#329);
#327 = CARTESIAN_POINT('',(12.7,-13.8,0.));
#328 = DIRECTION('',(-0.,-0.,-1.));
#329 = DIRECTION('',(1.,0.,0.));
#330 = ADVANCED_FACE('',(#331),#358,.F.);
#331 = FACE_BOUND('',#332,.T.);
#332 = EDGE_LOOP('',(#333,#343,#350,#351));
#333 = ORIENTED_EDGE('',*,*,#334,.T.);
#334 = EDGE_CURVE('',#335,#337,#339,.T.);
#335 = VERTEX_POINT('',#336);
#336 = CARTESIAN_POINT('',(13.2,-11.26,0.));
#337 = VERTEX_POINT('',#338);
#338 = CARTESIAN_POINT('',(13.2,-11.26,1.6));
#339 = LINE('',#340,#341);
#340 = CARTESIAN_POINT('',(13.2,-11.26,0.));
#341 = VECTOR('',#342,1.);
#342 = DIRECTION('',(0.,0.,1.));
#343 = ORIENTED_EDGE('',*,*,#344,.T.);
#344 = EDGE_CURVE('',#337,#337,#345,.T.);
#345 = CIRCLE('',#346,0.5);
#346 = AXIS2_PLACEMENT_3D('',#347,#348,#349);
#347 = CARTESIAN_POINT('',(12.7,-11.26,1.6));
#348 = DIRECTION('',(0.,0.,1.));
#349 = DIRECTION('',(1.,0.,0.));
#350 = ORIENTED_EDGE('',*,*,#334,.F.);
#351 = ORIENTED_EDGE('',*,*,#352,.F.);
#352 = EDGE_CURVE('',#335,#335,#353,.T.);
#353 = CIRCLE('',#354,0.5);
#354 = AXIS2_PLACEMENT_3D('',#355,#356,#357);
#355 = CARTESIAN_POINT('',(12.7,-11.26,0.));
#356 = DIRECTION('',(0.,0.,1.));
#357 = DIRECTION('',(1.,0.,0.));
#358 = CYLINDRICAL_SURFACE('',#359,0.5);
#359 = AXIS2_PLACEMENT_3D('',#360,#361,#362);
#360 = CARTESIAN_POINT('',(12.7,-11.26,0.));
#361 = DIRECTION('',(-0.,-0.,-1.));
#362 = DIRECTION('',(1.,0.,0.));
#363 = ADVANCED_FACE('',(#364),#391,.F.);
#364 = FACE_BOUND('',#365,.T.);
#365 = EDGE_LOOP('',(#366,#376,#383,#384));
#366 = ORIENTED_EDGE('',*,*,#367,.T.);
#367 = EDGE_CURVE('',#368,#370,#372,.T.);
#368 = VERTEX_POINT('',#369);
#369 = CARTESIAN_POINT('',(13.2,-8.72,0.));
#370 = VERTEX_POINT('',#371);
#371 = CARTESIAN_POINT('',(13.2,-8.72,1.6));
#372 = LINE('',#373,#374);
#373 = CARTESIAN_POINT('',(13.2,-8.72,0.));
#374 = VECTOR('',#375,1.);
#375 = DIRECTION('',(0.,0.,1.));
#376 = ORIENTED_EDGE('',*,*,#377,.T.);
#377 = EDGE_CURVE('',#370,#370,#378,.T.);
#378 = CIRCLE('',#379,0.5);
#379 = AXIS2_PLACEMENT_3D('',#380,#381,#382);
#380 = CARTESIAN_POINT('',(12.7,-8.72,1.6));
#381 = DIRECTION('',(0.,0.,1.));
#382 = DIRECTION('',(1.,0.,0.));
#383 = ORIENTED_EDGE('',*,*,#367,.F.);
#384 = ORIENTED_EDGE('',*,*,#385,.F.);
#385 = EDGE_CURVE('',#368,#368,#386,.T.);
#386 = CIRCLE('',#387,0.5);
#387 = AXIS2_PLACEMENT_3D('',#388,#389,#390);
#388 = CARTESIAN_POINT('',(12.7,-8.72,0.));
#389 = DIRECTION('',(0.,0.,1.));
#390 = DIRECTION('',(1.,0.,0.));
#391 = CYLINDRICAL_SURFACE('',#392,0.5);
#392 = AXIS2_PLACEMENT_3D('',#393,#394,#395);
#393 = CARTESIAN_POINT('',(12.7,-8.72,0.));
#394 = DIRECTION('',(-0.,-0.,-1.));
#395 = DIRECTION('',(1.,0.,0.));
#396 = ADVANCED_FACE('',(#397),#424,.F.);
#397 = FACE_BOUND('',#398,.T.);
#398 = EDGE_LOOP('',(#399,#409,#416,#417));
#399 = ORIENTED_EDGE('',*,*,#400,.T.);
#400 = EDGE_CURVE('',#401,#403,#405,.T.);
#401 = VERTEX_POINT('',#402);
#402 = CARTESIAN_POINT('',(13.2,-6.18,0.));
#403 = VERTEX_POINT('',#404);
#404 = CARTESIAN_POINT('',(13.2,-6.18,1.6));
#405 = LINE('',#406,#407);
#406 = CARTESIAN_POINT('',(13.2,-6.18,0.));
#407 = VECTOR('',#408,1.);
#408 = DIRECTION('',(0.,0.,1.));
#409 = ORIENTED_EDGE('',*,*,#410,.T.);
#410 = EDGE_CURVE('',#403,#403,#411,.T.);
#411 = CIRCLE('',#412,0.5);
#412 = AXIS2_PLACEMENT_3D('',#413,#414,#415);
#413 = CARTESIAN_POINT('',(12.7,-6.18,1.6));
#414 = DIRECTION('',(0.,0.,1.));
#415 = DIRECTION('',(1.,0.,0.));
#416 = ORIENTED_EDGE('',*,*,#400,.F.);
#417 = ORIENTED_EDGE('',*,*,#418,.F.);
#418 = EDGE_CURVE('',#401,#401,#419,.T.);
#419 = CIRCLE('',#420,0.5);
#420 = AXIS2_PLACEMENT_3D('',#421,#422,#423);
#421 = CARTESIAN_POINT('',(12.7,-6.18,0.));
#422 = DIRECTION('',(0.,0.,1.));
#423 = DIRECTION('',(1.,0.,0.));
#424 = CYLINDRICAL_SURFACE('',#425,0.5);
#425 = AXIS2_PLACEMENT_3D('',#426,#427,#428);
#426 = CARTESIAN_POINT('',(12.7,-6.18,0.));
#427 = DIRECTION('',(-0.,-0.,-1.));
#428 = DIRECTION('',(1.,0.,0.));
#429 = ADVANCED_FACE('',(#430),#457,.F.);
#430 = FACE_BOUND('',#431,.T.);
#431 = EDGE_LOOP('',(#432,#442,#449,#450));
#432 = ORIENTED_EDGE('',*,*,#433,.T.);
#433 = EDGE_CURVE('',#434,#436,#438,.T.);
#434 = VERTEX_POINT('',#435);
#435 = CARTESIAN_POINT('',(13.2,-3.64,0.));
#436 = VERTEX_POINT('',#437);
#437 = CARTESIAN_POINT('',(13.2,-3.64,1.6));
#438 = LINE('',#439,#440);
#439 = CARTESIAN_POINT('',(13.2,-3.64,0.));
#440 = VECTOR('',#441,1.);
#441 = DIRECTION('',(0.,0.,1.));
#442 = ORIENTED_EDGE('',*,*,#443,.T.);
#443 = EDGE_CURVE('',#436,#436,#444,.T.);
#444 = CIRCLE('',#445,0.5);
#445 = AXIS2_PLACEMENT_3D('',#446,#447,#448);
#446 = CARTESIAN_POINT('',(12.7,-3.64,1.6));
#447 = DIRECTION('',(0.,0.,1.));
#448 = DIRECTION('',(1.,0.,0.));
#449 = ORIENTED_EDGE('',*,*,#433,.F.);
#450 = ORIENTED_EDGE('',*,*,#451,.F.);
#451 = EDGE_CURVE('',#434,#434,#452,.T.);
#452 = CIRCLE('',#453,0.5);
#453 = AXIS2_PLACEMENT_3D('',#454,#455,#456);
#454 = CARTESIAN_POINT('',(12.7,-3.64,0.));
#455 = DIRECTION('',(0.,0.,1.));
#456 = DIRECTION('',(1.,0.,0.));
#457 = CYLINDRICAL_SURFACE('',#458,0.5);
#458 = AXIS2_PLACEMENT_3D('',#459,#460,#461);
#459 = CARTESIAN_POINT('',(12.7,-3.64,0.));
#460 = DIRECTION('',(-0.,-0.,-1.));
#461 = DIRECTION('',(1.,0.,0.));
#462 = ADVANCED_FACE('',(#463),#490,.F.);
#463 = FACE_BOUND('',#464,.T.);
#464 = EDGE_LOOP('',(#465,#475,#482,#483));
#465 = ORIENTED_EDGE('',*,*,#466,.T.);
#466 = EDGE_CURVE('',#467,#469,#471,.T.);
#467 = VERTEX_POINT('',#468);
#468 = CARTESIAN_POINT('',(13.2,-1.1,0.));
#469 = VERTEX_POINT('',#470);
#470 = CARTESIAN_POINT('',(13.2,-1.1,1.6));
#471 = LINE('',#472,#473);
#472 = CARTESIAN_POINT('',(13.2,-1.1,0.));
#473 = VECTOR('',#474,1.);
#474 = DIRECTION('',(0.,0.,1.));
#475 = ORIENTED_EDGE('',*,*,#476,.T.);
#476 = EDGE_CURVE('',#469,#469,#477,.T.);
#477 = CIRCLE('',#478,0.5);
#478 = AXIS2_PLACEMENT_3D('',#479,#480,#481);
#479 = CARTESIAN_POINT('',(12.7,-1.1,1.6));
#480 = DIRECTION('',(0.,0.,1.));
#481 = DIRECTION('',(1.,0.,0.));
#482 = ORIENTED_EDGE('',*,*,#466,.F.);
#483 = ORIENTED_EDGE('',*,*,#484,.F.);
#484 = EDGE_CURVE('',#467,#467,#485,.T.);
#485 = CIRCLE('',#486,0.5);
#486 = AXIS2_PLACEMENT_3D('',#487,#488,#489);
#487 = CARTESIAN_POINT('',(12.7,-1.1,0.));
#488 = DIRECTION('',(0.,0.,1.));
#489 = DIRECTION('',(1.,0.,0.));
#490 = CYLINDRICAL_SURFACE('',#491,0.5);
#491 = AXIS2_PLACEMENT_3D('',#492,#493,#494);
#492 = CARTESIAN_POINT('',(12.7,-1.1,0.));
#493 = DIRECTION('',(-0.,-0.,-1.));
#494 = DIRECTION('',(1.,0.,0.));
#495 = ADVANCED_FACE('',(#496),#523,.F.);
#496 = FACE_BOUND('',#497,.T.);
#497 = EDGE_LOOP('',(#498,#508,#515,#516));
#498 = ORIENTED_EDGE('',*,*,#499,.T.);
#499 = EDGE_CURVE('',#500,#502,#504,.T.);
#500 = VERTEX_POINT('',#501);
#501 = CARTESIAN_POINT('',(13.2,3.98,0.));
#502 = VERTEX_POINT('',#503);
#503 = CARTESIAN_POINT('',(13.2,3.98,1.6));
#504 = LINE('',#505,#506);
#505 = CARTESIAN_POINT('',(13.2,3.98,0.));
#506 = VECTOR('',#507,1.);
#507 = DIRECTION('',(0.,0.,1.));
#508 = ORIENTED_EDGE('',*,*,#509,.T.);
#509 = EDGE_CURVE('',#502,#502,#510,.T.);
#510 = CIRCLE('',#511,0.5);
#511 = AXIS2_PLACEMENT_3D('',#512,#513,#514);
#512 = CARTESIAN_POINT('',(12.7,3.98,1.6));
#513 = DIRECTION('',(0.,0.,1.));
#514 = DIRECTION('',(1.,0.,0.));
#515 = ORIENTED_EDGE('',*,*,#499,.F.);
#516 = ORIENTED_EDGE('',*,*,#517,.F.);
#517 = EDGE_CURVE('',#500,#500,#518,.T.);
#518 = CIRCLE('',#519,0.5);
#519 = AXIS2_PLACEMENT_3D('',#520,#521,#522);
#520 = CARTESIAN_POINT('',(12.7,3.98,0.));
#521 = DIRECTION('',(0.,0.,1.));
#522 = DIRECTION('',(1.,0.,0.));
#523 = CYLINDRICAL_SURFACE('',#524,0.5);
#524 = AXIS2_PLACEMENT_3D('',#525,#526,#527);
#525 = CARTESIAN_POINT('',(12.7,3.98,0.));
#526 = DIRECTION('',(-0.,-0.,-1.));
#527 = DIRECTION('',(1.,0.,0.));
#528 = ADVANCED_FACE('',(#529),#556,.F.);
#529 = FACE_BOUND('',#530,.T.);
#530 = EDGE_LOOP('',(#531,#541,#548,#549));
#531 = ORIENTED_EDGE('',*,*,#532,.T.);
#532 = EDGE_CURVE('',#533,#535,#537,.T.);
#533 = VERTEX_POINT('',#534);
#534 = CARTESIAN_POINT('',(13.2,6.52,0.));
#535 = VERTEX_POINT('',#536);
#536 = CARTESIAN_POINT('',(13.2,6.52,1.6));
#537 = LINE('',#538,#539);
#538 = CARTESIAN_POINT('',(13.2,6.52,0.));
#539 = VECTOR('',#540,1.);
#540 = DIRECTION('',(0.,0.,1.));
#541 = ORIENTED_EDGE('',*,*,#542,.T.);
#542 = EDGE_CURVE('',#535,#535,#543,.T.);
#543 = CIRCLE('',#544,0.5);
#544 = AXIS2_PLACEMENT_3D('',#545,#546,#547);
#545 = CARTESIAN_POINT('',(12.7,6.52,1.6));
#546 = DIRECTION('',(0.,0.,1.));
#547 = DIRECTION('',(1.,0.,0.));
#548 = ORIENTED_EDGE('',*,*,#532,.F.);
#549 = ORIENTED_EDGE('',*,*,#550,.F.);
#550 = EDGE_CURVE('',#533,#533,#551,.T.);
#551 = CIRCLE('',#552,0.5);
#552 = AXIS2_PLACEMENT_3D('',#553,#554,#555);
#553 = CARTESIAN_POINT('',(12.7,6.52,0.));
#554 = DIRECTION('',(0.,0.,1.));
#555 = DIRECTION('',(1.,0.,0.));
#556 = CYLINDRICAL_SURFACE('',#557,0.5);
#557 = AXIS2_PLACEMENT_3D('',#558,#559,#560);
#558 = CARTESIAN_POINT('',(12.7,6.52,0.));
#559 = DIRECTION('',(-0.,-0.,-1.));
#560 = DIRECTION('',(1.,0.,0.));
#561 = ADVANCED_FACE('',(#562),#589,.F.);
#562 = FACE_BOUND('',#563,.T.);
#563 = EDGE_LOOP('',(#564,#574,#581,#582));
#564 = ORIENTED_EDGE('',*,*,#565,.T.);
#565 = EDGE_CURVE('',#566,#568,#570,.T.);
#566 = VERTEX_POINT('',#567);
#567 = CARTESIAN_POINT('',(13.2,9.06,0.));
#568 = VERTEX_POINT('',#569);
#569 = CARTESIAN_POINT('',(13.2,9.06,1.6));
#570 = LINE('',#571,#572);
#571 = CARTESIAN_POINT('',(13.2,9.06,0.));
#572 = VECTOR('',#573,1.);
#573 = DIRECTION('',(0.,0.,1.));
#574 = ORIENTED_EDGE('',*,*,#575,.T.);
#575 = EDGE_CURVE('',#568,#568,#576,.T.);
#576 = CIRCLE('',#577,0.5);
#577 = AXIS2_PLACEMENT_3D('',#578,#579,#580);
#578 = CARTESIAN_POINT('',(12.7,9.06,1.6));
#579 = DIRECTION('',(0.,0.,1.));
#580 = DIRECTION('',(1.,0.,0.));
#581 = ORIENTED_EDGE('',*,*,#565,.F.);
#582 = ORIENTED_EDGE('',*,*,#583,.F.);
#583 = EDGE_CURVE('',#566,#566,#584,.T.);
#584 = CIRCLE('',#585,0.5);
#585 = AXIS2_PLACEMENT_3D('',#586,#587,#588);
#586 = CARTESIAN_POINT('',(12.7,9.06,0.));
#587 = DIRECTION('',(0.,0.,1.));
#588 = DIRECTION('',(1.,0.,0.));
#589 = CYLINDRICAL_SURFACE('',#590,0.5);
#590 = AXIS2_PLACEMENT_3D('',#591,#592,#593);
#591 = CARTESIAN_POINT('',(12.7,9.06,0.));
#592 = DIRECTION('',(-0.,-0.,-1.));
#593 = DIRECTION('',(1.,0.,0.));
#594 = ADVANCED_FACE('',(#595),#622,.F.);
#595 = FACE_BOUND('',#596,.T.);
#596 = EDGE_LOOP('',(#597,#607,#614,#615));
#597 = ORIENTED_EDGE('',*,*,#598,.T.);
#598 = EDGE_CURVE('',#599,#601,#603,.T.);
#599 = VERTEX_POINT('',#600);
#600 = CARTESIAN_POINT('',(13.2,1.44,0.));
#601 = VERTEX_POINT('',#602);
#602 = CARTESIAN_POINT('',(13.2,1.44,1.6));
#603 = LINE('',#604,#605);
#604 = CARTESIAN_POINT('',(13.2,1.44,0.));
#605 = VECTOR('',#606,1.);
#606 = DIRECTION('',(0.,0.,1.));
#607 = ORIENTED_EDGE('',*,*,#608,.T.);
#608 = EDGE_CURVE('',#601,#601,#609,.T.);
#609 = CIRCLE('',#610,0.5);
#610 = AXIS2_PLACEMENT_3D('',#611,#612,#613);
#611 = CARTESIAN_POINT('',(12.7,1.44,1.6));
#612 = DIRECTION('',(0.,0.,1.));
#613 = DIRECTION('',(1.,0.,0.));
#614 = ORIENTED_EDGE('',*,*,#598,.F.);
#615 = ORIENTED_EDGE('',*,*,#616,.F.);
#616 = EDGE_CURVE('',#599,#599,#617,.T.);
#617 = CIRCLE('',#618,0.5);
#618 = AXIS2_PLACEMENT_3D('',#619,#620,#621);
#619 = CARTESIAN_POINT('',(12.7,1.44,0.));
#620 = DIRECTION('',(0.,0.,1.));
#621 = DIRECTION('',(1.,0.,0.));
#622 = CYLINDRICAL_SURFACE('',#623,0.5);
#623 = AXIS2_PLACEMENT_3D('',#624,#625,#626);
#624 = CARTESIAN_POINT('',(12.7,1.44,0.));
#625 = DIRECTION('',(-0.,-0.,-1.));
#626 = DIRECTION('',(1.,0.,0.));
#627 = ADVANCED_FACE('',(#628),#655,.F.);
#628 = FACE_BOUND('',#629,.T.);
#629 = EDGE_LOOP('',(#630,#640,#647,#648));
#630 = ORIENTED_EDGE('',*,*,#631,.T.);
#631 = EDGE_CURVE('',#632,#634,#636,.T.);
#632 = VERTEX_POINT('',#633);
#633 = CARTESIAN_POINT('',(13.2,21.76,0.));
#634 = VERTEX_POINT('',#635);
#635 = CARTESIAN_POINT('',(13.2,21.76,1.6));
#636 = LINE('',#637,#638);
#637 = CARTESIAN_POINT('',(13.2,21.76,0.));
#638 = VECTOR('',#639,1.);
#639 = DIRECTION('',(0.,0.,1.));
#640 = ORIENTED_EDGE('',*,*,#641,.T.);
#641 = EDGE_CURVE('',#634,#634,#642,.T.);
#642 = CIRCLE('',#643,0.5);
#643 = AXIS2_PLACEMENT_3D('',#644,#645,#646);
#644 = CARTESIAN_POINT('',(12.7,21.76,1.6));
#645 = DIRECTION('',(0.,0.,1.));
#646 = DIRECTION('',(1.,0.,0.));
#647 = ORIENTED_EDGE('',*,*,#631,.F.);
#648 = ORIENTED_EDGE('',*,*,#649,.F.);
#649 = EDGE_CURVE('',#632,#632,#650,.T.);
#650 = CIRCLE('',#651,0.5);
#651 = AXIS2_PLACEMENT_3D('',#652,#653,#654);
#652 = CARTESIAN_POINT('',(12.7,21.76,0.));
#653 = DIRECTION('',(0.,0.,1.));
#654 = DIRECTION('',(1.,0.,0.));
#655 = CYLINDRICAL_SURFACE('',#656,0.5);
#656 = AXIS2_PLACEMENT_3D('',#657,#658,#659);
#657 = CARTESIAN_POINT('',(12.7,21.76,0.));
#658 = DIRECTION('',(-0.,-0.,-1.));
#659 = DIRECTION('',(1.,0.,0.));
#660 = ADVANCED_FACE('',(#661),#688,.F.);
#661 = FACE_BOUND('',#662,.T.);
#662 = EDGE_LOOP('',(#663,#673,#680,#681));
#663 = ORIENTED_EDGE('',*,*,#664,.T.);
#664 = EDGE_CURVE('',#665,#667,#669,.T.);
#665 = VERTEX_POINT('',#666);
#666 = CARTESIAN_POINT('',(13.2,11.6,0.));
#667 = VERTEX_POINT('',#668);
#668 = CARTESIAN_POINT('',(13.2,11.6,1.6));
#669 = LINE('',#670,#671);
#670 = CARTESIAN_POINT('',(13.2,11.6,0.));
#671 = VECTOR('',#672,1.);
#672 = DIRECTION('',(0.,0.,1.));
#673 = ORIENTED_EDGE('',*,*,#674,.T.);
#674 = EDGE_CURVE('',#667,#667,#675,.T.);
#675 = CIRCLE('',#676,0.5);
#676 = AXIS2_PLACEMENT_3D('',#677,#678,#679);
#677 = CARTESIAN_POINT('',(12.7,11.6,1.6));
#678 = DIRECTION('',(0.,0.,1.));
#679 = DIRECTION('',(1.,0.,0.));
#680 = ORIENTED_EDGE('',*,*,#664,.F.);
#681 = ORIENTED_EDGE('',*,*,#682,.F.);
#682 = EDGE_CURVE('',#665,#665,#683,.T.);
#683 = CIRCLE('',#684,0.5);
#684 = AXIS2_PLACEMENT_3D('',#685,#686,#687);
#685 = CARTESIAN_POINT('',(12.7,11.6,0.));
#686 = DIRECTION('',(0.,0.,1.));
#687 = DIRECTION('',(1.,0.,0.));
#688 = CYLINDRICAL_SURFACE('',#689,0.5);
#689 = AXIS2_PLACEMENT_3D('',#690,#691,#692);
#690 = CARTESIAN_POINT('',(12.7,11.6,0.));
#691 = DIRECTION('',(-0.,-0.,-1.));
#692 = DIRECTION('',(1.,0.,0.));
#693 = ADVANCED_FACE('',(#694),#721,.F.);
#694 = FACE_BOUND('',#695,.T.);
#695 = EDGE_LOOP('',(#696,#706,#713,#714));
#696 = ORIENTED_EDGE('',*,*,#697,.T.);
#697 = EDGE_CURVE('',#698,#700,#702,.T.);
#698 = VERTEX_POINT('',#699);
#699 = CARTESIAN_POINT('',(13.2,14.14,0.));
#700 = VERTEX_POINT('',#701);
#701 = CARTESIAN_POINT('',(13.2,14.14,1.6));
#702 = LINE('',#703,#704);
#703 = CARTESIAN_POINT('',(13.2,14.14,0.));
#704 = VECTOR('',#705,1.);
#705 = DIRECTION('',(0.,0.,1.));
#706 = ORIENTED_EDGE('',*,*,#707,.T.);
#707 = EDGE_CURVE('',#700,#700,#708,.T.);
#708 = CIRCLE('',#709,0.5);
#709 = AXIS2_PLACEMENT_3D('',#710,#711,#712);
#710 = CARTESIAN_POINT('',(12.7,14.14,1.6));
#711 = DIRECTION('',(0.,0.,1.));
#712 = DIRECTION('',(1.,0.,0.));
#713 = ORIENTED_EDGE('',*,*,#697,.F.);
#714 = ORIENTED_EDGE('',*,*,#715,.F.);
#715 = EDGE_CURVE('',#698,#698,#716,.T.);
#716 = CIRCLE('',#717,0.5);
#717 = AXIS2_PLACEMENT_3D('',#718,#719,#720);
#718 = CARTESIAN_POINT('',(12.7,14.14,0.));
#719 = DIRECTION('',(0.,0.,1.));
#720 = DIRECTION('',(1.,0.,0.));
#721 = CYLINDRICAL_SURFACE('',#722,0.5);
#722 = AXIS2_PLACEMENT_3D('',#723,#724,#725);
#723 = CARTESIAN_POINT('',(12.7,14.14,0.));
#724 = DIRECTION('',(-0.,-0.,-1.));
#725 = DIRECTION('',(1.,0.,0.));
#726 = ADVANCED_FACE('',(#727),#754,.F.);
#727 = FACE_BOUND('',#728,.T.);
#728 = EDGE_LOOP('',(#729,#739,#746,#747));
#729 = ORIENTED_EDGE('',*,*,#730,.T.);
#730 = EDGE_CURVE('',#731,#733,#735,.T.);
#731 = VERTEX_POINT('',#732);
#732 = CARTESIAN_POINT('',(13.2,16.68,0.));
#733 = VERTEX_POINT('',#734);
#734 = CARTESIAN_POINT('',(13.2,16.68,1.6));
#735 = LINE('',#736,#737);
#736 = CARTESIAN_POINT('',(13.2,16.68,0.));
#737 = VECTOR('',#738,1.);
#738 = DIRECTION('',(0.,0.,1.));
#739 = ORIENTED_EDGE('',*,*,#740,.T.);
#740 = EDGE_CURVE('',#733,#733,#741,.T.);
#741 = CIRCLE('',#742,0.5);
#742 = AXIS2_PLACEMENT_3D('',#743,#744,#745);
#743 = CARTESIAN_POINT('',(12.7,16.68,1.6));
#744 = DIRECTION('',(0.,0.,1.));
#745 = DIRECTION('',(1.,0.,0.));
#746 = ORIENTED_EDGE('',*,*,#730,.F.);
#747 = ORIENTED_EDGE('',*,*,#748,.F.);
#748 = EDGE_CURVE('',#731,#731,#749,.T.);
#749 = CIRCLE('',#750,0.5);
#750 = AXIS2_PLACEMENT_3D('',#751,#752,#753);
#751 = CARTESIAN_POINT('',(12.7,16.68,0.));
#752 = DIRECTION('',(0.,0.,1.));
#753 = DIRECTION('',(1.,0.,0.));
#754 = CYLINDRICAL_SURFACE('',#755,0.5);
#755 = AXIS2_PLACEMENT_3D('',#756,#757,#758);
#756 = CARTESIAN_POINT('',(12.7,16.68,0.));
#757 = DIRECTION('',(-0.,-0.,-1.));
#758 = DIRECTION('',(1.,0.,0.));
#759 = ADVANCED_FACE('',(#760),#787,.F.);
#760 = FACE_BOUND('',#761,.T.);
#761 = EDGE_LOOP('',(#762,#772,#779,#780));
#762 = ORIENTED_EDGE('',*,*,#763,.T.);
#763 = EDGE_CURVE('',#764,#766,#768,.T.);
#764 = VERTEX_POINT('',#765);
#765 = CARTESIAN_POINT('',(13.2,19.22,0.));
#766 = VERTEX_POINT('',#767);
#767 = CARTESIAN_POINT('',(13.2,19.22,1.6));
#768 = LINE('',#769,#770);
#769 = CARTESIAN_POINT('',(13.2,19.22,0.));
#770 = VECTOR('',#771,1.);
#771 = DIRECTION('',(0.,0.,1.));
#772 = ORIENTED_EDGE('',*,*,#773,.T.);
#773 = EDGE_CURVE('',#766,#766,#774,.T.);
#774 = CIRCLE('',#775,0.5);
#775 = AXIS2_PLACEMENT_3D('',#776,#777,#778);
#776 = CARTESIAN_POINT('',(12.7,19.22,1.6));
#777 = DIRECTION('',(0.,0.,1.));
#778 = DIRECTION('',(1.,0.,0.));
#779 = ORIENTED_EDGE('',*,*,#763,.F.);
#780 = ORIENTED_EDGE('',*,*,#781,.F.);
#781 = EDGE_CURVE('',#764,#764,#782,.T.);
#782 = CIRCLE('',#783,0.5);
#783 = AXIS2_PLACEMENT_3D('',#784,#785,#786);
#784 = CARTESIAN_POINT('',(12.7,19.22,0.));
#785 = DIRECTION('',(0.,0.,1.));
#786 = DIRECTION('',(1.,0.,0.));
#787 = CYLINDRICAL_SURFACE('',#788,0.5);
#788 = AXIS2_PLACEMENT_3D('',#789,#790,#791);
#789 = CARTESIAN_POINT('',(12.7,19.22,0.));
#790 = DIRECTION('',(-0.,-0.,-1.));
#791 = DIRECTION('',(1.,0.,0.));
#792 = ADVANCED_FACE('',(#793),#820,.F.);
#793 = FACE_BOUND('',#794,.T.);
#794 = EDGE_LOOP('',(#795,#805,#812,#813));
#795 = ORIENTED_EDGE('',*,*,#796,.T.);
#796 = EDGE_CURVE('',#797,#799,#801,.T.);
#797 = VERTEX_POINT('',#798);
#798 = CARTESIAN_POINT('',(13.2,24.3,0.));
#799 = VERTEX_POINT('',#800);
#800 = CARTESIAN_POINT('',(13.2,24.3,1.6));
#801 = LINE('',#802,#803);
#802 = CARTESIAN_POINT('',(13.2,24.3,0.));
#803 = VECTOR('',#804,1.);
#804 = DIRECTION('',(0.,0.,1.));
#805 = ORIENTED_EDGE('',*,*,#806,.T.);
#806 = EDGE_CURVE('',#799,#799,#807,.T.);
#807 = CIRCLE('',#808,0.5);
#808 = AXIS2_PLACEMENT_3D('',#809,#810,#811);
#809 = CARTESIAN_POINT('',(12.7,24.3,1.6));
#810 = DIRECTION('',(0.,0.,1.));
#811 = DIRECTION('',(1.,0.,0.));
#812 = ORIENTED_EDGE('',*,*,#796,.F.);
#813 = ORIENTED_EDGE('',*,*,#814,.F.);
#814 = EDGE_CURVE('',#797,#797,#815,.T.);
#815 = CIRCLE('',#816,0.5);
#816 = AXIS2_PLACEMENT_3D('',#817,#818,#819);
#817 = CARTESIAN_POINT('',(12.7,24.3,0.));
#818 = DIRECTION('',(0.,0.,1.));
#819 = DIRECTION('',(1.,0.,0.));
#820 = CYLINDRICAL_SURFACE('',#821,0.5);
#821 = AXIS2_PLACEMENT_3D('',#822,#823,#824);
#822 = CARTESIAN_POINT('',(12.7,24.3,0.));
#823 = DIRECTION('',(-0.,-0.,-1.));
#824 = DIRECTION('',(1.,0.,0.));
#825 = ADVANCED_FACE('',(#826),#853,.F.);
#826 = FACE_BOUND('',#827,.T.);
#827 = EDGE_LOOP('',(#828,#838,#845,#846));
#828 = ORIENTED_EDGE('',*,*,#829,.T.);
#829 = EDGE_CURVE('',#830,#832,#834,.T.);
#830 = VERTEX_POINT('',#831);
#831 = CARTESIAN_POINT('',(-12.2,-21.42,0.));
#832 = VERTEX_POINT('',#833);
#833 = CARTESIAN_POINT('',(-12.2,-21.42,1.6));
#834 = LINE('',#835,#836);
#835 = CARTESIAN_POINT('',(-12.2,-21.42,0.));
#836 = VECTOR('',#837,1.);
#837 = DIRECTION('',(0.,0.,1.));
#838 = ORIENTED_EDGE('',*,*,#839,.T.);
#839 = EDGE_CURVE('',#832,#832,#840,.T.);
#840 = CIRCLE('',#841,0.5);
#841 = AXIS2_PLACEMENT_3D('',#842,#843,#844);
#842 = CARTESIAN_POINT('',(-12.7,-21.42,1.6));
#843 = DIRECTION('',(0.,0.,1.));
#844 = DIRECTION('',(1.,0.,0.));
#845 = ORIENTED_EDGE('',*,*,#829,.F.);
#846 = ORIENTED_EDGE('',*,*,#847,.F.);
#847 = EDGE_CURVE('',#830,#830,#848,.T.);
#848 = CIRCLE('',#849,0.5);
#849 = AXIS2_PLACEMENT_3D('',#850,#851,#852);
#850 = CARTESIAN_POINT('',(-12.7,-21.42,0.));
#851 = DIRECTION('',(0.,0.,1.));
#852 = DIRECTION('',(1.,0.,0.));
#853 = CYLINDRICAL_SURFACE('',#854,0.5);
#854 = AXIS2_PLACEMENT_3D('',#855,#856,#857);
#855 = CARTESIAN_POINT('',(-12.7,-21.42,0.));
#856 = DIRECTION('',(-0.,-0.,-1.));
#857 = DIRECTION('',(1.,0.,0.));
#858 = ADVANCED_FACE('',(#859),#886,.F.);
#859 = FACE_BOUND('',#860,.T.);
#860 = EDGE_LOOP('',(#861,#871,#878,#879));
#861 = ORIENTED_EDGE('',*,*,#862,.T.);
#862 = EDGE_CURVE('',#863,#865,#867,.T.);
#863 = VERTEX_POINT('',#864);
#864 = CARTESIAN_POINT('',(-12.2,-18.88,0.));
#865 = VERTEX_POINT('',#866);
#866 = CARTESIAN_POINT('',(-12.2,-18.88,1.6));
#867 = LINE('',#868,#869);
#868 = CARTESIAN_POINT('',(-12.2,-18.88,0.));
#869 = VECTOR('',#870,1.);
#870 = DIRECTION('',(0.,0.,1.));
#871 = ORIENTED_EDGE('',*,*,#872,.T.);
#872 = EDGE_CURVE('',#865,#865,#873,.T.);
#873 = CIRCLE('',#874,0.5);
#874 = AXIS2_PLACEMENT_3D('',#875,#876,#877);
#875 = CARTESIAN_POINT('',(-12.7,-18.88,1.6));
#876 = DIRECTION('',(0.,0.,1.));
#877 = DIRECTION('',(1.,0.,0.));
#878 = ORIENTED_EDGE('',*,*,#862,.F.);
#879 = ORIENTED_EDGE('',*,*,#880,.F.);
#880 = EDGE_CURVE('',#863,#863,#881,.T.);
#881 = CIRCLE('',#882,0.5);
#882 = AXIS2_PLACEMENT_3D('',#883,#884,#885);
#883 = CARTESIAN_POINT('',(-12.7,-18.88,0.));
#884 = DIRECTION('',(0.,0.,1.));
#885 = DIRECTION('',(1.,0.,0.));
#886 = CYLINDRICAL_SURFACE('',#887,0.5);
#887 = AXIS2_PLACEMENT_3D('',#888,#889,#890);
#888 = CARTESIAN_POINT('',(-12.7,-18.88,0.));
#889 = DIRECTION('',(-0.,-0.,-1.));
#890 = DIRECTION('',(1.,0.,0.));
#891 = ADVANCED_FACE('',(#892),#919,.F.);
#892 = FACE_BOUND('',#893,.T.);
#893 = EDGE_LOOP('',(#894,#904,#911,#912));
#894 = ORIENTED_EDGE('',*,*,#895,.T.);
#895 = EDGE_CURVE('',#896,#898,#900,.T.);
#896 = VERTEX_POINT('',#897);
#897 = CARTESIAN_POINT('',(-12.2,-16.34,0.));
#898 = VERTEX_POINT('',#899);
#899 = CARTESIAN_POINT('',(-12.2,-16.34,1.6));
#900 = LINE('',#901,#902);
#901 = CARTESIAN_POINT('',(-12.2,-16.34,0.));
#902 = VECTOR('',#903,1.);
#903 = DIRECTION('',(0.,0.,1.));
#904 = ORIENTED_EDGE('',*,*,#905,.T.);
#905 = EDGE_CURVE('',#898,#898,#906,.T.);
#906 = CIRCLE('',#907,0.5);
#907 = AXIS2_PLACEMENT_3D('',#908,#909,#910);
#908 = CARTESIAN_POINT('',(-12.7,-16.34,1.6));
#909 = DIRECTION('',(0.,0.,1.));
#910 = DIRECTION('',(1.,0.,0.));
#911 = ORIENTED_EDGE('',*,*,#895,.F.);
#912 = ORIENTED_EDGE('',*,*,#913,.F.);
#913 = EDGE_CURVE('',#896,#896,#914,.T.);
#914 = CIRCLE('',#915,0.5);
#915 = AXIS2_PLACEMENT_3D('',#916,#917,#918);
#916 = CARTESIAN_POINT('',(-12.7,-16.34,0.));
#917 = DIRECTION('',(0.,0.,1.));
#918 = DIRECTION('',(1.,0.,0.));
#919 = CYLINDRICAL_SURFACE('',#920,0.5);
#920 = AXIS2_PLACEMENT_3D('',#921,#922,#923);
#921 = CARTESIAN_POINT('',(-12.7,-16.34,0.));
#922 = DIRECTION('',(-0.,-0.,-1.));
#923 = DIRECTION('',(1.,0.,0.));
#924 = ADVANCED_FACE('',(#925),#952,.F.);
#925 = FACE_BOUND('',#926,.T.);
#926 = EDGE_LOOP('',(#927,#937,#944,#945));
#927 = ORIENTED_EDGE('',*,*,#928,.T.);
#928 = EDGE_CURVE('',#929,#931,#933,.T.);
#929 = VERTEX_POINT('',#930);
#930 = CARTESIAN_POINT('',(-12.2,-13.8,0.));
#931 = VERTEX_POINT('',#932);
#932 = CARTESIAN_POINT('',(-12.2,-13.8,1.6));
#933 = LINE('',#934,#935);
#934 = CARTESIAN_POINT('',(-12.2,-13.8,0.));
#935 = VECTOR('',#936,1.);
#936 = DIRECTION('',(0.,0.,1.));
#937 = ORIENTED_EDGE('',*,*,#938,.T.);
#938 = EDGE_CURVE('',#931,#931,#939,.T.);
#939 = CIRCLE('',#940,0.5);
#940 = AXIS2_PLACEMENT_3D('',#941,#942,#943);
#941 = CARTESIAN_POINT('',(-12.7,-13.8,1.6));
#942 = DIRECTION('',(0.,0.,1.));
#943 = DIRECTION('',(1.,0.,0.));
#944 = ORIENTED_EDGE('',*,*,#928,.F.);
#945 = ORIENTED_EDGE('',*,*,#946,.F.);
#946 = EDGE_CURVE('',#929,#929,#947,.T.);
#947 = CIRCLE('',#948,0.5);
#948 = AXIS2_PLACEMENT_3D('',#949,#950,#951);
#949 = CARTESIAN_POINT('',(-12.7,-13.8,0.));
#950 = DIRECTION('',(0.,0.,1.));
#951 = DIRECTION('',(1.,0.,0.));
#952 = CYLINDRICAL_SURFACE('',#953,0.5);
#953 = AXIS2_PLACEMENT_3D('',#954,#955,#956);
#954 = CARTESIAN_POINT('',(-12.7,-13.8,0.));
#955 = DIRECTION('',(-0.,-0.,-1.));
#956 = DIRECTION('',(1.,0.,0.));
#957 = ADVANCED_FACE('',(#958),#985,.F.);
#958 = FACE_BOUND('',#959,.T.);
#959 = EDGE_LOOP('',(#960,#970,#977,#978));
#960 = ORIENTED_EDGE('',*,*,#961,.T.);
#961 = EDGE_CURVE('',#962,#964,#966,.T.);
#962 = VERTEX_POINT('',#963);
#963 = CARTESIAN_POINT('',(-12.2,-11.26,0.));
#964 = VERTEX_POINT('',#965);
#965 = CARTESIAN_POINT('',(-12.2,-11.26,1.6));
#966 = LINE('',#967,#968);
#967 = CARTESIAN_POINT('',(-12.2,-11.26,0.));
#968 = VECTOR('',#969,1.);
#969 = DIRECTION('',(0.,0.,1.));
#970 = ORIENTED_EDGE('',*,*,#971,.T.);
#971 = EDGE_CURVE('',#964,#964,#972,.T.);
#972 = CIRCLE('',#973,0.5);
#973 = AXIS2_PLACEMENT_3D('',#974,#975,#976);
#974 = CARTESIAN_POINT('',(-12.7,-11.26,1.6));
#975 = DIRECTION('',(0.,0.,1.));
#976 = DIRECTION('',(1.,0.,0.));
#977 = ORIENTED_EDGE('',*,*,#961,.F.);
#978 = ORIENTED_EDGE('',*,*,#979,.F.);
#979 = EDGE_CURVE('',#962,#962,#980,.T.);
#980 = CIRCLE('',#981,0.5);
#981 = AXIS2_PLACEMENT_3D('',#982,#983,#984);
#982 = CARTESIAN_POINT('',(-12.7,-11.26,0.));
#983 = DIRECTION('',(0.,0.,1.));
#984 = DIRECTION('',(1.,0.,0.));
#985 = CYLINDRICAL_SURFACE('',#986,0.5);
#986 = AXIS2_PLACEMENT_3D('',#987,#988,#989);
#987 = CARTESIAN_POINT('',(-12.7,-11.26,0.));
#988 = DIRECTION('',(-0.,-0.,-1.));
#989 = DIRECTION('',(1.,0.,0.));
#990 = ADVANCED_FACE('',(#991),#1018,.F.);
#991 = FACE_BOUND('',#992,.T.);
#992 = EDGE_LOOP('',(#993,#1003,#1010,#1011));
#993 = ORIENTED_EDGE('',*,*,#994,.T.);
#994 = EDGE_CURVE('',#995,#997,#999,.T.);
#995 = VERTEX_POINT('',#996);
#996 = CARTESIAN_POINT('',(-12.2,-8.72,0.));
#997 = VERTEX_POINT('',#998);
#998 = CARTESIAN_POINT('',(-12.2,-8.72,1.6));
#999 = LINE('',#1000,#1001);
#1000 = CARTESIAN_POINT('',(-12.2,-8.72,0.));
#1001 = VECTOR('',#1002,1.);
#1002 = DIRECTION('',(0.,0.,1.));
#1003 = ORIENTED_EDGE('',*,*,#1004,.T.);
#1004 = EDGE_CURVE('',#997,#997,#1005,.T.);
#1005 = CIRCLE('',#1006,0.5);
#1006 = AXIS2_PLACEMENT_3D('',#1007,#1008,#1009);
#1007 = CARTESIAN_POINT('',(-12.7,-8.72,1.6));
#1008 = DIRECTION('',(0.,0.,1.));
#1009 = DIRECTION('',(1.,0.,0.));
#1010 = ORIENTED_EDGE('',*,*,#994,.F.);
#1011 = ORIENTED_EDGE('',*,*,#1012,.F.);
#1012 = EDGE_CURVE('',#995,#995,#1013,.T.);
#1013 = CIRCLE('',#1014,0.5);
#1014 = AXIS2_PLACEMENT_3D('',#1015,#1016,#1017);
#1015 = CARTESIAN_POINT('',(-12.7,-8.72,0.));
#1016 = DIRECTION('',(0.,0.,1.));
#1017 = DIRECTION('',(1.,0.,0.));
#1018 = CYLINDRICAL_SURFACE('',#1019,0.5);
#1019 = AXIS2_PLACEMENT_3D('',#1020,#1021,#1022);
#1020 = CARTESIAN_POINT('',(-12.7,-8.72,0.));
#1021 = DIRECTION('',(-0.,-0.,-1.));
#1022 = DIRECTION('',(1.,0.,0.));
#1023 = ADVANCED_FACE('',(#1024),#1051,.F.);
#1024 = FACE_BOUND('',#1025,.T.);
#1025 = EDGE_LOOP('',(#1026,#1036,#1043,#1044));
#1026 = ORIENTED_EDGE('',*,*,#1027,.T.);
#1027 = EDGE_CURVE('',#1028,#1030,#1032,.T.);
#1028 = VERTEX_POINT('',#1029);
#1029 = CARTESIAN_POINT('',(-12.2,-6.18,0.));
#1030 = VERTEX_POINT('',#1031);
#1031 = CARTESIAN_POINT('',(-12.2,-6.18,1.6));
#1032 = LINE('',#1033,#1034);
#1033 = CARTESIAN_POINT('',(-12.2,-6.18,0.));
#1034 = VECTOR('',#1035,1.);
#1035 = DIRECTION('',(0.,0.,1.));
#1036 = ORIENTED_EDGE('',*,*,#1037,.T.);
#1037 = EDGE_CURVE('',#1030,#1030,#1038,.T.);
#1038 = CIRCLE('',#1039,0.5);
#1039 = AXIS2_PLACEMENT_3D('',#1040,#1041,#1042);
#1040 = CARTESIAN_POINT('',(-12.7,-6.18,1.6));
#1041 = DIRECTION('',(0.,0.,1.));
#1042 = DIRECTION('',(1.,0.,0.));
#1043 = ORIENTED_EDGE('',*,*,#1027,.F.);
#1044 = ORIENTED_EDGE('',*,*,#1045,.F.);
#1045 = EDGE_CURVE('',#1028,#1028,#1046,.T.);
#1046 = CIRCLE('',#1047,0.5);
#1047 = AXIS2_PLACEMENT_3D('',#1048,#1049,#1050);
#1048 = CARTESIAN_POINT('',(-12.7,-6.18,0.));
#1049 = DIRECTION('',(0.,0.,1.));
#1050 = DIRECTION('',(1.,0.,0.));
#1051 = CYLINDRICAL_SURFACE('',#1052,0.5);
#1052 = AXIS2_PLACEMENT_3D('',#1053,#1054,#1055);
#1053 = CARTESIAN_POINT('',(-12.7,-6.18,0.));
#1054 = DIRECTION('',(-0.,-0.,-1.));
#1055 = DIRECTION('',(1.,0.,0.));
#1056 = ADVANCED_FACE('',(#1057),#1084,.F.);
#1057 = FACE_BOUND('',#1058,.T.);
#1058 = EDGE_LOOP('',(#1059,#1069,#1076,#1077));
#1059 = ORIENTED_EDGE('',*,*,#1060,.T.);
#1060 = EDGE_CURVE('',#1061,#1063,#1065,.T.);
#1061 = VERTEX_POINT('',#1062);
#1062 = CARTESIAN_POINT('',(-12.2,-3.64,0.));
#1063 = VERTEX_POINT('',#1064);
#1064 = CARTESIAN_POINT('',(-12.2,-3.64,1.6));
#1065 = LINE('',#1066,#1067);
#1066 = CARTESIAN_POINT('',(-12.2,-3.64,0.));
#1067 = VECTOR('',#1068,1.);
#1068 = DIRECTION('',(0.,0.,1.));
#1069 = ORIENTED_EDGE('',*,*,#1070,.T.);
#1070 = EDGE_CURVE('',#1063,#1063,#1071,.T.);
#1071 = CIRCLE('',#1072,0.5);
#1072 = AXIS2_PLACEMENT_3D('',#1073,#1074,#1075);
#1073 = CARTESIAN_POINT('',(-12.7,-3.64,1.6));
#1074 = DIRECTION('',(0.,0.,1.));
#1075 = DIRECTION('',(1.,0.,0.));
#1076 = ORIENTED_EDGE('',*,*,#1060,.F.);
#1077 = ORIENTED_EDGE('',*,*,#1078,.F.);
#1078 = EDGE_CURVE('',#1061,#1061,#1079,.T.);
#1079 = CIRCLE('',#1080,0.5);
#1080 = AXIS2_PLACEMENT_3D('',#1081,#1082,#1083);
#1081 = CARTESIAN_POINT('',(-12.7,-3.64,0.));
#1082 = DIRECTION('',(0.,0.,1.));
#1083 = DIRECTION('',(1.,0.,0.));
#1084 = CYLINDRICAL_SURFACE('',#1085,0.5);
#1085 = AXIS2_PLACEMENT_3D('',#1086,#1087,#1088);
#1086 = CARTESIAN_POINT('',(-12.7,-3.64,0.));
#1087 = DIRECTION('',(-0.,-0.,-1.));
#1088 = DIRECTION('',(1.,0.,0.));
#1089 = ADVANCED_FACE('',(#1090),#1117,.F.);
#1090 = FACE_BOUND('',#1091,.T.);
#1091 = EDGE_LOOP('',(#1092,#1102,#1109,#1110));
#1092 = ORIENTED_EDGE('',*,*,#1093,.T.);
#1093 = EDGE_CURVE('',#1094,#1096,#1098,.T.);
#1094 = VERTEX_POINT('',#1095);
#1095 = CARTESIAN_POINT('',(-12.2,-1.1,0.));
#1096 = VERTEX_POINT('',#1097);
#1097 = CARTESIAN_POINT('',(-12.2,-1.1,1.6));
#1098 = LINE('',#1099,#1100);
#1099 = CARTESIAN_POINT('',(-12.2,-1.1,0.));
#1100 = VECTOR('',#1101,1.);
#1101 = DIRECTION('',(0.,0.,1.));
#1102 = ORIENTED_EDGE('',*,*,#1103,.T.);
#1103 = EDGE_CURVE('',#1096,#1096,#1104,.T.);
#1104 = CIRCLE('',#1105,0.5);
#1105 = AXIS2_PLACEMENT_3D('',#1106,#1107,#1108);
#1106 = CARTESIAN_POINT('',(-12.7,-1.1,1.6));
#1107 = DIRECTION('',(0.,0.,1.));
#1108 = DIRECTION('',(1.,0.,0.));
#1109 = ORIENTED_EDGE('',*,*,#1093,.F.);
#1110 = ORIENTED_EDGE('',*,*,#1111,.F.);
#1111 = EDGE_CURVE('',#1094,#1094,#1112,.T.);
#1112 = CIRCLE('',#1113,0.5);
#1113 = AXIS2_PLACEMENT_3D('',#1114,#1115,#1116);
#1114 = CARTESIAN_POINT('',(-12.7,-1.1,0.));
#1115 = DIRECTION('',(0.,0.,1.));
#1116 = DIRECTION('',(1.,0.,0.));
#1117 = CYLINDRICAL_SURFACE('',#1118,0.5);
#1118 = AXIS2_PLACEMENT_3D('',#1119,#1120,#1121);
#1119 = CARTESIAN_POINT('',(-12.7,-1.1,0.));
#1120 = DIRECTION('',(-0.,-0.,-1.));
#1121 = DIRECTION('',(1.,0.,0.));
#1122 = ADVANCED_FACE('',(#1123),#1150,.F.);
#1123 = FACE_BOUND('',#1124,.T.);
#1124 = EDGE_LOOP('',(#1125,#1135,#1142,#1143));
#1125 = ORIENTED_EDGE('',*,*,#1126,.T.);
#1126 = EDGE_CURVE('',#1127,#1129,#1131,.T.);
#1127 = VERTEX_POINT('',#1128);
#1128 = CARTESIAN_POINT('',(-12.2,3.98,0.));
#1129 = VERTEX_POINT('',#1130);
#1130 = CARTESIAN_POINT('',(-12.2,3.98,1.6));
#1131 = LINE('',#1132,#1133);
#1132 = CARTESIAN_POINT('',(-12.2,3.98,0.));
#1133 = VECTOR('',#1134,1.);
#1134 = DIRECTION('',(0.,0.,1.));
#1135 = ORIENTED_EDGE('',*,*,#1136,.T.);
#1136 = EDGE_CURVE('',#1129,#1129,#1137,.T.);
#1137 = CIRCLE('',#1138,0.5);
#1138 = AXIS2_PLACEMENT_3D('',#1139,#1140,#1141);
#1139 = CARTESIAN_POINT('',(-12.7,3.98,1.6));
#1140 = DIRECTION('',(0.,0.,1.));
#1141 = DIRECTION('',(1.,0.,0.));
#1142 = ORIENTED_EDGE('',*,*,#1126,.F.);
#1143 = ORIENTED_EDGE('',*,*,#1144,.F.);
#1144 = EDGE_CURVE('',#1127,#1127,#1145,.T.);
#1145 = CIRCLE('',#1146,0.5);
#1146 = AXIS2_PLACEMENT_3D('',#1147,#1148,#1149);
#1147 = CARTESIAN_POINT('',(-12.7,3.98,0.));
#1148 = DIRECTION('',(0.,0.,1.));
#1149 = DIRECTION('',(1.,0.,0.));
#1150 = CYLINDRICAL_SURFACE('',#1151,0.5);
#1151 = AXIS2_PLACEMENT_3D('',#1152,#1153,#1154);
#1152 = CARTESIAN_POINT('',(-12.7,3.98,0.));
#1153 = DIRECTION('',(-0.,-0.,-1.));
#1154 = DIRECTION('',(1.,0.,0.));
#1155 = ADVANCED_FACE('',(#1156),#1183,.F.);
#1156 = FACE_BOUND('',#1157,.T.);
#1157 = EDGE_LOOP('',(#1158,#1168,#1175,#1176));
#1158 = ORIENTED_EDGE('',*,*,#1159,.T.);
#1159 = EDGE_CURVE('',#1160,#1162,#1164,.T.);
#1160 = VERTEX_POINT('',#1161);
#1161 = CARTESIAN_POINT('',(-12.2,6.52,0.));
#1162 = VERTEX_POINT('',#1163);
#1163 = CARTESIAN_POINT('',(-12.2,6.52,1.6));
#1164 = LINE('',#1165,#1166);
#1165 = CARTESIAN_POINT('',(-12.2,6.52,0.));
#1166 = VECTOR('',#1167,1.);
#1167 = DIRECTION('',(0.,0.,1.));
#1168 = ORIENTED_EDGE('',*,*,#1169,.T.);
#1169 = EDGE_CURVE('',#1162,#1162,#1170,.T.);
#1170 = CIRCLE('',#1171,0.5);
#1171 = AXIS2_PLACEMENT_3D('',#1172,#1173,#1174);
#1172 = CARTESIAN_POINT('',(-12.7,6.52,1.6));
#1173 = DIRECTION('',(0.,0.,1.));
#1174 = DIRECTION('',(1.,0.,0.));
#1175 = ORIENTED_EDGE('',*,*,#1159,.F.);
#1176 = ORIENTED_EDGE('',*,*,#1177,.F.);
#1177 = EDGE_CURVE('',#1160,#1160,#1178,.T.);
#1178 = CIRCLE('',#1179,0.5);
#1179 = AXIS2_PLACEMENT_3D('',#1180,#1181,#1182);
#1180 = CARTESIAN_POINT('',(-12.7,6.52,0.));
#1181 = DIRECTION('',(0.,0.,1.));
#1182 = DIRECTION('',(1.,0.,0.));
#1183 = CYLINDRICAL_SURFACE('',#1184,0.5);
#1184 = AXIS2_PLACEMENT_3D('',#1185,#1186,#1187);
#1185 = CARTESIAN_POINT('',(-12.7,6.52,0.));
#1186 = DIRECTION('',(-0.,-0.,-1.));
#1187 = DIRECTION('',(1.,0.,0.));
#1188 = ADVANCED_FACE('',(#1189),#1216,.F.);
#1189 = FACE_BOUND('',#1190,.T.);
#1190 = EDGE_LOOP('',(#1191,#1201,#1208,#1209));
#1191 = ORIENTED_EDGE('',*,*,#1192,.T.);
#1192 = EDGE_CURVE('',#1193,#1195,#1197,.T.);
#1193 = VERTEX_POINT('',#1194);
#1194 = CARTESIAN_POINT('',(-12.2,9.06,0.));
#1195 = VERTEX_POINT('',#1196);
#1196 = CARTESIAN_POINT('',(-12.2,9.06,1.6));
#1197 = LINE('',#1198,#1199);
#1198 = CARTESIAN_POINT('',(-12.2,9.06,0.));
#1199 = VECTOR('',#1200,1.);
#1200 = DIRECTION('',(0.,0.,1.));
#1201 = ORIENTED_EDGE('',*,*,#1202,.T.);
#1202 = EDGE_CURVE('',#1195,#1195,#1203,.T.);
#1203 = CIRCLE('',#1204,0.5);
#1204 = AXIS2_PLACEMENT_3D('',#1205,#1206,#1207);
#1205 = CARTESIAN_POINT('',(-12.7,9.06,1.6));
#1206 = DIRECTION('',(0.,0.,1.));
#1207 = DIRECTION('',(1.,0.,0.));
#1208 = ORIENTED_EDGE('',*,*,#1192,.F.);
#1209 = ORIENTED_EDGE('',*,*,#1210,.F.);
#1210 = EDGE_CURVE('',#1193,#1193,#1211,.T.);
#1211 = CIRCLE('',#1212,0.5);
#1212 = AXIS2_PLACEMENT_3D('',#1213,#1214,#1215);
#1213 = CARTESIAN_POINT('',(-12.7,9.06,0.));
#1214 = DIRECTION('',(0.,0.,1.));
#1215 = DIRECTION('',(1.,0.,0.));
#1216 = CYLINDRICAL_SURFACE('',#1217,0.5);
#1217 = AXIS2_PLACEMENT_3D('',#1218,#1219,#1220);
#1218 = CARTESIAN_POINT('',(-12.7,9.06,0.));
#1219 = DIRECTION('',(-0.,-0.,-1.));
#1220 = DIRECTION('',(1.,0.,0.));
#1221 = ADVANCED_FACE('',(#1222),#1249,.F.);
#1222 = FACE_BOUND('',#1223,.T.);
#1223 = EDGE_LOOP('',(#1224,#1234,#1241,#1242));
#1224 = ORIENTED_EDGE('',*,*,#1225,.T.);
#1225 = EDGE_CURVE('',#1226,#1228,#1230,.T.);
#1226 = VERTEX_POINT('',#1227);
#1227 = CARTESIAN_POINT('',(-12.2,1.44,0.));
#1228 = VERTEX_POINT('',#1229);
#1229 = CARTESIAN_POINT('',(-12.2,1.44,1.6));
#1230 = LINE('',#1231,#1232);
#1231 = CARTESIAN_POINT('',(-12.2,1.44,0.));
#1232 = VECTOR('',#1233,1.);
#1233 = DIRECTION('',(0.,0.,1.));
#1234 = ORIENTED_EDGE('',*,*,#1235,.T.);
#1235 = EDGE_CURVE('',#1228,#1228,#1236,.T.);
#1236 = CIRCLE('',#1237,0.5);
#1237 = AXIS2_PLACEMENT_3D('',#1238,#1239,#1240);
#1238 = CARTESIAN_POINT('',(-12.7,1.44,1.6));
#1239 = DIRECTION('',(0.,0.,1.));
#1240 = DIRECTION('',(1.,0.,0.));
#1241 = ORIENTED_EDGE('',*,*,#1225,.F.);
#1242 = ORIENTED_EDGE('',*,*,#1243,.F.);
#1243 = EDGE_CURVE('',#1226,#1226,#1244,.T.);
#1244 = CIRCLE('',#1245,0.5);
#1245 = AXIS2_PLACEMENT_3D('',#1246,#1247,#1248);
#1246 = CARTESIAN_POINT('',(-12.7,1.44,0.));
#1247 = DIRECTION('',(0.,0.,1.));
#1248 = DIRECTION('',(1.,0.,0.));
#1249 = CYLINDRICAL_SURFACE('',#1250,0.5);
#1250 = AXIS2_PLACEMENT_3D('',#1251,#1252,#1253);
#1251 = CARTESIAN_POINT('',(-12.7,1.44,0.));
#1252 = DIRECTION('',(-0.,-0.,-1.));
#1253 = DIRECTION('',(1.,0.,0.));
#1254 = ADVANCED_FACE('',(#1255),#1282,.F.);
#1255 = FACE_BOUND('',#1256,.T.);
#1256 = EDGE_LOOP('',(#1257,#1267,#1274,#1275));
#1257 = ORIENTED_EDGE('',*,*,#1258,.T.);
#1258 = EDGE_CURVE('',#1259,#1261,#1263,.T.);
#1259 = VERTEX_POINT('',#1260);
#1260 = CARTESIAN_POINT('',(-12.2,21.76,0.));
#1261 = VERTEX_POINT('',#1262);
#1262 = CARTESIAN_POINT('',(-12.2,21.76,1.6));
#1263 = LINE('',#1264,#1265);
#1264 = CARTESIAN_POINT('',(-12.2,21.76,0.));
#1265 = VECTOR('',#1266,1.);
#1266 = DIRECTION('',(0.,0.,1.));
#1267 = ORIENTED_EDGE('',*,*,#1268,.T.);
#1268 = EDGE_CURVE('',#1261,#1261,#1269,.T.);
#1269 = CIRCLE('',#1270,0.5);
#1270 = AXIS2_PLACEMENT_3D('',#1271,#1272,#1273);
#1271 = CARTESIAN_POINT('',(-12.7,21.76,1.6));
#1272 = DIRECTION('',(0.,0.,1.));
#1273 = DIRECTION('',(1.,0.,0.));
#1274 = ORIENTED_EDGE('',*,*,#1258,.F.);
#1275 = ORIENTED_EDGE('',*,*,#1276,.F.);
#1276 = EDGE_CURVE('',#1259,#1259,#1277,.T.);
#1277 = CIRCLE('',#1278,0.5);
#1278 = AXIS2_PLACEMENT_3D('',#1279,#1280,#1281);
#1279 = CARTESIAN_POINT('',(-12.7,21.76,0.));
#1280 = DIRECTION('',(0.,0.,1.));
#1281 = DIRECTION('',(1.,0.,0.));
#1282 = CYLINDRICAL_SURFACE('',#1283,0.5);
#1283 = AXIS2_PLACEMENT_3D('',#1284,#1285,#1286);
#1284 = CARTESIAN_POINT('',(-12.7,21.76,0.));
#1285 = DIRECTION('',(-0.,-0.,-1.));
#1286 = DIRECTION('',(1.,0.,0.));
#1287 = ADVANCED_FACE('',(#1288),#1315,.F.);
#1288 = FACE_BOUND('',#1289,.T.);
#1289 = EDGE_LOOP('',(#1290,#1300,#1307,#1308));
#1290 = ORIENTED_EDGE('',*,*,#1291,.T.);
#1291 = EDGE_CURVE('',#1292,#1294,#1296,.T.);
#1292 = VERTEX_POINT('',#1293);
#1293 = CARTESIAN_POINT('',(-12.2,11.6,0.));
#1294 = VERTEX_POINT('',#1295);
#1295 = CARTESIAN_POINT('',(-12.2,11.6,1.6));
#1296 = LINE('',#1297,#1298);
#1297 = CARTESIAN_POINT('',(-12.2,11.6,0.));
#1298 = VECTOR('',#1299,1.);
#1299 = DIRECTION('',(0.,0.,1.));
#1300 = ORIENTED_EDGE('',*,*,#1301,.T.);
#1301 = EDGE_CURVE('',#1294,#1294,#1302,.T.);
#1302 = CIRCLE('',#1303,0.5);
#1303 = AXIS2_PLACEMENT_3D('',#1304,#1305,#1306);
#1304 = CARTESIAN_POINT('',(-12.7,11.6,1.6));
#1305 = DIRECTION('',(0.,0.,1.));
#1306 = DIRECTION('',(1.,0.,0.));
#1307 = ORIENTED_EDGE('',*,*,#1291,.F.);
#1308 = ORIENTED_EDGE('',*,*,#1309,.F.);
#1309 = EDGE_CURVE('',#1292,#1292,#1310,.T.);
#1310 = CIRCLE('',#1311,0.5);
#1311 = AXIS2_PLACEMENT_3D('',#1312,#1313,#1314);
#1312 = CARTESIAN_POINT('',(-12.7,11.6,0.));
#1313 = DIRECTION('',(0.,0.,1.));
#1314 = DIRECTION('',(1.,0.,0.));
#1315 = CYLINDRICAL_SURFACE('',#1316,0.5);
#1316 = AXIS2_PLACEMENT_3D('',#1317,#1318,#1319);
#1317 = CARTESIAN_POINT('',(-12.7,11.6,0.));
#1318 = DIRECTION('',(-0.,-0.,-1.));
#1319 = DIRECTION('',(1.,0.,0.));
#1320 = ADVANCED_FACE('',(#1321),#1348,.F.);
#1321 = FACE_BOUND('',#1322,.T.);
#1322 = EDGE_LOOP('',(#1323,#1333,#1340,#1341));
#1323 = ORIENTED_EDGE('',*,*,#1324,.T.);
#1324 = EDGE_CURVE('',#1325,#1327,#1329,.T.);
#1325 = VERTEX_POINT('',#1326);
#1326 = CARTESIAN_POINT('',(-12.2,14.14,0.));
#1327 = VERTEX_POINT('',#1328);
#1328 = CARTESIAN_POINT('',(-12.2,14.14,1.6));
#1329 = LINE('',#1330,#1331);
#1330 = CARTESIAN_POINT('',(-12.2,14.14,0.));
#1331 = VECTOR('',#1332,1.);
#1332 = DIRECTION('',(0.,0.,1.));
#1333 = ORIENTED_EDGE('',*,*,#1334,.T.);
#1334 = EDGE_CURVE('',#1327,#1327,#1335,.T.);
#1335 = CIRCLE('',#1336,0.5);
#1336 = AXIS2_PLACEMENT_3D('',#1337,#1338,#1339);
#1337 = CARTESIAN_POINT('',(-12.7,14.14,1.6));
#1338 = DIRECTION('',(0.,0.,1.));
#1339 = DIRECTION('',(1.,0.,0.));
#1340 = ORIENTED_EDGE('',*,*,#1324,.F.);
#1341 = ORIENTED_EDGE('',*,*,#1342,.F.);
#1342 = EDGE_CURVE('',#1325,#1325,#1343,.T.);
#1343 = CIRCLE('',#1344,0.5);
#1344 = AXIS2_PLACEMENT_3D('',#1345,#1346,#1347);
#1345 = CARTESIAN_POINT('',(-12.7,14.14,0.));
#1346 = DIRECTION('',(0.,0.,1.));
#1347 = DIRECTION('',(1.,0.,0.));
#1348 = CYLINDRICAL_SURFACE('',#1349,0.5);
#1349 = AXIS2_PLACEMENT_3D('',#1350,#1351,#1352);
#1350 = CARTESIAN_POINT('',(-12.7,14.14,0.));
#1351 = DIRECTION('',(-0.,-0.,-1.));
#1352 = DIRECTION('',(1.,0.,0.));
#1353 = ADVANCED_FACE('',(#1354),#1381,.F.);
#1354 = FACE_BOUND('',#1355,.T.);
#1355 = EDGE_LOOP('',(#1356,#1366,#1373,#1374));
#1356 = ORIENTED_EDGE('',*,*,#1357,.T.);
#1357 = EDGE_CURVE('',#1358,#1360,#1362,.T.);
#1358 = VERTEX_POINT('',#1359);
#1359 = CARTESIAN_POINT('',(-12.2,16.68,0.));
#1360 = VERTEX_POINT('',#1361);
#1361 = CARTESIAN_POINT('',(-12.2,16.68,1.6));
#1362 = LINE('',#1363,#1364);
#1363 = CARTESIAN_POINT('',(-12.2,16.68,0.));
#1364 = VECTOR('',#1365,1.);
#1365 = DIRECTION('',(0.,0.,1.));
#1366 = ORIENTED_EDGE('',*,*,#1367,.T.);
#1367 = EDGE_CURVE('',#1360,#1360,#1368,.T.);
#1368 = CIRCLE('',#1369,0.5);
#1369 = AXIS2_PLACEMENT_3D('',#1370,#1371,#1372);
#1370 = CARTESIAN_POINT('',(-12.7,16.68,1.6));
#1371 = DIRECTION('',(0.,0.,1.));
#1372 = DIRECTION('',(1.,0.,0.));
#1373 = ORIENTED_EDGE('',*,*,#1357,.F.);
#1374 = ORIENTED_EDGE('',*,*,#1375,.F.);
#1375 = EDGE_CURVE('',#1358,#1358,#1376,.T.);
#1376 = CIRCLE('',#1377,0.5);
#1377 = AXIS2_PLACEMENT_3D('',#1378,#1379,#1380);
#1378 = CARTESIAN_POINT('',(-12.7,16.68,0.));
#1379 = DIRECTION('',(0.,0.,1.));
#1380 = DIRECTION('',(1.,0.,0.));
#1381 = CYLINDRICAL_SURFACE('',#1382,0.5);
#1382 = AXIS2_PLACEMENT_3D('',#1383,#1384,#1385);
#1383 = CARTESIAN_POINT('',(-12.7,16.68,0.));
#1384 = DIRECTION('',(-0.,-0.,-1.));
#1385 = DIRECTION('',(1.,0.,0.));
#1386 = ADVANCED_FACE('',(#1387),#1414,.F.);
#1387 = FACE_BOUND('',#1388,.T.);
#1388 = EDGE_LOOP('',(#1389,#1399,#1406,#1407));
#1389 = ORIENTED_EDGE('',*,*,#1390,.T.);
#1390 = EDGE_CURVE('',#1391,#1393,#1395,.T.);
#1391 = VERTEX_POINT('',#1392);
#1392 = CARTESIAN_POINT('',(-12.2,19.22,0.));
#1393 = VERTEX_POINT('',#1394);
#1394 = CARTESIAN_POINT('',(-12.2,19.22,1.6));
#1395 = LINE('',#1396,#1397);
#1396 = CARTESIAN_POINT('',(-12.2,19.22,0.));
#1397 = VECTOR('',#1398,1.);
#1398 = DIRECTION('',(0.,0.,1.));
#1399 = ORIENTED_EDGE('',*,*,#1400,.T.);
#1400 = EDGE_CURVE('',#1393,#1393,#1401,.T.);
#1401 = CIRCLE('',#1402,0.5);
#1402 = AXIS2_PLACEMENT_3D('',#1403,#1404,#1405);
#1403 = CARTESIAN_POINT('',(-12.7,19.22,1.6));
#1404 = DIRECTION('',(0.,0.,1.));
#1405 = DIRECTION('',(1.,0.,0.));
#1406 = ORIENTED_EDGE('',*,*,#1390,.F.);
#1407 = ORIENTED_EDGE('',*,*,#1408,.F.);
#1408 = EDGE_CURVE('',#1391,#1391,#1409,.T.);
#1409 = CIRCLE('',#1410,0.5);
#1410 = AXIS2_PLACEMENT_3D('',#1411,#1412,#1413);
#1411 = CARTESIAN_POINT('',(-12.7,19.22,0.));
#1412 = DIRECTION('',(0.,0.,1.));
#1413 = DIRECTION('',(1.,0.,0.));
#1414 = CYLINDRICAL_SURFACE('',#1415,0.5);
#1415 = AXIS2_PLACEMENT_3D('',#1416,#1417,#1418);
#1416 = CARTESIAN_POINT('',(-12.7,19.22,0.));
#1417 = DIRECTION('',(-0.,-0.,-1.));
#1418 = DIRECTION('',(1.,0.,0.));
#1419 = ADVANCED_FACE('',(#1420),#1447,.F.);
#1420 = FACE_BOUND('',#1421,.T.);
#1421 = EDGE_LOOP('',(#1422,#1432,#1439,#1440));
#1422 = ORIENTED_EDGE('',*,*,#1423,.T.);
#1423 = EDGE_CURVE('',#1424,#1426,#1428,.T.);
#1424 = VERTEX_POINT('',#1425);
#1425 = CARTESIAN_POINT('',(-12.2,24.3,0.));
#1426 = VERTEX_POINT('',#1427);
#1427 = CARTESIAN_POINT('',(-12.2,24.3,1.6));
#1428 = LINE('',#1429,#1430);
#1429 = CARTESIAN_POINT('',(-12.2,24.3,0.));
#1430 = VECTOR('',#1431,1.);
#1431 = DIRECTION('',(0.,0.,1.));
#1432 = ORIENTED_EDGE('',*,*,#1433,.T.);
#1433 = EDGE_CURVE('',#1426,#1426,#1434,.T.);
#1434 = CIRCLE('',#1435,0.5);
#1435 = AXIS2_PLACEMENT_3D('',#1436,#1437,#1438);
#1436 = CARTESIAN_POINT('',(-12.7,24.3,1.6));
#1437 = DIRECTION('',(0.,0.,1.));
#1438 = DIRECTION('',(1.,0.,0.));
#1439 = ORIENTED_EDGE('',*,*,#1423,.F.);
#1440 = ORIENTED_EDGE('',*,*,#1441,.F.);
#1441 = EDGE_CURVE('',#1424,#1424,#1442,.T.);
#1442 = CIRCLE('',#1443,0.5);
#1443 = AXIS2_PLACEMENT_3D('',#1444,#1445,#1446);
#1444 = CARTESIAN_POINT('',(-12.7,24.3,0.));
#1445 = DIRECTION('',(0.,0.,1.));
#1446 = DIRECTION('',(1.,0.,0.));
#1447 = CYLINDRICAL_SURFACE('',#1448,0.5);
#1448 = AXIS2_PLACEMENT_3D('',#1449,#1450,#1451);
#1449 = CARTESIAN_POINT('',(-12.7,24.3,0.));
#1450 = DIRECTION('',(-0.,-0.,-1.));
#1451 = DIRECTION('',(1.,0.,0.));
#1452 = ADVANCED_FACE('',(#1453,#1459,#1462,#1465,#1468,#1471,#1474,
    #1477,#1480,#1483,#1486,#1489,#1492,#1495,#1498,#1501,#1504,#1507,
    #1510,#1513,#1516,#1519,#1522,#1525,#1528,#1531,#1534,#1537,#1540,
    #1543,#1546,#1549,#1552,#1555,#1558,#1561,#1564,#1567,#1570),#1573,
  .F.);
#1453 = FACE_BOUND('',#1454,.F.);
#1454 = EDGE_LOOP('',(#1455,#1456,#1457,#1458));
#1455 = ORIENTED_EDGE('',*,*,#104,.T.);
#1456 = ORIENTED_EDGE('',*,*,#135,.T.);
#1457 = ORIENTED_EDGE('',*,*,#166,.T.);
#1458 = ORIENTED_EDGE('',*,*,#188,.T.);
#1459 = FACE_BOUND('',#1460,.T.);
#1460 = EDGE_LOOP('',(#1461));
#1461 = ORIENTED_EDGE('',*,*,#220,.T.);
#1462 = FACE_BOUND('',#1463,.T.);
#1463 = EDGE_LOOP('',(#1464));
#1464 = ORIENTED_EDGE('',*,*,#253,.T.);
#1465 = FACE_BOUND('',#1466,.T.);
#1466 = EDGE_LOOP('',(#1467));
#1467 = ORIENTED_EDGE('',*,*,#286,.T.);
#1468 = FACE_BOUND('',#1469,.T.);
#1469 = EDGE_LOOP('',(#1470));
#1470 = ORIENTED_EDGE('',*,*,#319,.T.);
#1471 = FACE_BOUND('',#1472,.T.);
#1472 = EDGE_LOOP('',(#1473));
#1473 = ORIENTED_EDGE('',*,*,#352,.T.);
#1474 = FACE_BOUND('',#1475,.T.);
#1475 = EDGE_LOOP('',(#1476));
#1476 = ORIENTED_EDGE('',*,*,#385,.T.);
#1477 = FACE_BOUND('',#1478,.T.);
#1478 = EDGE_LOOP('',(#1479));
#1479 = ORIENTED_EDGE('',*,*,#418,.T.);
#1480 = FACE_BOUND('',#1481,.T.);
#1481 = EDGE_LOOP('',(#1482));
#1482 = ORIENTED_EDGE('',*,*,#451,.T.);
#1483 = FACE_BOUND('',#1484,.T.);
#1484 = EDGE_LOOP('',(#1485));
#1485 = ORIENTED_EDGE('',*,*,#484,.T.);
#1486 = FACE_BOUND('',#1487,.T.);
#1487 = EDGE_LOOP('',(#1488));
#1488 = ORIENTED_EDGE('',*,*,#517,.T.);
#1489 = FACE_BOUND('',#1490,.T.);
#1490 = EDGE_LOOP('',(#1491));
#1491 = ORIENTED_EDGE('',*,*,#550,.T.);
#1492 = FACE_BOUND('',#1493,.T.);
#1493 = EDGE_LOOP('',(#1494));
#1494 = ORIENTED_EDGE('',*,*,#583,.T.);
#1495 = FACE_BOUND('',#1496,.T.);
#1496 = EDGE_LOOP('',(#1497));
#1497 = ORIENTED_EDGE('',*,*,#616,.T.);
#1498 = FACE_BOUND('',#1499,.T.);
#1499 = EDGE_LOOP('',(#1500));
#1500 = ORIENTED_EDGE('',*,*,#649,.T.);
#1501 = FACE_BOUND('',#1502,.T.);
#1502 = EDGE_LOOP('',(#1503));
#1503 = ORIENTED_EDGE('',*,*,#682,.T.);
#1504 = FACE_BOUND('',#1505,.T.);
#1505 = EDGE_LOOP('',(#1506));
#1506 = ORIENTED_EDGE('',*,*,#715,.T.);
#1507 = FACE_BOUND('',#1508,.T.);
#1508 = EDGE_LOOP('',(#1509));
#1509 = ORIENTED_EDGE('',*,*,#748,.T.);
#1510 = FACE_BOUND('',#1511,.T.);
#1511 = EDGE_LOOP('',(#1512));
#1512 = ORIENTED_EDGE('',*,*,#781,.T.);
#1513 = FACE_BOUND('',#1514,.T.);
#1514 = EDGE_LOOP('',(#1515));
#1515 = ORIENTED_EDGE('',*,*,#814,.T.);
#1516 = FACE_BOUND('',#1517,.T.);
#1517 = EDGE_LOOP('',(#1518));
#1518 = ORIENTED_EDGE('',*,*,#847,.T.);
#1519 = FACE_BOUND('',#1520,.T.);
#1520 = EDGE_LOOP('',(#1521));
#1521 = ORIENTED_EDGE('',*,*,#880,.T.);
#1522 = FACE_BOUND('',#1523,.T.);
#1523 = EDGE_LOOP('',(#1524));
#1524 = ORIENTED_EDGE('',*,*,#913,.T.);
#1525 = FACE_BOUND('',#1526,.T.);
#1526 = EDGE_LOOP('',(#1527));
#1527 = ORIENTED_EDGE('',*,*,#946,.T.);
#1528 = FACE_BOUND('',#1529,.T.);
#1529 = EDGE_LOOP('',(#1530));
#1530 = ORIENTED_EDGE('',*,*,#979,.T.);
#1531 = FACE_BOUND('',#1532,.T.);
#1532 = EDGE_LOOP('',(#1533));
#1533 = ORIENTED_EDGE('',*,*,#1012,.T.);
#1534 = FACE_BOUND('',#1535,.T.);
#1535 = EDGE_LOOP('',(#1536));
#1536 = ORIENTED_EDGE('',*,*,#1045,.T.);
#1537 = FACE_BOUND('',#1538,.T.);
#1538 = EDGE_LOOP('',(#1539));
#1539 = ORIENTED_EDGE('',*,*,#1078,.T.);
#1540 = FACE_BOUND('',#1541,.T.);
#1541 = EDGE_LOOP('',(#1542));
#1542 = ORIENTED_EDGE('',*,*,#1111,.T.);
#1543 = FACE_BOUND('',#1544,.T.);
#1544 = EDGE_LOOP('',(#1545));
#1545 = ORIENTED_EDGE('',*,*,#1144,.T.);
#1546 = FACE_BOUND('',#1547,.T.);
#1547 = EDGE_LOOP('',(#1548));
#1548 = ORIENTED_EDGE('',*,*,#1177,.T.);
#1549 = FACE_BOUND('',#1550,.T.);
#1550 = EDGE_LOOP('',(#1551));
#1551 = ORIENTED_EDGE('',*,*,#1210,.T.);
#1552 = FACE_BOUND('',#1553,.T.);
#1553 = EDGE_LOOP('',(#1554));
#1554 = ORIENTED_EDGE('',*,*,#1243,.T.);
#1555 = FACE_BOUND('',#1556,.T.);
#1556 = EDGE_LOOP('',(#1557));
#1557 = ORIENTED_EDGE('',*,*,#1276,.T.);
#1558 = FACE_BOUND('',#1559,.T.);
#1559 = EDGE_LOOP('',(#1560));
#1560 = ORIENTED_EDGE('',*,*,#1309,.T.);
#1561 = FACE_BOUND('',#1562,.T.);
#1562 = EDGE_LOOP('',(#1563));
#1563 = ORIENTED_EDGE('',*,*,#1342,.T.);
#1564 = FACE_BOUND('',#1565,.T.);
#1565 = EDGE_LOOP('',(#1566));
#1566 = ORIENTED_EDGE('',*,*,#1375,.T.);
#1567 = FACE_BOUND('',#1568,.T.);
#1568 = EDGE_LOOP('',(#1569));
#1569 = ORIENTED_EDGE('',*,*,#1408,.T.);
#1570 = FACE_BOUND('',#1571,.T.);
#1571 = EDGE_LOOP('',(#1572));
#1572 = ORIENTED_EDGE('',*,*,#1441,.T.);
#1573 = PLANE('',#1574);
#1574 = AXIS2_PLACEMENT_3D('',#1575,#1576,#1577);
#1575 = CARTESIAN_POINT('',(3.08E-15,0.540297219438,0.));
#1576 = DIRECTION('',(0.,0.,1.));
#1577 = DIRECTION('',(1.,0.,0.));
#1578 = ADVANCED_FACE('',(#1579,#1585,#1588,#1591,#1594,#1597,#1600,
    #1603,#1606,#1609,#1612,#1615,#1618,#1621,#1624,#1627,#1630,#1633,
    #1636,#1639,#1642,#1645,#1648,#1651,#1654,#1657,#1660,#1663,#1666,
    #1669,#1672,#1675,#1678,#1681,#1684,#1687,#1690,#1693,#1696),#1699,
  .T.);
#1579 = FACE_BOUND('',#1580,.T.);
#1580 = EDGE_LOOP('',(#1581,#1582,#1583,#1584));
#1581 = ORIENTED_EDGE('',*,*,#88,.T.);
#1582 = ORIENTED_EDGE('',*,*,#119,.T.);
#1583 = ORIENTED_EDGE('',*,*,#150,.T.);
#1584 = ORIENTED_EDGE('',*,*,#181,.T.);
#1585 = FACE_BOUND('',#1586,.F.);
#1586 = EDGE_LOOP('',(#1587));
#1587 = ORIENTED_EDGE('',*,*,#212,.T.);
#1588 = FACE_BOUND('',#1589,.F.);
#1589 = EDGE_LOOP('',(#1590));
#1590 = ORIENTED_EDGE('',*,*,#245,.T.);
#1591 = FACE_BOUND('',#1592,.F.);
#1592 = EDGE_LOOP('',(#1593));
#1593 = ORIENTED_EDGE('',*,*,#278,.T.);
#1594 = FACE_BOUND('',#1595,.F.);
#1595 = EDGE_LOOP('',(#1596));
#1596 = ORIENTED_EDGE('',*,*,#311,.T.);
#1597 = FACE_BOUND('',#1598,.F.);
#1598 = EDGE_LOOP('',(#1599));
#1599 = ORIENTED_EDGE('',*,*,#344,.T.);
#1600 = FACE_BOUND('',#1601,.F.);
#1601 = EDGE_LOOP('',(#1602));
#1602 = ORIENTED_EDGE('',*,*,#377,.T.);
#1603 = FACE_BOUND('',#1604,.F.);
#1604 = EDGE_LOOP('',(#1605));
#1605 = ORIENTED_EDGE('',*,*,#410,.T.);
#1606 = FACE_BOUND('',#1607,.F.);
#1607 = EDGE_LOOP('',(#1608));
#1608 = ORIENTED_EDGE('',*,*,#443,.T.);
#1609 = FACE_BOUND('',#1610,.F.);
#1610 = EDGE_LOOP('',(#1611));
#1611 = ORIENTED_EDGE('',*,*,#476,.T.);
#1612 = FACE_BOUND('',#1613,.F.);
#1613 = EDGE_LOOP('',(#1614));
#1614 = ORIENTED_EDGE('',*,*,#509,.T.);
#1615 = FACE_BOUND('',#1616,.F.);
#1616 = EDGE_LOOP('',(#1617));
#1617 = ORIENTED_EDGE('',*,*,#542,.T.);
#1618 = FACE_BOUND('',#1619,.F.);
#1619 = EDGE_LOOP('',(#1620));
#1620 = ORIENTED_EDGE('',*,*,#575,.T.);
#1621 = FACE_BOUND('',#1622,.F.);
#1622 = EDGE_LOOP('',(#1623));
#1623 = ORIENTED_EDGE('',*,*,#608,.T.);
#1624 = FACE_BOUND('',#1625,.F.);
#1625 = EDGE_LOOP('',(#1626));
#1626 = ORIENTED_EDGE('',*,*,#641,.T.);
#1627 = FACE_BOUND('',#1628,.F.);
#1628 = EDGE_LOOP('',(#1629));
#1629 = ORIENTED_EDGE('',*,*,#674,.T.);
#1630 = FACE_BOUND('',#1631,.F.);
#1631 = EDGE_LOOP('',(#1632));
#1632 = ORIENTED_EDGE('',*,*,#707,.T.);
#1633 = FACE_BOUND('',#1634,.F.);
#1634 = EDGE_LOOP('',(#1635));
#1635 = ORIENTED_EDGE('',*,*,#740,.T.);
#1636 = FACE_BOUND('',#1637,.F.);
#1637 = EDGE_LOOP('',(#1638));
#1638 = ORIENTED_EDGE('',*,*,#773,.T.);
#1639 = FACE_BOUND('',#1640,.F.);
#1640 = EDGE_LOOP('',(#1641));
#1641 = ORIENTED_EDGE('',*,*,#806,.T.);
#1642 = FACE_BOUND('',#1643,.F.);
#1643 = EDGE_LOOP('',(#1644));
#1644 = ORIENTED_EDGE('',*,*,#839,.T.);
#1645 = FACE_BOUND('',#1646,.F.);
#1646 = EDGE_LOOP('',(#1647));
#1647 = ORIENTED_EDGE('',*,*,#872,.T.);
#1648 = FACE_BOUND('',#1649,.F.);
#1649 = EDGE_LOOP('',(#1650));
#1650 = ORIENTED_EDGE('',*,*,#905,.T.);
#1651 = FACE_BOUND('',#1652,.F.);
#1652 = EDGE_LOOP('',(#1653));
#1653 = ORIENTED_EDGE('',*,*,#938,.T.);
#1654 = FACE_BOUND('',#1655,.F.);
#1655 = EDGE_LOOP('',(#1656));
#1656 = ORIENTED_EDGE('',*,*,#971,.T.);
#1657 = FACE_BOUND('',#1658,.F.);
#1658 = EDGE_LOOP('',(#1659));
#1659 = ORIENTED_EDGE('',*,*,#1004,.T.);
#1660 = FACE_BOUND('',#1661,.F.);
#1661 = EDGE_LOOP('',(#1662));
#1662 = ORIENTED_EDGE('',*,*,#1037,.T.);
#1663 = FACE_BOUND('',#1664,.F.);
#1664 = EDGE_LOOP('',(#1665));
#1665 = ORIENTED_EDGE('',*,*,#1070,.T.);
#1666 = FACE_BOUND('',#1667,.F.);
#1667 = EDGE_LOOP('',(#1668));
#1668 = ORIENTED_EDGE('',*,*,#1103,.T.);
#1669 = FACE_BOUND('',#1670,.F.);
#1670 = EDGE_LOOP('',(#1671));
#1671 = ORIENTED_EDGE('',*,*,#1136,.T.);
#1672 = FACE_BOUND('',#1673,.F.);
#1673 = EDGE_LOOP('',(#1674));
#1674 = ORIENTED_EDGE('',*,*,#1169,.T.);
#1675 = FACE_BOUND('',#1676,.F.);
#1676 = EDGE_LOOP('',(#1677));
#1677 = ORIENTED_EDGE('',*,*,#1202,.T.);
#1678 = FACE_BOUND('',#1679,.F.);
#1679 = EDGE_LOOP('',(#1680));
#1680 = ORIENTED_EDGE('',*,*,#1235,.T.);
#1681 = FACE_BOUND('',#1682,.F.);
#1682 = EDGE_LOOP('',(#1683));
#1683 = ORIENTED_EDGE('',*,*,#1268,.T.);
#1684 = FACE_BOUND('',#1685,.F.);
#1685 = EDGE_LOOP('',(#1686));
#1686 = ORIENTED_EDGE('',*,*,#1301,.T.);
#1687 = FACE_BOUND('',#1688,.F.);
#1688 = EDGE_LOOP('',(#1689));
#1689 = ORIENTED_EDGE('',*,*,#1334,.T.);
#1690 = FACE_BOUND('',#1691,.F.);
#1691 = EDGE_LOOP('',(#1692));
#1692 = ORIENTED_EDGE('',*,*,#1367,.T.);
#1693 = FACE_BOUND('',#1694,.F.);
#1694 = EDGE_LOOP('',(#1695));
#1695 = ORIENTED_EDGE('',*,*,#1400,.T.);
#1696 = FACE_BOUND('',#1697,.F.);
#1697 = EDGE_LOOP('',(#1698));
#1698 = ORIENTED_EDGE('',*,*,#1433,.T.);
#1699 = PLANE('',#1700);
#1700 = AXIS2_PLACEMENT_3D('',#1701,#1702,#1703);
#1701 = CARTESIAN_POINT('',(3.08E-15,0.540297219438,1.6));
#1702 = DIRECTION('',(0.,0.,1.));
#1703 = DIRECTION('',(1.,0.,0.));
#1704 = ( GEOMETRIC_REPRESENTATION_CONTEXT(3) 
GLOBAL_UNCERTAINTY_ASSIGNED_CONTEXT((#1708)) 
GLOBAL_UNIT_ASSIGNED_CONTEXT((#1705,#1706,#1707)) REPRESENTATION_CONTEXT
('Context #1','3D Context with UNIT and UNCERTAINTY') );
#1705 = ( LENGTH_UNIT() NAMED_UNIT(*) SI_UNIT(.MILLI.,.METRE.) );
#1706 = ( NAMED_UNIT(*) PLANE_ANGLE_UNIT() SI_UNIT($,.RADIAN.) );
#1707 = ( NAMED_UNIT(*) SI_UNIT($,.STERADIAN.) SOLID_ANGLE_UNIT() );
#1708 = UNCERTAINTY_MEASURE_WITH_UNIT(LENGTH_MEASURE(1.E-07),#1705,
  'distance_accuracy_value','confusion accuracy');
#1709 = CONTEXT_DEPENDENT_SHAPE_REPRESENTATION(#1710,#1712);
#1710 = ( REPRESENTATION_RELATIONSHIP('','',#71,#10) 
REPRESENTATION_RELATIONSHIP_WITH_TRANSFORMATION(#1711) 
SHAPE_REPRESENTATION_RELATIONSHIP() );
#1711 = ITEM_DEFINED_TRANSFORMATION('','',#11,#19);
#1712 = PRODUCT_DEFINITION_SHAPE('Placement','Placement of an item',
  #1713);
#1713 = NEXT_ASSEMBLY_USAGE_OCCURRENCE('2','ESP033','',#5,#66,$);
#1714 = PRODUCT_RELATED_PRODUCT_CATEGORY('part',$,(#68));
#1715 = SHAPE_DEFINITION_REPRESENTATION(#1716,#1722);
#1716 = PRODUCT_DEFINITION_SHAPE('','',#1717);
#1717 = PRODUCT_DEFINITION('design','',#1718,#1721);
#1718 = PRODUCT_DEFINITION_FORMATION('','',#1719);
#1719 = PRODUCT('Assembly','Assembly','',(#1720));
#1720 = PRODUCT_CONTEXT('',#2,'mechanical');
#1721 = PRODUCT_DEFINITION_CONTEXT('part definition',#2,'design');
#1722 = SHAPE_REPRESENTATION('',(#11,#1723,#1727,#1731,#1735,#1739,#1743
    ,#1747,#1751,#1755,#1759,#1763,#1767,#1771,#1775,#1779,#1783,#1787,
    #1791,#1795,#1799,#1803,#1807,#1811,#1815,#1819,#1823,#1827,#1831,
    #1835,#1839,#1843,#1847,#1851,#1855,#1859,#1863,#1867,#1871,#1875,
    #1879,#1883,#1887),#1891);
#1723 = AXIS2_PLACEMENT_3D('',#1724,#1725,#1726);
#1724 = CARTESIAN_POINT('',(0.,0.,0.));
#1725 = DIRECTION('',(0.,0.,1.));
#1726 = DIRECTION('',(1.,0.,0.));
#1727 = AXIS2_PLACEMENT_3D('',#1728,#1729,#1730);
#1728 = CARTESIAN_POINT('',(0.,-1.9E-15,-2.5));
#1729 = DIRECTION('',(0.,0.,1.));
#1730 = DIRECTION('',(1.,0.,0.));
#1731 = AXIS2_PLACEMENT_3D('',#1732,#1733,#1734);
#1732 = CARTESIAN_POINT('',(-2.905453655444E-15,22.86,0.));
#1733 = DIRECTION('',(-5.551115123126E-17,1.110223024625E-16,1.));
#1734 = DIRECTION('',(1.,-2.609024107869E-15,5.551115123126E-17));
#1735 = AXIS2_PLACEMENT_3D('',#1736,#1737,#1738);
#1736 = CARTESIAN_POINT('',(-8.968381592922E-15,20.32,2.819966482548E-16
    ));
#1737 = DIRECTION('',(-5.551115123126E-17,1.110223024625E-16,1.));
#1738 = DIRECTION('',(1.,-2.609024107869E-15,5.551115123126E-17));
#1739 = AXIS2_PLACEMENT_3D('',#1740,#1741,#1742);
#1740 = CARTESIAN_POINT('',(-1.50313095304E-14,17.78,5.639932965096E-16)
  );
#1741 = DIRECTION('',(-5.551115123126E-17,1.110223024625E-16,1.));
#1742 = DIRECTION('',(1.,-2.609024107869E-15,5.551115123126E-17));
#1743 = AXIS2_PLACEMENT_3D('',#1744,#1745,#1746);
#1744 = CARTESIAN_POINT('',(-2.109423746788E-14,15.24,8.459899447644E-16
    ));
#1745 = DIRECTION('',(-5.551115123126E-17,1.110223024625E-16,1.));
#1746 = DIRECTION('',(1.,-2.609024107869E-15,5.551115123126E-17));
#1747 = AXIS2_PLACEMENT_3D('',#1748,#1749,#1750);
#1748 = CARTESIAN_POINT('',(-2.715716540536E-14,12.7,1.127986593019E-15)
  );
#1749 = DIRECTION('',(-5.551115123126E-17,1.110223024625E-16,1.));
#1750 = DIRECTION('',(1.,-2.609024107869E-15,5.551115123126E-17));
#1751 = AXIS2_PLACEMENT_3D('',#1752,#1753,#1754);
#1752 = CARTESIAN_POINT('',(-3.322009334283E-14,10.16,1.409983241274E-15
    ));
#1753 = DIRECTION('',(-5.551115123126E-17,1.110223024625E-16,1.));
#1754 = DIRECTION('',(1.,-2.609024107869E-15,5.551115123126E-17));
#1755 = AXIS2_PLACEMENT_3D('',#1756,#1757,#1758);
#1756 = CARTESIAN_POINT('',(-3.928302128031E-14,7.62,1.691979889529E-15)
  );
#1757 = DIRECTION('',(-5.551115123126E-17,1.110223024625E-16,1.));
#1758 = DIRECTION('',(1.,-2.609024107869E-15,5.551115123126E-17));
#1759 = AXIS2_PLACEMENT_3D('',#1760,#1761,#1762);
#1760 = CARTESIAN_POINT('',(-4.534594921779E-14,5.08,1.973976537784E-15)
  );
#1761 = DIRECTION('',(-5.551115123126E-17,1.110223024625E-16,1.));
#1762 = DIRECTION('',(1.,-2.609024107869E-15,5.551115123126E-17));
#1763 = AXIS2_PLACEMENT_3D('',#1764,#1765,#1766);
#1764 = CARTESIAN_POINT('',(-5.140887715527E-14,2.54,2.255973186038E-15)
  );
#1765 = DIRECTION('',(-5.551115123126E-17,1.110223024625E-16,1.));
#1766 = DIRECTION('',(1.,-2.609024107869E-15,5.551115123126E-17));
#1767 = AXIS2_PLACEMENT_3D('',#1768,#1769,#1770);
#1768 = CARTESIAN_POINT('',(-5.747180509275E-14,-3.552713678801E-15,
    2.537969834293E-15));
#1769 = DIRECTION('',(-5.551115123126E-17,1.110223024625E-16,1.));
#1770 = DIRECTION('',(1.,-2.609024107869E-15,5.551115123126E-17));
#1771 = AXIS2_PLACEMENT_3D('',#1772,#1773,#1774);
#1772 = CARTESIAN_POINT('',(-6.353473303022E-14,-2.54,2.819966482548E-15
    ));
#1773 = DIRECTION('',(-5.551115123126E-17,1.110223024625E-16,1.));
#1774 = DIRECTION('',(1.,-2.609024107869E-15,5.551115123126E-17));
#1775 = AXIS2_PLACEMENT_3D('',#1776,#1777,#1778);
#1776 = CARTESIAN_POINT('',(-6.95976609677E-14,-5.08,3.101963130803E-15)
  );
#1777 = DIRECTION('',(-5.551115123126E-17,1.110223024625E-16,1.));
#1778 = DIRECTION('',(1.,-2.609024107869E-15,5.551115123126E-17));
#1779 = AXIS2_PLACEMENT_3D('',#1780,#1781,#1782);
#1780 = CARTESIAN_POINT('',(-7.566058890518E-14,-7.62,3.383959779057E-15
    ));
#1781 = DIRECTION('',(-5.551115123126E-17,1.110223024625E-16,1.));
#1782 = DIRECTION('',(1.,-2.609024107869E-15,5.551115123126E-17));
#1783 = AXIS2_PLACEMENT_3D('',#1784,#1785,#1786);
#1784 = CARTESIAN_POINT('',(-8.172351684266E-14,-10.16,
    3.665956427312E-15));
#1785 = DIRECTION('',(-5.551115123126E-17,1.110223024625E-16,1.));
#1786 = DIRECTION('',(1.,-2.609024107869E-15,5.551115123126E-17));
#1787 = AXIS2_PLACEMENT_3D('',#1788,#1789,#1790);
#1788 = CARTESIAN_POINT('',(-8.778644478014E-14,-12.7,3.947953075567E-15
    ));
#1789 = DIRECTION('',(-5.551115123126E-17,1.110223024625E-16,1.));
#1790 = DIRECTION('',(1.,-2.609024107869E-15,5.551115123126E-17));
#1791 = AXIS2_PLACEMENT_3D('',#1792,#1793,#1794);
#1792 = CARTESIAN_POINT('',(-9.384937271761E-14,-15.24,
    4.229949723822E-15));
#1793 = DIRECTION('',(-5.551115123126E-17,1.110223024625E-16,1.));
#1794 = DIRECTION('',(1.,-2.609024107869E-15,5.551115123126E-17));
#1795 = AXIS2_PLACEMENT_3D('',#1796,#1797,#1798);
#1796 = CARTESIAN_POINT('',(-9.991230065509E-14,-17.78,
    4.511946372077E-15));
#1797 = DIRECTION('',(-5.551115123126E-17,1.110223024625E-16,1.));
#1798 = DIRECTION('',(1.,-2.609024107869E-15,5.551115123126E-17));
#1799 = AXIS2_PLACEMENT_3D('',#1800,#1801,#1802);
#1800 = CARTESIAN_POINT('',(-1.059752285926E-13,-20.32,
    4.793943020331E-15));
#1801 = DIRECTION('',(-5.551115123126E-17,1.110223024625E-16,1.));
#1802 = DIRECTION('',(1.,-2.609024107869E-15,5.551115123126E-17));
#1803 = AXIS2_PLACEMENT_3D('',#1804,#1805,#1806);
#1804 = CARTESIAN_POINT('',(-1.1203815653E-13,-22.86,5.075939668586E-15)
  );
#1805 = DIRECTION('',(-5.551115123126E-17,1.110223024625E-16,1.));
#1806 = DIRECTION('',(1.,-2.609024107869E-15,5.551115123126E-17));
#1807 = AXIS2_PLACEMENT_3D('',#1808,#1809,#1810);
#1808 = CARTESIAN_POINT('',(-2.766675777366E-15,22.86,-2.5));
#1809 = DIRECTION('',(-5.551115123126E-17,1.110223024625E-16,1.));
#1810 = DIRECTION('',(1.,-3.053113317719E-15,5.551115123126E-17));
#1811 = AXIS2_PLACEMENT_3D('',#1812,#1813,#1814);
#1812 = CARTESIAN_POINT('',(-8.829603714844E-15,20.32,-2.5));
#1813 = DIRECTION('',(-5.551115123126E-17,1.110223024625E-16,1.));
#1814 = DIRECTION('',(1.,-3.053113317719E-15,5.551115123126E-17));
#1815 = AXIS2_PLACEMENT_3D('',#1816,#1817,#1818);
#1816 = CARTESIAN_POINT('',(-1.489253165232E-14,17.78,-2.5));
#1817 = DIRECTION('',(-5.551115123126E-17,1.110223024625E-16,1.));
#1818 = DIRECTION('',(1.,-3.053113317719E-15,5.551115123126E-17));
#1819 = AXIS2_PLACEMENT_3D('',#1820,#1821,#1822);
#1820 = CARTESIAN_POINT('',(-2.09554595898E-14,15.24,-2.5));
#1821 = DIRECTION('',(-5.551115123126E-17,1.110223024625E-16,1.));
#1822 = DIRECTION('',(1.,-3.053113317719E-15,5.551115123126E-17));
#1823 = AXIS2_PLACEMENT_3D('',#1824,#1825,#1826);
#1824 = CARTESIAN_POINT('',(-2.701838752728E-14,12.7,-2.5));
#1825 = DIRECTION('',(-5.551115123126E-17,1.110223024625E-16,1.));
#1826 = DIRECTION('',(1.,-3.053113317719E-15,5.551115123126E-17));
#1827 = AXIS2_PLACEMENT_3D('',#1828,#1829,#1830);
#1828 = CARTESIAN_POINT('',(-3.308131546476E-14,10.16,-2.5));
#1829 = DIRECTION('',(-5.551115123126E-17,1.110223024625E-16,1.));
#1830 = DIRECTION('',(1.,-3.053113317719E-15,5.551115123126E-17));
#1831 = AXIS2_PLACEMENT_3D('',#1832,#1833,#1834);
#1832 = CARTESIAN_POINT('',(-3.914424340223E-14,7.62,-2.5));
#1833 = DIRECTION('',(-5.551115123126E-17,1.110223024625E-16,1.));
#1834 = DIRECTION('',(1.,-3.053113317719E-15,5.551115123126E-17));
#1835 = AXIS2_PLACEMENT_3D('',#1836,#1837,#1838);
#1836 = CARTESIAN_POINT('',(-3.914424340223E-14,7.62,-2.5));
#1837 = DIRECTION('',(-5.551115123126E-17,1.110223024625E-16,1.));
#1838 = DIRECTION('',(1.,-3.053113317719E-15,5.551115123126E-17));
#1839 = AXIS2_PLACEMENT_3D('',#1840,#1841,#1842);
#1840 = CARTESIAN_POINT('',(-4.520717133971E-14,5.08,-2.5));
#1841 = DIRECTION('',(-5.551115123126E-17,1.110223024625E-16,1.));
#1842 = DIRECTION('',(1.,-3.053113317719E-15,5.551115123126E-17));
#1843 = AXIS2_PLACEMENT_3D('',#1844,#1845,#1846);
#1844 = CARTESIAN_POINT('',(-5.127009927719E-14,2.54,-2.5));
#1845 = DIRECTION('',(-5.551115123126E-17,1.110223024625E-16,1.));
#1846 = DIRECTION('',(1.,-3.053113317719E-15,5.551115123126E-17));
#1847 = AXIS2_PLACEMENT_3D('',#1848,#1849,#1850);
#1848 = CARTESIAN_POINT('',(-5.733302721467E-14,-3.830269434957E-15,-2.5
    ));
#1849 = DIRECTION('',(-5.551115123126E-17,1.110223024625E-16,1.));
#1850 = DIRECTION('',(1.,-3.053113317719E-15,5.551115123126E-17));
#1851 = AXIS2_PLACEMENT_3D('',#1852,#1853,#1854);
#1852 = CARTESIAN_POINT('',(-6.339595515215E-14,-2.54,-2.5));
#1853 = DIRECTION('',(-5.551115123126E-17,1.110223024625E-16,1.));
#1854 = DIRECTION('',(1.,-3.053113317719E-15,5.551115123126E-17));
#1855 = AXIS2_PLACEMENT_3D('',#1856,#1857,#1858);
#1856 = CARTESIAN_POINT('',(-6.945888308962E-14,-5.08,-2.5));
#1857 = DIRECTION('',(-5.551115123126E-17,1.110223024625E-16,1.));
#1858 = DIRECTION('',(1.,-3.053113317719E-15,5.551115123126E-17));
#1859 = AXIS2_PLACEMENT_3D('',#1860,#1861,#1862);
#1860 = CARTESIAN_POINT('',(-7.55218110271E-14,-7.62,-2.5));
#1861 = DIRECTION('',(-5.551115123126E-17,1.110223024625E-16,1.));
#1862 = DIRECTION('',(1.,-3.053113317719E-15,5.551115123126E-17));
#1863 = AXIS2_PLACEMENT_3D('',#1864,#1865,#1866);
#1864 = CARTESIAN_POINT('',(-8.158473896458E-14,-10.16,-2.5));
#1865 = DIRECTION('',(-5.551115123126E-17,1.110223024625E-16,1.));
#1866 = DIRECTION('',(1.,-3.053113317719E-15,5.551115123126E-17));
#1867 = AXIS2_PLACEMENT_3D('',#1868,#1869,#1870);
#1868 = CARTESIAN_POINT('',(-8.764766690206E-14,-12.7,-2.5));
#1869 = DIRECTION('',(-5.551115123126E-17,1.110223024625E-16,1.));
#1870 = DIRECTION('',(1.,-3.053113317719E-15,5.551115123126E-17));
#1871 = AXIS2_PLACEMENT_3D('',#1872,#1873,#1874);
#1872 = CARTESIAN_POINT('',(-9.371059483954E-14,-15.24,-2.5));
#1873 = DIRECTION('',(-5.551115123126E-17,1.110223024625E-16,1.));
#1874 = DIRECTION('',(1.,-3.053113317719E-15,5.551115123126E-17));
#1875 = AXIS2_PLACEMENT_3D('',#1876,#1877,#1878);
#1876 = CARTESIAN_POINT('',(-9.977352277701E-14,-17.78,-2.5));
#1877 = DIRECTION('',(-5.551115123126E-17,1.110223024625E-16,1.));
#1878 = DIRECTION('',(1.,-3.053113317719E-15,5.551115123126E-17));
#1879 = AXIS2_PLACEMENT_3D('',#1880,#1881,#1882);
#1880 = CARTESIAN_POINT('',(-1.058364507145E-13,-20.32,-2.5));
#1881 = DIRECTION('',(-5.551115123126E-17,1.110223024625E-16,1.));
#1882 = DIRECTION('',(1.,-3.053113317719E-15,5.551115123126E-17));
#1883 = AXIS2_PLACEMENT_3D('',#1884,#1885,#1886);
#1884 = CARTESIAN_POINT('',(-1.11899378652E-13,-22.86,-2.5));
#1885 = DIRECTION('',(-5.551115123126E-17,1.110223024625E-16,1.));
#1886 = DIRECTION('',(1.,-3.053113317719E-15,5.551115123126E-17));
#1887 = AXIS2_PLACEMENT_3D('',#1888,#1889,#1890);
#1888 = CARTESIAN_POINT('',(0.,0.,0.));
#1889 = DIRECTION('',(0.,0.,1.));
#1890 = DIRECTION('',(1.,0.,0.));
#1891 = ( GEOMETRIC_REPRESENTATION_CONTEXT(3) 
GLOBAL_UNCERTAINTY_ASSIGNED_CONTEXT((#1895)) 
GLOBAL_UNIT_ASSIGNED_CONTEXT((#1892,#1893,#1894)) REPRESENTATION_CONTEXT
('Context #1','3D Context with UNIT and UNCERTAINTY') );
#1892 = ( LENGTH_UNIT() NAMED_UNIT(*) SI_UNIT(.MILLI.,.METRE.) );
#1893 = ( NAMED_UNIT(*) PLANE_ANGLE_UNIT() SI_UNIT($,.RADIAN.) );
#1894 = ( NAMED_UNIT(*) SI_UNIT($,.STERADIAN.) SOLID_ANGLE_UNIT() );
#1895 = UNCERTAINTY_MEASURE_WITH_UNIT(LENGTH_MEASURE(1.E-07),#1892,
  'distance_accuracy_value','confusion accuracy');
#1896 = CONTEXT_DEPENDENT_SHAPE_REPRESENTATION(#1897,#1899);
#1897 = ( REPRESENTATION_RELATIONSHIP('','',#1722,#10) 
REPRESENTATION_RELATIONSHIP_WITH_TRANSFORMATION(#1898) 
SHAPE_REPRESENTATION_RELATIONSHIP() );
#1898 = ITEM_DEFINED_TRANSFORMATION('','',#11,#23);
#1899 = PRODUCT_DEFINITION_SHAPE('Placement','Placement of an item',
  #1900);
#1900 = NEXT_ASSEMBLY_USAGE_OCCURRENCE('45','Pin_Header','',#5,#1717,$);
#1901 = PRODUCT_RELATED_PRODUCT_CATEGORY('part',$,(#1719));
#1902 = SHAPE_DEFINITION_REPRESENTATION(#1903,#1909);
#1903 = PRODUCT_DEFINITION_SHAPE('','',#1904);
#1904 = PRODUCT_DEFINITION('design','',#1905,#1908);
#1905 = PRODUCT_DEFINITION_FORMATION('','',#1906);
#1906 = PRODUCT('LCS_Origin','LCS_Origin','',(#1907));
#1907 = PRODUCT_CONTEXT('',#2,'mechanical');
#1908 = PRODUCT_DEFINITION_CONTEXT('part definition',#2,'design');
#1909 = MANIFOLD_SURFACE_SHAPE_REPRESENTATION('',(#11),#1910);
#1910 = ( GEOMETRIC_REPRESENTATION_CONTEXT(3) 
GLOBAL_UNCERTAINTY_ASSIGNED_CONTEXT((#1914)) 
GLOBAL_UNIT_ASSIGNED_CONTEXT((#1911,#1912,#1913)) REPRESENTATION_CONTEXT
('Context #1','3D Context with UNIT and UNCERTAINTY') );
#1911 = ( LENGTH_UNIT() NAMED_UNIT(*) SI_UNIT(.MILLI.,.METRE.) );
#1912 = ( NAMED_UNIT(*) PLANE_ANGLE_UNIT() SI_UNIT($,.RADIAN.) );
#1913 = ( NAMED_UNIT(*) SI_UNIT($,.STERADIAN.) SOLID_ANGLE_UNIT() );
#1914 = UNCERTAINTY_MEASURE_WITH_UNIT(LENGTH_MEASURE(1.E-07),#1911,
  'distance_accuracy_value','confusion accuracy');
#1915 = CONTEXT_DEPENDENT_SHAPE_REPRESENTATION(#1916,#1918);
#1916 = ( REPRESENTATION_RELATIONSHIP('','',#1909,#1722) 
REPRESENTATION_RELATIONSHIP_WITH_TRANSFORMATION(#1917) 
SHAPE_REPRESENTATION_RELATIONSHIP() );
#1917 = ITEM_DEFINED_TRANSFORMATION('','',#11,#1723);
#1918 = PRODUCT_DEFINITION_SHAPE('Placement','Placement of an item',
  #1919);
#1919 = NEXT_ASSEMBLY_USAGE_OCCURRENCE('3','LCS_Origin','',#1717,#1904,$
  );
#1920 = PRODUCT_RELATED_PRODUCT_CATEGORY('part',$,(#1906));
#1921 = SHAPE_DEFINITION_REPRESENTATION(#1922,#1928);
#1922 = PRODUCT_DEFINITION_SHAPE('','',#1923);
#1923 = PRODUCT_DEFINITION('design','',#1924,#1927);
#1924 = PRODUCT_DEFINITION_FORMATION('','',#1925);
#1925 = PRODUCT('Parte plastica','Parte plastica','',(#1926));
#1926 = PRODUCT_CONTEXT('',#2,'mechanical');
#1927 = PRODUCT_DEFINITION_CONTEXT('part definition',#2,'design');
#1928 = ADVANCED_BREP_SHAPE_REPRESENTATION('',(#11,#1929),#5775);
#1929 = MANIFOLD_SOLID_BREP('',#1930);
#1930 = CLOSED_SHELL('',(#1931,#1971,#2002,#2033,#2064,#2095,#2126,#2157
    ,#2188,#2219,#2250,#2281,#2312,#2343,#2374,#2405,#2436,#2467,#2498,
    #2529,#2560,#2591,#2622,#2653,#2684,#2715,#2746,#2777,#2808,#2839,
    #2870,#2901,#2932,#2963,#2994,#3025,#3056,#3087,#3118,#3149,#3180,
    #3211,#3242,#3273,#3304,#3335,#3366,#3397,#3428,#3459,#3490,#3521,
    #3552,#3583,#3614,#3645,#3676,#3707,#3738,#3769,#3800,#3831,#3862,
    #3893,#3924,#3955,#3986,#4017,#4048,#4079,#4110,#4141,#4172,#4203,
    #4234,#4265,#4296,#4327,#4358,#4389,#4420,#4451,#4482,#4513,#4544,
    #4575,#4606,#4637,#4668,#4699,#4730,#4761,#4792,#4823,#4854,#4885,
    #4916,#4947,#4978,#5009,#5040,#5071,#5102,#5133,#5164,#5195,#5226,
    #5257,#5288,#5319,#5350,#5381,#5412,#5443,#5474,#5505,#5527,#5651));
#1931 = ADVANCED_FACE('',(#1932),#1966,.F.);
#1932 = FACE_BOUND('',#1933,.F.);
#1933 = EDGE_LOOP('',(#1934,#1944,#1952,#1960));
#1934 = ORIENTED_EDGE('',*,*,#1935,.T.);
#1935 = EDGE_CURVE('',#1936,#1938,#1940,.T.);
#1936 = VERTEX_POINT('',#1937);
#1937 = CARTESIAN_POINT('',(-0.75,24.13,0.));
#1938 = VERTEX_POINT('',#1939);
#1939 = CARTESIAN_POINT('',(-0.75,24.13,2.5));
#1940 = LINE('',#1941,#1942);
#1941 = CARTESIAN_POINT('',(-0.75,24.13,0.));
#1942 = VECTOR('',#1943,1.);
#1943 = DIRECTION('',(0.,0.,1.));
#1944 = ORIENTED_EDGE('',*,*,#1945,.T.);
#1945 = EDGE_CURVE('',#1938,#1946,#1948,.T.);
#1946 = VERTEX_POINT('',#1947);
#1947 = CARTESIAN_POINT('',(-1.25,23.63,2.5));
#1948 = LINE('',#1949,#1950);
#1949 = CARTESIAN_POINT('',(-0.75,24.13,2.5));
#1950 = VECTOR('',#1951,1.);
#1951 = DIRECTION('',(-0.707106781187,-0.707106781187,0.));
#1952 = ORIENTED_EDGE('',*,*,#1953,.F.);
#1953 = EDGE_CURVE('',#1954,#1946,#1956,.T.);
#1954 = VERTEX_POINT('',#1955);
#1955 = CARTESIAN_POINT('',(-1.25,23.63,0.));
#1956 = LINE('',#1957,#1958);
#1957 = CARTESIAN_POINT('',(-1.25,23.63,0.));
#1958 = VECTOR('',#1959,1.);
#1959 = DIRECTION('',(0.,0.,1.));
#1960 = ORIENTED_EDGE('',*,*,#1961,.F.);
#1961 = EDGE_CURVE('',#1936,#1954,#1962,.T.);
#1962 = LINE('',#1963,#1964);
#1963 = CARTESIAN_POINT('',(-0.75,24.13,0.));
#1964 = VECTOR('',#1965,1.);
#1965 = DIRECTION('',(-0.707106781187,-0.707106781187,0.));
#1966 = PLANE('',#1967);
#1967 = AXIS2_PLACEMENT_3D('',#1968,#1969,#1970);
#1968 = CARTESIAN_POINT('',(-0.75,24.13,0.));
#1969 = DIRECTION('',(0.707106781187,-0.707106781187,0.));
#1970 = DIRECTION('',(-0.707106781187,-0.707106781187,0.));
#1971 = ADVANCED_FACE('',(#1972),#1997,.F.);
#1972 = FACE_BOUND('',#1973,.F.);
#1973 = EDGE_LOOP('',(#1974,#1975,#1983,#1991));
#1974 = ORIENTED_EDGE('',*,*,#1953,.T.);
#1975 = ORIENTED_EDGE('',*,*,#1976,.T.);
#1976 = EDGE_CURVE('',#1946,#1977,#1979,.T.);
#1977 = VERTEX_POINT('',#1978);
#1978 = CARTESIAN_POINT('',(-1.25,22.09,2.5));
#1979 = LINE('',#1980,#1981);
#1980 = CARTESIAN_POINT('',(-1.25,23.63,2.5));
#1981 = VECTOR('',#1982,1.);
#1982 = DIRECTION('',(0.,-1.,0.));
#1983 = ORIENTED_EDGE('',*,*,#1984,.F.);
#1984 = EDGE_CURVE('',#1985,#1977,#1987,.T.);
#1985 = VERTEX_POINT('',#1986);
#1986 = CARTESIAN_POINT('',(-1.25,22.09,0.));
#1987 = LINE('',#1988,#1989);
#1988 = CARTESIAN_POINT('',(-1.25,22.09,0.));
#1989 = VECTOR('',#1990,1.);
#1990 = DIRECTION('',(0.,0.,1.));
#1991 = ORIENTED_EDGE('',*,*,#1992,.F.);
#1992 = EDGE_CURVE('',#1954,#1985,#1993,.T.);
#1993 = LINE('',#1994,#1995);
#1994 = CARTESIAN_POINT('',(-1.25,23.63,0.));
#1995 = VECTOR('',#1996,1.);
#1996 = DIRECTION('',(0.,-1.,0.));
#1997 = PLANE('',#1998);
#1998 = AXIS2_PLACEMENT_3D('',#1999,#2000,#2001);
#1999 = CARTESIAN_POINT('',(-1.25,23.63,0.));
#2000 = DIRECTION('',(1.,0.,0.));
#2001 = DIRECTION('',(0.,-1.,0.));
#2002 = ADVANCED_FACE('',(#2003),#2028,.F.);
#2003 = FACE_BOUND('',#2004,.F.);
#2004 = EDGE_LOOP('',(#2005,#2006,#2014,#2022));
#2005 = ORIENTED_EDGE('',*,*,#1984,.T.);
#2006 = ORIENTED_EDGE('',*,*,#2007,.T.);
#2007 = EDGE_CURVE('',#1977,#2008,#2010,.T.);
#2008 = VERTEX_POINT('',#2009);
#2009 = CARTESIAN_POINT('',(-0.75,21.59,2.5));
#2010 = LINE('',#2011,#2012);
#2011 = CARTESIAN_POINT('',(-1.25,22.09,2.5));
#2012 = VECTOR('',#2013,1.);
#2013 = DIRECTION('',(0.707106781187,-0.707106781187,0.));
#2014 = ORIENTED_EDGE('',*,*,#2015,.F.);
#2015 = EDGE_CURVE('',#2016,#2008,#2018,.T.);
#2016 = VERTEX_POINT('',#2017);
#2017 = CARTESIAN_POINT('',(-0.75,21.59,0.));
#2018 = LINE('',#2019,#2020);
#2019 = CARTESIAN_POINT('',(-0.75,21.59,0.));
#2020 = VECTOR('',#2021,1.);
#2021 = DIRECTION('',(0.,0.,1.));
#2022 = ORIENTED_EDGE('',*,*,#2023,.F.);
#2023 = EDGE_CURVE('',#1985,#2016,#2024,.T.);
#2024 = LINE('',#2025,#2026);
#2025 = CARTESIAN_POINT('',(-1.25,22.09,0.));
#2026 = VECTOR('',#2027,1.);
#2027 = DIRECTION('',(0.707106781187,-0.707106781187,0.));
#2028 = PLANE('',#2029);
#2029 = AXIS2_PLACEMENT_3D('',#2030,#2031,#2032);
#2030 = CARTESIAN_POINT('',(-1.25,22.09,0.));
#2031 = DIRECTION('',(0.707106781187,0.707106781187,0.));
#2032 = DIRECTION('',(0.707106781187,-0.707106781187,0.));
#2033 = ADVANCED_FACE('',(#2034),#2059,.F.);
#2034 = FACE_BOUND('',#2035,.F.);
#2035 = EDGE_LOOP('',(#2036,#2037,#2045,#2053));
#2036 = ORIENTED_EDGE('',*,*,#2015,.T.);
#2037 = ORIENTED_EDGE('',*,*,#2038,.T.);
#2038 = EDGE_CURVE('',#2008,#2039,#2041,.T.);
#2039 = VERTEX_POINT('',#2040);
#2040 = CARTESIAN_POINT('',(-1.25,21.09,2.5));
#2041 = LINE('',#2042,#2043);
#2042 = CARTESIAN_POINT('',(-0.75,21.59,2.5));
#2043 = VECTOR('',#2044,1.);
#2044 = DIRECTION('',(-0.707106781187,-0.707106781187,0.));
#2045 = ORIENTED_EDGE('',*,*,#2046,.F.);
#2046 = EDGE_CURVE('',#2047,#2039,#2049,.T.);
#2047 = VERTEX_POINT('',#2048);
#2048 = CARTESIAN_POINT('',(-1.25,21.09,0.));
#2049 = LINE('',#2050,#2051);
#2050 = CARTESIAN_POINT('',(-1.25,21.09,0.));
#2051 = VECTOR('',#2052,1.);
#2052 = DIRECTION('',(0.,0.,1.));
#2053 = ORIENTED_EDGE('',*,*,#2054,.F.);
#2054 = EDGE_CURVE('',#2016,#2047,#2055,.T.);
#2055 = LINE('',#2056,#2057);
#2056 = CARTESIAN_POINT('',(-0.75,21.59,0.));
#2057 = VECTOR('',#2058,1.);
#2058 = DIRECTION('',(-0.707106781187,-0.707106781187,0.));
#2059 = PLANE('',#2060);
#2060 = AXIS2_PLACEMENT_3D('',#2061,#2062,#2063);
#2061 = CARTESIAN_POINT('',(-0.75,21.59,0.));
#2062 = DIRECTION('',(0.707106781187,-0.707106781187,0.));
#2063 = DIRECTION('',(-0.707106781187,-0.707106781187,0.));
#2064 = ADVANCED_FACE('',(#2065),#2090,.F.);
#2065 = FACE_BOUND('',#2066,.F.);
#2066 = EDGE_LOOP('',(#2067,#2068,#2076,#2084));
#2067 = ORIENTED_EDGE('',*,*,#2046,.T.);
#2068 = ORIENTED_EDGE('',*,*,#2069,.T.);
#2069 = EDGE_CURVE('',#2039,#2070,#2072,.T.);
#2070 = VERTEX_POINT('',#2071);
#2071 = CARTESIAN_POINT('',(-1.25,19.55,2.5));
#2072 = LINE('',#2073,#2074);
#2073 = CARTESIAN_POINT('',(-1.25,21.09,2.5));
#2074 = VECTOR('',#2075,1.);
#2075 = DIRECTION('',(0.,-1.,0.));
#2076 = ORIENTED_EDGE('',*,*,#2077,.F.);
#2077 = EDGE_CURVE('',#2078,#2070,#2080,.T.);
#2078 = VERTEX_POINT('',#2079);
#2079 = CARTESIAN_POINT('',(-1.25,19.55,0.));
#2080 = LINE('',#2081,#2082);
#2081 = CARTESIAN_POINT('',(-1.25,19.55,0.));
#2082 = VECTOR('',#2083,1.);
#2083 = DIRECTION('',(0.,0.,1.));
#2084 = ORIENTED_EDGE('',*,*,#2085,.F.);
#2085 = EDGE_CURVE('',#2047,#2078,#2086,.T.);
#2086 = LINE('',#2087,#2088);
#2087 = CARTESIAN_POINT('',(-1.25,21.09,0.));
#2088 = VECTOR('',#2089,1.);
#2089 = DIRECTION('',(0.,-1.,0.));
#2090 = PLANE('',#2091);
#2091 = AXIS2_PLACEMENT_3D('',#2092,#2093,#2094);
#2092 = CARTESIAN_POINT('',(-1.25,21.09,0.));
#2093 = DIRECTION('',(1.,0.,0.));
#2094 = DIRECTION('',(0.,-1.,0.));
#2095 = ADVANCED_FACE('',(#2096),#2121,.F.);
#2096 = FACE_BOUND('',#2097,.F.);
#2097 = EDGE_LOOP('',(#2098,#2099,#2107,#2115));
#2098 = ORIENTED_EDGE('',*,*,#2077,.T.);
#2099 = ORIENTED_EDGE('',*,*,#2100,.T.);
#2100 = EDGE_CURVE('',#2070,#2101,#2103,.T.);
#2101 = VERTEX_POINT('',#2102);
#2102 = CARTESIAN_POINT('',(-0.75,19.05,2.5));
#2103 = LINE('',#2104,#2105);
#2104 = CARTESIAN_POINT('',(-1.25,19.55,2.5));
#2105 = VECTOR('',#2106,1.);
#2106 = DIRECTION('',(0.707106781187,-0.707106781187,0.));
#2107 = ORIENTED_EDGE('',*,*,#2108,.F.);
#2108 = EDGE_CURVE('',#2109,#2101,#2111,.T.);
#2109 = VERTEX_POINT('',#2110);
#2110 = CARTESIAN_POINT('',(-0.75,19.05,0.));
#2111 = LINE('',#2112,#2113);
#2112 = CARTESIAN_POINT('',(-0.75,19.05,0.));
#2113 = VECTOR('',#2114,1.);
#2114 = DIRECTION('',(0.,0.,1.));
#2115 = ORIENTED_EDGE('',*,*,#2116,.F.);
#2116 = EDGE_CURVE('',#2078,#2109,#2117,.T.);
#2117 = LINE('',#2118,#2119);
#2118 = CARTESIAN_POINT('',(-1.25,19.55,0.));
#2119 = VECTOR('',#2120,1.);
#2120 = DIRECTION('',(0.707106781187,-0.707106781187,0.));
#2121 = PLANE('',#2122);
#2122 = AXIS2_PLACEMENT_3D('',#2123,#2124,#2125);
#2123 = CARTESIAN_POINT('',(-1.25,19.55,0.));
#2124 = DIRECTION('',(0.707106781187,0.707106781187,0.));
#2125 = DIRECTION('',(0.707106781187,-0.707106781187,0.));
#2126 = ADVANCED_FACE('',(#2127),#2152,.F.);
#2127 = FACE_BOUND('',#2128,.F.);
#2128 = EDGE_LOOP('',(#2129,#2130,#2138,#2146));
#2129 = ORIENTED_EDGE('',*,*,#2108,.T.);
#2130 = ORIENTED_EDGE('',*,*,#2131,.T.);
#2131 = EDGE_CURVE('',#2101,#2132,#2134,.T.);
#2132 = VERTEX_POINT('',#2133);
#2133 = CARTESIAN_POINT('',(-1.25,18.55,2.5));
#2134 = LINE('',#2135,#2136);
#2135 = CARTESIAN_POINT('',(-0.75,19.05,2.5));
#2136 = VECTOR('',#2137,1.);
#2137 = DIRECTION('',(-0.707106781187,-0.707106781187,0.));
#2138 = ORIENTED_EDGE('',*,*,#2139,.F.);
#2139 = EDGE_CURVE('',#2140,#2132,#2142,.T.);
#2140 = VERTEX_POINT('',#2141);
#2141 = CARTESIAN_POINT('',(-1.25,18.55,0.));
#2142 = LINE('',#2143,#2144);
#2143 = CARTESIAN_POINT('',(-1.25,18.55,0.));
#2144 = VECTOR('',#2145,1.);
#2145 = DIRECTION('',(0.,0.,1.));
#2146 = ORIENTED_EDGE('',*,*,#2147,.F.);
#2147 = EDGE_CURVE('',#2109,#2140,#2148,.T.);
#2148 = LINE('',#2149,#2150);
#2149 = CARTESIAN_POINT('',(-0.75,19.05,0.));
#2150 = VECTOR('',#2151,1.);
#2151 = DIRECTION('',(-0.707106781187,-0.707106781187,0.));
#2152 = PLANE('',#2153);
#2153 = AXIS2_PLACEMENT_3D('',#2154,#2155,#2156);
#2154 = CARTESIAN_POINT('',(-0.75,19.05,0.));
#2155 = DIRECTION('',(0.707106781187,-0.707106781187,0.));
#2156 = DIRECTION('',(-0.707106781187,-0.707106781187,0.));
#2157 = ADVANCED_FACE('',(#2158),#2183,.F.);
#2158 = FACE_BOUND('',#2159,.F.);
#2159 = EDGE_LOOP('',(#2160,#2161,#2169,#2177));
#2160 = ORIENTED_EDGE('',*,*,#2139,.T.);
#2161 = ORIENTED_EDGE('',*,*,#2162,.T.);
#2162 = EDGE_CURVE('',#2132,#2163,#2165,.T.);
#2163 = VERTEX_POINT('',#2164);
#2164 = CARTESIAN_POINT('',(-1.25,17.01,2.5));
#2165 = LINE('',#2166,#2167);
#2166 = CARTESIAN_POINT('',(-1.25,18.55,2.5));
#2167 = VECTOR('',#2168,1.);
#2168 = DIRECTION('',(0.,-1.,0.));
#2169 = ORIENTED_EDGE('',*,*,#2170,.F.);
#2170 = EDGE_CURVE('',#2171,#2163,#2173,.T.);
#2171 = VERTEX_POINT('',#2172);
#2172 = CARTESIAN_POINT('',(-1.25,17.01,0.));
#2173 = LINE('',#2174,#2175);
#2174 = CARTESIAN_POINT('',(-1.25,17.01,0.));
#2175 = VECTOR('',#2176,1.);
#2176 = DIRECTION('',(0.,0.,1.));
#2177 = ORIENTED_EDGE('',*,*,#2178,.F.);
#2178 = EDGE_CURVE('',#2140,#2171,#2179,.T.);
#2179 = LINE('',#2180,#2181);
#2180 = CARTESIAN_POINT('',(-1.25,18.55,0.));
#2181 = VECTOR('',#2182,1.);
#2182 = DIRECTION('',(0.,-1.,0.));
#2183 = PLANE('',#2184);
#2184 = AXIS2_PLACEMENT_3D('',#2185,#2186,#2187);
#2185 = CARTESIAN_POINT('',(-1.25,18.55,0.));
#2186 = DIRECTION('',(1.,0.,0.));
#2187 = DIRECTION('',(0.,-1.,0.));
#2188 = ADVANCED_FACE('',(#2189),#2214,.F.);
#2189 = FACE_BOUND('',#2190,.F.);
#2190 = EDGE_LOOP('',(#2191,#2192,#2200,#2208));
#2191 = ORIENTED_EDGE('',*,*,#2170,.T.);
#2192 = ORIENTED_EDGE('',*,*,#2193,.T.);
#2193 = EDGE_CURVE('',#2163,#2194,#2196,.T.);
#2194 = VERTEX_POINT('',#2195);
#2195 = CARTESIAN_POINT('',(-0.75,16.51,2.5));
#2196 = LINE('',#2197,#2198);
#2197 = CARTESIAN_POINT('',(-1.25,17.01,2.5));
#2198 = VECTOR('',#2199,1.);
#2199 = DIRECTION('',(0.707106781187,-0.707106781187,0.));
#2200 = ORIENTED_EDGE('',*,*,#2201,.F.);
#2201 = EDGE_CURVE('',#2202,#2194,#2204,.T.);
#2202 = VERTEX_POINT('',#2203);
#2203 = CARTESIAN_POINT('',(-0.75,16.51,0.));
#2204 = LINE('',#2205,#2206);
#2205 = CARTESIAN_POINT('',(-0.75,16.51,0.));
#2206 = VECTOR('',#2207,1.);
#2207 = DIRECTION('',(0.,0.,1.));
#2208 = ORIENTED_EDGE('',*,*,#2209,.F.);
#2209 = EDGE_CURVE('',#2171,#2202,#2210,.T.);
#2210 = LINE('',#2211,#2212);
#2211 = CARTESIAN_POINT('',(-1.25,17.01,0.));
#2212 = VECTOR('',#2213,1.);
#2213 = DIRECTION('',(0.707106781187,-0.707106781187,0.));
#2214 = PLANE('',#2215);
#2215 = AXIS2_PLACEMENT_3D('',#2216,#2217,#2218);
#2216 = CARTESIAN_POINT('',(-1.25,17.01,0.));
#2217 = DIRECTION('',(0.707106781187,0.707106781187,0.));
#2218 = DIRECTION('',(0.707106781187,-0.707106781187,0.));
#2219 = ADVANCED_FACE('',(#2220),#2245,.F.);
#2220 = FACE_BOUND('',#2221,.F.);
#2221 = EDGE_LOOP('',(#2222,#2223,#2231,#2239));
#2222 = ORIENTED_EDGE('',*,*,#2201,.T.);
#2223 = ORIENTED_EDGE('',*,*,#2224,.T.);
#2224 = EDGE_CURVE('',#2194,#2225,#2227,.T.);
#2225 = VERTEX_POINT('',#2226);
#2226 = CARTESIAN_POINT('',(-1.25,16.01,2.5));
#2227 = LINE('',#2228,#2229);
#2228 = CARTESIAN_POINT('',(-0.75,16.51,2.5));
#2229 = VECTOR('',#2230,1.);
#2230 = DIRECTION('',(-0.707106781187,-0.707106781187,0.));
#2231 = ORIENTED_EDGE('',*,*,#2232,.F.);
#2232 = EDGE_CURVE('',#2233,#2225,#2235,.T.);
#2233 = VERTEX_POINT('',#2234);
#2234 = CARTESIAN_POINT('',(-1.25,16.01,0.));
#2235 = LINE('',#2236,#2237);
#2236 = CARTESIAN_POINT('',(-1.25,16.01,0.));
#2237 = VECTOR('',#2238,1.);
#2238 = DIRECTION('',(0.,0.,1.));
#2239 = ORIENTED_EDGE('',*,*,#2240,.F.);
#2240 = EDGE_CURVE('',#2202,#2233,#2241,.T.);
#2241 = LINE('',#2242,#2243);
#2242 = CARTESIAN_POINT('',(-0.75,16.51,0.));
#2243 = VECTOR('',#2244,1.);
#2244 = DIRECTION('',(-0.707106781187,-0.707106781187,0.));
#2245 = PLANE('',#2246);
#2246 = AXIS2_PLACEMENT_3D('',#2247,#2248,#2249);
#2247 = CARTESIAN_POINT('',(-0.75,16.51,0.));
#2248 = DIRECTION('',(0.707106781187,-0.707106781187,0.));
#2249 = DIRECTION('',(-0.707106781187,-0.707106781187,0.));
#2250 = ADVANCED_FACE('',(#2251),#2276,.F.);
#2251 = FACE_BOUND('',#2252,.F.);
#2252 = EDGE_LOOP('',(#2253,#2254,#2262,#2270));
#2253 = ORIENTED_EDGE('',*,*,#2232,.T.);
#2254 = ORIENTED_EDGE('',*,*,#2255,.T.);
#2255 = EDGE_CURVE('',#2225,#2256,#2258,.T.);
#2256 = VERTEX_POINT('',#2257);
#2257 = CARTESIAN_POINT('',(-1.25,14.47,2.5));
#2258 = LINE('',#2259,#2260);
#2259 = CARTESIAN_POINT('',(-1.25,16.01,2.5));
#2260 = VECTOR('',#2261,1.);
#2261 = DIRECTION('',(0.,-1.,0.));
#2262 = ORIENTED_EDGE('',*,*,#2263,.F.);
#2263 = EDGE_CURVE('',#2264,#2256,#2266,.T.);
#2264 = VERTEX_POINT('',#2265);
#2265 = CARTESIAN_POINT('',(-1.25,14.47,0.));
#2266 = LINE('',#2267,#2268);
#2267 = CARTESIAN_POINT('',(-1.25,14.47,0.));
#2268 = VECTOR('',#2269,1.);
#2269 = DIRECTION('',(0.,0.,1.));
#2270 = ORIENTED_EDGE('',*,*,#2271,.F.);
#2271 = EDGE_CURVE('',#2233,#2264,#2272,.T.);
#2272 = LINE('',#2273,#2274);
#2273 = CARTESIAN_POINT('',(-1.25,16.01,0.));
#2274 = VECTOR('',#2275,1.);
#2275 = DIRECTION('',(0.,-1.,0.));
#2276 = PLANE('',#2277);
#2277 = AXIS2_PLACEMENT_3D('',#2278,#2279,#2280);
#2278 = CARTESIAN_POINT('',(-1.25,16.01,0.));
#2279 = DIRECTION('',(1.,0.,0.));
#2280 = DIRECTION('',(0.,-1.,0.));
#2281 = ADVANCED_FACE('',(#2282),#2307,.F.);
#2282 = FACE_BOUND('',#2283,.F.);
#2283 = EDGE_LOOP('',(#2284,#2285,#2293,#2301));
#2284 = ORIENTED_EDGE('',*,*,#2263,.T.);
#2285 = ORIENTED_EDGE('',*,*,#2286,.T.);
#2286 = EDGE_CURVE('',#2256,#2287,#2289,.T.);
#2287 = VERTEX_POINT('',#2288);
#2288 = CARTESIAN_POINT('',(-0.75,13.97,2.5));
#2289 = LINE('',#2290,#2291);
#2290 = CARTESIAN_POINT('',(-1.25,14.47,2.5));
#2291 = VECTOR('',#2292,1.);
#2292 = DIRECTION('',(0.707106781187,-0.707106781187,0.));
#2293 = ORIENTED_EDGE('',*,*,#2294,.F.);
#2294 = EDGE_CURVE('',#2295,#2287,#2297,.T.);
#2295 = VERTEX_POINT('',#2296);
#2296 = CARTESIAN_POINT('',(-0.75,13.97,0.));
#2297 = LINE('',#2298,#2299);
#2298 = CARTESIAN_POINT('',(-0.75,13.97,0.));
#2299 = VECTOR('',#2300,1.);
#2300 = DIRECTION('',(0.,0.,1.));
#2301 = ORIENTED_EDGE('',*,*,#2302,.F.);
#2302 = EDGE_CURVE('',#2264,#2295,#2303,.T.);
#2303 = LINE('',#2304,#2305);
#2304 = CARTESIAN_POINT('',(-1.25,14.47,0.));
#2305 = VECTOR('',#2306,1.);
#2306 = DIRECTION('',(0.707106781187,-0.707106781187,0.));
#2307 = PLANE('',#2308);
#2308 = AXIS2_PLACEMENT_3D('',#2309,#2310,#2311);
#2309 = CARTESIAN_POINT('',(-1.25,14.47,0.));
#2310 = DIRECTION('',(0.707106781187,0.707106781187,0.));
#2311 = DIRECTION('',(0.707106781187,-0.707106781187,0.));
#2312 = ADVANCED_FACE('',(#2313),#2338,.F.);
#2313 = FACE_BOUND('',#2314,.F.);
#2314 = EDGE_LOOP('',(#2315,#2316,#2324,#2332));
#2315 = ORIENTED_EDGE('',*,*,#2294,.T.);
#2316 = ORIENTED_EDGE('',*,*,#2317,.T.);
#2317 = EDGE_CURVE('',#2287,#2318,#2320,.T.);
#2318 = VERTEX_POINT('',#2319);
#2319 = CARTESIAN_POINT('',(-1.25,13.47,2.5));
#2320 = LINE('',#2321,#2322);
#2321 = CARTESIAN_POINT('',(-0.75,13.97,2.5));
#2322 = VECTOR('',#2323,1.);
#2323 = DIRECTION('',(-0.707106781187,-0.707106781187,0.));
#2324 = ORIENTED_EDGE('',*,*,#2325,.F.);
#2325 = EDGE_CURVE('',#2326,#2318,#2328,.T.);
#2326 = VERTEX_POINT('',#2327);
#2327 = CARTESIAN_POINT('',(-1.25,13.47,0.));
#2328 = LINE('',#2329,#2330);
#2329 = CARTESIAN_POINT('',(-1.25,13.47,0.));
#2330 = VECTOR('',#2331,1.);
#2331 = DIRECTION('',(0.,0.,1.));
#2332 = ORIENTED_EDGE('',*,*,#2333,.F.);
#2333 = EDGE_CURVE('',#2295,#2326,#2334,.T.);
#2334 = LINE('',#2335,#2336);
#2335 = CARTESIAN_POINT('',(-0.75,13.97,0.));
#2336 = VECTOR('',#2337,1.);
#2337 = DIRECTION('',(-0.707106781187,-0.707106781187,0.));
#2338 = PLANE('',#2339);
#2339 = AXIS2_PLACEMENT_3D('',#2340,#2341,#2342);
#2340 = CARTESIAN_POINT('',(-0.75,13.97,0.));
#2341 = DIRECTION('',(0.707106781187,-0.707106781187,0.));
#2342 = DIRECTION('',(-0.707106781187,-0.707106781187,0.));
#2343 = ADVANCED_FACE('',(#2344),#2369,.F.);
#2344 = FACE_BOUND('',#2345,.F.);
#2345 = EDGE_LOOP('',(#2346,#2347,#2355,#2363));
#2346 = ORIENTED_EDGE('',*,*,#2325,.T.);
#2347 = ORIENTED_EDGE('',*,*,#2348,.T.);
#2348 = EDGE_CURVE('',#2318,#2349,#2351,.T.);
#2349 = VERTEX_POINT('',#2350);
#2350 = CARTESIAN_POINT('',(-1.25,11.93,2.5));
#2351 = LINE('',#2352,#2353);
#2352 = CARTESIAN_POINT('',(-1.25,13.47,2.5));
#2353 = VECTOR('',#2354,1.);
#2354 = DIRECTION('',(0.,-1.,0.));
#2355 = ORIENTED_EDGE('',*,*,#2356,.F.);
#2356 = EDGE_CURVE('',#2357,#2349,#2359,.T.);
#2357 = VERTEX_POINT('',#2358);
#2358 = CARTESIAN_POINT('',(-1.25,11.93,0.));
#2359 = LINE('',#2360,#2361);
#2360 = CARTESIAN_POINT('',(-1.25,11.93,0.));
#2361 = VECTOR('',#2362,1.);
#2362 = DIRECTION('',(0.,0.,1.));
#2363 = ORIENTED_EDGE('',*,*,#2364,.F.);
#2364 = EDGE_CURVE('',#2326,#2357,#2365,.T.);
#2365 = LINE('',#2366,#2367);
#2366 = CARTESIAN_POINT('',(-1.25,13.47,0.));
#2367 = VECTOR('',#2368,1.);
#2368 = DIRECTION('',(0.,-1.,0.));
#2369 = PLANE('',#2370);
#2370 = AXIS2_PLACEMENT_3D('',#2371,#2372,#2373);
#2371 = CARTESIAN_POINT('',(-1.25,13.47,0.));
#2372 = DIRECTION('',(1.,0.,0.));
#2373 = DIRECTION('',(0.,-1.,0.));
#2374 = ADVANCED_FACE('',(#2375),#2400,.F.);
#2375 = FACE_BOUND('',#2376,.F.);
#2376 = EDGE_LOOP('',(#2377,#2378,#2386,#2394));
#2377 = ORIENTED_EDGE('',*,*,#2356,.T.);
#2378 = ORIENTED_EDGE('',*,*,#2379,.T.);
#2379 = EDGE_CURVE('',#2349,#2380,#2382,.T.);
#2380 = VERTEX_POINT('',#2381);
#2381 = CARTESIAN_POINT('',(-0.75,11.43,2.5));
#2382 = LINE('',#2383,#2384);
#2383 = CARTESIAN_POINT('',(-1.25,11.93,2.5));
#2384 = VECTOR('',#2385,1.);
#2385 = DIRECTION('',(0.707106781187,-0.707106781187,0.));
#2386 = ORIENTED_EDGE('',*,*,#2387,.F.);
#2387 = EDGE_CURVE('',#2388,#2380,#2390,.T.);
#2388 = VERTEX_POINT('',#2389);
#2389 = CARTESIAN_POINT('',(-0.75,11.43,0.));
#2390 = LINE('',#2391,#2392);
#2391 = CARTESIAN_POINT('',(-0.75,11.43,0.));
#2392 = VECTOR('',#2393,1.);
#2393 = DIRECTION('',(0.,0.,1.));
#2394 = ORIENTED_EDGE('',*,*,#2395,.F.);
#2395 = EDGE_CURVE('',#2357,#2388,#2396,.T.);
#2396 = LINE('',#2397,#2398);
#2397 = CARTESIAN_POINT('',(-1.25,11.93,0.));
#2398 = VECTOR('',#2399,1.);
#2399 = DIRECTION('',(0.707106781187,-0.707106781187,0.));
#2400 = PLANE('',#2401);
#2401 = AXIS2_PLACEMENT_3D('',#2402,#2403,#2404);
#2402 = CARTESIAN_POINT('',(-1.25,11.93,0.));
#2403 = DIRECTION('',(0.707106781187,0.707106781187,0.));
#2404 = DIRECTION('',(0.707106781187,-0.707106781187,0.));
#2405 = ADVANCED_FACE('',(#2406),#2431,.F.);
#2406 = FACE_BOUND('',#2407,.F.);
#2407 = EDGE_LOOP('',(#2408,#2409,#2417,#2425));
#2408 = ORIENTED_EDGE('',*,*,#2387,.T.);
#2409 = ORIENTED_EDGE('',*,*,#2410,.T.);
#2410 = EDGE_CURVE('',#2380,#2411,#2413,.T.);
#2411 = VERTEX_POINT('',#2412);
#2412 = CARTESIAN_POINT('',(-1.25,10.93,2.5));
#2413 = LINE('',#2414,#2415);
#2414 = CARTESIAN_POINT('',(-0.75,11.43,2.5));
#2415 = VECTOR('',#2416,1.);
#2416 = DIRECTION('',(-0.707106781187,-0.707106781187,0.));
#2417 = ORIENTED_EDGE('',*,*,#2418,.F.);
#2418 = EDGE_CURVE('',#2419,#2411,#2421,.T.);
#2419 = VERTEX_POINT('',#2420);
#2420 = CARTESIAN_POINT('',(-1.25,10.93,0.));
#2421 = LINE('',#2422,#2423);
#2422 = CARTESIAN_POINT('',(-1.25,10.93,0.));
#2423 = VECTOR('',#2424,1.);
#2424 = DIRECTION('',(0.,0.,1.));
#2425 = ORIENTED_EDGE('',*,*,#2426,.F.);
#2426 = EDGE_CURVE('',#2388,#2419,#2427,.T.);
#2427 = LINE('',#2428,#2429);
#2428 = CARTESIAN_POINT('',(-0.75,11.43,0.));
#2429 = VECTOR('',#2430,1.);
#2430 = DIRECTION('',(-0.707106781187,-0.707106781187,0.));
#2431 = PLANE('',#2432);
#2432 = AXIS2_PLACEMENT_3D('',#2433,#2434,#2435);
#2433 = CARTESIAN_POINT('',(-0.75,11.43,0.));
#2434 = DIRECTION('',(0.707106781187,-0.707106781187,0.));
#2435 = DIRECTION('',(-0.707106781187,-0.707106781187,0.));
#2436 = ADVANCED_FACE('',(#2437),#2462,.F.);
#2437 = FACE_BOUND('',#2438,.F.);
#2438 = EDGE_LOOP('',(#2439,#2440,#2448,#2456));
#2439 = ORIENTED_EDGE('',*,*,#2418,.T.);
#2440 = ORIENTED_EDGE('',*,*,#2441,.T.);
#2441 = EDGE_CURVE('',#2411,#2442,#2444,.T.);
#2442 = VERTEX_POINT('',#2443);
#2443 = CARTESIAN_POINT('',(-1.25,9.39,2.5));
#2444 = LINE('',#2445,#2446);
#2445 = CARTESIAN_POINT('',(-1.25,10.93,2.5));
#2446 = VECTOR('',#2447,1.);
#2447 = DIRECTION('',(0.,-1.,0.));
#2448 = ORIENTED_EDGE('',*,*,#2449,.F.);
#2449 = EDGE_CURVE('',#2450,#2442,#2452,.T.);
#2450 = VERTEX_POINT('',#2451);
#2451 = CARTESIAN_POINT('',(-1.25,9.39,0.));
#2452 = LINE('',#2453,#2454);
#2453 = CARTESIAN_POINT('',(-1.25,9.39,0.));
#2454 = VECTOR('',#2455,1.);
#2455 = DIRECTION('',(0.,0.,1.));
#2456 = ORIENTED_EDGE('',*,*,#2457,.F.);
#2457 = EDGE_CURVE('',#2419,#2450,#2458,.T.);
#2458 = LINE('',#2459,#2460);
#2459 = CARTESIAN_POINT('',(-1.25,10.93,0.));
#2460 = VECTOR('',#2461,1.);
#2461 = DIRECTION('',(0.,-1.,0.));
#2462 = PLANE('',#2463);
#2463 = AXIS2_PLACEMENT_3D('',#2464,#2465,#2466);
#2464 = CARTESIAN_POINT('',(-1.25,10.93,0.));
#2465 = DIRECTION('',(1.,0.,0.));
#2466 = DIRECTION('',(0.,-1.,0.));
#2467 = ADVANCED_FACE('',(#2468),#2493,.F.);
#2468 = FACE_BOUND('',#2469,.F.);
#2469 = EDGE_LOOP('',(#2470,#2471,#2479,#2487));
#2470 = ORIENTED_EDGE('',*,*,#2449,.T.);
#2471 = ORIENTED_EDGE('',*,*,#2472,.T.);
#2472 = EDGE_CURVE('',#2442,#2473,#2475,.T.);
#2473 = VERTEX_POINT('',#2474);
#2474 = CARTESIAN_POINT('',(-0.75,8.89,2.5));
#2475 = LINE('',#2476,#2477);
#2476 = CARTESIAN_POINT('',(-1.25,9.39,2.5));
#2477 = VECTOR('',#2478,1.);
#2478 = DIRECTION('',(0.707106781187,-0.707106781187,0.));
#2479 = ORIENTED_EDGE('',*,*,#2480,.F.);
#2480 = EDGE_CURVE('',#2481,#2473,#2483,.T.);
#2481 = VERTEX_POINT('',#2482);
#2482 = CARTESIAN_POINT('',(-0.75,8.89,0.));
#2483 = LINE('',#2484,#2485);
#2484 = CARTESIAN_POINT('',(-0.75,8.89,0.));
#2485 = VECTOR('',#2486,1.);
#2486 = DIRECTION('',(0.,0.,1.));
#2487 = ORIENTED_EDGE('',*,*,#2488,.F.);
#2488 = EDGE_CURVE('',#2450,#2481,#2489,.T.);
#2489 = LINE('',#2490,#2491);
#2490 = CARTESIAN_POINT('',(-1.25,9.39,0.));
#2491 = VECTOR('',#2492,1.);
#2492 = DIRECTION('',(0.707106781187,-0.707106781187,0.));
#2493 = PLANE('',#2494);
#2494 = AXIS2_PLACEMENT_3D('',#2495,#2496,#2497);
#2495 = CARTESIAN_POINT('',(-1.25,9.39,0.));
#2496 = DIRECTION('',(0.707106781187,0.707106781187,0.));
#2497 = DIRECTION('',(0.707106781187,-0.707106781187,0.));
#2498 = ADVANCED_FACE('',(#2499),#2524,.F.);
#2499 = FACE_BOUND('',#2500,.F.);
#2500 = EDGE_LOOP('',(#2501,#2502,#2510,#2518));
#2501 = ORIENTED_EDGE('',*,*,#2480,.T.);
#2502 = ORIENTED_EDGE('',*,*,#2503,.T.);
#2503 = EDGE_CURVE('',#2473,#2504,#2506,.T.);
#2504 = VERTEX_POINT('',#2505);
#2505 = CARTESIAN_POINT('',(-1.25,8.39,2.5));
#2506 = LINE('',#2507,#2508);
#2507 = CARTESIAN_POINT('',(-0.75,8.89,2.5));
#2508 = VECTOR('',#2509,1.);
#2509 = DIRECTION('',(-0.707106781187,-0.707106781187,0.));
#2510 = ORIENTED_EDGE('',*,*,#2511,.F.);
#2511 = EDGE_CURVE('',#2512,#2504,#2514,.T.);
#2512 = VERTEX_POINT('',#2513);
#2513 = CARTESIAN_POINT('',(-1.25,8.39,0.));
#2514 = LINE('',#2515,#2516);
#2515 = CARTESIAN_POINT('',(-1.25,8.39,0.));
#2516 = VECTOR('',#2517,1.);
#2517 = DIRECTION('',(0.,0.,1.));
#2518 = ORIENTED_EDGE('',*,*,#2519,.F.);
#2519 = EDGE_CURVE('',#2481,#2512,#2520,.T.);
#2520 = LINE('',#2521,#2522);
#2521 = CARTESIAN_POINT('',(-0.75,8.89,0.));
#2522 = VECTOR('',#2523,1.);
#2523 = DIRECTION('',(-0.707106781187,-0.707106781187,0.));
#2524 = PLANE('',#2525);
#2525 = AXIS2_PLACEMENT_3D('',#2526,#2527,#2528);
#2526 = CARTESIAN_POINT('',(-0.75,8.89,0.));
#2527 = DIRECTION('',(0.707106781187,-0.707106781187,0.));
#2528 = DIRECTION('',(-0.707106781187,-0.707106781187,0.));
#2529 = ADVANCED_FACE('',(#2530),#2555,.F.);
#2530 = FACE_BOUND('',#2531,.F.);
#2531 = EDGE_LOOP('',(#2532,#2533,#2541,#2549));
#2532 = ORIENTED_EDGE('',*,*,#2511,.T.);
#2533 = ORIENTED_EDGE('',*,*,#2534,.T.);
#2534 = EDGE_CURVE('',#2504,#2535,#2537,.T.);
#2535 = VERTEX_POINT('',#2536);
#2536 = CARTESIAN_POINT('',(-1.25,6.85,2.5));
#2537 = LINE('',#2538,#2539);
#2538 = CARTESIAN_POINT('',(-1.25,8.39,2.5));
#2539 = VECTOR('',#2540,1.);
#2540 = DIRECTION('',(0.,-1.,0.));
#2541 = ORIENTED_EDGE('',*,*,#2542,.F.);
#2542 = EDGE_CURVE('',#2543,#2535,#2545,.T.);
#2543 = VERTEX_POINT('',#2544);
#2544 = CARTESIAN_POINT('',(-1.25,6.85,0.));
#2545 = LINE('',#2546,#2547);
#2546 = CARTESIAN_POINT('',(-1.25,6.85,0.));
#2547 = VECTOR('',#2548,1.);
#2548 = DIRECTION('',(0.,0.,1.));
#2549 = ORIENTED_EDGE('',*,*,#2550,.F.);
#2550 = EDGE_CURVE('',#2512,#2543,#2551,.T.);
#2551 = LINE('',#2552,#2553);
#2552 = CARTESIAN_POINT('',(-1.25,8.39,0.));
#2553 = VECTOR('',#2554,1.);
#2554 = DIRECTION('',(0.,-1.,0.));
#2555 = PLANE('',#2556);
#2556 = AXIS2_PLACEMENT_3D('',#2557,#2558,#2559);
#2557 = CARTESIAN_POINT('',(-1.25,8.39,0.));
#2558 = DIRECTION('',(1.,0.,0.));
#2559 = DIRECTION('',(0.,-1.,0.));
#2560 = ADVANCED_FACE('',(#2561),#2586,.F.);
#2561 = FACE_BOUND('',#2562,.F.);
#2562 = EDGE_LOOP('',(#2563,#2564,#2572,#2580));
#2563 = ORIENTED_EDGE('',*,*,#2542,.T.);
#2564 = ORIENTED_EDGE('',*,*,#2565,.T.);
#2565 = EDGE_CURVE('',#2535,#2566,#2568,.T.);
#2566 = VERTEX_POINT('',#2567);
#2567 = CARTESIAN_POINT('',(-0.75,6.35,2.5));
#2568 = LINE('',#2569,#2570);
#2569 = CARTESIAN_POINT('',(-1.25,6.85,2.5));
#2570 = VECTOR('',#2571,1.);
#2571 = DIRECTION('',(0.707106781187,-0.707106781187,0.));
#2572 = ORIENTED_EDGE('',*,*,#2573,.F.);
#2573 = EDGE_CURVE('',#2574,#2566,#2576,.T.);
#2574 = VERTEX_POINT('',#2575);
#2575 = CARTESIAN_POINT('',(-0.75,6.35,0.));
#2576 = LINE('',#2577,#2578);
#2577 = CARTESIAN_POINT('',(-0.75,6.35,0.));
#2578 = VECTOR('',#2579,1.);
#2579 = DIRECTION('',(0.,0.,1.));
#2580 = ORIENTED_EDGE('',*,*,#2581,.F.);
#2581 = EDGE_CURVE('',#2543,#2574,#2582,.T.);
#2582 = LINE('',#2583,#2584);
#2583 = CARTESIAN_POINT('',(-1.25,6.85,0.));
#2584 = VECTOR('',#2585,1.);
#2585 = DIRECTION('',(0.707106781187,-0.707106781187,0.));
#2586 = PLANE('',#2587);
#2587 = AXIS2_PLACEMENT_3D('',#2588,#2589,#2590);
#2588 = CARTESIAN_POINT('',(-1.25,6.85,0.));
#2589 = DIRECTION('',(0.707106781187,0.707106781187,0.));
#2590 = DIRECTION('',(0.707106781187,-0.707106781187,0.));
#2591 = ADVANCED_FACE('',(#2592),#2617,.F.);
#2592 = FACE_BOUND('',#2593,.F.);
#2593 = EDGE_LOOP('',(#2594,#2595,#2603,#2611));
#2594 = ORIENTED_EDGE('',*,*,#2573,.T.);
#2595 = ORIENTED_EDGE('',*,*,#2596,.T.);
#2596 = EDGE_CURVE('',#2566,#2597,#2599,.T.);
#2597 = VERTEX_POINT('',#2598);
#2598 = CARTESIAN_POINT('',(-1.25,5.85,2.5));
#2599 = LINE('',#2600,#2601);
#2600 = CARTESIAN_POINT('',(-0.75,6.35,2.5));
#2601 = VECTOR('',#2602,1.);
#2602 = DIRECTION('',(-0.707106781187,-0.707106781187,0.));
#2603 = ORIENTED_EDGE('',*,*,#2604,.F.);
#2604 = EDGE_CURVE('',#2605,#2597,#2607,.T.);
#2605 = VERTEX_POINT('',#2606);
#2606 = CARTESIAN_POINT('',(-1.25,5.85,0.));
#2607 = LINE('',#2608,#2609);
#2608 = CARTESIAN_POINT('',(-1.25,5.85,0.));
#2609 = VECTOR('',#2610,1.);
#2610 = DIRECTION('',(0.,0.,1.));
#2611 = ORIENTED_EDGE('',*,*,#2612,.F.);
#2612 = EDGE_CURVE('',#2574,#2605,#2613,.T.);
#2613 = LINE('',#2614,#2615);
#2614 = CARTESIAN_POINT('',(-0.75,6.35,0.));
#2615 = VECTOR('',#2616,1.);
#2616 = DIRECTION('',(-0.707106781187,-0.707106781187,0.));
#2617 = PLANE('',#2618);
#2618 = AXIS2_PLACEMENT_3D('',#2619,#2620,#2621);
#2619 = CARTESIAN_POINT('',(-0.75,6.35,0.));
#2620 = DIRECTION('',(0.707106781187,-0.707106781187,0.));
#2621 = DIRECTION('',(-0.707106781187,-0.707106781187,0.));
#2622 = ADVANCED_FACE('',(#2623),#2648,.F.);
#2623 = FACE_BOUND('',#2624,.F.);
#2624 = EDGE_LOOP('',(#2625,#2626,#2634,#2642));
#2625 = ORIENTED_EDGE('',*,*,#2604,.T.);
#2626 = ORIENTED_EDGE('',*,*,#2627,.T.);
#2627 = EDGE_CURVE('',#2597,#2628,#2630,.T.);
#2628 = VERTEX_POINT('',#2629);
#2629 = CARTESIAN_POINT('',(-1.25,4.31,2.5));
#2630 = LINE('',#2631,#2632);
#2631 = CARTESIAN_POINT('',(-1.25,5.85,2.5));
#2632 = VECTOR('',#2633,1.);
#2633 = DIRECTION('',(0.,-1.,0.));
#2634 = ORIENTED_EDGE('',*,*,#2635,.F.);
#2635 = EDGE_CURVE('',#2636,#2628,#2638,.T.);
#2636 = VERTEX_POINT('',#2637);
#2637 = CARTESIAN_POINT('',(-1.25,4.31,0.));
#2638 = LINE('',#2639,#2640);
#2639 = CARTESIAN_POINT('',(-1.25,4.31,0.));
#2640 = VECTOR('',#2641,1.);
#2641 = DIRECTION('',(0.,0.,1.));
#2642 = ORIENTED_EDGE('',*,*,#2643,.F.);
#2643 = EDGE_CURVE('',#2605,#2636,#2644,.T.);
#2644 = LINE('',#2645,#2646);
#2645 = CARTESIAN_POINT('',(-1.25,5.85,0.));
#2646 = VECTOR('',#2647,1.);
#2647 = DIRECTION('',(0.,-1.,0.));
#2648 = PLANE('',#2649);
#2649 = AXIS2_PLACEMENT_3D('',#2650,#2651,#2652);
#2650 = CARTESIAN_POINT('',(-1.25,5.85,0.));
#2651 = DIRECTION('',(1.,0.,0.));
#2652 = DIRECTION('',(0.,-1.,0.));
#2653 = ADVANCED_FACE('',(#2654),#2679,.F.);
#2654 = FACE_BOUND('',#2655,.F.);
#2655 = EDGE_LOOP('',(#2656,#2657,#2665,#2673));
#2656 = ORIENTED_EDGE('',*,*,#2635,.T.);
#2657 = ORIENTED_EDGE('',*,*,#2658,.T.);
#2658 = EDGE_CURVE('',#2628,#2659,#2661,.T.);
#2659 = VERTEX_POINT('',#2660);
#2660 = CARTESIAN_POINT('',(-0.75,3.81,2.5));
#2661 = LINE('',#2662,#2663);
#2662 = CARTESIAN_POINT('',(-1.25,4.31,2.5));
#2663 = VECTOR('',#2664,1.);
#2664 = DIRECTION('',(0.707106781187,-0.707106781187,0.));
#2665 = ORIENTED_EDGE('',*,*,#2666,.F.);
#2666 = EDGE_CURVE('',#2667,#2659,#2669,.T.);
#2667 = VERTEX_POINT('',#2668);
#2668 = CARTESIAN_POINT('',(-0.75,3.81,0.));
#2669 = LINE('',#2670,#2671);
#2670 = CARTESIAN_POINT('',(-0.75,3.81,0.));
#2671 = VECTOR('',#2672,1.);
#2672 = DIRECTION('',(0.,0.,1.));
#2673 = ORIENTED_EDGE('',*,*,#2674,.F.);
#2674 = EDGE_CURVE('',#2636,#2667,#2675,.T.);
#2675 = LINE('',#2676,#2677);
#2676 = CARTESIAN_POINT('',(-1.25,4.31,0.));
#2677 = VECTOR('',#2678,1.);
#2678 = DIRECTION('',(0.707106781187,-0.707106781187,0.));
#2679 = PLANE('',#2680);
#2680 = AXIS2_PLACEMENT_3D('',#2681,#2682,#2683);
#2681 = CARTESIAN_POINT('',(-1.25,4.31,0.));
#2682 = DIRECTION('',(0.707106781187,0.707106781187,0.));
#2683 = DIRECTION('',(0.707106781187,-0.707106781187,0.));
#2684 = ADVANCED_FACE('',(#2685),#2710,.F.);
#2685 = FACE_BOUND('',#2686,.F.);
#2686 = EDGE_LOOP('',(#2687,#2688,#2696,#2704));
#2687 = ORIENTED_EDGE('',*,*,#2666,.T.);
#2688 = ORIENTED_EDGE('',*,*,#2689,.T.);
#2689 = EDGE_CURVE('',#2659,#2690,#2692,.T.);
#2690 = VERTEX_POINT('',#2691);
#2691 = CARTESIAN_POINT('',(-1.25,3.31,2.5));
#2692 = LINE('',#2693,#2694);
#2693 = CARTESIAN_POINT('',(-0.75,3.81,2.5));
#2694 = VECTOR('',#2695,1.);
#2695 = DIRECTION('',(-0.707106781187,-0.707106781187,0.));
#2696 = ORIENTED_EDGE('',*,*,#2697,.F.);
#2697 = EDGE_CURVE('',#2698,#2690,#2700,.T.);
#2698 = VERTEX_POINT('',#2699);
#2699 = CARTESIAN_POINT('',(-1.25,3.31,0.));
#2700 = LINE('',#2701,#2702);
#2701 = CARTESIAN_POINT('',(-1.25,3.31,0.));
#2702 = VECTOR('',#2703,1.);
#2703 = DIRECTION('',(0.,0.,1.));
#2704 = ORIENTED_EDGE('',*,*,#2705,.F.);
#2705 = EDGE_CURVE('',#2667,#2698,#2706,.T.);
#2706 = LINE('',#2707,#2708);
#2707 = CARTESIAN_POINT('',(-0.75,3.81,0.));
#2708 = VECTOR('',#2709,1.);
#2709 = DIRECTION('',(-0.707106781187,-0.707106781187,0.));
#2710 = PLANE('',#2711);
#2711 = AXIS2_PLACEMENT_3D('',#2712,#2713,#2714);
#2712 = CARTESIAN_POINT('',(-0.75,3.81,0.));
#2713 = DIRECTION('',(0.707106781187,-0.707106781187,0.));
#2714 = DIRECTION('',(-0.707106781187,-0.707106781187,0.));
#2715 = ADVANCED_FACE('',(#2716),#2741,.F.);
#2716 = FACE_BOUND('',#2717,.F.);
#2717 = EDGE_LOOP('',(#2718,#2719,#2727,#2735));
#2718 = ORIENTED_EDGE('',*,*,#2697,.T.);
#2719 = ORIENTED_EDGE('',*,*,#2720,.T.);
#2720 = EDGE_CURVE('',#2690,#2721,#2723,.T.);
#2721 = VERTEX_POINT('',#2722);
#2722 = CARTESIAN_POINT('',(-1.25,1.77,2.5));
#2723 = LINE('',#2724,#2725);
#2724 = CARTESIAN_POINT('',(-1.25,3.31,2.5));
#2725 = VECTOR('',#2726,1.);
#2726 = DIRECTION('',(0.,-1.,0.));
#2727 = ORIENTED_EDGE('',*,*,#2728,.F.);
#2728 = EDGE_CURVE('',#2729,#2721,#2731,.T.);
#2729 = VERTEX_POINT('',#2730);
#2730 = CARTESIAN_POINT('',(-1.25,1.77,0.));
#2731 = LINE('',#2732,#2733);
#2732 = CARTESIAN_POINT('',(-1.25,1.77,0.));
#2733 = VECTOR('',#2734,1.);
#2734 = DIRECTION('',(0.,0.,1.));
#2735 = ORIENTED_EDGE('',*,*,#2736,.F.);
#2736 = EDGE_CURVE('',#2698,#2729,#2737,.T.);
#2737 = LINE('',#2738,#2739);
#2738 = CARTESIAN_POINT('',(-1.25,3.31,0.));
#2739 = VECTOR('',#2740,1.);
#2740 = DIRECTION('',(0.,-1.,0.));
#2741 = PLANE('',#2742);
#2742 = AXIS2_PLACEMENT_3D('',#2743,#2744,#2745);
#2743 = CARTESIAN_POINT('',(-1.25,3.31,0.));
#2744 = DIRECTION('',(1.,0.,0.));
#2745 = DIRECTION('',(0.,-1.,0.));
#2746 = ADVANCED_FACE('',(#2747),#2772,.F.);
#2747 = FACE_BOUND('',#2748,.F.);
#2748 = EDGE_LOOP('',(#2749,#2750,#2758,#2766));
#2749 = ORIENTED_EDGE('',*,*,#2728,.T.);
#2750 = ORIENTED_EDGE('',*,*,#2751,.T.);
#2751 = EDGE_CURVE('',#2721,#2752,#2754,.T.);
#2752 = VERTEX_POINT('',#2753);
#2753 = CARTESIAN_POINT('',(-0.75,1.27,2.5));
#2754 = LINE('',#2755,#2756);
#2755 = CARTESIAN_POINT('',(-1.25,1.77,2.5));
#2756 = VECTOR('',#2757,1.);
#2757 = DIRECTION('',(0.707106781187,-0.707106781187,0.));
#2758 = ORIENTED_EDGE('',*,*,#2759,.F.);
#2759 = EDGE_CURVE('',#2760,#2752,#2762,.T.);
#2760 = VERTEX_POINT('',#2761);
#2761 = CARTESIAN_POINT('',(-0.75,1.27,0.));
#2762 = LINE('',#2763,#2764);
#2763 = CARTESIAN_POINT('',(-0.75,1.27,0.));
#2764 = VECTOR('',#2765,1.);
#2765 = DIRECTION('',(0.,0.,1.));
#2766 = ORIENTED_EDGE('',*,*,#2767,.F.);
#2767 = EDGE_CURVE('',#2729,#2760,#2768,.T.);
#2768 = LINE('',#2769,#2770);
#2769 = CARTESIAN_POINT('',(-1.25,1.77,0.));
#2770 = VECTOR('',#2771,1.);
#2771 = DIRECTION('',(0.707106781187,-0.707106781187,0.));
#2772 = PLANE('',#2773);
#2773 = AXIS2_PLACEMENT_3D('',#2774,#2775,#2776);
#2774 = CARTESIAN_POINT('',(-1.25,1.77,0.));
#2775 = DIRECTION('',(0.707106781187,0.707106781187,0.));
#2776 = DIRECTION('',(0.707106781187,-0.707106781187,0.));
#2777 = ADVANCED_FACE('',(#2778),#2803,.F.);
#2778 = FACE_BOUND('',#2779,.F.);
#2779 = EDGE_LOOP('',(#2780,#2781,#2789,#2797));
#2780 = ORIENTED_EDGE('',*,*,#2759,.T.);
#2781 = ORIENTED_EDGE('',*,*,#2782,.T.);
#2782 = EDGE_CURVE('',#2752,#2783,#2785,.T.);
#2783 = VERTEX_POINT('',#2784);
#2784 = CARTESIAN_POINT('',(-1.25,0.77,2.5));
#2785 = LINE('',#2786,#2787);
#2786 = CARTESIAN_POINT('',(-0.75,1.27,2.5));
#2787 = VECTOR('',#2788,1.);
#2788 = DIRECTION('',(-0.707106781187,-0.707106781187,0.));
#2789 = ORIENTED_EDGE('',*,*,#2790,.F.);
#2790 = EDGE_CURVE('',#2791,#2783,#2793,.T.);
#2791 = VERTEX_POINT('',#2792);
#2792 = CARTESIAN_POINT('',(-1.25,0.77,0.));
#2793 = LINE('',#2794,#2795);
#2794 = CARTESIAN_POINT('',(-1.25,0.77,0.));
#2795 = VECTOR('',#2796,1.);
#2796 = DIRECTION('',(0.,0.,1.));
#2797 = ORIENTED_EDGE('',*,*,#2798,.F.);
#2798 = EDGE_CURVE('',#2760,#2791,#2799,.T.);
#2799 = LINE('',#2800,#2801);
#2800 = CARTESIAN_POINT('',(-0.75,1.27,0.));
#2801 = VECTOR('',#2802,1.);
#2802 = DIRECTION('',(-0.707106781187,-0.707106781187,0.));
#2803 = PLANE('',#2804);
#2804 = AXIS2_PLACEMENT_3D('',#2805,#2806,#2807);
#2805 = CARTESIAN_POINT('',(-0.75,1.27,0.));
#2806 = DIRECTION('',(0.707106781187,-0.707106781187,0.));
#2807 = DIRECTION('',(-0.707106781187,-0.707106781187,0.));
#2808 = ADVANCED_FACE('',(#2809),#2834,.F.);
#2809 = FACE_BOUND('',#2810,.F.);
#2810 = EDGE_LOOP('',(#2811,#2812,#2820,#2828));
#2811 = ORIENTED_EDGE('',*,*,#2790,.T.);
#2812 = ORIENTED_EDGE('',*,*,#2813,.T.);
#2813 = EDGE_CURVE('',#2783,#2814,#2816,.T.);
#2814 = VERTEX_POINT('',#2815);
#2815 = CARTESIAN_POINT('',(-1.25,-0.77,2.5));
#2816 = LINE('',#2817,#2818);
#2817 = CARTESIAN_POINT('',(-1.25,0.77,2.5));
#2818 = VECTOR('',#2819,1.);
#2819 = DIRECTION('',(0.,-1.,0.));
#2820 = ORIENTED_EDGE('',*,*,#2821,.F.);
#2821 = EDGE_CURVE('',#2822,#2814,#2824,.T.);
#2822 = VERTEX_POINT('',#2823);
#2823 = CARTESIAN_POINT('',(-1.25,-0.77,0.));
#2824 = LINE('',#2825,#2826);
#2825 = CARTESIAN_POINT('',(-1.25,-0.77,0.));
#2826 = VECTOR('',#2827,1.);
#2827 = DIRECTION('',(0.,0.,1.));
#2828 = ORIENTED_EDGE('',*,*,#2829,.F.);
#2829 = EDGE_CURVE('',#2791,#2822,#2830,.T.);
#2830 = LINE('',#2831,#2832);
#2831 = CARTESIAN_POINT('',(-1.25,0.77,0.));
#2832 = VECTOR('',#2833,1.);
#2833 = DIRECTION('',(0.,-1.,0.));
#2834 = PLANE('',#2835);
#2835 = AXIS2_PLACEMENT_3D('',#2836,#2837,#2838);
#2836 = CARTESIAN_POINT('',(-1.25,0.77,0.));
#2837 = DIRECTION('',(1.,0.,0.));
#2838 = DIRECTION('',(0.,-1.,0.));
#2839 = ADVANCED_FACE('',(#2840),#2865,.F.);
#2840 = FACE_BOUND('',#2841,.F.);
#2841 = EDGE_LOOP('',(#2842,#2843,#2851,#2859));
#2842 = ORIENTED_EDGE('',*,*,#2821,.T.);
#2843 = ORIENTED_EDGE('',*,*,#2844,.T.);
#2844 = EDGE_CURVE('',#2814,#2845,#2847,.T.);
#2845 = VERTEX_POINT('',#2846);
#2846 = CARTESIAN_POINT('',(-0.75,-1.27,2.5));
#2847 = LINE('',#2848,#2849);
#2848 = CARTESIAN_POINT('',(-1.25,-0.77,2.5));
#2849 = VECTOR('',#2850,1.);
#2850 = DIRECTION('',(0.707106781187,-0.707106781187,0.));
#2851 = ORIENTED_EDGE('',*,*,#2852,.F.);
#2852 = EDGE_CURVE('',#2853,#2845,#2855,.T.);
#2853 = VERTEX_POINT('',#2854);
#2854 = CARTESIAN_POINT('',(-0.75,-1.27,0.));
#2855 = LINE('',#2856,#2857);
#2856 = CARTESIAN_POINT('',(-0.75,-1.27,0.));
#2857 = VECTOR('',#2858,1.);
#2858 = DIRECTION('',(0.,0.,1.));
#2859 = ORIENTED_EDGE('',*,*,#2860,.F.);
#2860 = EDGE_CURVE('',#2822,#2853,#2861,.T.);
#2861 = LINE('',#2862,#2863);
#2862 = CARTESIAN_POINT('',(-1.25,-0.77,0.));
#2863 = VECTOR('',#2864,1.);
#2864 = DIRECTION('',(0.707106781187,-0.707106781187,0.));
#2865 = PLANE('',#2866);
#2866 = AXIS2_PLACEMENT_3D('',#2867,#2868,#2869);
#2867 = CARTESIAN_POINT('',(-1.25,-0.77,0.));
#2868 = DIRECTION('',(0.707106781187,0.707106781187,0.));
#2869 = DIRECTION('',(0.707106781187,-0.707106781187,0.));
#2870 = ADVANCED_FACE('',(#2871),#2896,.F.);
#2871 = FACE_BOUND('',#2872,.F.);
#2872 = EDGE_LOOP('',(#2873,#2874,#2882,#2890));
#2873 = ORIENTED_EDGE('',*,*,#2852,.T.);
#2874 = ORIENTED_EDGE('',*,*,#2875,.T.);
#2875 = EDGE_CURVE('',#2845,#2876,#2878,.T.);
#2876 = VERTEX_POINT('',#2877);
#2877 = CARTESIAN_POINT('',(-1.25,-1.77,2.5));
#2878 = LINE('',#2879,#2880);
#2879 = CARTESIAN_POINT('',(-0.75,-1.27,2.5));
#2880 = VECTOR('',#2881,1.);
#2881 = DIRECTION('',(-0.707106781187,-0.707106781187,0.));
#2882 = ORIENTED_EDGE('',*,*,#2883,.F.);
#2883 = EDGE_CURVE('',#2884,#2876,#2886,.T.);
#2884 = VERTEX_POINT('',#2885);
#2885 = CARTESIAN_POINT('',(-1.25,-1.77,0.));
#2886 = LINE('',#2887,#2888);
#2887 = CARTESIAN_POINT('',(-1.25,-1.77,0.));
#2888 = VECTOR('',#2889,1.);
#2889 = DIRECTION('',(0.,0.,1.));
#2890 = ORIENTED_EDGE('',*,*,#2891,.F.);
#2891 = EDGE_CURVE('',#2853,#2884,#2892,.T.);
#2892 = LINE('',#2893,#2894);
#2893 = CARTESIAN_POINT('',(-0.75,-1.27,0.));
#2894 = VECTOR('',#2895,1.);
#2895 = DIRECTION('',(-0.707106781187,-0.707106781187,0.));
#2896 = PLANE('',#2897);
#2897 = AXIS2_PLACEMENT_3D('',#2898,#2899,#2900);
#2898 = CARTESIAN_POINT('',(-0.75,-1.27,0.));
#2899 = DIRECTION('',(0.707106781187,-0.707106781187,0.));
#2900 = DIRECTION('',(-0.707106781187,-0.707106781187,0.));
#2901 = ADVANCED_FACE('',(#2902),#2927,.F.);
#2902 = FACE_BOUND('',#2903,.F.);
#2903 = EDGE_LOOP('',(#2904,#2905,#2913,#2921));
#2904 = ORIENTED_EDGE('',*,*,#2883,.T.);
#2905 = ORIENTED_EDGE('',*,*,#2906,.T.);
#2906 = EDGE_CURVE('',#2876,#2907,#2909,.T.);
#2907 = VERTEX_POINT('',#2908);
#2908 = CARTESIAN_POINT('',(-1.25,-3.31,2.5));
#2909 = LINE('',#2910,#2911);
#2910 = CARTESIAN_POINT('',(-1.25,-1.77,2.5));
#2911 = VECTOR('',#2912,1.);
#2912 = DIRECTION('',(0.,-1.,0.));
#2913 = ORIENTED_EDGE('',*,*,#2914,.F.);
#2914 = EDGE_CURVE('',#2915,#2907,#2917,.T.);
#2915 = VERTEX_POINT('',#2916);
#2916 = CARTESIAN_POINT('',(-1.25,-3.31,0.));
#2917 = LINE('',#2918,#2919);
#2918 = CARTESIAN_POINT('',(-1.25,-3.31,0.));
#2919 = VECTOR('',#2920,1.);
#2920 = DIRECTION('',(0.,0.,1.));
#2921 = ORIENTED_EDGE('',*,*,#2922,.F.);
#2922 = EDGE_CURVE('',#2884,#2915,#2923,.T.);
#2923 = LINE('',#2924,#2925);
#2924 = CARTESIAN_POINT('',(-1.25,-1.77,0.));
#2925 = VECTOR('',#2926,1.);
#2926 = DIRECTION('',(0.,-1.,0.));
#2927 = PLANE('',#2928);
#2928 = AXIS2_PLACEMENT_3D('',#2929,#2930,#2931);
#2929 = CARTESIAN_POINT('',(-1.25,-1.77,0.));
#2930 = DIRECTION('',(1.,0.,0.));
#2931 = DIRECTION('',(0.,-1.,0.));
#2932 = ADVANCED_FACE('',(#2933),#2958,.F.);
#2933 = FACE_BOUND('',#2934,.F.);
#2934 = EDGE_LOOP('',(#2935,#2936,#2944,#2952));
#2935 = ORIENTED_EDGE('',*,*,#2914,.T.);
#2936 = ORIENTED_EDGE('',*,*,#2937,.T.);
#2937 = EDGE_CURVE('',#2907,#2938,#2940,.T.);
#2938 = VERTEX_POINT('',#2939);
#2939 = CARTESIAN_POINT('',(-0.75,-3.81,2.5));
#2940 = LINE('',#2941,#2942);
#2941 = CARTESIAN_POINT('',(-1.25,-3.31,2.5));
#2942 = VECTOR('',#2943,1.);
#2943 = DIRECTION('',(0.707106781187,-0.707106781187,0.));
#2944 = ORIENTED_EDGE('',*,*,#2945,.F.);
#2945 = EDGE_CURVE('',#2946,#2938,#2948,.T.);
#2946 = VERTEX_POINT('',#2947);
#2947 = CARTESIAN_POINT('',(-0.75,-3.81,0.));
#2948 = LINE('',#2949,#2950);
#2949 = CARTESIAN_POINT('',(-0.75,-3.81,0.));
#2950 = VECTOR('',#2951,1.);
#2951 = DIRECTION('',(0.,0.,1.));
#2952 = ORIENTED_EDGE('',*,*,#2953,.F.);
#2953 = EDGE_CURVE('',#2915,#2946,#2954,.T.);
#2954 = LINE('',#2955,#2956);
#2955 = CARTESIAN_POINT('',(-1.25,-3.31,0.));
#2956 = VECTOR('',#2957,1.);
#2957 = DIRECTION('',(0.707106781187,-0.707106781187,0.));
#2958 = PLANE('',#2959);
#2959 = AXIS2_PLACEMENT_3D('',#2960,#2961,#2962);
#2960 = CARTESIAN_POINT('',(-1.25,-3.31,0.));
#2961 = DIRECTION('',(0.707106781187,0.707106781187,0.));
#2962 = DIRECTION('',(0.707106781187,-0.707106781187,0.));
#2963 = ADVANCED_FACE('',(#2964),#2989,.F.);
#2964 = FACE_BOUND('',#2965,.F.);
#2965 = EDGE_LOOP('',(#2966,#2967,#2975,#2983));
#2966 = ORIENTED_EDGE('',*,*,#2945,.T.);
#2967 = ORIENTED_EDGE('',*,*,#2968,.T.);
#2968 = EDGE_CURVE('',#2938,#2969,#2971,.T.);
#2969 = VERTEX_POINT('',#2970);
#2970 = CARTESIAN_POINT('',(-1.25,-4.31,2.5));
#2971 = LINE('',#2972,#2973);
#2972 = CARTESIAN_POINT('',(-0.75,-3.81,2.5));
#2973 = VECTOR('',#2974,1.);
#2974 = DIRECTION('',(-0.707106781187,-0.707106781187,0.));
#2975 = ORIENTED_EDGE('',*,*,#2976,.F.);
#2976 = EDGE_CURVE('',#2977,#2969,#2979,.T.);
#2977 = VERTEX_POINT('',#2978);
#2978 = CARTESIAN_POINT('',(-1.25,-4.31,0.));
#2979 = LINE('',#2980,#2981);
#2980 = CARTESIAN_POINT('',(-1.25,-4.31,0.));
#2981 = VECTOR('',#2982,1.);
#2982 = DIRECTION('',(0.,0.,1.));
#2983 = ORIENTED_EDGE('',*,*,#2984,.F.);
#2984 = EDGE_CURVE('',#2946,#2977,#2985,.T.);
#2985 = LINE('',#2986,#2987);
#2986 = CARTESIAN_POINT('',(-0.75,-3.81,0.));
#2987 = VECTOR('',#2988,1.);
#2988 = DIRECTION('',(-0.707106781187,-0.707106781187,0.));
#2989 = PLANE('',#2990);
#2990 = AXIS2_PLACEMENT_3D('',#2991,#2992,#2993);
#2991 = CARTESIAN_POINT('',(-0.75,-3.81,0.));
#2992 = DIRECTION('',(0.707106781187,-0.707106781187,0.));
#2993 = DIRECTION('',(-0.707106781187,-0.707106781187,0.));
#2994 = ADVANCED_FACE('',(#2995),#3020,.F.);
#2995 = FACE_BOUND('',#2996,.F.);
#2996 = EDGE_LOOP('',(#2997,#2998,#3006,#3014));
#2997 = ORIENTED_EDGE('',*,*,#2976,.T.);
#2998 = ORIENTED_EDGE('',*,*,#2999,.T.);
#2999 = EDGE_CURVE('',#2969,#3000,#3002,.T.);
#3000 = VERTEX_POINT('',#3001);
#3001 = CARTESIAN_POINT('',(-1.25,-5.85,2.5));
#3002 = LINE('',#3003,#3004);
#3003 = CARTESIAN_POINT('',(-1.25,-4.31,2.5));
#3004 = VECTOR('',#3005,1.);
#3005 = DIRECTION('',(0.,-1.,0.));
#3006 = ORIENTED_EDGE('',*,*,#3007,.F.);
#3007 = EDGE_CURVE('',#3008,#3000,#3010,.T.);
#3008 = VERTEX_POINT('',#3009);
#3009 = CARTESIAN_POINT('',(-1.25,-5.85,0.));
#3010 = LINE('',#3011,#3012);
#3011 = CARTESIAN_POINT('',(-1.25,-5.85,0.));
#3012 = VECTOR('',#3013,1.);
#3013 = DIRECTION('',(0.,0.,1.));
#3014 = ORIENTED_EDGE('',*,*,#3015,.F.);
#3015 = EDGE_CURVE('',#2977,#3008,#3016,.T.);
#3016 = LINE('',#3017,#3018);
#3017 = CARTESIAN_POINT('',(-1.25,-4.31,0.));
#3018 = VECTOR('',#3019,1.);
#3019 = DIRECTION('',(0.,-1.,0.));
#3020 = PLANE('',#3021);
#3021 = AXIS2_PLACEMENT_3D('',#3022,#3023,#3024);
#3022 = CARTESIAN_POINT('',(-1.25,-4.31,0.));
#3023 = DIRECTION('',(1.,0.,0.));
#3024 = DIRECTION('',(0.,-1.,0.));
#3025 = ADVANCED_FACE('',(#3026),#3051,.F.);
#3026 = FACE_BOUND('',#3027,.F.);
#3027 = EDGE_LOOP('',(#3028,#3029,#3037,#3045));
#3028 = ORIENTED_EDGE('',*,*,#3007,.T.);
#3029 = ORIENTED_EDGE('',*,*,#3030,.T.);
#3030 = EDGE_CURVE('',#3000,#3031,#3033,.T.);
#3031 = VERTEX_POINT('',#3032);
#3032 = CARTESIAN_POINT('',(-0.75,-6.35,2.5));
#3033 = LINE('',#3034,#3035);
#3034 = CARTESIAN_POINT('',(-1.25,-5.85,2.5));
#3035 = VECTOR('',#3036,1.);
#3036 = DIRECTION('',(0.707106781187,-0.707106781187,0.));
#3037 = ORIENTED_EDGE('',*,*,#3038,.F.);
#3038 = EDGE_CURVE('',#3039,#3031,#3041,.T.);
#3039 = VERTEX_POINT('',#3040);
#3040 = CARTESIAN_POINT('',(-0.75,-6.35,0.));
#3041 = LINE('',#3042,#3043);
#3042 = CARTESIAN_POINT('',(-0.75,-6.35,0.));
#3043 = VECTOR('',#3044,1.);
#3044 = DIRECTION('',(0.,0.,1.));
#3045 = ORIENTED_EDGE('',*,*,#3046,.F.);
#3046 = EDGE_CURVE('',#3008,#3039,#3047,.T.);
#3047 = LINE('',#3048,#3049);
#3048 = CARTESIAN_POINT('',(-1.25,-5.85,0.));
#3049 = VECTOR('',#3050,1.);
#3050 = DIRECTION('',(0.707106781187,-0.707106781187,0.));
#3051 = PLANE('',#3052);
#3052 = AXIS2_PLACEMENT_3D('',#3053,#3054,#3055);
#3053 = CARTESIAN_POINT('',(-1.25,-5.85,0.));
#3054 = DIRECTION('',(0.707106781187,0.707106781187,0.));
#3055 = DIRECTION('',(0.707106781187,-0.707106781187,0.));
#3056 = ADVANCED_FACE('',(#3057),#3082,.F.);
#3057 = FACE_BOUND('',#3058,.F.);
#3058 = EDGE_LOOP('',(#3059,#3060,#3068,#3076));
#3059 = ORIENTED_EDGE('',*,*,#3038,.T.);
#3060 = ORIENTED_EDGE('',*,*,#3061,.T.);
#3061 = EDGE_CURVE('',#3031,#3062,#3064,.T.);
#3062 = VERTEX_POINT('',#3063);
#3063 = CARTESIAN_POINT('',(-1.25,-6.85,2.5));
#3064 = LINE('',#3065,#3066);
#3065 = CARTESIAN_POINT('',(-0.75,-6.35,2.5));
#3066 = VECTOR('',#3067,1.);
#3067 = DIRECTION('',(-0.707106781187,-0.707106781187,0.));
#3068 = ORIENTED_EDGE('',*,*,#3069,.F.);
#3069 = EDGE_CURVE('',#3070,#3062,#3072,.T.);
#3070 = VERTEX_POINT('',#3071);
#3071 = CARTESIAN_POINT('',(-1.25,-6.85,0.));
#3072 = LINE('',#3073,#3074);
#3073 = CARTESIAN_POINT('',(-1.25,-6.85,0.));
#3074 = VECTOR('',#3075,1.);
#3075 = DIRECTION('',(0.,0.,1.));
#3076 = ORIENTED_EDGE('',*,*,#3077,.F.);
#3077 = EDGE_CURVE('',#3039,#3070,#3078,.T.);
#3078 = LINE('',#3079,#3080);
#3079 = CARTESIAN_POINT('',(-0.75,-6.35,0.));
#3080 = VECTOR('',#3081,1.);
#3081 = DIRECTION('',(-0.707106781187,-0.707106781187,0.));
#3082 = PLANE('',#3083);
#3083 = AXIS2_PLACEMENT_3D('',#3084,#3085,#3086);
#3084 = CARTESIAN_POINT('',(-0.75,-6.35,0.));
#3085 = DIRECTION('',(0.707106781187,-0.707106781187,0.));
#3086 = DIRECTION('',(-0.707106781187,-0.707106781187,0.));
#3087 = ADVANCED_FACE('',(#3088),#3113,.F.);
#3088 = FACE_BOUND('',#3089,.F.);
#3089 = EDGE_LOOP('',(#3090,#3091,#3099,#3107));
#3090 = ORIENTED_EDGE('',*,*,#3069,.T.);
#3091 = ORIENTED_EDGE('',*,*,#3092,.T.);
#3092 = EDGE_CURVE('',#3062,#3093,#3095,.T.);
#3093 = VERTEX_POINT('',#3094);
#3094 = CARTESIAN_POINT('',(-1.25,-8.39,2.5));
#3095 = LINE('',#3096,#3097);
#3096 = CARTESIAN_POINT('',(-1.25,-6.85,2.5));
#3097 = VECTOR('',#3098,1.);
#3098 = DIRECTION('',(0.,-1.,0.));
#3099 = ORIENTED_EDGE('',*,*,#3100,.F.);
#3100 = EDGE_CURVE('',#3101,#3093,#3103,.T.);
#3101 = VERTEX_POINT('',#3102);
#3102 = CARTESIAN_POINT('',(-1.25,-8.39,0.));
#3103 = LINE('',#3104,#3105);
#3104 = CARTESIAN_POINT('',(-1.25,-8.39,0.));
#3105 = VECTOR('',#3106,1.);
#3106 = DIRECTION('',(0.,0.,1.));
#3107 = ORIENTED_EDGE('',*,*,#3108,.F.);
#3108 = EDGE_CURVE('',#3070,#3101,#3109,.T.);
#3109 = LINE('',#3110,#3111);
#3110 = CARTESIAN_POINT('',(-1.25,-6.85,0.));
#3111 = VECTOR('',#3112,1.);
#3112 = DIRECTION('',(0.,-1.,0.));
#3113 = PLANE('',#3114);
#3114 = AXIS2_PLACEMENT_3D('',#3115,#3116,#3117);
#3115 = CARTESIAN_POINT('',(-1.25,-6.85,0.));
#3116 = DIRECTION('',(1.,0.,0.));
#3117 = DIRECTION('',(0.,-1.,0.));
#3118 = ADVANCED_FACE('',(#3119),#3144,.F.);
#3119 = FACE_BOUND('',#3120,.F.);
#3120 = EDGE_LOOP('',(#3121,#3122,#3130,#3138));
#3121 = ORIENTED_EDGE('',*,*,#3100,.T.);
#3122 = ORIENTED_EDGE('',*,*,#3123,.T.);
#3123 = EDGE_CURVE('',#3093,#3124,#3126,.T.);
#3124 = VERTEX_POINT('',#3125);
#3125 = CARTESIAN_POINT('',(-0.75,-8.89,2.5));
#3126 = LINE('',#3127,#3128);
#3127 = CARTESIAN_POINT('',(-1.25,-8.39,2.5));
#3128 = VECTOR('',#3129,1.);
#3129 = DIRECTION('',(0.707106781187,-0.707106781187,0.));
#3130 = ORIENTED_EDGE('',*,*,#3131,.F.);
#3131 = EDGE_CURVE('',#3132,#3124,#3134,.T.);
#3132 = VERTEX_POINT('',#3133);
#3133 = CARTESIAN_POINT('',(-0.75,-8.89,0.));
#3134 = LINE('',#3135,#3136);
#3135 = CARTESIAN_POINT('',(-0.75,-8.89,0.));
#3136 = VECTOR('',#3137,1.);
#3137 = DIRECTION('',(0.,0.,1.));
#3138 = ORIENTED_EDGE('',*,*,#3139,.F.);
#3139 = EDGE_CURVE('',#3101,#3132,#3140,.T.);
#3140 = LINE('',#3141,#3142);
#3141 = CARTESIAN_POINT('',(-1.25,-8.39,0.));
#3142 = VECTOR('',#3143,1.);
#3143 = DIRECTION('',(0.707106781187,-0.707106781187,0.));
#3144 = PLANE('',#3145);
#3145 = AXIS2_PLACEMENT_3D('',#3146,#3147,#3148);
#3146 = CARTESIAN_POINT('',(-1.25,-8.39,0.));
#3147 = DIRECTION('',(0.707106781187,0.707106781187,0.));
#3148 = DIRECTION('',(0.707106781187,-0.707106781187,0.));
#3149 = ADVANCED_FACE('',(#3150),#3175,.F.);
#3150 = FACE_BOUND('',#3151,.F.);
#3151 = EDGE_LOOP('',(#3152,#3153,#3161,#3169));
#3152 = ORIENTED_EDGE('',*,*,#3131,.T.);
#3153 = ORIENTED_EDGE('',*,*,#3154,.T.);
#3154 = EDGE_CURVE('',#3124,#3155,#3157,.T.);
#3155 = VERTEX_POINT('',#3156);
#3156 = CARTESIAN_POINT('',(-1.25,-9.39,2.5));
#3157 = LINE('',#3158,#3159);
#3158 = CARTESIAN_POINT('',(-0.75,-8.89,2.5));
#3159 = VECTOR('',#3160,1.);
#3160 = DIRECTION('',(-0.707106781187,-0.707106781187,0.));
#3161 = ORIENTED_EDGE('',*,*,#3162,.F.);
#3162 = EDGE_CURVE('',#3163,#3155,#3165,.T.);
#3163 = VERTEX_POINT('',#3164);
#3164 = CARTESIAN_POINT('',(-1.25,-9.39,0.));
#3165 = LINE('',#3166,#3167);
#3166 = CARTESIAN_POINT('',(-1.25,-9.39,0.));
#3167 = VECTOR('',#3168,1.);
#3168 = DIRECTION('',(0.,0.,1.));
#3169 = ORIENTED_EDGE('',*,*,#3170,.F.);
#3170 = EDGE_CURVE('',#3132,#3163,#3171,.T.);
#3171 = LINE('',#3172,#3173);
#3172 = CARTESIAN_POINT('',(-0.75,-8.89,0.));
#3173 = VECTOR('',#3174,1.);
#3174 = DIRECTION('',(-0.707106781187,-0.707106781187,0.));
#3175 = PLANE('',#3176);
#3176 = AXIS2_PLACEMENT_3D('',#3177,#3178,#3179);
#3177 = CARTESIAN_POINT('',(-0.75,-8.89,0.));
#3178 = DIRECTION('',(0.707106781187,-0.707106781187,0.));
#3179 = DIRECTION('',(-0.707106781187,-0.707106781187,0.));
#3180 = ADVANCED_FACE('',(#3181),#3206,.F.);
#3181 = FACE_BOUND('',#3182,.F.);
#3182 = EDGE_LOOP('',(#3183,#3184,#3192,#3200));
#3183 = ORIENTED_EDGE('',*,*,#3162,.T.);
#3184 = ORIENTED_EDGE('',*,*,#3185,.T.);
#3185 = EDGE_CURVE('',#3155,#3186,#3188,.T.);
#3186 = VERTEX_POINT('',#3187);
#3187 = CARTESIAN_POINT('',(-1.25,-10.93,2.5));
#3188 = LINE('',#3189,#3190);
#3189 = CARTESIAN_POINT('',(-1.25,-9.39,2.5));
#3190 = VECTOR('',#3191,1.);
#3191 = DIRECTION('',(0.,-1.,0.));
#3192 = ORIENTED_EDGE('',*,*,#3193,.F.);
#3193 = EDGE_CURVE('',#3194,#3186,#3196,.T.);
#3194 = VERTEX_POINT('',#3195);
#3195 = CARTESIAN_POINT('',(-1.25,-10.93,0.));
#3196 = LINE('',#3197,#3198);
#3197 = CARTESIAN_POINT('',(-1.25,-10.93,0.));
#3198 = VECTOR('',#3199,1.);
#3199 = DIRECTION('',(0.,0.,1.));
#3200 = ORIENTED_EDGE('',*,*,#3201,.F.);
#3201 = EDGE_CURVE('',#3163,#3194,#3202,.T.);
#3202 = LINE('',#3203,#3204);
#3203 = CARTESIAN_POINT('',(-1.25,-9.39,0.));
#3204 = VECTOR('',#3205,1.);
#3205 = DIRECTION('',(0.,-1.,0.));
#3206 = PLANE('',#3207);
#3207 = AXIS2_PLACEMENT_3D('',#3208,#3209,#3210);
#3208 = CARTESIAN_POINT('',(-1.25,-9.39,0.));
#3209 = DIRECTION('',(1.,0.,0.));
#3210 = DIRECTION('',(0.,-1.,0.));
#3211 = ADVANCED_FACE('',(#3212),#3237,.F.);
#3212 = FACE_BOUND('',#3213,.F.);
#3213 = EDGE_LOOP('',(#3214,#3215,#3223,#3231));
#3214 = ORIENTED_EDGE('',*,*,#3193,.T.);
#3215 = ORIENTED_EDGE('',*,*,#3216,.T.);
#3216 = EDGE_CURVE('',#3186,#3217,#3219,.T.);
#3217 = VERTEX_POINT('',#3218);
#3218 = CARTESIAN_POINT('',(-0.75,-11.43,2.5));
#3219 = LINE('',#3220,#3221);
#3220 = CARTESIAN_POINT('',(-1.25,-10.93,2.5));
#3221 = VECTOR('',#3222,1.);
#3222 = DIRECTION('',(0.707106781187,-0.707106781187,0.));
#3223 = ORIENTED_EDGE('',*,*,#3224,.F.);
#3224 = EDGE_CURVE('',#3225,#3217,#3227,.T.);
#3225 = VERTEX_POINT('',#3226);
#3226 = CARTESIAN_POINT('',(-0.75,-11.43,0.));
#3227 = LINE('',#3228,#3229);
#3228 = CARTESIAN_POINT('',(-0.75,-11.43,0.));
#3229 = VECTOR('',#3230,1.);
#3230 = DIRECTION('',(0.,0.,1.));
#3231 = ORIENTED_EDGE('',*,*,#3232,.F.);
#3232 = EDGE_CURVE('',#3194,#3225,#3233,.T.);
#3233 = LINE('',#3234,#3235);
#3234 = CARTESIAN_POINT('',(-1.25,-10.93,0.));
#3235 = VECTOR('',#3236,1.);
#3236 = DIRECTION('',(0.707106781187,-0.707106781187,0.));
#3237 = PLANE('',#3238);
#3238 = AXIS2_PLACEMENT_3D('',#3239,#3240,#3241);
#3239 = CARTESIAN_POINT('',(-1.25,-10.93,0.));
#3240 = DIRECTION('',(0.707106781187,0.707106781187,0.));
#3241 = DIRECTION('',(0.707106781187,-0.707106781187,0.));
#3242 = ADVANCED_FACE('',(#3243),#3268,.F.);
#3243 = FACE_BOUND('',#3244,.F.);
#3244 = EDGE_LOOP('',(#3245,#3246,#3254,#3262));
#3245 = ORIENTED_EDGE('',*,*,#3224,.T.);
#3246 = ORIENTED_EDGE('',*,*,#3247,.T.);
#3247 = EDGE_CURVE('',#3217,#3248,#3250,.T.);
#3248 = VERTEX_POINT('',#3249);
#3249 = CARTESIAN_POINT('',(-1.25,-11.93,2.5));
#3250 = LINE('',#3251,#3252);
#3251 = CARTESIAN_POINT('',(-0.75,-11.43,2.5));
#3252 = VECTOR('',#3253,1.);
#3253 = DIRECTION('',(-0.707106781187,-0.707106781187,0.));
#3254 = ORIENTED_EDGE('',*,*,#3255,.F.);
#3255 = EDGE_CURVE('',#3256,#3248,#3258,.T.);
#3256 = VERTEX_POINT('',#3257);
#3257 = CARTESIAN_POINT('',(-1.25,-11.93,0.));
#3258 = LINE('',#3259,#3260);
#3259 = CARTESIAN_POINT('',(-1.25,-11.93,0.));
#3260 = VECTOR('',#3261,1.);
#3261 = DIRECTION('',(0.,0.,1.));
#3262 = ORIENTED_EDGE('',*,*,#3263,.F.);
#3263 = EDGE_CURVE('',#3225,#3256,#3264,.T.);
#3264 = LINE('',#3265,#3266);
#3265 = CARTESIAN_POINT('',(-0.75,-11.43,0.));
#3266 = VECTOR('',#3267,1.);
#3267 = DIRECTION('',(-0.707106781187,-0.707106781187,0.));
#3268 = PLANE('',#3269);
#3269 = AXIS2_PLACEMENT_3D('',#3270,#3271,#3272);
#3270 = CARTESIAN_POINT('',(-0.75,-11.43,0.));
#3271 = DIRECTION('',(0.707106781187,-0.707106781187,0.));
#3272 = DIRECTION('',(-0.707106781187,-0.707106781187,0.));
#3273 = ADVANCED_FACE('',(#3274),#3299,.F.);
#3274 = FACE_BOUND('',#3275,.F.);
#3275 = EDGE_LOOP('',(#3276,#3277,#3285,#3293));
#3276 = ORIENTED_EDGE('',*,*,#3255,.T.);
#3277 = ORIENTED_EDGE('',*,*,#3278,.T.);
#3278 = EDGE_CURVE('',#3248,#3279,#3281,.T.);
#3279 = VERTEX_POINT('',#3280);
#3280 = CARTESIAN_POINT('',(-1.25,-13.47,2.5));
#3281 = LINE('',#3282,#3283);
#3282 = CARTESIAN_POINT('',(-1.25,-11.93,2.5));
#3283 = VECTOR('',#3284,1.);
#3284 = DIRECTION('',(0.,-1.,0.));
#3285 = ORIENTED_EDGE('',*,*,#3286,.F.);
#3286 = EDGE_CURVE('',#3287,#3279,#3289,.T.);
#3287 = VERTEX_POINT('',#3288);
#3288 = CARTESIAN_POINT('',(-1.25,-13.47,0.));
#3289 = LINE('',#3290,#3291);
#3290 = CARTESIAN_POINT('',(-1.25,-13.47,0.));
#3291 = VECTOR('',#3292,1.);
#3292 = DIRECTION('',(0.,0.,1.));
#3293 = ORIENTED_EDGE('',*,*,#3294,.F.);
#3294 = EDGE_CURVE('',#3256,#3287,#3295,.T.);
#3295 = LINE('',#3296,#3297);
#3296 = CARTESIAN_POINT('',(-1.25,-11.93,0.));
#3297 = VECTOR('',#3298,1.);
#3298 = DIRECTION('',(0.,-1.,0.));
#3299 = PLANE('',#3300);
#3300 = AXIS2_PLACEMENT_3D('',#3301,#3302,#3303);
#3301 = CARTESIAN_POINT('',(-1.25,-11.93,0.));
#3302 = DIRECTION('',(1.,0.,0.));
#3303 = DIRECTION('',(0.,-1.,0.));
#3304 = ADVANCED_FACE('',(#3305),#3330,.F.);
#3305 = FACE_BOUND('',#3306,.F.);
#3306 = EDGE_LOOP('',(#3307,#3308,#3316,#3324));
#3307 = ORIENTED_EDGE('',*,*,#3286,.T.);
#3308 = ORIENTED_EDGE('',*,*,#3309,.T.);
#3309 = EDGE_CURVE('',#3279,#3310,#3312,.T.);
#3310 = VERTEX_POINT('',#3311);
#3311 = CARTESIAN_POINT('',(-0.75,-13.97,2.5));
#3312 = LINE('',#3313,#3314);
#3313 = CARTESIAN_POINT('',(-1.25,-13.47,2.5));
#3314 = VECTOR('',#3315,1.);
#3315 = DIRECTION('',(0.707106781187,-0.707106781187,0.));
#3316 = ORIENTED_EDGE('',*,*,#3317,.F.);
#3317 = EDGE_CURVE('',#3318,#3310,#3320,.T.);
#3318 = VERTEX_POINT('',#3319);
#3319 = CARTESIAN_POINT('',(-0.75,-13.97,0.));
#3320 = LINE('',#3321,#3322);
#3321 = CARTESIAN_POINT('',(-0.75,-13.97,0.));
#3322 = VECTOR('',#3323,1.);
#3323 = DIRECTION('',(0.,0.,1.));
#3324 = ORIENTED_EDGE('',*,*,#3325,.F.);
#3325 = EDGE_CURVE('',#3287,#3318,#3326,.T.);
#3326 = LINE('',#3327,#3328);
#3327 = CARTESIAN_POINT('',(-1.25,-13.47,0.));
#3328 = VECTOR('',#3329,1.);
#3329 = DIRECTION('',(0.707106781187,-0.707106781187,0.));
#3330 = PLANE('',#3331);
#3331 = AXIS2_PLACEMENT_3D('',#3332,#3333,#3334);
#3332 = CARTESIAN_POINT('',(-1.25,-13.47,0.));
#3333 = DIRECTION('',(0.707106781187,0.707106781187,0.));
#3334 = DIRECTION('',(0.707106781187,-0.707106781187,0.));
#3335 = ADVANCED_FACE('',(#3336),#3361,.F.);
#3336 = FACE_BOUND('',#3337,.F.);
#3337 = EDGE_LOOP('',(#3338,#3339,#3347,#3355));
#3338 = ORIENTED_EDGE('',*,*,#3317,.T.);
#3339 = ORIENTED_EDGE('',*,*,#3340,.T.);
#3340 = EDGE_CURVE('',#3310,#3341,#3343,.T.);
#3341 = VERTEX_POINT('',#3342);
#3342 = CARTESIAN_POINT('',(-1.25,-14.47,2.5));
#3343 = LINE('',#3344,#3345);
#3344 = CARTESIAN_POINT('',(-0.75,-13.97,2.5));
#3345 = VECTOR('',#3346,1.);
#3346 = DIRECTION('',(-0.707106781187,-0.707106781187,0.));
#3347 = ORIENTED_EDGE('',*,*,#3348,.F.);
#3348 = EDGE_CURVE('',#3349,#3341,#3351,.T.);
#3349 = VERTEX_POINT('',#3350);
#3350 = CARTESIAN_POINT('',(-1.25,-14.47,0.));
#3351 = LINE('',#3352,#3353);
#3352 = CARTESIAN_POINT('',(-1.25,-14.47,0.));
#3353 = VECTOR('',#3354,1.);
#3354 = DIRECTION('',(0.,0.,1.));
#3355 = ORIENTED_EDGE('',*,*,#3356,.F.);
#3356 = EDGE_CURVE('',#3318,#3349,#3357,.T.);
#3357 = LINE('',#3358,#3359);
#3358 = CARTESIAN_POINT('',(-0.75,-13.97,0.));
#3359 = VECTOR('',#3360,1.);
#3360 = DIRECTION('',(-0.707106781187,-0.707106781187,0.));
#3361 = PLANE('',#3362);
#3362 = AXIS2_PLACEMENT_3D('',#3363,#3364,#3365);
#3363 = CARTESIAN_POINT('',(-0.75,-13.97,0.));
#3364 = DIRECTION('',(0.707106781187,-0.707106781187,0.));
#3365 = DIRECTION('',(-0.707106781187,-0.707106781187,0.));
#3366 = ADVANCED_FACE('',(#3367),#3392,.F.);
#3367 = FACE_BOUND('',#3368,.F.);
#3368 = EDGE_LOOP('',(#3369,#3370,#3378,#3386));
#3369 = ORIENTED_EDGE('',*,*,#3348,.T.);
#3370 = ORIENTED_EDGE('',*,*,#3371,.T.);
#3371 = EDGE_CURVE('',#3341,#3372,#3374,.T.);
#3372 = VERTEX_POINT('',#3373);
#3373 = CARTESIAN_POINT('',(-1.25,-16.01,2.5));
#3374 = LINE('',#3375,#3376);
#3375 = CARTESIAN_POINT('',(-1.25,-14.47,2.5));
#3376 = VECTOR('',#3377,1.);
#3377 = DIRECTION('',(0.,-1.,0.));
#3378 = ORIENTED_EDGE('',*,*,#3379,.F.);
#3379 = EDGE_CURVE('',#3380,#3372,#3382,.T.);
#3380 = VERTEX_POINT('',#3381);
#3381 = CARTESIAN_POINT('',(-1.25,-16.01,0.));
#3382 = LINE('',#3383,#3384);
#3383 = CARTESIAN_POINT('',(-1.25,-16.01,0.));
#3384 = VECTOR('',#3385,1.);
#3385 = DIRECTION('',(0.,0.,1.));
#3386 = ORIENTED_EDGE('',*,*,#3387,.F.);
#3387 = EDGE_CURVE('',#3349,#3380,#3388,.T.);
#3388 = LINE('',#3389,#3390);
#3389 = CARTESIAN_POINT('',(-1.25,-14.47,0.));
#3390 = VECTOR('',#3391,1.);
#3391 = DIRECTION('',(0.,-1.,0.));
#3392 = PLANE('',#3393);
#3393 = AXIS2_PLACEMENT_3D('',#3394,#3395,#3396);
#3394 = CARTESIAN_POINT('',(-1.25,-14.47,0.));
#3395 = DIRECTION('',(1.,0.,0.));
#3396 = DIRECTION('',(0.,-1.,0.));
#3397 = ADVANCED_FACE('',(#3398),#3423,.F.);
#3398 = FACE_BOUND('',#3399,.F.);
#3399 = EDGE_LOOP('',(#3400,#3401,#3409,#3417));
#3400 = ORIENTED_EDGE('',*,*,#3379,.T.);
#3401 = ORIENTED_EDGE('',*,*,#3402,.T.);
#3402 = EDGE_CURVE('',#3372,#3403,#3405,.T.);
#3403 = VERTEX_POINT('',#3404);
#3404 = CARTESIAN_POINT('',(-0.75,-16.51,2.5));
#3405 = LINE('',#3406,#3407);
#3406 = CARTESIAN_POINT('',(-1.25,-16.01,2.5));
#3407 = VECTOR('',#3408,1.);
#3408 = DIRECTION('',(0.707106781187,-0.707106781187,0.));
#3409 = ORIENTED_EDGE('',*,*,#3410,.F.);
#3410 = EDGE_CURVE('',#3411,#3403,#3413,.T.);
#3411 = VERTEX_POINT('',#3412);
#3412 = CARTESIAN_POINT('',(-0.75,-16.51,0.));
#3413 = LINE('',#3414,#3415);
#3414 = CARTESIAN_POINT('',(-0.75,-16.51,0.));
#3415 = VECTOR('',#3416,1.);
#3416 = DIRECTION('',(0.,0.,1.));
#3417 = ORIENTED_EDGE('',*,*,#3418,.F.);
#3418 = EDGE_CURVE('',#3380,#3411,#3419,.T.);
#3419 = LINE('',#3420,#3421);
#3420 = CARTESIAN_POINT('',(-1.25,-16.01,0.));
#3421 = VECTOR('',#3422,1.);
#3422 = DIRECTION('',(0.707106781187,-0.707106781187,0.));
#3423 = PLANE('',#3424);
#3424 = AXIS2_PLACEMENT_3D('',#3425,#3426,#3427);
#3425 = CARTESIAN_POINT('',(-1.25,-16.01,0.));
#3426 = DIRECTION('',(0.707106781187,0.707106781187,0.));
#3427 = DIRECTION('',(0.707106781187,-0.707106781187,0.));
#3428 = ADVANCED_FACE('',(#3429),#3454,.F.);
#3429 = FACE_BOUND('',#3430,.F.);
#3430 = EDGE_LOOP('',(#3431,#3432,#3440,#3448));
#3431 = ORIENTED_EDGE('',*,*,#3410,.T.);
#3432 = ORIENTED_EDGE('',*,*,#3433,.T.);
#3433 = EDGE_CURVE('',#3403,#3434,#3436,.T.);
#3434 = VERTEX_POINT('',#3435);
#3435 = CARTESIAN_POINT('',(-1.25,-17.01,2.5));
#3436 = LINE('',#3437,#3438);
#3437 = CARTESIAN_POINT('',(-0.75,-16.51,2.5));
#3438 = VECTOR('',#3439,1.);
#3439 = DIRECTION('',(-0.707106781187,-0.707106781187,0.));
#3440 = ORIENTED_EDGE('',*,*,#3441,.F.);
#3441 = EDGE_CURVE('',#3442,#3434,#3444,.T.);
#3442 = VERTEX_POINT('',#3443);
#3443 = CARTESIAN_POINT('',(-1.25,-17.01,0.));
#3444 = LINE('',#3445,#3446);
#3445 = CARTESIAN_POINT('',(-1.25,-17.01,0.));
#3446 = VECTOR('',#3447,1.);
#3447 = DIRECTION('',(0.,0.,1.));
#3448 = ORIENTED_EDGE('',*,*,#3449,.F.);
#3449 = EDGE_CURVE('',#3411,#3442,#3450,.T.);
#3450 = LINE('',#3451,#3452);
#3451 = CARTESIAN_POINT('',(-0.75,-16.51,0.));
#3452 = VECTOR('',#3453,1.);
#3453 = DIRECTION('',(-0.707106781187,-0.707106781187,0.));
#3454 = PLANE('',#3455);
#3455 = AXIS2_PLACEMENT_3D('',#3456,#3457,#3458);
#3456 = CARTESIAN_POINT('',(-0.75,-16.51,0.));
#3457 = DIRECTION('',(0.707106781187,-0.707106781187,0.));
#3458 = DIRECTION('',(-0.707106781187,-0.707106781187,0.));
#3459 = ADVANCED_FACE('',(#3460),#3485,.F.);
#3460 = FACE_BOUND('',#3461,.F.);
#3461 = EDGE_LOOP('',(#3462,#3463,#3471,#3479));
#3462 = ORIENTED_EDGE('',*,*,#3441,.T.);
#3463 = ORIENTED_EDGE('',*,*,#3464,.T.);
#3464 = EDGE_CURVE('',#3434,#3465,#3467,.T.);
#3465 = VERTEX_POINT('',#3466);
#3466 = CARTESIAN_POINT('',(-1.25,-18.55,2.5));
#3467 = LINE('',#3468,#3469);
#3468 = CARTESIAN_POINT('',(-1.25,-17.01,2.5));
#3469 = VECTOR('',#3470,1.);
#3470 = DIRECTION('',(0.,-1.,0.));
#3471 = ORIENTED_EDGE('',*,*,#3472,.F.);
#3472 = EDGE_CURVE('',#3473,#3465,#3475,.T.);
#3473 = VERTEX_POINT('',#3474);
#3474 = CARTESIAN_POINT('',(-1.25,-18.55,0.));
#3475 = LINE('',#3476,#3477);
#3476 = CARTESIAN_POINT('',(-1.25,-18.55,0.));
#3477 = VECTOR('',#3478,1.);
#3478 = DIRECTION('',(0.,0.,1.));
#3479 = ORIENTED_EDGE('',*,*,#3480,.F.);
#3480 = EDGE_CURVE('',#3442,#3473,#3481,.T.);
#3481 = LINE('',#3482,#3483);
#3482 = CARTESIAN_POINT('',(-1.25,-17.01,0.));
#3483 = VECTOR('',#3484,1.);
#3484 = DIRECTION('',(0.,-1.,0.));
#3485 = PLANE('',#3486);
#3486 = AXIS2_PLACEMENT_3D('',#3487,#3488,#3489);
#3487 = CARTESIAN_POINT('',(-1.25,-17.01,0.));
#3488 = DIRECTION('',(1.,0.,0.));
#3489 = DIRECTION('',(0.,-1.,0.));
#3490 = ADVANCED_FACE('',(#3491),#3516,.F.);
#3491 = FACE_BOUND('',#3492,.F.);
#3492 = EDGE_LOOP('',(#3493,#3494,#3502,#3510));
#3493 = ORIENTED_EDGE('',*,*,#3472,.T.);
#3494 = ORIENTED_EDGE('',*,*,#3495,.T.);
#3495 = EDGE_CURVE('',#3465,#3496,#3498,.T.);
#3496 = VERTEX_POINT('',#3497);
#3497 = CARTESIAN_POINT('',(-0.75,-19.05,2.5));
#3498 = LINE('',#3499,#3500);
#3499 = CARTESIAN_POINT('',(-1.25,-18.55,2.5));
#3500 = VECTOR('',#3501,1.);
#3501 = DIRECTION('',(0.707106781187,-0.707106781187,0.));
#3502 = ORIENTED_EDGE('',*,*,#3503,.F.);
#3503 = EDGE_CURVE('',#3504,#3496,#3506,.T.);
#3504 = VERTEX_POINT('',#3505);
#3505 = CARTESIAN_POINT('',(-0.75,-19.05,0.));
#3506 = LINE('',#3507,#3508);
#3507 = CARTESIAN_POINT('',(-0.75,-19.05,0.));
#3508 = VECTOR('',#3509,1.);
#3509 = DIRECTION('',(0.,0.,1.));
#3510 = ORIENTED_EDGE('',*,*,#3511,.F.);
#3511 = EDGE_CURVE('',#3473,#3504,#3512,.T.);
#3512 = LINE('',#3513,#3514);
#3513 = CARTESIAN_POINT('',(-1.25,-18.55,0.));
#3514 = VECTOR('',#3515,1.);
#3515 = DIRECTION('',(0.707106781187,-0.707106781187,0.));
#3516 = PLANE('',#3517);
#3517 = AXIS2_PLACEMENT_3D('',#3518,#3519,#3520);
#3518 = CARTESIAN_POINT('',(-1.25,-18.55,0.));
#3519 = DIRECTION('',(0.707106781187,0.707106781187,0.));
#3520 = DIRECTION('',(0.707106781187,-0.707106781187,0.));
#3521 = ADVANCED_FACE('',(#3522),#3547,.F.);
#3522 = FACE_BOUND('',#3523,.F.);
#3523 = EDGE_LOOP('',(#3524,#3525,#3533,#3541));
#3524 = ORIENTED_EDGE('',*,*,#3503,.T.);
#3525 = ORIENTED_EDGE('',*,*,#3526,.T.);
#3526 = EDGE_CURVE('',#3496,#3527,#3529,.T.);
#3527 = VERTEX_POINT('',#3528);
#3528 = CARTESIAN_POINT('',(-1.25,-19.55,2.5));
#3529 = LINE('',#3530,#3531);
#3530 = CARTESIAN_POINT('',(-0.75,-19.05,2.5));
#3531 = VECTOR('',#3532,1.);
#3532 = DIRECTION('',(-0.707106781187,-0.707106781187,0.));
#3533 = ORIENTED_EDGE('',*,*,#3534,.F.);
#3534 = EDGE_CURVE('',#3535,#3527,#3537,.T.);
#3535 = VERTEX_POINT('',#3536);
#3536 = CARTESIAN_POINT('',(-1.25,-19.55,0.));
#3537 = LINE('',#3538,#3539);
#3538 = CARTESIAN_POINT('',(-1.25,-19.55,0.));
#3539 = VECTOR('',#3540,1.);
#3540 = DIRECTION('',(0.,0.,1.));
#3541 = ORIENTED_EDGE('',*,*,#3542,.F.);
#3542 = EDGE_CURVE('',#3504,#3535,#3543,.T.);
#3543 = LINE('',#3544,#3545);
#3544 = CARTESIAN_POINT('',(-0.75,-19.05,0.));
#3545 = VECTOR('',#3546,1.);
#3546 = DIRECTION('',(-0.707106781187,-0.707106781187,0.));
#3547 = PLANE('',#3548);
#3548 = AXIS2_PLACEMENT_3D('',#3549,#3550,#3551);
#3549 = CARTESIAN_POINT('',(-0.75,-19.05,0.));
#3550 = DIRECTION('',(0.707106781187,-0.707106781187,0.));
#3551 = DIRECTION('',(-0.707106781187,-0.707106781187,0.));
#3552 = ADVANCED_FACE('',(#3553),#3578,.F.);
#3553 = FACE_BOUND('',#3554,.F.);
#3554 = EDGE_LOOP('',(#3555,#3556,#3564,#3572));
#3555 = ORIENTED_EDGE('',*,*,#3534,.T.);
#3556 = ORIENTED_EDGE('',*,*,#3557,.T.);
#3557 = EDGE_CURVE('',#3527,#3558,#3560,.T.);
#3558 = VERTEX_POINT('',#3559);
#3559 = CARTESIAN_POINT('',(-1.25,-21.09,2.5));
#3560 = LINE('',#3561,#3562);
#3561 = CARTESIAN_POINT('',(-1.25,-19.55,2.5));
#3562 = VECTOR('',#3563,1.);
#3563 = DIRECTION('',(0.,-1.,0.));
#3564 = ORIENTED_EDGE('',*,*,#3565,.F.);
#3565 = EDGE_CURVE('',#3566,#3558,#3568,.T.);
#3566 = VERTEX_POINT('',#3567);
#3567 = CARTESIAN_POINT('',(-1.25,-21.09,0.));
#3568 = LINE('',#3569,#3570);
#3569 = CARTESIAN_POINT('',(-1.25,-21.09,0.));
#3570 = VECTOR('',#3571,1.);
#3571 = DIRECTION('',(0.,0.,1.));
#3572 = ORIENTED_EDGE('',*,*,#3573,.F.);
#3573 = EDGE_CURVE('',#3535,#3566,#3574,.T.);
#3574 = LINE('',#3575,#3576);
#3575 = CARTESIAN_POINT('',(-1.25,-19.55,0.));
#3576 = VECTOR('',#3577,1.);
#3577 = DIRECTION('',(0.,-1.,0.));
#3578 = PLANE('',#3579);
#3579 = AXIS2_PLACEMENT_3D('',#3580,#3581,#3582);
#3580 = CARTESIAN_POINT('',(-1.25,-19.55,0.));
#3581 = DIRECTION('',(1.,0.,0.));
#3582 = DIRECTION('',(0.,-1.,0.));
#3583 = ADVANCED_FACE('',(#3584),#3609,.F.);
#3584 = FACE_BOUND('',#3585,.F.);
#3585 = EDGE_LOOP('',(#3586,#3587,#3595,#3603));
#3586 = ORIENTED_EDGE('',*,*,#3565,.T.);
#3587 = ORIENTED_EDGE('',*,*,#3588,.T.);
#3588 = EDGE_CURVE('',#3558,#3589,#3591,.T.);
#3589 = VERTEX_POINT('',#3590);
#3590 = CARTESIAN_POINT('',(-0.75,-21.59,2.5));
#3591 = LINE('',#3592,#3593);
#3592 = CARTESIAN_POINT('',(-1.25,-21.09,2.5));
#3593 = VECTOR('',#3594,1.);
#3594 = DIRECTION('',(0.707106781187,-0.707106781187,0.));
#3595 = ORIENTED_EDGE('',*,*,#3596,.F.);
#3596 = EDGE_CURVE('',#3597,#3589,#3599,.T.);
#3597 = VERTEX_POINT('',#3598);
#3598 = CARTESIAN_POINT('',(-0.75,-21.59,0.));
#3599 = LINE('',#3600,#3601);
#3600 = CARTESIAN_POINT('',(-0.75,-21.59,0.));
#3601 = VECTOR('',#3602,1.);
#3602 = DIRECTION('',(0.,0.,1.));
#3603 = ORIENTED_EDGE('',*,*,#3604,.F.);
#3604 = EDGE_CURVE('',#3566,#3597,#3605,.T.);
#3605 = LINE('',#3606,#3607);
#3606 = CARTESIAN_POINT('',(-1.25,-21.09,0.));
#3607 = VECTOR('',#3608,1.);
#3608 = DIRECTION('',(0.707106781187,-0.707106781187,0.));
#3609 = PLANE('',#3610);
#3610 = AXIS2_PLACEMENT_3D('',#3611,#3612,#3613);
#3611 = CARTESIAN_POINT('',(-1.25,-21.09,0.));
#3612 = DIRECTION('',(0.707106781187,0.707106781187,0.));
#3613 = DIRECTION('',(0.707106781187,-0.707106781187,0.));
#3614 = ADVANCED_FACE('',(#3615),#3640,.F.);
#3615 = FACE_BOUND('',#3616,.F.);
#3616 = EDGE_LOOP('',(#3617,#3618,#3626,#3634));
#3617 = ORIENTED_EDGE('',*,*,#3596,.T.);
#3618 = ORIENTED_EDGE('',*,*,#3619,.T.);
#3619 = EDGE_CURVE('',#3589,#3620,#3622,.T.);
#3620 = VERTEX_POINT('',#3621);
#3621 = CARTESIAN_POINT('',(-1.25,-22.09,2.5));
#3622 = LINE('',#3623,#3624);
#3623 = CARTESIAN_POINT('',(-0.75,-21.59,2.5));
#3624 = VECTOR('',#3625,1.);
#3625 = DIRECTION('',(-0.707106781187,-0.707106781187,0.));
#3626 = ORIENTED_EDGE('',*,*,#3627,.F.);
#3627 = EDGE_CURVE('',#3628,#3620,#3630,.T.);
#3628 = VERTEX_POINT('',#3629);
#3629 = CARTESIAN_POINT('',(-1.25,-22.09,0.));
#3630 = LINE('',#3631,#3632);
#3631 = CARTESIAN_POINT('',(-1.25,-22.09,0.));
#3632 = VECTOR('',#3633,1.);
#3633 = DIRECTION('',(0.,0.,1.));
#3634 = ORIENTED_EDGE('',*,*,#3635,.F.);
#3635 = EDGE_CURVE('',#3597,#3628,#3636,.T.);
#3636 = LINE('',#3637,#3638);
#3637 = CARTESIAN_POINT('',(-0.75,-21.59,0.));
#3638 = VECTOR('',#3639,1.);
#3639 = DIRECTION('',(-0.707106781187,-0.707106781187,0.));
#3640 = PLANE('',#3641);
#3641 = AXIS2_PLACEMENT_3D('',#3642,#3643,#3644);
#3642 = CARTESIAN_POINT('',(-0.75,-21.59,0.));
#3643 = DIRECTION('',(0.707106781187,-0.707106781187,0.));
#3644 = DIRECTION('',(-0.707106781187,-0.707106781187,0.));
#3645 = ADVANCED_FACE('',(#3646),#3671,.F.);
#3646 = FACE_BOUND('',#3647,.F.);
#3647 = EDGE_LOOP('',(#3648,#3649,#3657,#3665));
#3648 = ORIENTED_EDGE('',*,*,#3627,.T.);
#3649 = ORIENTED_EDGE('',*,*,#3650,.T.);
#3650 = EDGE_CURVE('',#3620,#3651,#3653,.T.);
#3651 = VERTEX_POINT('',#3652);
#3652 = CARTESIAN_POINT('',(-1.25,-23.63,2.5));
#3653 = LINE('',#3654,#3655);
#3654 = CARTESIAN_POINT('',(-1.25,-22.09,2.5));
#3655 = VECTOR('',#3656,1.);
#3656 = DIRECTION('',(0.,-1.,0.));
#3657 = ORIENTED_EDGE('',*,*,#3658,.F.);
#3658 = EDGE_CURVE('',#3659,#3651,#3661,.T.);
#3659 = VERTEX_POINT('',#3660);
#3660 = CARTESIAN_POINT('',(-1.25,-23.63,0.));
#3661 = LINE('',#3662,#3663);
#3662 = CARTESIAN_POINT('',(-1.25,-23.63,0.));
#3663 = VECTOR('',#3664,1.);
#3664 = DIRECTION('',(0.,0.,1.));
#3665 = ORIENTED_EDGE('',*,*,#3666,.F.);
#3666 = EDGE_CURVE('',#3628,#3659,#3667,.T.);
#3667 = LINE('',#3668,#3669);
#3668 = CARTESIAN_POINT('',(-1.25,-22.09,0.));
#3669 = VECTOR('',#3670,1.);
#3670 = DIRECTION('',(0.,-1.,0.));
#3671 = PLANE('',#3672);
#3672 = AXIS2_PLACEMENT_3D('',#3673,#3674,#3675);
#3673 = CARTESIAN_POINT('',(-1.25,-22.09,0.));
#3674 = DIRECTION('',(1.,0.,0.));
#3675 = DIRECTION('',(0.,-1.,0.));
#3676 = ADVANCED_FACE('',(#3677),#3702,.F.);
#3677 = FACE_BOUND('',#3678,.F.);
#3678 = EDGE_LOOP('',(#3679,#3680,#3688,#3696));
#3679 = ORIENTED_EDGE('',*,*,#3658,.T.);
#3680 = ORIENTED_EDGE('',*,*,#3681,.T.);
#3681 = EDGE_CURVE('',#3651,#3682,#3684,.T.);
#3682 = VERTEX_POINT('',#3683);
#3683 = CARTESIAN_POINT('',(-0.75,-24.13,2.5));
#3684 = LINE('',#3685,#3686);
#3685 = CARTESIAN_POINT('',(-1.25,-23.63,2.5));
#3686 = VECTOR('',#3687,1.);
#3687 = DIRECTION('',(0.707106781187,-0.707106781187,0.));
#3688 = ORIENTED_EDGE('',*,*,#3689,.F.);
#3689 = EDGE_CURVE('',#3690,#3682,#3692,.T.);
#3690 = VERTEX_POINT('',#3691);
#3691 = CARTESIAN_POINT('',(-0.75,-24.13,0.));
#3692 = LINE('',#3693,#3694);
#3693 = CARTESIAN_POINT('',(-0.75,-24.13,0.));
#3694 = VECTOR('',#3695,1.);
#3695 = DIRECTION('',(0.,0.,1.));
#3696 = ORIENTED_EDGE('',*,*,#3697,.F.);
#3697 = EDGE_CURVE('',#3659,#3690,#3698,.T.);
#3698 = LINE('',#3699,#3700);
#3699 = CARTESIAN_POINT('',(-1.25,-23.63,0.));
#3700 = VECTOR('',#3701,1.);
#3701 = DIRECTION('',(0.707106781187,-0.707106781187,0.));
#3702 = PLANE('',#3703);
#3703 = AXIS2_PLACEMENT_3D('',#3704,#3705,#3706);
#3704 = CARTESIAN_POINT('',(-1.25,-23.63,0.));
#3705 = DIRECTION('',(0.707106781187,0.707106781187,0.));
#3706 = DIRECTION('',(0.707106781187,-0.707106781187,0.));
#3707 = ADVANCED_FACE('',(#3708),#3733,.F.);
#3708 = FACE_BOUND('',#3709,.F.);
#3709 = EDGE_LOOP('',(#3710,#3711,#3719,#3727));
#3710 = ORIENTED_EDGE('',*,*,#3689,.T.);
#3711 = ORIENTED_EDGE('',*,*,#3712,.T.);
#3712 = EDGE_CURVE('',#3682,#3713,#3715,.T.);
#3713 = VERTEX_POINT('',#3714);
#3714 = CARTESIAN_POINT('',(0.75,-24.13,2.5));
#3715 = LINE('',#3716,#3717);
#3716 = CARTESIAN_POINT('',(-0.75,-24.13,2.5));
#3717 = VECTOR('',#3718,1.);
#3718 = DIRECTION('',(1.,0.,0.));
#3719 = ORIENTED_EDGE('',*,*,#3720,.F.);
#3720 = EDGE_CURVE('',#3721,#3713,#3723,.T.);
#3721 = VERTEX_POINT('',#3722);
#3722 = CARTESIAN_POINT('',(0.75,-24.13,0.));
#3723 = LINE('',#3724,#3725);
#3724 = CARTESIAN_POINT('',(0.75,-24.13,0.));
#3725 = VECTOR('',#3726,1.);
#3726 = DIRECTION('',(0.,0.,1.));
#3727 = ORIENTED_EDGE('',*,*,#3728,.F.);
#3728 = EDGE_CURVE('',#3690,#3721,#3729,.T.);
#3729 = LINE('',#3730,#3731);
#3730 = CARTESIAN_POINT('',(-0.75,-24.13,0.));
#3731 = VECTOR('',#3732,1.);
#3732 = DIRECTION('',(1.,0.,0.));
#3733 = PLANE('',#3734);
#3734 = AXIS2_PLACEMENT_3D('',#3735,#3736,#3737);
#3735 = CARTESIAN_POINT('',(-0.75,-24.13,0.));
#3736 = DIRECTION('',(0.,1.,0.));
#3737 = DIRECTION('',(1.,0.,0.));
#3738 = ADVANCED_FACE('',(#3739),#3764,.F.);
#3739 = FACE_BOUND('',#3740,.F.);
#3740 = EDGE_LOOP('',(#3741,#3742,#3750,#3758));
#3741 = ORIENTED_EDGE('',*,*,#3720,.T.);
#3742 = ORIENTED_EDGE('',*,*,#3743,.T.);
#3743 = EDGE_CURVE('',#3713,#3744,#3746,.T.);
#3744 = VERTEX_POINT('',#3745);
#3745 = CARTESIAN_POINT('',(1.25,-23.63,2.5));
#3746 = LINE('',#3747,#3748);
#3747 = CARTESIAN_POINT('',(0.75,-24.13,2.5));
#3748 = VECTOR('',#3749,1.);
#3749 = DIRECTION('',(0.707106781187,0.707106781187,0.));
#3750 = ORIENTED_EDGE('',*,*,#3751,.F.);
#3751 = EDGE_CURVE('',#3752,#3744,#3754,.T.);
#3752 = VERTEX_POINT('',#3753);
#3753 = CARTESIAN_POINT('',(1.25,-23.63,0.));
#3754 = LINE('',#3755,#3756);
#3755 = CARTESIAN_POINT('',(1.25,-23.63,0.));
#3756 = VECTOR('',#3757,1.);
#3757 = DIRECTION('',(0.,0.,1.));
#3758 = ORIENTED_EDGE('',*,*,#3759,.F.);
#3759 = EDGE_CURVE('',#3721,#3752,#3760,.T.);
#3760 = LINE('',#3761,#3762);
#3761 = CARTESIAN_POINT('',(0.75,-24.13,0.));
#3762 = VECTOR('',#3763,1.);
#3763 = DIRECTION('',(0.707106781187,0.707106781187,0.));
#3764 = PLANE('',#3765);
#3765 = AXIS2_PLACEMENT_3D('',#3766,#3767,#3768);
#3766 = CARTESIAN_POINT('',(0.75,-24.13,0.));
#3767 = DIRECTION('',(-0.707106781187,0.707106781187,0.));
#3768 = DIRECTION('',(0.707106781187,0.707106781187,0.));
#3769 = ADVANCED_FACE('',(#3770),#3795,.F.);
#3770 = FACE_BOUND('',#3771,.F.);
#3771 = EDGE_LOOP('',(#3772,#3773,#3781,#3789));
#3772 = ORIENTED_EDGE('',*,*,#3751,.T.);
#3773 = ORIENTED_EDGE('',*,*,#3774,.T.);
#3774 = EDGE_CURVE('',#3744,#3775,#3777,.T.);
#3775 = VERTEX_POINT('',#3776);
#3776 = CARTESIAN_POINT('',(1.25,-22.09,2.5));
#3777 = LINE('',#3778,#3779);
#3778 = CARTESIAN_POINT('',(1.25,-23.63,2.5));
#3779 = VECTOR('',#3780,1.);
#3780 = DIRECTION('',(0.,1.,0.));
#3781 = ORIENTED_EDGE('',*,*,#3782,.F.);
#3782 = EDGE_CURVE('',#3783,#3775,#3785,.T.);
#3783 = VERTEX_POINT('',#3784);
#3784 = CARTESIAN_POINT('',(1.25,-22.09,0.));
#3785 = LINE('',#3786,#3787);
#3786 = CARTESIAN_POINT('',(1.25,-22.09,0.));
#3787 = VECTOR('',#3788,1.);
#3788 = DIRECTION('',(0.,0.,1.));
#3789 = ORIENTED_EDGE('',*,*,#3790,.F.);
#3790 = EDGE_CURVE('',#3752,#3783,#3791,.T.);
#3791 = LINE('',#3792,#3793);
#3792 = CARTESIAN_POINT('',(1.25,-23.63,0.));
#3793 = VECTOR('',#3794,1.);
#3794 = DIRECTION('',(0.,1.,0.));
#3795 = PLANE('',#3796);
#3796 = AXIS2_PLACEMENT_3D('',#3797,#3798,#3799);
#3797 = CARTESIAN_POINT('',(1.25,-23.63,0.));
#3798 = DIRECTION('',(-1.,0.,0.));
#3799 = DIRECTION('',(0.,1.,0.));
#3800 = ADVANCED_FACE('',(#3801),#3826,.F.);
#3801 = FACE_BOUND('',#3802,.F.);
#3802 = EDGE_LOOP('',(#3803,#3804,#3812,#3820));
#3803 = ORIENTED_EDGE('',*,*,#3782,.T.);
#3804 = ORIENTED_EDGE('',*,*,#3805,.T.);
#3805 = EDGE_CURVE('',#3775,#3806,#3808,.T.);
#3806 = VERTEX_POINT('',#3807);
#3807 = CARTESIAN_POINT('',(0.75,-21.59,2.5));
#3808 = LINE('',#3809,#3810);
#3809 = CARTESIAN_POINT('',(1.25,-22.09,2.5));
#3810 = VECTOR('',#3811,1.);
#3811 = DIRECTION('',(-0.707106781187,0.707106781187,0.));
#3812 = ORIENTED_EDGE('',*,*,#3813,.F.);
#3813 = EDGE_CURVE('',#3814,#3806,#3816,.T.);
#3814 = VERTEX_POINT('',#3815);
#3815 = CARTESIAN_POINT('',(0.75,-21.59,0.));
#3816 = LINE('',#3817,#3818);
#3817 = CARTESIAN_POINT('',(0.75,-21.59,0.));
#3818 = VECTOR('',#3819,1.);
#3819 = DIRECTION('',(0.,0.,1.));
#3820 = ORIENTED_EDGE('',*,*,#3821,.F.);
#3821 = EDGE_CURVE('',#3783,#3814,#3822,.T.);
#3822 = LINE('',#3823,#3824);
#3823 = CARTESIAN_POINT('',(1.25,-22.09,0.));
#3824 = VECTOR('',#3825,1.);
#3825 = DIRECTION('',(-0.707106781187,0.707106781187,0.));
#3826 = PLANE('',#3827);
#3827 = AXIS2_PLACEMENT_3D('',#3828,#3829,#3830);
#3828 = CARTESIAN_POINT('',(1.25,-22.09,0.));
#3829 = DIRECTION('',(-0.707106781187,-0.707106781187,0.));
#3830 = DIRECTION('',(-0.707106781187,0.707106781187,0.));
#3831 = ADVANCED_FACE('',(#3832),#3857,.F.);
#3832 = FACE_BOUND('',#3833,.F.);
#3833 = EDGE_LOOP('',(#3834,#3835,#3843,#3851));
#3834 = ORIENTED_EDGE('',*,*,#3813,.T.);
#3835 = ORIENTED_EDGE('',*,*,#3836,.T.);
#3836 = EDGE_CURVE('',#3806,#3837,#3839,.T.);
#3837 = VERTEX_POINT('',#3838);
#3838 = CARTESIAN_POINT('',(1.25,-21.09,2.5));
#3839 = LINE('',#3840,#3841);
#3840 = CARTESIAN_POINT('',(0.75,-21.59,2.5));
#3841 = VECTOR('',#3842,1.);
#3842 = DIRECTION('',(0.707106781187,0.707106781187,0.));
#3843 = ORIENTED_EDGE('',*,*,#3844,.F.);
#3844 = EDGE_CURVE('',#3845,#3837,#3847,.T.);
#3845 = VERTEX_POINT('',#3846);
#3846 = CARTESIAN_POINT('',(1.25,-21.09,0.));
#3847 = LINE('',#3848,#3849);
#3848 = CARTESIAN_POINT('',(1.25,-21.09,0.));
#3849 = VECTOR('',#3850,1.);
#3850 = DIRECTION('',(0.,0.,1.));
#3851 = ORIENTED_EDGE('',*,*,#3852,.F.);
#3852 = EDGE_CURVE('',#3814,#3845,#3853,.T.);
#3853 = LINE('',#3854,#3855);
#3854 = CARTESIAN_POINT('',(0.75,-21.59,0.));
#3855 = VECTOR('',#3856,1.);
#3856 = DIRECTION('',(0.707106781187,0.707106781187,0.));
#3857 = PLANE('',#3858);
#3858 = AXIS2_PLACEMENT_3D('',#3859,#3860,#3861);
#3859 = CARTESIAN_POINT('',(0.75,-21.59,0.));
#3860 = DIRECTION('',(-0.707106781187,0.707106781187,0.));
#3861 = DIRECTION('',(0.707106781187,0.707106781187,0.));
#3862 = ADVANCED_FACE('',(#3863),#3888,.F.);
#3863 = FACE_BOUND('',#3864,.F.);
#3864 = EDGE_LOOP('',(#3865,#3866,#3874,#3882));
#3865 = ORIENTED_EDGE('',*,*,#3844,.T.);
#3866 = ORIENTED_EDGE('',*,*,#3867,.T.);
#3867 = EDGE_CURVE('',#3837,#3868,#3870,.T.);
#3868 = VERTEX_POINT('',#3869);
#3869 = CARTESIAN_POINT('',(1.25,-19.55,2.5));
#3870 = LINE('',#3871,#3872);
#3871 = CARTESIAN_POINT('',(1.25,-21.09,2.5));
#3872 = VECTOR('',#3873,1.);
#3873 = DIRECTION('',(0.,1.,0.));
#3874 = ORIENTED_EDGE('',*,*,#3875,.F.);
#3875 = EDGE_CURVE('',#3876,#3868,#3878,.T.);
#3876 = VERTEX_POINT('',#3877);
#3877 = CARTESIAN_POINT('',(1.25,-19.55,0.));
#3878 = LINE('',#3879,#3880);
#3879 = CARTESIAN_POINT('',(1.25,-19.55,0.));
#3880 = VECTOR('',#3881,1.);
#3881 = DIRECTION('',(0.,0.,1.));
#3882 = ORIENTED_EDGE('',*,*,#3883,.F.);
#3883 = EDGE_CURVE('',#3845,#3876,#3884,.T.);
#3884 = LINE('',#3885,#3886);
#3885 = CARTESIAN_POINT('',(1.25,-21.09,0.));
#3886 = VECTOR('',#3887,1.);
#3887 = DIRECTION('',(0.,1.,0.));
#3888 = PLANE('',#3889);
#3889 = AXIS2_PLACEMENT_3D('',#3890,#3891,#3892);
#3890 = CARTESIAN_POINT('',(1.25,-21.09,0.));
#3891 = DIRECTION('',(-1.,0.,0.));
#3892 = DIRECTION('',(0.,1.,0.));
#3893 = ADVANCED_FACE('',(#3894),#3919,.F.);
#3894 = FACE_BOUND('',#3895,.F.);
#3895 = EDGE_LOOP('',(#3896,#3897,#3905,#3913));
#3896 = ORIENTED_EDGE('',*,*,#3875,.T.);
#3897 = ORIENTED_EDGE('',*,*,#3898,.T.);
#3898 = EDGE_CURVE('',#3868,#3899,#3901,.T.);
#3899 = VERTEX_POINT('',#3900);
#3900 = CARTESIAN_POINT('',(0.75,-19.05,2.5));
#3901 = LINE('',#3902,#3903);
#3902 = CARTESIAN_POINT('',(1.25,-19.55,2.5));
#3903 = VECTOR('',#3904,1.);
#3904 = DIRECTION('',(-0.707106781187,0.707106781187,0.));
#3905 = ORIENTED_EDGE('',*,*,#3906,.F.);
#3906 = EDGE_CURVE('',#3907,#3899,#3909,.T.);
#3907 = VERTEX_POINT('',#3908);
#3908 = CARTESIAN_POINT('',(0.75,-19.05,0.));
#3909 = LINE('',#3910,#3911);
#3910 = CARTESIAN_POINT('',(0.75,-19.05,0.));
#3911 = VECTOR('',#3912,1.);
#3912 = DIRECTION('',(0.,0.,1.));
#3913 = ORIENTED_EDGE('',*,*,#3914,.F.);
#3914 = EDGE_CURVE('',#3876,#3907,#3915,.T.);
#3915 = LINE('',#3916,#3917);
#3916 = CARTESIAN_POINT('',(1.25,-19.55,0.));
#3917 = VECTOR('',#3918,1.);
#3918 = DIRECTION('',(-0.707106781187,0.707106781187,0.));
#3919 = PLANE('',#3920);
#3920 = AXIS2_PLACEMENT_3D('',#3921,#3922,#3923);
#3921 = CARTESIAN_POINT('',(1.25,-19.55,0.));
#3922 = DIRECTION('',(-0.707106781187,-0.707106781187,0.));
#3923 = DIRECTION('',(-0.707106781187,0.707106781187,0.));
#3924 = ADVANCED_FACE('',(#3925),#3950,.F.);
#3925 = FACE_BOUND('',#3926,.F.);
#3926 = EDGE_LOOP('',(#3927,#3928,#3936,#3944));
#3927 = ORIENTED_EDGE('',*,*,#3906,.T.);
#3928 = ORIENTED_EDGE('',*,*,#3929,.T.);
#3929 = EDGE_CURVE('',#3899,#3930,#3932,.T.);
#3930 = VERTEX_POINT('',#3931);
#3931 = CARTESIAN_POINT('',(1.25,-18.55,2.5));
#3932 = LINE('',#3933,#3934);
#3933 = CARTESIAN_POINT('',(0.75,-19.05,2.5));
#3934 = VECTOR('',#3935,1.);
#3935 = DIRECTION('',(0.707106781187,0.707106781187,0.));
#3936 = ORIENTED_EDGE('',*,*,#3937,.F.);
#3937 = EDGE_CURVE('',#3938,#3930,#3940,.T.);
#3938 = VERTEX_POINT('',#3939);
#3939 = CARTESIAN_POINT('',(1.25,-18.55,0.));
#3940 = LINE('',#3941,#3942);
#3941 = CARTESIAN_POINT('',(1.25,-18.55,0.));
#3942 = VECTOR('',#3943,1.);
#3943 = DIRECTION('',(0.,0.,1.));
#3944 = ORIENTED_EDGE('',*,*,#3945,.F.);
#3945 = EDGE_CURVE('',#3907,#3938,#3946,.T.);
#3946 = LINE('',#3947,#3948);
#3947 = CARTESIAN_POINT('',(0.75,-19.05,0.));
#3948 = VECTOR('',#3949,1.);
#3949 = DIRECTION('',(0.707106781187,0.707106781187,0.));
#3950 = PLANE('',#3951);
#3951 = AXIS2_PLACEMENT_3D('',#3952,#3953,#3954);
#3952 = CARTESIAN_POINT('',(0.75,-19.05,0.));
#3953 = DIRECTION('',(-0.707106781187,0.707106781187,0.));
#3954 = DIRECTION('',(0.707106781187,0.707106781187,0.));
#3955 = ADVANCED_FACE('',(#3956),#3981,.F.);
#3956 = FACE_BOUND('',#3957,.F.);
#3957 = EDGE_LOOP('',(#3958,#3959,#3967,#3975));
#3958 = ORIENTED_EDGE('',*,*,#3937,.T.);
#3959 = ORIENTED_EDGE('',*,*,#3960,.T.);
#3960 = EDGE_CURVE('',#3930,#3961,#3963,.T.);
#3961 = VERTEX_POINT('',#3962);
#3962 = CARTESIAN_POINT('',(1.25,-17.01,2.5));
#3963 = LINE('',#3964,#3965);
#3964 = CARTESIAN_POINT('',(1.25,-18.55,2.5));
#3965 = VECTOR('',#3966,1.);
#3966 = DIRECTION('',(0.,1.,0.));
#3967 = ORIENTED_EDGE('',*,*,#3968,.F.);
#3968 = EDGE_CURVE('',#3969,#3961,#3971,.T.);
#3969 = VERTEX_POINT('',#3970);
#3970 = CARTESIAN_POINT('',(1.25,-17.01,0.));
#3971 = LINE('',#3972,#3973);
#3972 = CARTESIAN_POINT('',(1.25,-17.01,0.));
#3973 = VECTOR('',#3974,1.);
#3974 = DIRECTION('',(0.,0.,1.));
#3975 = ORIENTED_EDGE('',*,*,#3976,.F.);
#3976 = EDGE_CURVE('',#3938,#3969,#3977,.T.);
#3977 = LINE('',#3978,#3979);
#3978 = CARTESIAN_POINT('',(1.25,-18.55,0.));
#3979 = VECTOR('',#3980,1.);
#3980 = DIRECTION('',(0.,1.,0.));
#3981 = PLANE('',#3982);
#3982 = AXIS2_PLACEMENT_3D('',#3983,#3984,#3985);
#3983 = CARTESIAN_POINT('',(1.25,-18.55,0.));
#3984 = DIRECTION('',(-1.,0.,0.));
#3985 = DIRECTION('',(0.,1.,0.));
#3986 = ADVANCED_FACE('',(#3987),#4012,.F.);
#3987 = FACE_BOUND('',#3988,.F.);
#3988 = EDGE_LOOP('',(#3989,#3990,#3998,#4006));
#3989 = ORIENTED_EDGE('',*,*,#3968,.T.);
#3990 = ORIENTED_EDGE('',*,*,#3991,.T.);
#3991 = EDGE_CURVE('',#3961,#3992,#3994,.T.);
#3992 = VERTEX_POINT('',#3993);
#3993 = CARTESIAN_POINT('',(0.75,-16.51,2.5));
#3994 = LINE('',#3995,#3996);
#3995 = CARTESIAN_POINT('',(1.25,-17.01,2.5));
#3996 = VECTOR('',#3997,1.);
#3997 = DIRECTION('',(-0.707106781187,0.707106781187,0.));
#3998 = ORIENTED_EDGE('',*,*,#3999,.F.);
#3999 = EDGE_CURVE('',#4000,#3992,#4002,.T.);
#4000 = VERTEX_POINT('',#4001);
#4001 = CARTESIAN_POINT('',(0.75,-16.51,0.));
#4002 = LINE('',#4003,#4004);
#4003 = CARTESIAN_POINT('',(0.75,-16.51,0.));
#4004 = VECTOR('',#4005,1.);
#4005 = DIRECTION('',(0.,0.,1.));
#4006 = ORIENTED_EDGE('',*,*,#4007,.F.);
#4007 = EDGE_CURVE('',#3969,#4000,#4008,.T.);
#4008 = LINE('',#4009,#4010);
#4009 = CARTESIAN_POINT('',(1.25,-17.01,0.));
#4010 = VECTOR('',#4011,1.);
#4011 = DIRECTION('',(-0.707106781187,0.707106781187,0.));
#4012 = PLANE('',#4013);
#4013 = AXIS2_PLACEMENT_3D('',#4014,#4015,#4016);
#4014 = CARTESIAN_POINT('',(1.25,-17.01,0.));
#4015 = DIRECTION('',(-0.707106781187,-0.707106781187,0.));
#4016 = DIRECTION('',(-0.707106781187,0.707106781187,0.));
#4017 = ADVANCED_FACE('',(#4018),#4043,.F.);
#4018 = FACE_BOUND('',#4019,.F.);
#4019 = EDGE_LOOP('',(#4020,#4021,#4029,#4037));
#4020 = ORIENTED_EDGE('',*,*,#3999,.T.);
#4021 = ORIENTED_EDGE('',*,*,#4022,.T.);
#4022 = EDGE_CURVE('',#3992,#4023,#4025,.T.);
#4023 = VERTEX_POINT('',#4024);
#4024 = CARTESIAN_POINT('',(1.25,-16.01,2.5));
#4025 = LINE('',#4026,#4027);
#4026 = CARTESIAN_POINT('',(0.75,-16.51,2.5));
#4027 = VECTOR('',#4028,1.);
#4028 = DIRECTION('',(0.707106781187,0.707106781187,0.));
#4029 = ORIENTED_EDGE('',*,*,#4030,.F.);
#4030 = EDGE_CURVE('',#4031,#4023,#4033,.T.);
#4031 = VERTEX_POINT('',#4032);
#4032 = CARTESIAN_POINT('',(1.25,-16.01,0.));
#4033 = LINE('',#4034,#4035);
#4034 = CARTESIAN_POINT('',(1.25,-16.01,0.));
#4035 = VECTOR('',#4036,1.);
#4036 = DIRECTION('',(0.,0.,1.));
#4037 = ORIENTED_EDGE('',*,*,#4038,.F.);
#4038 = EDGE_CURVE('',#4000,#4031,#4039,.T.);
#4039 = LINE('',#4040,#4041);
#4040 = CARTESIAN_POINT('',(0.75,-16.51,0.));
#4041 = VECTOR('',#4042,1.);
#4042 = DIRECTION('',(0.707106781187,0.707106781187,0.));
#4043 = PLANE('',#4044);
#4044 = AXIS2_PLACEMENT_3D('',#4045,#4046,#4047);
#4045 = CARTESIAN_POINT('',(0.75,-16.51,0.));
#4046 = DIRECTION('',(-0.707106781187,0.707106781187,0.));
#4047 = DIRECTION('',(0.707106781187,0.707106781187,0.));
#4048 = ADVANCED_FACE('',(#4049),#4074,.F.);
#4049 = FACE_BOUND('',#4050,.F.);
#4050 = EDGE_LOOP('',(#4051,#4052,#4060,#4068));
#4051 = ORIENTED_EDGE('',*,*,#4030,.T.);
#4052 = ORIENTED_EDGE('',*,*,#4053,.T.);
#4053 = EDGE_CURVE('',#4023,#4054,#4056,.T.);
#4054 = VERTEX_POINT('',#4055);
#4055 = CARTESIAN_POINT('',(1.25,-14.47,2.5));
#4056 = LINE('',#4057,#4058);
#4057 = CARTESIAN_POINT('',(1.25,-16.01,2.5));
#4058 = VECTOR('',#4059,1.);
#4059 = DIRECTION('',(0.,1.,0.));
#4060 = ORIENTED_EDGE('',*,*,#4061,.F.);
#4061 = EDGE_CURVE('',#4062,#4054,#4064,.T.);
#4062 = VERTEX_POINT('',#4063);
#4063 = CARTESIAN_POINT('',(1.25,-14.47,0.));
#4064 = LINE('',#4065,#4066);
#4065 = CARTESIAN_POINT('',(1.25,-14.47,0.));
#4066 = VECTOR('',#4067,1.);
#4067 = DIRECTION('',(0.,0.,1.));
#4068 = ORIENTED_EDGE('',*,*,#4069,.F.);
#4069 = EDGE_CURVE('',#4031,#4062,#4070,.T.);
#4070 = LINE('',#4071,#4072);
#4071 = CARTESIAN_POINT('',(1.25,-16.01,0.));
#4072 = VECTOR('',#4073,1.);
#4073 = DIRECTION('',(0.,1.,0.));
#4074 = PLANE('',#4075);
#4075 = AXIS2_PLACEMENT_3D('',#4076,#4077,#4078);
#4076 = CARTESIAN_POINT('',(1.25,-16.01,0.));
#4077 = DIRECTION('',(-1.,0.,0.));
#4078 = DIRECTION('',(0.,1.,0.));
#4079 = ADVANCED_FACE('',(#4080),#4105,.F.);
#4080 = FACE_BOUND('',#4081,.F.);
#4081 = EDGE_LOOP('',(#4082,#4083,#4091,#4099));
#4082 = ORIENTED_EDGE('',*,*,#4061,.T.);
#4083 = ORIENTED_EDGE('',*,*,#4084,.T.);
#4084 = EDGE_CURVE('',#4054,#4085,#4087,.T.);
#4085 = VERTEX_POINT('',#4086);
#4086 = CARTESIAN_POINT('',(0.75,-13.97,2.5));
#4087 = LINE('',#4088,#4089);
#4088 = CARTESIAN_POINT('',(1.25,-14.47,2.5));
#4089 = VECTOR('',#4090,1.);
#4090 = DIRECTION('',(-0.707106781187,0.707106781187,0.));
#4091 = ORIENTED_EDGE('',*,*,#4092,.F.);
#4092 = EDGE_CURVE('',#4093,#4085,#4095,.T.);
#4093 = VERTEX_POINT('',#4094);
#4094 = CARTESIAN_POINT('',(0.75,-13.97,0.));
#4095 = LINE('',#4096,#4097);
#4096 = CARTESIAN_POINT('',(0.75,-13.97,0.));
#4097 = VECTOR('',#4098,1.);
#4098 = DIRECTION('',(0.,0.,1.));
#4099 = ORIENTED_EDGE('',*,*,#4100,.F.);
#4100 = EDGE_CURVE('',#4062,#4093,#4101,.T.);
#4101 = LINE('',#4102,#4103);
#4102 = CARTESIAN_POINT('',(1.25,-14.47,0.));
#4103 = VECTOR('',#4104,1.);
#4104 = DIRECTION('',(-0.707106781187,0.707106781187,0.));
#4105 = PLANE('',#4106);
#4106 = AXIS2_PLACEMENT_3D('',#4107,#4108,#4109);
#4107 = CARTESIAN_POINT('',(1.25,-14.47,0.));
#4108 = DIRECTION('',(-0.707106781187,-0.707106781187,0.));
#4109 = DIRECTION('',(-0.707106781187,0.707106781187,0.));
#4110 = ADVANCED_FACE('',(#4111),#4136,.F.);
#4111 = FACE_BOUND('',#4112,.F.);
#4112 = EDGE_LOOP('',(#4113,#4114,#4122,#4130));
#4113 = ORIENTED_EDGE('',*,*,#4092,.T.);
#4114 = ORIENTED_EDGE('',*,*,#4115,.T.);
#4115 = EDGE_CURVE('',#4085,#4116,#4118,.T.);
#4116 = VERTEX_POINT('',#4117);
#4117 = CARTESIAN_POINT('',(1.25,-13.47,2.5));
#4118 = LINE('',#4119,#4120);
#4119 = CARTESIAN_POINT('',(0.75,-13.97,2.5));
#4120 = VECTOR('',#4121,1.);
#4121 = DIRECTION('',(0.707106781187,0.707106781187,0.));
#4122 = ORIENTED_EDGE('',*,*,#4123,.F.);
#4123 = EDGE_CURVE('',#4124,#4116,#4126,.T.);
#4124 = VERTEX_POINT('',#4125);
#4125 = CARTESIAN_POINT('',(1.25,-13.47,0.));
#4126 = LINE('',#4127,#4128);
#4127 = CARTESIAN_POINT('',(1.25,-13.47,0.));
#4128 = VECTOR('',#4129,1.);
#4129 = DIRECTION('',(0.,0.,1.));
#4130 = ORIENTED_EDGE('',*,*,#4131,.F.);
#4131 = EDGE_CURVE('',#4093,#4124,#4132,.T.);
#4132 = LINE('',#4133,#4134);
#4133 = CARTESIAN_POINT('',(0.75,-13.97,0.));
#4134 = VECTOR('',#4135,1.);
#4135 = DIRECTION('',(0.707106781187,0.707106781187,0.));
#4136 = PLANE('',#4137);
#4137 = AXIS2_PLACEMENT_3D('',#4138,#4139,#4140);
#4138 = CARTESIAN_POINT('',(0.75,-13.97,0.));
#4139 = DIRECTION('',(-0.707106781187,0.707106781187,0.));
#4140 = DIRECTION('',(0.707106781187,0.707106781187,0.));
#4141 = ADVANCED_FACE('',(#4142),#4167,.F.);
#4142 = FACE_BOUND('',#4143,.F.);
#4143 = EDGE_LOOP('',(#4144,#4145,#4153,#4161));
#4144 = ORIENTED_EDGE('',*,*,#4123,.T.);
#4145 = ORIENTED_EDGE('',*,*,#4146,.T.);
#4146 = EDGE_CURVE('',#4116,#4147,#4149,.T.);
#4147 = VERTEX_POINT('',#4148);
#4148 = CARTESIAN_POINT('',(1.25,-11.93,2.5));
#4149 = LINE('',#4150,#4151);
#4150 = CARTESIAN_POINT('',(1.25,-13.47,2.5));
#4151 = VECTOR('',#4152,1.);
#4152 = DIRECTION('',(0.,1.,0.));
#4153 = ORIENTED_EDGE('',*,*,#4154,.F.);
#4154 = EDGE_CURVE('',#4155,#4147,#4157,.T.);
#4155 = VERTEX_POINT('',#4156);
#4156 = CARTESIAN_POINT('',(1.25,-11.93,0.));
#4157 = LINE('',#4158,#4159);
#4158 = CARTESIAN_POINT('',(1.25,-11.93,0.));
#4159 = VECTOR('',#4160,1.);
#4160 = DIRECTION('',(0.,0.,1.));
#4161 = ORIENTED_EDGE('',*,*,#4162,.F.);
#4162 = EDGE_CURVE('',#4124,#4155,#4163,.T.);
#4163 = LINE('',#4164,#4165);
#4164 = CARTESIAN_POINT('',(1.25,-13.47,0.));
#4165 = VECTOR('',#4166,1.);
#4166 = DIRECTION('',(0.,1.,0.));
#4167 = PLANE('',#4168);
#4168 = AXIS2_PLACEMENT_3D('',#4169,#4170,#4171);
#4169 = CARTESIAN_POINT('',(1.25,-13.47,0.));
#4170 = DIRECTION('',(-1.,0.,0.));
#4171 = DIRECTION('',(0.,1.,0.));
#4172 = ADVANCED_FACE('',(#4173),#4198,.F.);
#4173 = FACE_BOUND('',#4174,.F.);
#4174 = EDGE_LOOP('',(#4175,#4176,#4184,#4192));
#4175 = ORIENTED_EDGE('',*,*,#4154,.T.);
#4176 = ORIENTED_EDGE('',*,*,#4177,.T.);
#4177 = EDGE_CURVE('',#4147,#4178,#4180,.T.);
#4178 = VERTEX_POINT('',#4179);
#4179 = CARTESIAN_POINT('',(0.75,-11.43,2.5));
#4180 = LINE('',#4181,#4182);
#4181 = CARTESIAN_POINT('',(1.25,-11.93,2.5));
#4182 = VECTOR('',#4183,1.);
#4183 = DIRECTION('',(-0.707106781187,0.707106781187,0.));
#4184 = ORIENTED_EDGE('',*,*,#4185,.F.);
#4185 = EDGE_CURVE('',#4186,#4178,#4188,.T.);
#4186 = VERTEX_POINT('',#4187);
#4187 = CARTESIAN_POINT('',(0.75,-11.43,0.));
#4188 = LINE('',#4189,#4190);
#4189 = CARTESIAN_POINT('',(0.75,-11.43,0.));
#4190 = VECTOR('',#4191,1.);
#4191 = DIRECTION('',(0.,0.,1.));
#4192 = ORIENTED_EDGE('',*,*,#4193,.F.);
#4193 = EDGE_CURVE('',#4155,#4186,#4194,.T.);
#4194 = LINE('',#4195,#4196);
#4195 = CARTESIAN_POINT('',(1.25,-11.93,0.));
#4196 = VECTOR('',#4197,1.);
#4197 = DIRECTION('',(-0.707106781187,0.707106781187,0.));
#4198 = PLANE('',#4199);
#4199 = AXIS2_PLACEMENT_3D('',#4200,#4201,#4202);
#4200 = CARTESIAN_POINT('',(1.25,-11.93,0.));
#4201 = DIRECTION('',(-0.707106781187,-0.707106781187,0.));
#4202 = DIRECTION('',(-0.707106781187,0.707106781187,0.));
#4203 = ADVANCED_FACE('',(#4204),#4229,.F.);
#4204 = FACE_BOUND('',#4205,.F.);
#4205 = EDGE_LOOP('',(#4206,#4207,#4215,#4223));
#4206 = ORIENTED_EDGE('',*,*,#4185,.T.);
#4207 = ORIENTED_EDGE('',*,*,#4208,.T.);
#4208 = EDGE_CURVE('',#4178,#4209,#4211,.T.);
#4209 = VERTEX_POINT('',#4210);
#4210 = CARTESIAN_POINT('',(1.25,-10.93,2.5));
#4211 = LINE('',#4212,#4213);
#4212 = CARTESIAN_POINT('',(0.75,-11.43,2.5));
#4213 = VECTOR('',#4214,1.);
#4214 = DIRECTION('',(0.707106781187,0.707106781187,0.));
#4215 = ORIENTED_EDGE('',*,*,#4216,.F.);
#4216 = EDGE_CURVE('',#4217,#4209,#4219,.T.);
#4217 = VERTEX_POINT('',#4218);
#4218 = CARTESIAN_POINT('',(1.25,-10.93,0.));
#4219 = LINE('',#4220,#4221);
#4220 = CARTESIAN_POINT('',(1.25,-10.93,0.));
#4221 = VECTOR('',#4222,1.);
#4222 = DIRECTION('',(0.,0.,1.));
#4223 = ORIENTED_EDGE('',*,*,#4224,.F.);
#4224 = EDGE_CURVE('',#4186,#4217,#4225,.T.);
#4225 = LINE('',#4226,#4227);
#4226 = CARTESIAN_POINT('',(0.75,-11.43,0.));
#4227 = VECTOR('',#4228,1.);
#4228 = DIRECTION('',(0.707106781187,0.707106781187,0.));
#4229 = PLANE('',#4230);
#4230 = AXIS2_PLACEMENT_3D('',#4231,#4232,#4233);
#4231 = CARTESIAN_POINT('',(0.75,-11.43,0.));
#4232 = DIRECTION('',(-0.707106781187,0.707106781187,0.));
#4233 = DIRECTION('',(0.707106781187,0.707106781187,0.));
#4234 = ADVANCED_FACE('',(#4235),#4260,.F.);
#4235 = FACE_BOUND('',#4236,.F.);
#4236 = EDGE_LOOP('',(#4237,#4238,#4246,#4254));
#4237 = ORIENTED_EDGE('',*,*,#4216,.T.);
#4238 = ORIENTED_EDGE('',*,*,#4239,.T.);
#4239 = EDGE_CURVE('',#4209,#4240,#4242,.T.);
#4240 = VERTEX_POINT('',#4241);
#4241 = CARTESIAN_POINT('',(1.25,-9.39,2.5));
#4242 = LINE('',#4243,#4244);
#4243 = CARTESIAN_POINT('',(1.25,-10.93,2.5));
#4244 = VECTOR('',#4245,1.);
#4245 = DIRECTION('',(0.,1.,0.));
#4246 = ORIENTED_EDGE('',*,*,#4247,.F.);
#4247 = EDGE_CURVE('',#4248,#4240,#4250,.T.);
#4248 = VERTEX_POINT('',#4249);
#4249 = CARTESIAN_POINT('',(1.25,-9.39,0.));
#4250 = LINE('',#4251,#4252);
#4251 = CARTESIAN_POINT('',(1.25,-9.39,0.));
#4252 = VECTOR('',#4253,1.);
#4253 = DIRECTION('',(0.,0.,1.));
#4254 = ORIENTED_EDGE('',*,*,#4255,.F.);
#4255 = EDGE_CURVE('',#4217,#4248,#4256,.T.);
#4256 = LINE('',#4257,#4258);
#4257 = CARTESIAN_POINT('',(1.25,-10.93,0.));
#4258 = VECTOR('',#4259,1.);
#4259 = DIRECTION('',(0.,1.,0.));
#4260 = PLANE('',#4261);
#4261 = AXIS2_PLACEMENT_3D('',#4262,#4263,#4264);
#4262 = CARTESIAN_POINT('',(1.25,-10.93,0.));
#4263 = DIRECTION('',(-1.,0.,0.));
#4264 = DIRECTION('',(0.,1.,0.));
#4265 = ADVANCED_FACE('',(#4266),#4291,.F.);
#4266 = FACE_BOUND('',#4267,.F.);
#4267 = EDGE_LOOP('',(#4268,#4269,#4277,#4285));
#4268 = ORIENTED_EDGE('',*,*,#4247,.T.);
#4269 = ORIENTED_EDGE('',*,*,#4270,.T.);
#4270 = EDGE_CURVE('',#4240,#4271,#4273,.T.);
#4271 = VERTEX_POINT('',#4272);
#4272 = CARTESIAN_POINT('',(0.75,-8.89,2.5));
#4273 = LINE('',#4274,#4275);
#4274 = CARTESIAN_POINT('',(1.25,-9.39,2.5));
#4275 = VECTOR('',#4276,1.);
#4276 = DIRECTION('',(-0.707106781187,0.707106781187,0.));
#4277 = ORIENTED_EDGE('',*,*,#4278,.F.);
#4278 = EDGE_CURVE('',#4279,#4271,#4281,.T.);
#4279 = VERTEX_POINT('',#4280);
#4280 = CARTESIAN_POINT('',(0.75,-8.89,0.));
#4281 = LINE('',#4282,#4283);
#4282 = CARTESIAN_POINT('',(0.75,-8.89,0.));
#4283 = VECTOR('',#4284,1.);
#4284 = DIRECTION('',(0.,0.,1.));
#4285 = ORIENTED_EDGE('',*,*,#4286,.F.);
#4286 = EDGE_CURVE('',#4248,#4279,#4287,.T.);
#4287 = LINE('',#4288,#4289);
#4288 = CARTESIAN_POINT('',(1.25,-9.39,0.));
#4289 = VECTOR('',#4290,1.);
#4290 = DIRECTION('',(-0.707106781187,0.707106781187,0.));
#4291 = PLANE('',#4292);
#4292 = AXIS2_PLACEMENT_3D('',#4293,#4294,#4295);
#4293 = CARTESIAN_POINT('',(1.25,-9.39,0.));
#4294 = DIRECTION('',(-0.707106781187,-0.707106781187,0.));
#4295 = DIRECTION('',(-0.707106781187,0.707106781187,0.));
#4296 = ADVANCED_FACE('',(#4297),#4322,.F.);
#4297 = FACE_BOUND('',#4298,.F.);
#4298 = EDGE_LOOP('',(#4299,#4300,#4308,#4316));
#4299 = ORIENTED_EDGE('',*,*,#4278,.T.);
#4300 = ORIENTED_EDGE('',*,*,#4301,.T.);
#4301 = EDGE_CURVE('',#4271,#4302,#4304,.T.);
#4302 = VERTEX_POINT('',#4303);
#4303 = CARTESIAN_POINT('',(1.25,-8.39,2.5));
#4304 = LINE('',#4305,#4306);
#4305 = CARTESIAN_POINT('',(0.75,-8.89,2.5));
#4306 = VECTOR('',#4307,1.);
#4307 = DIRECTION('',(0.707106781187,0.707106781187,0.));
#4308 = ORIENTED_EDGE('',*,*,#4309,.F.);
#4309 = EDGE_CURVE('',#4310,#4302,#4312,.T.);
#4310 = VERTEX_POINT('',#4311);
#4311 = CARTESIAN_POINT('',(1.25,-8.39,0.));
#4312 = LINE('',#4313,#4314);
#4313 = CARTESIAN_POINT('',(1.25,-8.39,0.));
#4314 = VECTOR('',#4315,1.);
#4315 = DIRECTION('',(0.,0.,1.));
#4316 = ORIENTED_EDGE('',*,*,#4317,.F.);
#4317 = EDGE_CURVE('',#4279,#4310,#4318,.T.);
#4318 = LINE('',#4319,#4320);
#4319 = CARTESIAN_POINT('',(0.75,-8.89,0.));
#4320 = VECTOR('',#4321,1.);
#4321 = DIRECTION('',(0.707106781187,0.707106781187,0.));
#4322 = PLANE('',#4323);
#4323 = AXIS2_PLACEMENT_3D('',#4324,#4325,#4326);
#4324 = CARTESIAN_POINT('',(0.75,-8.89,0.));
#4325 = DIRECTION('',(-0.707106781187,0.707106781187,0.));
#4326 = DIRECTION('',(0.707106781187,0.707106781187,0.));
#4327 = ADVANCED_FACE('',(#4328),#4353,.F.);
#4328 = FACE_BOUND('',#4329,.F.);
#4329 = EDGE_LOOP('',(#4330,#4331,#4339,#4347));
#4330 = ORIENTED_EDGE('',*,*,#4309,.T.);
#4331 = ORIENTED_EDGE('',*,*,#4332,.T.);
#4332 = EDGE_CURVE('',#4302,#4333,#4335,.T.);
#4333 = VERTEX_POINT('',#4334);
#4334 = CARTESIAN_POINT('',(1.25,-6.85,2.5));
#4335 = LINE('',#4336,#4337);
#4336 = CARTESIAN_POINT('',(1.25,-8.39,2.5));
#4337 = VECTOR('',#4338,1.);
#4338 = DIRECTION('',(0.,1.,0.));
#4339 = ORIENTED_EDGE('',*,*,#4340,.F.);
#4340 = EDGE_CURVE('',#4341,#4333,#4343,.T.);
#4341 = VERTEX_POINT('',#4342);
#4342 = CARTESIAN_POINT('',(1.25,-6.85,0.));
#4343 = LINE('',#4344,#4345);
#4344 = CARTESIAN_POINT('',(1.25,-6.85,0.));
#4345 = VECTOR('',#4346,1.);
#4346 = DIRECTION('',(0.,0.,1.));
#4347 = ORIENTED_EDGE('',*,*,#4348,.F.);
#4348 = EDGE_CURVE('',#4310,#4341,#4349,.T.);
#4349 = LINE('',#4350,#4351);
#4350 = CARTESIAN_POINT('',(1.25,-8.39,0.));
#4351 = VECTOR('',#4352,1.);
#4352 = DIRECTION('',(0.,1.,0.));
#4353 = PLANE('',#4354);
#4354 = AXIS2_PLACEMENT_3D('',#4355,#4356,#4357);
#4355 = CARTESIAN_POINT('',(1.25,-8.39,0.));
#4356 = DIRECTION('',(-1.,0.,0.));
#4357 = DIRECTION('',(0.,1.,0.));
#4358 = ADVANCED_FACE('',(#4359),#4384,.F.);
#4359 = FACE_BOUND('',#4360,.F.);
#4360 = EDGE_LOOP('',(#4361,#4362,#4370,#4378));
#4361 = ORIENTED_EDGE('',*,*,#4340,.T.);
#4362 = ORIENTED_EDGE('',*,*,#4363,.T.);
#4363 = EDGE_CURVE('',#4333,#4364,#4366,.T.);
#4364 = VERTEX_POINT('',#4365);
#4365 = CARTESIAN_POINT('',(0.75,-6.35,2.5));
#4366 = LINE('',#4367,#4368);
#4367 = CARTESIAN_POINT('',(1.25,-6.85,2.5));
#4368 = VECTOR('',#4369,1.);
#4369 = DIRECTION('',(-0.707106781187,0.707106781187,0.));
#4370 = ORIENTED_EDGE('',*,*,#4371,.F.);
#4371 = EDGE_CURVE('',#4372,#4364,#4374,.T.);
#4372 = VERTEX_POINT('',#4373);
#4373 = CARTESIAN_POINT('',(0.75,-6.35,0.));
#4374 = LINE('',#4375,#4376);
#4375 = CARTESIAN_POINT('',(0.75,-6.35,0.));
#4376 = VECTOR('',#4377,1.);
#4377 = DIRECTION('',(0.,0.,1.));
#4378 = ORIENTED_EDGE('',*,*,#4379,.F.);
#4379 = EDGE_CURVE('',#4341,#4372,#4380,.T.);
#4380 = LINE('',#4381,#4382);
#4381 = CARTESIAN_POINT('',(1.25,-6.85,0.));
#4382 = VECTOR('',#4383,1.);
#4383 = DIRECTION('',(-0.707106781187,0.707106781187,0.));
#4384 = PLANE('',#4385);
#4385 = AXIS2_PLACEMENT_3D('',#4386,#4387,#4388);
#4386 = CARTESIAN_POINT('',(1.25,-6.85,0.));
#4387 = DIRECTION('',(-0.707106781187,-0.707106781187,0.));
#4388 = DIRECTION('',(-0.707106781187,0.707106781187,0.));
#4389 = ADVANCED_FACE('',(#4390),#4415,.F.);
#4390 = FACE_BOUND('',#4391,.F.);
#4391 = EDGE_LOOP('',(#4392,#4393,#4401,#4409));
#4392 = ORIENTED_EDGE('',*,*,#4371,.T.);
#4393 = ORIENTED_EDGE('',*,*,#4394,.T.);
#4394 = EDGE_CURVE('',#4364,#4395,#4397,.T.);
#4395 = VERTEX_POINT('',#4396);
#4396 = CARTESIAN_POINT('',(1.25,-5.85,2.5));
#4397 = LINE('',#4398,#4399);
#4398 = CARTESIAN_POINT('',(0.75,-6.35,2.5));
#4399 = VECTOR('',#4400,1.);
#4400 = DIRECTION('',(0.707106781187,0.707106781187,0.));
#4401 = ORIENTED_EDGE('',*,*,#4402,.F.);
#4402 = EDGE_CURVE('',#4403,#4395,#4405,.T.);
#4403 = VERTEX_POINT('',#4404);
#4404 = CARTESIAN_POINT('',(1.25,-5.85,0.));
#4405 = LINE('',#4406,#4407);
#4406 = CARTESIAN_POINT('',(1.25,-5.85,0.));
#4407 = VECTOR('',#4408,1.);
#4408 = DIRECTION('',(0.,0.,1.));
#4409 = ORIENTED_EDGE('',*,*,#4410,.F.);
#4410 = EDGE_CURVE('',#4372,#4403,#4411,.T.);
#4411 = LINE('',#4412,#4413);
#4412 = CARTESIAN_POINT('',(0.75,-6.35,0.));
#4413 = VECTOR('',#4414,1.);
#4414 = DIRECTION('',(0.707106781187,0.707106781187,0.));
#4415 = PLANE('',#4416);
#4416 = AXIS2_PLACEMENT_3D('',#4417,#4418,#4419);
#4417 = CARTESIAN_POINT('',(0.75,-6.35,0.));
#4418 = DIRECTION('',(-0.707106781187,0.707106781187,0.));
#4419 = DIRECTION('',(0.707106781187,0.707106781187,0.));
#4420 = ADVANCED_FACE('',(#4421),#4446,.F.);
#4421 = FACE_BOUND('',#4422,.F.);
#4422 = EDGE_LOOP('',(#4423,#4424,#4432,#4440));
#4423 = ORIENTED_EDGE('',*,*,#4402,.T.);
#4424 = ORIENTED_EDGE('',*,*,#4425,.T.);
#4425 = EDGE_CURVE('',#4395,#4426,#4428,.T.);
#4426 = VERTEX_POINT('',#4427);
#4427 = CARTESIAN_POINT('',(1.25,-4.31,2.5));
#4428 = LINE('',#4429,#4430);
#4429 = CARTESIAN_POINT('',(1.25,-5.85,2.5));
#4430 = VECTOR('',#4431,1.);
#4431 = DIRECTION('',(0.,1.,0.));
#4432 = ORIENTED_EDGE('',*,*,#4433,.F.);
#4433 = EDGE_CURVE('',#4434,#4426,#4436,.T.);
#4434 = VERTEX_POINT('',#4435);
#4435 = CARTESIAN_POINT('',(1.25,-4.31,0.));
#4436 = LINE('',#4437,#4438);
#4437 = CARTESIAN_POINT('',(1.25,-4.31,0.));
#4438 = VECTOR('',#4439,1.);
#4439 = DIRECTION('',(0.,0.,1.));
#4440 = ORIENTED_EDGE('',*,*,#4441,.F.);
#4441 = EDGE_CURVE('',#4403,#4434,#4442,.T.);
#4442 = LINE('',#4443,#4444);
#4443 = CARTESIAN_POINT('',(1.25,-5.85,0.));
#4444 = VECTOR('',#4445,1.);
#4445 = DIRECTION('',(0.,1.,0.));
#4446 = PLANE('',#4447);
#4447 = AXIS2_PLACEMENT_3D('',#4448,#4449,#4450);
#4448 = CARTESIAN_POINT('',(1.25,-5.85,0.));
#4449 = DIRECTION('',(-1.,0.,0.));
#4450 = DIRECTION('',(0.,1.,0.));
#4451 = ADVANCED_FACE('',(#4452),#4477,.F.);
#4452 = FACE_BOUND('',#4453,.F.);
#4453 = EDGE_LOOP('',(#4454,#4455,#4463,#4471));
#4454 = ORIENTED_EDGE('',*,*,#4433,.T.);
#4455 = ORIENTED_EDGE('',*,*,#4456,.T.);
#4456 = EDGE_CURVE('',#4426,#4457,#4459,.T.);
#4457 = VERTEX_POINT('',#4458);
#4458 = CARTESIAN_POINT('',(0.75,-3.81,2.5));
#4459 = LINE('',#4460,#4461);
#4460 = CARTESIAN_POINT('',(1.25,-4.31,2.5));
#4461 = VECTOR('',#4462,1.);
#4462 = DIRECTION('',(-0.707106781187,0.707106781187,0.));
#4463 = ORIENTED_EDGE('',*,*,#4464,.F.);
#4464 = EDGE_CURVE('',#4465,#4457,#4467,.T.);
#4465 = VERTEX_POINT('',#4466);
#4466 = CARTESIAN_POINT('',(0.75,-3.81,0.));
#4467 = LINE('',#4468,#4469);
#4468 = CARTESIAN_POINT('',(0.75,-3.81,0.));
#4469 = VECTOR('',#4470,1.);
#4470 = DIRECTION('',(0.,0.,1.));
#4471 = ORIENTED_EDGE('',*,*,#4472,.F.);
#4472 = EDGE_CURVE('',#4434,#4465,#4473,.T.);
#4473 = LINE('',#4474,#4475);
#4474 = CARTESIAN_POINT('',(1.25,-4.31,0.));
#4475 = VECTOR('',#4476,1.);
#4476 = DIRECTION('',(-0.707106781187,0.707106781187,0.));
#4477 = PLANE('',#4478);
#4478 = AXIS2_PLACEMENT_3D('',#4479,#4480,#4481);
#4479 = CARTESIAN_POINT('',(1.25,-4.31,0.));
#4480 = DIRECTION('',(-0.707106781187,-0.707106781187,0.));
#4481 = DIRECTION('',(-0.707106781187,0.707106781187,0.));
#4482 = ADVANCED_FACE('',(#4483),#4508,.F.);
#4483 = FACE_BOUND('',#4484,.F.);
#4484 = EDGE_LOOP('',(#4485,#4486,#4494,#4502));
#4485 = ORIENTED_EDGE('',*,*,#4464,.T.);
#4486 = ORIENTED_EDGE('',*,*,#4487,.T.);
#4487 = EDGE_CURVE('',#4457,#4488,#4490,.T.);
#4488 = VERTEX_POINT('',#4489);
#4489 = CARTESIAN_POINT('',(1.25,-3.31,2.5));
#4490 = LINE('',#4491,#4492);
#4491 = CARTESIAN_POINT('',(0.75,-3.81,2.5));
#4492 = VECTOR('',#4493,1.);
#4493 = DIRECTION('',(0.707106781187,0.707106781187,0.));
#4494 = ORIENTED_EDGE('',*,*,#4495,.F.);
#4495 = EDGE_CURVE('',#4496,#4488,#4498,.T.);
#4496 = VERTEX_POINT('',#4497);
#4497 = CARTESIAN_POINT('',(1.25,-3.31,0.));
#4498 = LINE('',#4499,#4500);
#4499 = CARTESIAN_POINT('',(1.25,-3.31,0.));
#4500 = VECTOR('',#4501,1.);
#4501 = DIRECTION('',(0.,0.,1.));
#4502 = ORIENTED_EDGE('',*,*,#4503,.F.);
#4503 = EDGE_CURVE('',#4465,#4496,#4504,.T.);
#4504 = LINE('',#4505,#4506);
#4505 = CARTESIAN_POINT('',(0.75,-3.81,0.));
#4506 = VECTOR('',#4507,1.);
#4507 = DIRECTION('',(0.707106781187,0.707106781187,0.));
#4508 = PLANE('',#4509);
#4509 = AXIS2_PLACEMENT_3D('',#4510,#4511,#4512);
#4510 = CARTESIAN_POINT('',(0.75,-3.81,0.));
#4511 = DIRECTION('',(-0.707106781187,0.707106781187,0.));
#4512 = DIRECTION('',(0.707106781187,0.707106781187,0.));
#4513 = ADVANCED_FACE('',(#4514),#4539,.F.);
#4514 = FACE_BOUND('',#4515,.F.);
#4515 = EDGE_LOOP('',(#4516,#4517,#4525,#4533));
#4516 = ORIENTED_EDGE('',*,*,#4495,.T.);
#4517 = ORIENTED_EDGE('',*,*,#4518,.T.);
#4518 = EDGE_CURVE('',#4488,#4519,#4521,.T.);
#4519 = VERTEX_POINT('',#4520);
#4520 = CARTESIAN_POINT('',(1.25,-1.77,2.5));
#4521 = LINE('',#4522,#4523);
#4522 = CARTESIAN_POINT('',(1.25,-3.31,2.5));
#4523 = VECTOR('',#4524,1.);
#4524 = DIRECTION('',(0.,1.,0.));
#4525 = ORIENTED_EDGE('',*,*,#4526,.F.);
#4526 = EDGE_CURVE('',#4527,#4519,#4529,.T.);
#4527 = VERTEX_POINT('',#4528);
#4528 = CARTESIAN_POINT('',(1.25,-1.77,0.));
#4529 = LINE('',#4530,#4531);
#4530 = CARTESIAN_POINT('',(1.25,-1.77,0.));
#4531 = VECTOR('',#4532,1.);
#4532 = DIRECTION('',(0.,0.,1.));
#4533 = ORIENTED_EDGE('',*,*,#4534,.F.);
#4534 = EDGE_CURVE('',#4496,#4527,#4535,.T.);
#4535 = LINE('',#4536,#4537);
#4536 = CARTESIAN_POINT('',(1.25,-3.31,0.));
#4537 = VECTOR('',#4538,1.);
#4538 = DIRECTION('',(0.,1.,0.));
#4539 = PLANE('',#4540);
#4540 = AXIS2_PLACEMENT_3D('',#4541,#4542,#4543);
#4541 = CARTESIAN_POINT('',(1.25,-3.31,0.));
#4542 = DIRECTION('',(-1.,0.,0.));
#4543 = DIRECTION('',(0.,1.,0.));
#4544 = ADVANCED_FACE('',(#4545),#4570,.F.);
#4545 = FACE_BOUND('',#4546,.F.);
#4546 = EDGE_LOOP('',(#4547,#4548,#4556,#4564));
#4547 = ORIENTED_EDGE('',*,*,#4526,.T.);
#4548 = ORIENTED_EDGE('',*,*,#4549,.T.);
#4549 = EDGE_CURVE('',#4519,#4550,#4552,.T.);
#4550 = VERTEX_POINT('',#4551);
#4551 = CARTESIAN_POINT('',(0.75,-1.27,2.5));
#4552 = LINE('',#4553,#4554);
#4553 = CARTESIAN_POINT('',(1.25,-1.77,2.5));
#4554 = VECTOR('',#4555,1.);
#4555 = DIRECTION('',(-0.707106781187,0.707106781187,0.));
#4556 = ORIENTED_EDGE('',*,*,#4557,.F.);
#4557 = EDGE_CURVE('',#4558,#4550,#4560,.T.);
#4558 = VERTEX_POINT('',#4559);
#4559 = CARTESIAN_POINT('',(0.75,-1.27,0.));
#4560 = LINE('',#4561,#4562);
#4561 = CARTESIAN_POINT('',(0.75,-1.27,0.));
#4562 = VECTOR('',#4563,1.);
#4563 = DIRECTION('',(0.,0.,1.));
#4564 = ORIENTED_EDGE('',*,*,#4565,.F.);
#4565 = EDGE_CURVE('',#4527,#4558,#4566,.T.);
#4566 = LINE('',#4567,#4568);
#4567 = CARTESIAN_POINT('',(1.25,-1.77,0.));
#4568 = VECTOR('',#4569,1.);
#4569 = DIRECTION('',(-0.707106781187,0.707106781187,0.));
#4570 = PLANE('',#4571);
#4571 = AXIS2_PLACEMENT_3D('',#4572,#4573,#4574);
#4572 = CARTESIAN_POINT('',(1.25,-1.77,0.));
#4573 = DIRECTION('',(-0.707106781187,-0.707106781187,0.));
#4574 = DIRECTION('',(-0.707106781187,0.707106781187,0.));
#4575 = ADVANCED_FACE('',(#4576),#4601,.F.);
#4576 = FACE_BOUND('',#4577,.F.);
#4577 = EDGE_LOOP('',(#4578,#4579,#4587,#4595));
#4578 = ORIENTED_EDGE('',*,*,#4557,.T.);
#4579 = ORIENTED_EDGE('',*,*,#4580,.T.);
#4580 = EDGE_CURVE('',#4550,#4581,#4583,.T.);
#4581 = VERTEX_POINT('',#4582);
#4582 = CARTESIAN_POINT('',(1.25,-0.77,2.5));
#4583 = LINE('',#4584,#4585);
#4584 = CARTESIAN_POINT('',(0.75,-1.27,2.5));
#4585 = VECTOR('',#4586,1.);
#4586 = DIRECTION('',(0.707106781187,0.707106781187,0.));
#4587 = ORIENTED_EDGE('',*,*,#4588,.F.);
#4588 = EDGE_CURVE('',#4589,#4581,#4591,.T.);
#4589 = VERTEX_POINT('',#4590);
#4590 = CARTESIAN_POINT('',(1.25,-0.77,0.));
#4591 = LINE('',#4592,#4593);
#4592 = CARTESIAN_POINT('',(1.25,-0.77,0.));
#4593 = VECTOR('',#4594,1.);
#4594 = DIRECTION('',(0.,0.,1.));
#4595 = ORIENTED_EDGE('',*,*,#4596,.F.);
#4596 = EDGE_CURVE('',#4558,#4589,#4597,.T.);
#4597 = LINE('',#4598,#4599);
#4598 = CARTESIAN_POINT('',(0.75,-1.27,0.));
#4599 = VECTOR('',#4600,1.);
#4600 = DIRECTION('',(0.707106781187,0.707106781187,0.));
#4601 = PLANE('',#4602);
#4602 = AXIS2_PLACEMENT_3D('',#4603,#4604,#4605);
#4603 = CARTESIAN_POINT('',(0.75,-1.27,0.));
#4604 = DIRECTION('',(-0.707106781187,0.707106781187,0.));
#4605 = DIRECTION('',(0.707106781187,0.707106781187,0.));
#4606 = ADVANCED_FACE('',(#4607),#4632,.F.);
#4607 = FACE_BOUND('',#4608,.F.);
#4608 = EDGE_LOOP('',(#4609,#4610,#4618,#4626));
#4609 = ORIENTED_EDGE('',*,*,#4588,.T.);
#4610 = ORIENTED_EDGE('',*,*,#4611,.T.);
#4611 = EDGE_CURVE('',#4581,#4612,#4614,.T.);
#4612 = VERTEX_POINT('',#4613);
#4613 = CARTESIAN_POINT('',(1.25,0.77,2.5));
#4614 = LINE('',#4615,#4616);
#4615 = CARTESIAN_POINT('',(1.25,-0.77,2.5));
#4616 = VECTOR('',#4617,1.);
#4617 = DIRECTION('',(0.,1.,0.));
#4618 = ORIENTED_EDGE('',*,*,#4619,.F.);
#4619 = EDGE_CURVE('',#4620,#4612,#4622,.T.);
#4620 = VERTEX_POINT('',#4621);
#4621 = CARTESIAN_POINT('',(1.25,0.77,0.));
#4622 = LINE('',#4623,#4624);
#4623 = CARTESIAN_POINT('',(1.25,0.77,0.));
#4624 = VECTOR('',#4625,1.);
#4625 = DIRECTION('',(0.,0.,1.));
#4626 = ORIENTED_EDGE('',*,*,#4627,.F.);
#4627 = EDGE_CURVE('',#4589,#4620,#4628,.T.);
#4628 = LINE('',#4629,#4630);
#4629 = CARTESIAN_POINT('',(1.25,-0.77,0.));
#4630 = VECTOR('',#4631,1.);
#4631 = DIRECTION('',(0.,1.,0.));
#4632 = PLANE('',#4633);
#4633 = AXIS2_PLACEMENT_3D('',#4634,#4635,#4636);
#4634 = CARTESIAN_POINT('',(1.25,-0.77,0.));
#4635 = DIRECTION('',(-1.,0.,0.));
#4636 = DIRECTION('',(0.,1.,0.));
#4637 = ADVANCED_FACE('',(#4638),#4663,.F.);
#4638 = FACE_BOUND('',#4639,.F.);
#4639 = EDGE_LOOP('',(#4640,#4641,#4649,#4657));
#4640 = ORIENTED_EDGE('',*,*,#4619,.T.);
#4641 = ORIENTED_EDGE('',*,*,#4642,.T.);
#4642 = EDGE_CURVE('',#4612,#4643,#4645,.T.);
#4643 = VERTEX_POINT('',#4644);
#4644 = CARTESIAN_POINT('',(0.75,1.27,2.5));
#4645 = LINE('',#4646,#4647);
#4646 = CARTESIAN_POINT('',(1.25,0.77,2.5));
#4647 = VECTOR('',#4648,1.);
#4648 = DIRECTION('',(-0.707106781187,0.707106781187,0.));
#4649 = ORIENTED_EDGE('',*,*,#4650,.F.);
#4650 = EDGE_CURVE('',#4651,#4643,#4653,.T.);
#4651 = VERTEX_POINT('',#4652);
#4652 = CARTESIAN_POINT('',(0.75,1.27,0.));
#4653 = LINE('',#4654,#4655);
#4654 = CARTESIAN_POINT('',(0.75,1.27,0.));
#4655 = VECTOR('',#4656,1.);
#4656 = DIRECTION('',(0.,0.,1.));
#4657 = ORIENTED_EDGE('',*,*,#4658,.F.);
#4658 = EDGE_CURVE('',#4620,#4651,#4659,.T.);
#4659 = LINE('',#4660,#4661);
#4660 = CARTESIAN_POINT('',(1.25,0.77,0.));
#4661 = VECTOR('',#4662,1.);
#4662 = DIRECTION('',(-0.707106781187,0.707106781187,0.));
#4663 = PLANE('',#4664);
#4664 = AXIS2_PLACEMENT_3D('',#4665,#4666,#4667);
#4665 = CARTESIAN_POINT('',(1.25,0.77,0.));
#4666 = DIRECTION('',(-0.707106781187,-0.707106781187,0.));
#4667 = DIRECTION('',(-0.707106781187,0.707106781187,0.));
#4668 = ADVANCED_FACE('',(#4669),#4694,.F.);
#4669 = FACE_BOUND('',#4670,.F.);
#4670 = EDGE_LOOP('',(#4671,#4672,#4680,#4688));
#4671 = ORIENTED_EDGE('',*,*,#4650,.T.);
#4672 = ORIENTED_EDGE('',*,*,#4673,.T.);
#4673 = EDGE_CURVE('',#4643,#4674,#4676,.T.);
#4674 = VERTEX_POINT('',#4675);
#4675 = CARTESIAN_POINT('',(1.25,1.77,2.5));
#4676 = LINE('',#4677,#4678);
#4677 = CARTESIAN_POINT('',(0.75,1.27,2.5));
#4678 = VECTOR('',#4679,1.);
#4679 = DIRECTION('',(0.707106781187,0.707106781187,0.));
#4680 = ORIENTED_EDGE('',*,*,#4681,.F.);
#4681 = EDGE_CURVE('',#4682,#4674,#4684,.T.);
#4682 = VERTEX_POINT('',#4683);
#4683 = CARTESIAN_POINT('',(1.25,1.77,0.));
#4684 = LINE('',#4685,#4686);
#4685 = CARTESIAN_POINT('',(1.25,1.77,0.));
#4686 = VECTOR('',#4687,1.);
#4687 = DIRECTION('',(0.,0.,1.));
#4688 = ORIENTED_EDGE('',*,*,#4689,.F.);
#4689 = EDGE_CURVE('',#4651,#4682,#4690,.T.);
#4690 = LINE('',#4691,#4692);
#4691 = CARTESIAN_POINT('',(0.75,1.27,0.));
#4692 = VECTOR('',#4693,1.);
#4693 = DIRECTION('',(0.707106781187,0.707106781187,0.));
#4694 = PLANE('',#4695);
#4695 = AXIS2_PLACEMENT_3D('',#4696,#4697,#4698);
#4696 = CARTESIAN_POINT('',(0.75,1.27,0.));
#4697 = DIRECTION('',(-0.707106781187,0.707106781187,0.));
#4698 = DIRECTION('',(0.707106781187,0.707106781187,0.));
#4699 = ADVANCED_FACE('',(#4700),#4725,.F.);
#4700 = FACE_BOUND('',#4701,.F.);
#4701 = EDGE_LOOP('',(#4702,#4703,#4711,#4719));
#4702 = ORIENTED_EDGE('',*,*,#4681,.T.);
#4703 = ORIENTED_EDGE('',*,*,#4704,.T.);
#4704 = EDGE_CURVE('',#4674,#4705,#4707,.T.);
#4705 = VERTEX_POINT('',#4706);
#4706 = CARTESIAN_POINT('',(1.25,3.31,2.5));
#4707 = LINE('',#4708,#4709);
#4708 = CARTESIAN_POINT('',(1.25,1.77,2.5));
#4709 = VECTOR('',#4710,1.);
#4710 = DIRECTION('',(0.,1.,0.));
#4711 = ORIENTED_EDGE('',*,*,#4712,.F.);
#4712 = EDGE_CURVE('',#4713,#4705,#4715,.T.);
#4713 = VERTEX_POINT('',#4714);
#4714 = CARTESIAN_POINT('',(1.25,3.31,0.));
#4715 = LINE('',#4716,#4717);
#4716 = CARTESIAN_POINT('',(1.25,3.31,0.));
#4717 = VECTOR('',#4718,1.);
#4718 = DIRECTION('',(0.,0.,1.));
#4719 = ORIENTED_EDGE('',*,*,#4720,.F.);
#4720 = EDGE_CURVE('',#4682,#4713,#4721,.T.);
#4721 = LINE('',#4722,#4723);
#4722 = CARTESIAN_POINT('',(1.25,1.77,0.));
#4723 = VECTOR('',#4724,1.);
#4724 = DIRECTION('',(0.,1.,0.));
#4725 = PLANE('',#4726);
#4726 = AXIS2_PLACEMENT_3D('',#4727,#4728,#4729);
#4727 = CARTESIAN_POINT('',(1.25,1.77,0.));
#4728 = DIRECTION('',(-1.,0.,0.));
#4729 = DIRECTION('',(0.,1.,0.));
#4730 = ADVANCED_FACE('',(#4731),#4756,.F.);
#4731 = FACE_BOUND('',#4732,.F.);
#4732 = EDGE_LOOP('',(#4733,#4734,#4742,#4750));
#4733 = ORIENTED_EDGE('',*,*,#4712,.T.);
#4734 = ORIENTED_EDGE('',*,*,#4735,.T.);
#4735 = EDGE_CURVE('',#4705,#4736,#4738,.T.);
#4736 = VERTEX_POINT('',#4737);
#4737 = CARTESIAN_POINT('',(0.75,3.81,2.5));
#4738 = LINE('',#4739,#4740);
#4739 = CARTESIAN_POINT('',(1.25,3.31,2.5));
#4740 = VECTOR('',#4741,1.);
#4741 = DIRECTION('',(-0.707106781187,0.707106781187,0.));
#4742 = ORIENTED_EDGE('',*,*,#4743,.F.);
#4743 = EDGE_CURVE('',#4744,#4736,#4746,.T.);
#4744 = VERTEX_POINT('',#4745);
#4745 = CARTESIAN_POINT('',(0.75,3.81,0.));
#4746 = LINE('',#4747,#4748);
#4747 = CARTESIAN_POINT('',(0.75,3.81,0.));
#4748 = VECTOR('',#4749,1.);
#4749 = DIRECTION('',(0.,0.,1.));
#4750 = ORIENTED_EDGE('',*,*,#4751,.F.);
#4751 = EDGE_CURVE('',#4713,#4744,#4752,.T.);
#4752 = LINE('',#4753,#4754);
#4753 = CARTESIAN_POINT('',(1.25,3.31,0.));
#4754 = VECTOR('',#4755,1.);
#4755 = DIRECTION('',(-0.707106781187,0.707106781187,0.));
#4756 = PLANE('',#4757);
#4757 = AXIS2_PLACEMENT_3D('',#4758,#4759,#4760);
#4758 = CARTESIAN_POINT('',(1.25,3.31,0.));
#4759 = DIRECTION('',(-0.707106781187,-0.707106781187,0.));
#4760 = DIRECTION('',(-0.707106781187,0.707106781187,0.));
#4761 = ADVANCED_FACE('',(#4762),#4787,.F.);
#4762 = FACE_BOUND('',#4763,.F.);
#4763 = EDGE_LOOP('',(#4764,#4765,#4773,#4781));
#4764 = ORIENTED_EDGE('',*,*,#4743,.T.);
#4765 = ORIENTED_EDGE('',*,*,#4766,.T.);
#4766 = EDGE_CURVE('',#4736,#4767,#4769,.T.);
#4767 = VERTEX_POINT('',#4768);
#4768 = CARTESIAN_POINT('',(1.25,4.31,2.5));
#4769 = LINE('',#4770,#4771);
#4770 = CARTESIAN_POINT('',(0.75,3.81,2.5));
#4771 = VECTOR('',#4772,1.);
#4772 = DIRECTION('',(0.707106781187,0.707106781187,0.));
#4773 = ORIENTED_EDGE('',*,*,#4774,.F.);
#4774 = EDGE_CURVE('',#4775,#4767,#4777,.T.);
#4775 = VERTEX_POINT('',#4776);
#4776 = CARTESIAN_POINT('',(1.25,4.31,0.));
#4777 = LINE('',#4778,#4779);
#4778 = CARTESIAN_POINT('',(1.25,4.31,0.));
#4779 = VECTOR('',#4780,1.);
#4780 = DIRECTION('',(0.,0.,1.));
#4781 = ORIENTED_EDGE('',*,*,#4782,.F.);
#4782 = EDGE_CURVE('',#4744,#4775,#4783,.T.);
#4783 = LINE('',#4784,#4785);
#4784 = CARTESIAN_POINT('',(0.75,3.81,0.));
#4785 = VECTOR('',#4786,1.);
#4786 = DIRECTION('',(0.707106781187,0.707106781187,0.));
#4787 = PLANE('',#4788);
#4788 = AXIS2_PLACEMENT_3D('',#4789,#4790,#4791);
#4789 = CARTESIAN_POINT('',(0.75,3.81,0.));
#4790 = DIRECTION('',(-0.707106781187,0.707106781187,0.));
#4791 = DIRECTION('',(0.707106781187,0.707106781187,0.));
#4792 = ADVANCED_FACE('',(#4793),#4818,.F.);
#4793 = FACE_BOUND('',#4794,.F.);
#4794 = EDGE_LOOP('',(#4795,#4796,#4804,#4812));
#4795 = ORIENTED_EDGE('',*,*,#4774,.T.);
#4796 = ORIENTED_EDGE('',*,*,#4797,.T.);
#4797 = EDGE_CURVE('',#4767,#4798,#4800,.T.);
#4798 = VERTEX_POINT('',#4799);
#4799 = CARTESIAN_POINT('',(1.25,5.85,2.5));
#4800 = LINE('',#4801,#4802);
#4801 = CARTESIAN_POINT('',(1.25,4.31,2.5));
#4802 = VECTOR('',#4803,1.);
#4803 = DIRECTION('',(0.,1.,0.));
#4804 = ORIENTED_EDGE('',*,*,#4805,.F.);
#4805 = EDGE_CURVE('',#4806,#4798,#4808,.T.);
#4806 = VERTEX_POINT('',#4807);
#4807 = CARTESIAN_POINT('',(1.25,5.85,0.));
#4808 = LINE('',#4809,#4810);
#4809 = CARTESIAN_POINT('',(1.25,5.85,0.));
#4810 = VECTOR('',#4811,1.);
#4811 = DIRECTION('',(0.,0.,1.));
#4812 = ORIENTED_EDGE('',*,*,#4813,.F.);
#4813 = EDGE_CURVE('',#4775,#4806,#4814,.T.);
#4814 = LINE('',#4815,#4816);
#4815 = CARTESIAN_POINT('',(1.25,4.31,0.));
#4816 = VECTOR('',#4817,1.);
#4817 = DIRECTION('',(0.,1.,0.));
#4818 = PLANE('',#4819);
#4819 = AXIS2_PLACEMENT_3D('',#4820,#4821,#4822);
#4820 = CARTESIAN_POINT('',(1.25,4.31,0.));
#4821 = DIRECTION('',(-1.,0.,0.));
#4822 = DIRECTION('',(0.,1.,0.));
#4823 = ADVANCED_FACE('',(#4824),#4849,.F.);
#4824 = FACE_BOUND('',#4825,.F.);
#4825 = EDGE_LOOP('',(#4826,#4827,#4835,#4843));
#4826 = ORIENTED_EDGE('',*,*,#4805,.T.);
#4827 = ORIENTED_EDGE('',*,*,#4828,.T.);
#4828 = EDGE_CURVE('',#4798,#4829,#4831,.T.);
#4829 = VERTEX_POINT('',#4830);
#4830 = CARTESIAN_POINT('',(0.75,6.35,2.5));
#4831 = LINE('',#4832,#4833);
#4832 = CARTESIAN_POINT('',(1.25,5.85,2.5));
#4833 = VECTOR('',#4834,1.);
#4834 = DIRECTION('',(-0.707106781187,0.707106781187,0.));
#4835 = ORIENTED_EDGE('',*,*,#4836,.F.);
#4836 = EDGE_CURVE('',#4837,#4829,#4839,.T.);
#4837 = VERTEX_POINT('',#4838);
#4838 = CARTESIAN_POINT('',(0.75,6.35,0.));
#4839 = LINE('',#4840,#4841);
#4840 = CARTESIAN_POINT('',(0.75,6.35,0.));
#4841 = VECTOR('',#4842,1.);
#4842 = DIRECTION('',(0.,0.,1.));
#4843 = ORIENTED_EDGE('',*,*,#4844,.F.);
#4844 = EDGE_CURVE('',#4806,#4837,#4845,.T.);
#4845 = LINE('',#4846,#4847);
#4846 = CARTESIAN_POINT('',(1.25,5.85,0.));
#4847 = VECTOR('',#4848,1.);
#4848 = DIRECTION('',(-0.707106781187,0.707106781187,0.));
#4849 = PLANE('',#4850);
#4850 = AXIS2_PLACEMENT_3D('',#4851,#4852,#4853);
#4851 = CARTESIAN_POINT('',(1.25,5.85,0.));
#4852 = DIRECTION('',(-0.707106781187,-0.707106781187,0.));
#4853 = DIRECTION('',(-0.707106781187,0.707106781187,0.));
#4854 = ADVANCED_FACE('',(#4855),#4880,.F.);
#4855 = FACE_BOUND('',#4856,.F.);
#4856 = EDGE_LOOP('',(#4857,#4858,#4866,#4874));
#4857 = ORIENTED_EDGE('',*,*,#4836,.T.);
#4858 = ORIENTED_EDGE('',*,*,#4859,.T.);
#4859 = EDGE_CURVE('',#4829,#4860,#4862,.T.);
#4860 = VERTEX_POINT('',#4861);
#4861 = CARTESIAN_POINT('',(1.25,6.85,2.5));
#4862 = LINE('',#4863,#4864);
#4863 = CARTESIAN_POINT('',(0.75,6.35,2.5));
#4864 = VECTOR('',#4865,1.);
#4865 = DIRECTION('',(0.707106781187,0.707106781187,0.));
#4866 = ORIENTED_EDGE('',*,*,#4867,.F.);
#4867 = EDGE_CURVE('',#4868,#4860,#4870,.T.);
#4868 = VERTEX_POINT('',#4869);
#4869 = CARTESIAN_POINT('',(1.25,6.85,0.));
#4870 = LINE('',#4871,#4872);
#4871 = CARTESIAN_POINT('',(1.25,6.85,0.));
#4872 = VECTOR('',#4873,1.);
#4873 = DIRECTION('',(0.,0.,1.));
#4874 = ORIENTED_EDGE('',*,*,#4875,.F.);
#4875 = EDGE_CURVE('',#4837,#4868,#4876,.T.);
#4876 = LINE('',#4877,#4878);
#4877 = CARTESIAN_POINT('',(0.75,6.35,0.));
#4878 = VECTOR('',#4879,1.);
#4879 = DIRECTION('',(0.707106781187,0.707106781187,0.));
#4880 = PLANE('',#4881);
#4881 = AXIS2_PLACEMENT_3D('',#4882,#4883,#4884);
#4882 = CARTESIAN_POINT('',(0.75,6.35,0.));
#4883 = DIRECTION('',(-0.707106781187,0.707106781187,0.));
#4884 = DIRECTION('',(0.707106781187,0.707106781187,0.));
#4885 = ADVANCED_FACE('',(#4886),#4911,.F.);
#4886 = FACE_BOUND('',#4887,.F.);
#4887 = EDGE_LOOP('',(#4888,#4889,#4897,#4905));
#4888 = ORIENTED_EDGE('',*,*,#4867,.T.);
#4889 = ORIENTED_EDGE('',*,*,#4890,.T.);
#4890 = EDGE_CURVE('',#4860,#4891,#4893,.T.);
#4891 = VERTEX_POINT('',#4892);
#4892 = CARTESIAN_POINT('',(1.25,8.39,2.5));
#4893 = LINE('',#4894,#4895);
#4894 = CARTESIAN_POINT('',(1.25,6.85,2.5));
#4895 = VECTOR('',#4896,1.);
#4896 = DIRECTION('',(0.,1.,0.));
#4897 = ORIENTED_EDGE('',*,*,#4898,.F.);
#4898 = EDGE_CURVE('',#4899,#4891,#4901,.T.);
#4899 = VERTEX_POINT('',#4900);
#4900 = CARTESIAN_POINT('',(1.25,8.39,0.));
#4901 = LINE('',#4902,#4903);
#4902 = CARTESIAN_POINT('',(1.25,8.39,0.));
#4903 = VECTOR('',#4904,1.);
#4904 = DIRECTION('',(0.,0.,1.));
#4905 = ORIENTED_EDGE('',*,*,#4906,.F.);
#4906 = EDGE_CURVE('',#4868,#4899,#4907,.T.);
#4907 = LINE('',#4908,#4909);
#4908 = CARTESIAN_POINT('',(1.25,6.85,0.));
#4909 = VECTOR('',#4910,1.);
#4910 = DIRECTION('',(0.,1.,0.));
#4911 = PLANE('',#4912);
#4912 = AXIS2_PLACEMENT_3D('',#4913,#4914,#4915);
#4913 = CARTESIAN_POINT('',(1.25,6.85,0.));
#4914 = DIRECTION('',(-1.,0.,0.));
#4915 = DIRECTION('',(0.,1.,0.));
#4916 = ADVANCED_FACE('',(#4917),#4942,.F.);
#4917 = FACE_BOUND('',#4918,.F.);
#4918 = EDGE_LOOP('',(#4919,#4920,#4928,#4936));
#4919 = ORIENTED_EDGE('',*,*,#4898,.T.);
#4920 = ORIENTED_EDGE('',*,*,#4921,.T.);
#4921 = EDGE_CURVE('',#4891,#4922,#4924,.T.);
#4922 = VERTEX_POINT('',#4923);
#4923 = CARTESIAN_POINT('',(0.75,8.89,2.5));
#4924 = LINE('',#4925,#4926);
#4925 = CARTESIAN_POINT('',(1.25,8.39,2.5));
#4926 = VECTOR('',#4927,1.);
#4927 = DIRECTION('',(-0.707106781187,0.707106781187,0.));
#4928 = ORIENTED_EDGE('',*,*,#4929,.F.);
#4929 = EDGE_CURVE('',#4930,#4922,#4932,.T.);
#4930 = VERTEX_POINT('',#4931);
#4931 = CARTESIAN_POINT('',(0.75,8.89,0.));
#4932 = LINE('',#4933,#4934);
#4933 = CARTESIAN_POINT('',(0.75,8.89,0.));
#4934 = VECTOR('',#4935,1.);
#4935 = DIRECTION('',(0.,0.,1.));
#4936 = ORIENTED_EDGE('',*,*,#4937,.F.);
#4937 = EDGE_CURVE('',#4899,#4930,#4938,.T.);
#4938 = LINE('',#4939,#4940);
#4939 = CARTESIAN_POINT('',(1.25,8.39,0.));
#4940 = VECTOR('',#4941,1.);
#4941 = DIRECTION('',(-0.707106781187,0.707106781187,0.));
#4942 = PLANE('',#4943);
#4943 = AXIS2_PLACEMENT_3D('',#4944,#4945,#4946);
#4944 = CARTESIAN_POINT('',(1.25,8.39,0.));
#4945 = DIRECTION('',(-0.707106781187,-0.707106781187,0.));
#4946 = DIRECTION('',(-0.707106781187,0.707106781187,0.));
#4947 = ADVANCED_FACE('',(#4948),#4973,.F.);
#4948 = FACE_BOUND('',#4949,.F.);
#4949 = EDGE_LOOP('',(#4950,#4951,#4959,#4967));
#4950 = ORIENTED_EDGE('',*,*,#4929,.T.);
#4951 = ORIENTED_EDGE('',*,*,#4952,.T.);
#4952 = EDGE_CURVE('',#4922,#4953,#4955,.T.);
#4953 = VERTEX_POINT('',#4954);
#4954 = CARTESIAN_POINT('',(1.25,9.39,2.5));
#4955 = LINE('',#4956,#4957);
#4956 = CARTESIAN_POINT('',(0.75,8.89,2.5));
#4957 = VECTOR('',#4958,1.);
#4958 = DIRECTION('',(0.707106781187,0.707106781187,0.));
#4959 = ORIENTED_EDGE('',*,*,#4960,.F.);
#4960 = EDGE_CURVE('',#4961,#4953,#4963,.T.);
#4961 = VERTEX_POINT('',#4962);
#4962 = CARTESIAN_POINT('',(1.25,9.39,0.));
#4963 = LINE('',#4964,#4965);
#4964 = CARTESIAN_POINT('',(1.25,9.39,0.));
#4965 = VECTOR('',#4966,1.);
#4966 = DIRECTION('',(0.,0.,1.));
#4967 = ORIENTED_EDGE('',*,*,#4968,.F.);
#4968 = EDGE_CURVE('',#4930,#4961,#4969,.T.);
#4969 = LINE('',#4970,#4971);
#4970 = CARTESIAN_POINT('',(0.75,8.89,0.));
#4971 = VECTOR('',#4972,1.);
#4972 = DIRECTION('',(0.707106781187,0.707106781187,0.));
#4973 = PLANE('',#4974);
#4974 = AXIS2_PLACEMENT_3D('',#4975,#4976,#4977);
#4975 = CARTESIAN_POINT('',(0.75,8.89,0.));
#4976 = DIRECTION('',(-0.707106781187,0.707106781187,0.));
#4977 = DIRECTION('',(0.707106781187,0.707106781187,0.));
#4978 = ADVANCED_FACE('',(#4979),#5004,.F.);
#4979 = FACE_BOUND('',#4980,.F.);
#4980 = EDGE_LOOP('',(#4981,#4982,#4990,#4998));
#4981 = ORIENTED_EDGE('',*,*,#4960,.T.);
#4982 = ORIENTED_EDGE('',*,*,#4983,.T.);
#4983 = EDGE_CURVE('',#4953,#4984,#4986,.T.);
#4984 = VERTEX_POINT('',#4985);
#4985 = CARTESIAN_POINT('',(1.25,10.93,2.5));
#4986 = LINE('',#4987,#4988);
#4987 = CARTESIAN_POINT('',(1.25,9.39,2.5));
#4988 = VECTOR('',#4989,1.);
#4989 = DIRECTION('',(0.,1.,0.));
#4990 = ORIENTED_EDGE('',*,*,#4991,.F.);
#4991 = EDGE_CURVE('',#4992,#4984,#4994,.T.);
#4992 = VERTEX_POINT('',#4993);
#4993 = CARTESIAN_POINT('',(1.25,10.93,0.));
#4994 = LINE('',#4995,#4996);
#4995 = CARTESIAN_POINT('',(1.25,10.93,0.));
#4996 = VECTOR('',#4997,1.);
#4997 = DIRECTION('',(0.,0.,1.));
#4998 = ORIENTED_EDGE('',*,*,#4999,.F.);
#4999 = EDGE_CURVE('',#4961,#4992,#5000,.T.);
#5000 = LINE('',#5001,#5002);
#5001 = CARTESIAN_POINT('',(1.25,9.39,0.));
#5002 = VECTOR('',#5003,1.);
#5003 = DIRECTION('',(0.,1.,0.));
#5004 = PLANE('',#5005);
#5005 = AXIS2_PLACEMENT_3D('',#5006,#5007,#5008);
#5006 = CARTESIAN_POINT('',(1.25,9.39,0.));
#5007 = DIRECTION('',(-1.,0.,0.));
#5008 = DIRECTION('',(0.,1.,0.));
#5009 = ADVANCED_FACE('',(#5010),#5035,.F.);
#5010 = FACE_BOUND('',#5011,.F.);
#5011 = EDGE_LOOP('',(#5012,#5013,#5021,#5029));
#5012 = ORIENTED_EDGE('',*,*,#4991,.T.);
#5013 = ORIENTED_EDGE('',*,*,#5014,.T.);
#5014 = EDGE_CURVE('',#4984,#5015,#5017,.T.);
#5015 = VERTEX_POINT('',#5016);
#5016 = CARTESIAN_POINT('',(0.75,11.43,2.5));
#5017 = LINE('',#5018,#5019);
#5018 = CARTESIAN_POINT('',(1.25,10.93,2.5));
#5019 = VECTOR('',#5020,1.);
#5020 = DIRECTION('',(-0.707106781187,0.707106781187,0.));
#5021 = ORIENTED_EDGE('',*,*,#5022,.F.);
#5022 = EDGE_CURVE('',#5023,#5015,#5025,.T.);
#5023 = VERTEX_POINT('',#5024);
#5024 = CARTESIAN_POINT('',(0.75,11.43,0.));
#5025 = LINE('',#5026,#5027);
#5026 = CARTESIAN_POINT('',(0.75,11.43,0.));
#5027 = VECTOR('',#5028,1.);
#5028 = DIRECTION('',(0.,0.,1.));
#5029 = ORIENTED_EDGE('',*,*,#5030,.F.);
#5030 = EDGE_CURVE('',#4992,#5023,#5031,.T.);
#5031 = LINE('',#5032,#5033);
#5032 = CARTESIAN_POINT('',(1.25,10.93,0.));
#5033 = VECTOR('',#5034,1.);
#5034 = DIRECTION('',(-0.707106781187,0.707106781187,0.));
#5035 = PLANE('',#5036);
#5036 = AXIS2_PLACEMENT_3D('',#5037,#5038,#5039);
#5037 = CARTESIAN_POINT('',(1.25,10.93,0.));
#5038 = DIRECTION('',(-0.707106781187,-0.707106781187,0.));
#5039 = DIRECTION('',(-0.707106781187,0.707106781187,0.));
#5040 = ADVANCED_FACE('',(#5041),#5066,.F.);
#5041 = FACE_BOUND('',#5042,.F.);
#5042 = EDGE_LOOP('',(#5043,#5044,#5052,#5060));
#5043 = ORIENTED_EDGE('',*,*,#5022,.T.);
#5044 = ORIENTED_EDGE('',*,*,#5045,.T.);
#5045 = EDGE_CURVE('',#5015,#5046,#5048,.T.);
#5046 = VERTEX_POINT('',#5047);
#5047 = CARTESIAN_POINT('',(1.25,11.93,2.5));
#5048 = LINE('',#5049,#5050);
#5049 = CARTESIAN_POINT('',(0.75,11.43,2.5));
#5050 = VECTOR('',#5051,1.);
#5051 = DIRECTION('',(0.707106781187,0.707106781187,0.));
#5052 = ORIENTED_EDGE('',*,*,#5053,.F.);
#5053 = EDGE_CURVE('',#5054,#5046,#5056,.T.);
#5054 = VERTEX_POINT('',#5055);
#5055 = CARTESIAN_POINT('',(1.25,11.93,0.));
#5056 = LINE('',#5057,#5058);
#5057 = CARTESIAN_POINT('',(1.25,11.93,0.));
#5058 = VECTOR('',#5059,1.);
#5059 = DIRECTION('',(0.,0.,1.));
#5060 = ORIENTED_EDGE('',*,*,#5061,.F.);
#5061 = EDGE_CURVE('',#5023,#5054,#5062,.T.);
#5062 = LINE('',#5063,#5064);
#5063 = CARTESIAN_POINT('',(0.75,11.43,0.));
#5064 = VECTOR('',#5065,1.);
#5065 = DIRECTION('',(0.707106781187,0.707106781187,0.));
#5066 = PLANE('',#5067);
#5067 = AXIS2_PLACEMENT_3D('',#5068,#5069,#5070);
#5068 = CARTESIAN_POINT('',(0.75,11.43,0.));
#5069 = DIRECTION('',(-0.707106781187,0.707106781187,0.));
#5070 = DIRECTION('',(0.707106781187,0.707106781187,0.));
#5071 = ADVANCED_FACE('',(#5072),#5097,.F.);
#5072 = FACE_BOUND('',#5073,.F.);
#5073 = EDGE_LOOP('',(#5074,#5075,#5083,#5091));
#5074 = ORIENTED_EDGE('',*,*,#5053,.T.);
#5075 = ORIENTED_EDGE('',*,*,#5076,.T.);
#5076 = EDGE_CURVE('',#5046,#5077,#5079,.T.);
#5077 = VERTEX_POINT('',#5078);
#5078 = CARTESIAN_POINT('',(1.25,13.47,2.5));
#5079 = LINE('',#5080,#5081);
#5080 = CARTESIAN_POINT('',(1.25,11.93,2.5));
#5081 = VECTOR('',#5082,1.);
#5082 = DIRECTION('',(0.,1.,0.));
#5083 = ORIENTED_EDGE('',*,*,#5084,.F.);
#5084 = EDGE_CURVE('',#5085,#5077,#5087,.T.);
#5085 = VERTEX_POINT('',#5086);
#5086 = CARTESIAN_POINT('',(1.25,13.47,0.));
#5087 = LINE('',#5088,#5089);
#5088 = CARTESIAN_POINT('',(1.25,13.47,0.));
#5089 = VECTOR('',#5090,1.);
#5090 = DIRECTION('',(0.,0.,1.));
#5091 = ORIENTED_EDGE('',*,*,#5092,.F.);
#5092 = EDGE_CURVE('',#5054,#5085,#5093,.T.);
#5093 = LINE('',#5094,#5095);
#5094 = CARTESIAN_POINT('',(1.25,11.93,0.));
#5095 = VECTOR('',#5096,1.);
#5096 = DIRECTION('',(0.,1.,0.));
#5097 = PLANE('',#5098);
#5098 = AXIS2_PLACEMENT_3D('',#5099,#5100,#5101);
#5099 = CARTESIAN_POINT('',(1.25,11.93,0.));
#5100 = DIRECTION('',(-1.,0.,0.));
#5101 = DIRECTION('',(0.,1.,0.));
#5102 = ADVANCED_FACE('',(#5103),#5128,.F.);
#5103 = FACE_BOUND('',#5104,.F.);
#5104 = EDGE_LOOP('',(#5105,#5106,#5114,#5122));
#5105 = ORIENTED_EDGE('',*,*,#5084,.T.);
#5106 = ORIENTED_EDGE('',*,*,#5107,.T.);
#5107 = EDGE_CURVE('',#5077,#5108,#5110,.T.);
#5108 = VERTEX_POINT('',#5109);
#5109 = CARTESIAN_POINT('',(0.75,13.97,2.5));
#5110 = LINE('',#5111,#5112);
#5111 = CARTESIAN_POINT('',(1.25,13.47,2.5));
#5112 = VECTOR('',#5113,1.);
#5113 = DIRECTION('',(-0.707106781187,0.707106781187,0.));
#5114 = ORIENTED_EDGE('',*,*,#5115,.F.);
#5115 = EDGE_CURVE('',#5116,#5108,#5118,.T.);
#5116 = VERTEX_POINT('',#5117);
#5117 = CARTESIAN_POINT('',(0.75,13.97,0.));
#5118 = LINE('',#5119,#5120);
#5119 = CARTESIAN_POINT('',(0.75,13.97,0.));
#5120 = VECTOR('',#5121,1.);
#5121 = DIRECTION('',(0.,0.,1.));
#5122 = ORIENTED_EDGE('',*,*,#5123,.F.);
#5123 = EDGE_CURVE('',#5085,#5116,#5124,.T.);
#5124 = LINE('',#5125,#5126);
#5125 = CARTESIAN_POINT('',(1.25,13.47,0.));
#5126 = VECTOR('',#5127,1.);
#5127 = DIRECTION('',(-0.707106781187,0.707106781187,0.));
#5128 = PLANE('',#5129);
#5129 = AXIS2_PLACEMENT_3D('',#5130,#5131,#5132);
#5130 = CARTESIAN_POINT('',(1.25,13.47,0.));
#5131 = DIRECTION('',(-0.707106781187,-0.707106781187,0.));
#5132 = DIRECTION('',(-0.707106781187,0.707106781187,0.));
#5133 = ADVANCED_FACE('',(#5134),#5159,.F.);
#5134 = FACE_BOUND('',#5135,.F.);
#5135 = EDGE_LOOP('',(#5136,#5137,#5145,#5153));
#5136 = ORIENTED_EDGE('',*,*,#5115,.T.);
#5137 = ORIENTED_EDGE('',*,*,#5138,.T.);
#5138 = EDGE_CURVE('',#5108,#5139,#5141,.T.);
#5139 = VERTEX_POINT('',#5140);
#5140 = CARTESIAN_POINT('',(1.25,14.47,2.5));
#5141 = LINE('',#5142,#5143);
#5142 = CARTESIAN_POINT('',(0.75,13.97,2.5));
#5143 = VECTOR('',#5144,1.);
#5144 = DIRECTION('',(0.707106781187,0.707106781187,0.));
#5145 = ORIENTED_EDGE('',*,*,#5146,.F.);
#5146 = EDGE_CURVE('',#5147,#5139,#5149,.T.);
#5147 = VERTEX_POINT('',#5148);
#5148 = CARTESIAN_POINT('',(1.25,14.47,0.));
#5149 = LINE('',#5150,#5151);
#5150 = CARTESIAN_POINT('',(1.25,14.47,0.));
#5151 = VECTOR('',#5152,1.);
#5152 = DIRECTION('',(0.,0.,1.));
#5153 = ORIENTED_EDGE('',*,*,#5154,.F.);
#5154 = EDGE_CURVE('',#5116,#5147,#5155,.T.);
#5155 = LINE('',#5156,#5157);
#5156 = CARTESIAN_POINT('',(0.75,13.97,0.));
#5157 = VECTOR('',#5158,1.);
#5158 = DIRECTION('',(0.707106781187,0.707106781187,0.));
#5159 = PLANE('',#5160);
#5160 = AXIS2_PLACEMENT_3D('',#5161,#5162,#5163);
#5161 = CARTESIAN_POINT('',(0.75,13.97,0.));
#5162 = DIRECTION('',(-0.707106781187,0.707106781187,0.));
#5163 = DIRECTION('',(0.707106781187,0.707106781187,0.));
#5164 = ADVANCED_FACE('',(#5165),#5190,.F.);
#5165 = FACE_BOUND('',#5166,.F.);
#5166 = EDGE_LOOP('',(#5167,#5168,#5176,#5184));
#5167 = ORIENTED_EDGE('',*,*,#5146,.T.);
#5168 = ORIENTED_EDGE('',*,*,#5169,.T.);
#5169 = EDGE_CURVE('',#5139,#5170,#5172,.T.);
#5170 = VERTEX_POINT('',#5171);
#5171 = CARTESIAN_POINT('',(1.25,16.01,2.5));
#5172 = LINE('',#5173,#5174);
#5173 = CARTESIAN_POINT('',(1.25,14.47,2.5));
#5174 = VECTOR('',#5175,1.);
#5175 = DIRECTION('',(0.,1.,0.));
#5176 = ORIENTED_EDGE('',*,*,#5177,.F.);
#5177 = EDGE_CURVE('',#5178,#5170,#5180,.T.);
#5178 = VERTEX_POINT('',#5179);
#5179 = CARTESIAN_POINT('',(1.25,16.01,0.));
#5180 = LINE('',#5181,#5182);
#5181 = CARTESIAN_POINT('',(1.25,16.01,0.));
#5182 = VECTOR('',#5183,1.);
#5183 = DIRECTION('',(0.,0.,1.));
#5184 = ORIENTED_EDGE('',*,*,#5185,.F.);
#5185 = EDGE_CURVE('',#5147,#5178,#5186,.T.);
#5186 = LINE('',#5187,#5188);
#5187 = CARTESIAN_POINT('',(1.25,14.47,0.));
#5188 = VECTOR('',#5189,1.);
#5189 = DIRECTION('',(0.,1.,0.));
#5190 = PLANE('',#5191);
#5191 = AXIS2_PLACEMENT_3D('',#5192,#5193,#5194);
#5192 = CARTESIAN_POINT('',(1.25,14.47,0.));
#5193 = DIRECTION('',(-1.,0.,0.));
#5194 = DIRECTION('',(0.,1.,0.));
#5195 = ADVANCED_FACE('',(#5196),#5221,.F.);
#5196 = FACE_BOUND('',#5197,.F.);
#5197 = EDGE_LOOP('',(#5198,#5199,#5207,#5215));
#5198 = ORIENTED_EDGE('',*,*,#5177,.T.);
#5199 = ORIENTED_EDGE('',*,*,#5200,.T.);
#5200 = EDGE_CURVE('',#5170,#5201,#5203,.T.);
#5201 = VERTEX_POINT('',#5202);
#5202 = CARTESIAN_POINT('',(0.75,16.51,2.5));
#5203 = LINE('',#5204,#5205);
#5204 = CARTESIAN_POINT('',(1.25,16.01,2.5));
#5205 = VECTOR('',#5206,1.);
#5206 = DIRECTION('',(-0.707106781187,0.707106781187,0.));
#5207 = ORIENTED_EDGE('',*,*,#5208,.F.);
#5208 = EDGE_CURVE('',#5209,#5201,#5211,.T.);
#5209 = VERTEX_POINT('',#5210);
#5210 = CARTESIAN_POINT('',(0.75,16.51,0.));
#5211 = LINE('',#5212,#5213);
#5212 = CARTESIAN_POINT('',(0.75,16.51,0.));
#5213 = VECTOR('',#5214,1.);
#5214 = DIRECTION('',(0.,0.,1.));
#5215 = ORIENTED_EDGE('',*,*,#5216,.F.);
#5216 = EDGE_CURVE('',#5178,#5209,#5217,.T.);
#5217 = LINE('',#5218,#5219);
#5218 = CARTESIAN_POINT('',(1.25,16.01,0.));
#5219 = VECTOR('',#5220,1.);
#5220 = DIRECTION('',(-0.707106781187,0.707106781187,0.));
#5221 = PLANE('',#5222);
#5222 = AXIS2_PLACEMENT_3D('',#5223,#5224,#5225);
#5223 = CARTESIAN_POINT('',(1.25,16.01,0.));
#5224 = DIRECTION('',(-0.707106781187,-0.707106781187,0.));
#5225 = DIRECTION('',(-0.707106781187,0.707106781187,0.));
#5226 = ADVANCED_FACE('',(#5227),#5252,.F.);
#5227 = FACE_BOUND('',#5228,.F.);
#5228 = EDGE_LOOP('',(#5229,#5230,#5238,#5246));
#5229 = ORIENTED_EDGE('',*,*,#5208,.T.);
#5230 = ORIENTED_EDGE('',*,*,#5231,.T.);
#5231 = EDGE_CURVE('',#5201,#5232,#5234,.T.);
#5232 = VERTEX_POINT('',#5233);
#5233 = CARTESIAN_POINT('',(1.25,17.01,2.5));
#5234 = LINE('',#5235,#5236);
#5235 = CARTESIAN_POINT('',(0.75,16.51,2.5));
#5236 = VECTOR('',#5237,1.);
#5237 = DIRECTION('',(0.707106781187,0.707106781187,0.));
#5238 = ORIENTED_EDGE('',*,*,#5239,.F.);
#5239 = EDGE_CURVE('',#5240,#5232,#5242,.T.);
#5240 = VERTEX_POINT('',#5241);
#5241 = CARTESIAN_POINT('',(1.25,17.01,0.));
#5242 = LINE('',#5243,#5244);
#5243 = CARTESIAN_POINT('',(1.25,17.01,0.));
#5244 = VECTOR('',#5245,1.);
#5245 = DIRECTION('',(0.,0.,1.));
#5246 = ORIENTED_EDGE('',*,*,#5247,.F.);
#5247 = EDGE_CURVE('',#5209,#5240,#5248,.T.);
#5248 = LINE('',#5249,#5250);
#5249 = CARTESIAN_POINT('',(0.75,16.51,0.));
#5250 = VECTOR('',#5251,1.);
#5251 = DIRECTION('',(0.707106781187,0.707106781187,0.));
#5252 = PLANE('',#5253);
#5253 = AXIS2_PLACEMENT_3D('',#5254,#5255,#5256);
#5254 = CARTESIAN_POINT('',(0.75,16.51,0.));
#5255 = DIRECTION('',(-0.707106781187,0.707106781187,0.));
#5256 = DIRECTION('',(0.707106781187,0.707106781187,0.));
#5257 = ADVANCED_FACE('',(#5258),#5283,.F.);
#5258 = FACE_BOUND('',#5259,.F.);
#5259 = EDGE_LOOP('',(#5260,#5261,#5269,#5277));
#5260 = ORIENTED_EDGE('',*,*,#5239,.T.);
#5261 = ORIENTED_EDGE('',*,*,#5262,.T.);
#5262 = EDGE_CURVE('',#5232,#5263,#5265,.T.);
#5263 = VERTEX_POINT('',#5264);
#5264 = CARTESIAN_POINT('',(1.25,18.55,2.5));
#5265 = LINE('',#5266,#5267);
#5266 = CARTESIAN_POINT('',(1.25,17.01,2.5));
#5267 = VECTOR('',#5268,1.);
#5268 = DIRECTION('',(0.,1.,0.));
#5269 = ORIENTED_EDGE('',*,*,#5270,.F.);
#5270 = EDGE_CURVE('',#5271,#5263,#5273,.T.);
#5271 = VERTEX_POINT('',#5272);
#5272 = CARTESIAN_POINT('',(1.25,18.55,0.));
#5273 = LINE('',#5274,#5275);
#5274 = CARTESIAN_POINT('',(1.25,18.55,0.));
#5275 = VECTOR('',#5276,1.);
#5276 = DIRECTION('',(0.,0.,1.));
#5277 = ORIENTED_EDGE('',*,*,#5278,.F.);
#5278 = EDGE_CURVE('',#5240,#5271,#5279,.T.);
#5279 = LINE('',#5280,#5281);
#5280 = CARTESIAN_POINT('',(1.25,17.01,0.));
#5281 = VECTOR('',#5282,1.);
#5282 = DIRECTION('',(0.,1.,0.));
#5283 = PLANE('',#5284);
#5284 = AXIS2_PLACEMENT_3D('',#5285,#5286,#5287);
#5285 = CARTESIAN_POINT('',(1.25,17.01,0.));
#5286 = DIRECTION('',(-1.,0.,0.));
#5287 = DIRECTION('',(0.,1.,0.));
#5288 = ADVANCED_FACE('',(#5289),#5314,.F.);
#5289 = FACE_BOUND('',#5290,.F.);
#5290 = EDGE_LOOP('',(#5291,#5292,#5300,#5308));
#5291 = ORIENTED_EDGE('',*,*,#5270,.T.);
#5292 = ORIENTED_EDGE('',*,*,#5293,.T.);
#5293 = EDGE_CURVE('',#5263,#5294,#5296,.T.);
#5294 = VERTEX_POINT('',#5295);
#5295 = CARTESIAN_POINT('',(0.75,19.05,2.5));
#5296 = LINE('',#5297,#5298);
#5297 = CARTESIAN_POINT('',(1.25,18.55,2.5));
#5298 = VECTOR('',#5299,1.);
#5299 = DIRECTION('',(-0.707106781187,0.707106781187,0.));
#5300 = ORIENTED_EDGE('',*,*,#5301,.F.);
#5301 = EDGE_CURVE('',#5302,#5294,#5304,.T.);
#5302 = VERTEX_POINT('',#5303);
#5303 = CARTESIAN_POINT('',(0.75,19.05,0.));
#5304 = LINE('',#5305,#5306);
#5305 = CARTESIAN_POINT('',(0.75,19.05,0.));
#5306 = VECTOR('',#5307,1.);
#5307 = DIRECTION('',(0.,0.,1.));
#5308 = ORIENTED_EDGE('',*,*,#5309,.F.);
#5309 = EDGE_CURVE('',#5271,#5302,#5310,.T.);
#5310 = LINE('',#5311,#5312);
#5311 = CARTESIAN_POINT('',(1.25,18.55,0.));
#5312 = VECTOR('',#5313,1.);
#5313 = DIRECTION('',(-0.707106781187,0.707106781187,0.));
#5314 = PLANE('',#5315);
#5315 = AXIS2_PLACEMENT_3D('',#5316,#5317,#5318);
#5316 = CARTESIAN_POINT('',(1.25,18.55,0.));
#5317 = DIRECTION('',(-0.707106781187,-0.707106781187,0.));
#5318 = DIRECTION('',(-0.707106781187,0.707106781187,0.));
#5319 = ADVANCED_FACE('',(#5320),#5345,.F.);
#5320 = FACE_BOUND('',#5321,.F.);
#5321 = EDGE_LOOP('',(#5322,#5323,#5331,#5339));
#5322 = ORIENTED_EDGE('',*,*,#5301,.T.);
#5323 = ORIENTED_EDGE('',*,*,#5324,.T.);
#5324 = EDGE_CURVE('',#5294,#5325,#5327,.T.);
#5325 = VERTEX_POINT('',#5326);
#5326 = CARTESIAN_POINT('',(1.25,19.55,2.5));
#5327 = LINE('',#5328,#5329);
#5328 = CARTESIAN_POINT('',(0.75,19.05,2.5));
#5329 = VECTOR('',#5330,1.);
#5330 = DIRECTION('',(0.707106781187,0.707106781187,0.));
#5331 = ORIENTED_EDGE('',*,*,#5332,.F.);
#5332 = EDGE_CURVE('',#5333,#5325,#5335,.T.);
#5333 = VERTEX_POINT('',#5334);
#5334 = CARTESIAN_POINT('',(1.25,19.55,0.));
#5335 = LINE('',#5336,#5337);
#5336 = CARTESIAN_POINT('',(1.25,19.55,0.));
#5337 = VECTOR('',#5338,1.);
#5338 = DIRECTION('',(0.,0.,1.));
#5339 = ORIENTED_EDGE('',*,*,#5340,.F.);
#5340 = EDGE_CURVE('',#5302,#5333,#5341,.T.);
#5341 = LINE('',#5342,#5343);
#5342 = CARTESIAN_POINT('',(0.75,19.05,0.));
#5343 = VECTOR('',#5344,1.);
#5344 = DIRECTION('',(0.707106781187,0.707106781187,0.));
#5345 = PLANE('',#5346);
#5346 = AXIS2_PLACEMENT_3D('',#5347,#5348,#5349);
#5347 = CARTESIAN_POINT('',(0.75,19.05,0.));
#5348 = DIRECTION('',(-0.707106781187,0.707106781187,0.));
#5349 = DIRECTION('',(0.707106781187,0.707106781187,0.));
#5350 = ADVANCED_FACE('',(#5351),#5376,.F.);
#5351 = FACE_BOUND('',#5352,.F.);
#5352 = EDGE_LOOP('',(#5353,#5354,#5362,#5370));
#5353 = ORIENTED_EDGE('',*,*,#5332,.T.);
#5354 = ORIENTED_EDGE('',*,*,#5355,.T.);
#5355 = EDGE_CURVE('',#5325,#5356,#5358,.T.);
#5356 = VERTEX_POINT('',#5357);
#5357 = CARTESIAN_POINT('',(1.25,21.09,2.5));
#5358 = LINE('',#5359,#5360);
#5359 = CARTESIAN_POINT('',(1.25,19.55,2.5));
#5360 = VECTOR('',#5361,1.);
#5361 = DIRECTION('',(0.,1.,0.));
#5362 = ORIENTED_EDGE('',*,*,#5363,.F.);
#5363 = EDGE_CURVE('',#5364,#5356,#5366,.T.);
#5364 = VERTEX_POINT('',#5365);
#5365 = CARTESIAN_POINT('',(1.25,21.09,0.));
#5366 = LINE('',#5367,#5368);
#5367 = CARTESIAN_POINT('',(1.25,21.09,0.));
#5368 = VECTOR('',#5369,1.);
#5369 = DIRECTION('',(0.,0.,1.));
#5370 = ORIENTED_EDGE('',*,*,#5371,.F.);
#5371 = EDGE_CURVE('',#5333,#5364,#5372,.T.);
#5372 = LINE('',#5373,#5374);
#5373 = CARTESIAN_POINT('',(1.25,19.55,0.));
#5374 = VECTOR('',#5375,1.);
#5375 = DIRECTION('',(0.,1.,0.));
#5376 = PLANE('',#5377);
#5377 = AXIS2_PLACEMENT_3D('',#5378,#5379,#5380);
#5378 = CARTESIAN_POINT('',(1.25,19.55,0.));
#5379 = DIRECTION('',(-1.,0.,0.));
#5380 = DIRECTION('',(0.,1.,0.));
#5381 = ADVANCED_FACE('',(#5382),#5407,.F.);
#5382 = FACE_BOUND('',#5383,.F.);
#5383 = EDGE_LOOP('',(#5384,#5385,#5393,#5401));
#5384 = ORIENTED_EDGE('',*,*,#5363,.T.);
#5385 = ORIENTED_EDGE('',*,*,#5386,.T.);
#5386 = EDGE_CURVE('',#5356,#5387,#5389,.T.);
#5387 = VERTEX_POINT('',#5388);
#5388 = CARTESIAN_POINT('',(0.75,21.59,2.5));
#5389 = LINE('',#5390,#5391);
#5390 = CARTESIAN_POINT('',(1.25,21.09,2.5));
#5391 = VECTOR('',#5392,1.);
#5392 = DIRECTION('',(-0.707106781187,0.707106781187,0.));
#5393 = ORIENTED_EDGE('',*,*,#5394,.F.);
#5394 = EDGE_CURVE('',#5395,#5387,#5397,.T.);
#5395 = VERTEX_POINT('',#5396);
#5396 = CARTESIAN_POINT('',(0.75,21.59,0.));
#5397 = LINE('',#5398,#5399);
#5398 = CARTESIAN_POINT('',(0.75,21.59,0.));
#5399 = VECTOR('',#5400,1.);
#5400 = DIRECTION('',(0.,0.,1.));
#5401 = ORIENTED_EDGE('',*,*,#5402,.F.);
#5402 = EDGE_CURVE('',#5364,#5395,#5403,.T.);
#5403 = LINE('',#5404,#5405);
#5404 = CARTESIAN_POINT('',(1.25,21.09,0.));
#5405 = VECTOR('',#5406,1.);
#5406 = DIRECTION('',(-0.707106781187,0.707106781187,0.));
#5407 = PLANE('',#5408);
#5408 = AXIS2_PLACEMENT_3D('',#5409,#5410,#5411);
#5409 = CARTESIAN_POINT('',(1.25,21.09,0.));
#5410 = DIRECTION('',(-0.707106781187,-0.707106781187,0.));
#5411 = DIRECTION('',(-0.707106781187,0.707106781187,0.));
#5412 = ADVANCED_FACE('',(#5413),#5438,.F.);
#5413 = FACE_BOUND('',#5414,.F.);
#5414 = EDGE_LOOP('',(#5415,#5416,#5424,#5432));
#5415 = ORIENTED_EDGE('',*,*,#5394,.T.);
#5416 = ORIENTED_EDGE('',*,*,#5417,.T.);
#5417 = EDGE_CURVE('',#5387,#5418,#5420,.T.);
#5418 = VERTEX_POINT('',#5419);
#5419 = CARTESIAN_POINT('',(1.25,22.09,2.5));
#5420 = LINE('',#5421,#5422);
#5421 = CARTESIAN_POINT('',(0.75,21.59,2.5));
#5422 = VECTOR('',#5423,1.);
#5423 = DIRECTION('',(0.707106781187,0.707106781187,0.));
#5424 = ORIENTED_EDGE('',*,*,#5425,.F.);
#5425 = EDGE_CURVE('',#5426,#5418,#5428,.T.);
#5426 = VERTEX_POINT('',#5427);
#5427 = CARTESIAN_POINT('',(1.25,22.09,0.));
#5428 = LINE('',#5429,#5430);
#5429 = CARTESIAN_POINT('',(1.25,22.09,0.));
#5430 = VECTOR('',#5431,1.);
#5431 = DIRECTION('',(0.,0.,1.));
#5432 = ORIENTED_EDGE('',*,*,#5433,.F.);
#5433 = EDGE_CURVE('',#5395,#5426,#5434,.T.);
#5434 = LINE('',#5435,#5436);
#5435 = CARTESIAN_POINT('',(0.75,21.59,0.));
#5436 = VECTOR('',#5437,1.);
#5437 = DIRECTION('',(0.707106781187,0.707106781187,0.));
#5438 = PLANE('',#5439);
#5439 = AXIS2_PLACEMENT_3D('',#5440,#5441,#5442);
#5440 = CARTESIAN_POINT('',(0.75,21.59,0.));
#5441 = DIRECTION('',(-0.707106781187,0.707106781187,0.));
#5442 = DIRECTION('',(0.707106781187,0.707106781187,0.));
#5443 = ADVANCED_FACE('',(#5444),#5469,.F.);
#5444 = FACE_BOUND('',#5445,.F.);
#5445 = EDGE_LOOP('',(#5446,#5447,#5455,#5463));
#5446 = ORIENTED_EDGE('',*,*,#5425,.T.);
#5447 = ORIENTED_EDGE('',*,*,#5448,.T.);
#5448 = EDGE_CURVE('',#5418,#5449,#5451,.T.);
#5449 = VERTEX_POINT('',#5450);
#5450 = CARTESIAN_POINT('',(1.25,23.63,2.5));
#5451 = LINE('',#5452,#5453);
#5452 = CARTESIAN_POINT('',(1.25,22.09,2.5));
#5453 = VECTOR('',#5454,1.);
#5454 = DIRECTION('',(0.,1.,0.));
#5455 = ORIENTED_EDGE('',*,*,#5456,.F.);
#5456 = EDGE_CURVE('',#5457,#5449,#5459,.T.);
#5457 = VERTEX_POINT('',#5458);
#5458 = CARTESIAN_POINT('',(1.25,23.63,0.));
#5459 = LINE('',#5460,#5461);
#5460 = CARTESIAN_POINT('',(1.25,23.63,0.));
#5461 = VECTOR('',#5462,1.);
#5462 = DIRECTION('',(0.,0.,1.));
#5463 = ORIENTED_EDGE('',*,*,#5464,.F.);
#5464 = EDGE_CURVE('',#5426,#5457,#5465,.T.);
#5465 = LINE('',#5466,#5467);
#5466 = CARTESIAN_POINT('',(1.25,22.09,0.));
#5467 = VECTOR('',#5468,1.);
#5468 = DIRECTION('',(0.,1.,0.));
#5469 = PLANE('',#5470);
#5470 = AXIS2_PLACEMENT_3D('',#5471,#5472,#5473);
#5471 = CARTESIAN_POINT('',(1.25,22.09,0.));
#5472 = DIRECTION('',(-1.,0.,0.));
#5473 = DIRECTION('',(0.,1.,0.));
#5474 = ADVANCED_FACE('',(#5475),#5500,.F.);
#5475 = FACE_BOUND('',#5476,.F.);
#5476 = EDGE_LOOP('',(#5477,#5478,#5486,#5494));
#5477 = ORIENTED_EDGE('',*,*,#5456,.T.);
#5478 = ORIENTED_EDGE('',*,*,#5479,.T.);
#5479 = EDGE_CURVE('',#5449,#5480,#5482,.T.);
#5480 = VERTEX_POINT('',#5481);
#5481 = CARTESIAN_POINT('',(0.75,24.13,2.5));
#5482 = LINE('',#5483,#5484);
#5483 = CARTESIAN_POINT('',(1.25,23.63,2.5));
#5484 = VECTOR('',#5485,1.);
#5485 = DIRECTION('',(-0.707106781187,0.707106781187,0.));
#5486 = ORIENTED_EDGE('',*,*,#5487,.F.);
#5487 = EDGE_CURVE('',#5488,#5480,#5490,.T.);
#5488 = VERTEX_POINT('',#5489);
#5489 = CARTESIAN_POINT('',(0.75,24.13,0.));
#5490 = LINE('',#5491,#5492);
#5491 = CARTESIAN_POINT('',(0.75,24.13,0.));
#5492 = VECTOR('',#5493,1.);
#5493 = DIRECTION('',(0.,0.,1.));
#5494 = ORIENTED_EDGE('',*,*,#5495,.F.);
#5495 = EDGE_CURVE('',#5457,#5488,#5496,.T.);
#5496 = LINE('',#5497,#5498);
#5497 = CARTESIAN_POINT('',(1.25,23.63,0.));
#5498 = VECTOR('',#5499,1.);
#5499 = DIRECTION('',(-0.707106781187,0.707106781187,0.));
#5500 = PLANE('',#5501);
#5501 = AXIS2_PLACEMENT_3D('',#5502,#5503,#5504);
#5502 = CARTESIAN_POINT('',(1.25,23.63,0.));
#5503 = DIRECTION('',(-0.707106781187,-0.707106781187,0.));
#5504 = DIRECTION('',(-0.707106781187,0.707106781187,0.));
#5505 = ADVANCED_FACE('',(#5506),#5522,.F.);
#5506 = FACE_BOUND('',#5507,.F.);
#5507 = EDGE_LOOP('',(#5508,#5509,#5515,#5516));
#5508 = ORIENTED_EDGE('',*,*,#5487,.T.);
#5509 = ORIENTED_EDGE('',*,*,#5510,.T.);
#5510 = EDGE_CURVE('',#5480,#1938,#5511,.T.);
#5511 = LINE('',#5512,#5513);
#5512 = CARTESIAN_POINT('',(0.75,24.13,2.5));
#5513 = VECTOR('',#5514,1.);
#5514 = DIRECTION('',(-1.,0.,0.));
#5515 = ORIENTED_EDGE('',*,*,#1935,.F.);
#5516 = ORIENTED_EDGE('',*,*,#5517,.F.);
#5517 = EDGE_CURVE('',#5488,#1936,#5518,.T.);
#5518 = LINE('',#5519,#5520);
#5519 = CARTESIAN_POINT('',(0.75,24.13,0.));
#5520 = VECTOR('',#5521,1.);
#5521 = DIRECTION('',(-1.,0.,0.));
#5522 = PLANE('',#5523);
#5523 = AXIS2_PLACEMENT_3D('',#5524,#5525,#5526);
#5524 = CARTESIAN_POINT('',(0.75,24.13,0.));
#5525 = DIRECTION('',(0.,-1.,0.));
#5526 = DIRECTION('',(-1.,0.,0.));
#5527 = ADVANCED_FACE('',(#5528),#5646,.F.);
#5528 = FACE_BOUND('',#5529,.F.);
#5529 = EDGE_LOOP('',(#5530,#5531,#5532,#5533,#5534,#5535,#5536,#5537,
    #5538,#5539,#5540,#5541,#5542,#5543,#5544,#5545,#5546,#5547,#5548,
    #5549,#5550,#5551,#5552,#5553,#5554,#5555,#5556,#5557,#5558,#5559,
    #5560,#5561,#5562,#5563,#5564,#5565,#5566,#5567,#5568,#5569,#5570,
    #5571,#5572,#5573,#5574,#5575,#5576,#5577,#5578,#5579,#5580,#5581,
    #5582,#5583,#5584,#5585,#5586,#5587,#5588,#5589,#5590,#5591,#5592,
    #5593,#5594,#5595,#5596,#5597,#5598,#5599,#5600,#5601,#5602,#5603,
    #5604,#5605,#5606,#5607,#5608,#5609,#5610,#5611,#5612,#5613,#5614,
    #5615,#5616,#5617,#5618,#5619,#5620,#5621,#5622,#5623,#5624,#5625,
    #5626,#5627,#5628,#5629,#5630,#5631,#5632,#5633,#5634,#5635,#5636,
    #5637,#5638,#5639,#5640,#5641,#5642,#5643,#5644,#5645));
#5530 = ORIENTED_EDGE('',*,*,#1961,.T.);
#5531 = ORIENTED_EDGE('',*,*,#1992,.T.);
#5532 = ORIENTED_EDGE('',*,*,#2023,.T.);
#5533 = ORIENTED_EDGE('',*,*,#2054,.T.);
#5534 = ORIENTED_EDGE('',*,*,#2085,.T.);
#5535 = ORIENTED_EDGE('',*,*,#2116,.T.);
#5536 = ORIENTED_EDGE('',*,*,#2147,.T.);
#5537 = ORIENTED_EDGE('',*,*,#2178,.T.);
#5538 = ORIENTED_EDGE('',*,*,#2209,.T.);
#5539 = ORIENTED_EDGE('',*,*,#2240,.T.);
#5540 = ORIENTED_EDGE('',*,*,#2271,.T.);
#5541 = ORIENTED_EDGE('',*,*,#2302,.T.);
#5542 = ORIENTED_EDGE('',*,*,#2333,.T.);
#5543 = ORIENTED_EDGE('',*,*,#2364,.T.);
#5544 = ORIENTED_EDGE('',*,*,#2395,.T.);
#5545 = ORIENTED_EDGE('',*,*,#2426,.T.);
#5546 = ORIENTED_EDGE('',*,*,#2457,.T.);
#5547 = ORIENTED_EDGE('',*,*,#2488,.T.);
#5548 = ORIENTED_EDGE('',*,*,#2519,.T.);
#5549 = ORIENTED_EDGE('',*,*,#2550,.T.);
#5550 = ORIENTED_EDGE('',*,*,#2581,.T.);
#5551 = ORIENTED_EDGE('',*,*,#2612,.T.);
#5552 = ORIENTED_EDGE('',*,*,#2643,.T.);
#5553 = ORIENTED_EDGE('',*,*,#2674,.T.);
#5554 = ORIENTED_EDGE('',*,*,#2705,.T.);
#5555 = ORIENTED_EDGE('',*,*,#2736,.T.);
#5556 = ORIENTED_EDGE('',*,*,#2767,.T.);
#5557 = ORIENTED_EDGE('',*,*,#2798,.T.);
#5558 = ORIENTED_EDGE('',*,*,#2829,.T.);
#5559 = ORIENTED_EDGE('',*,*,#2860,.T.);
#5560 = ORIENTED_EDGE('',*,*,#2891,.T.);
#5561 = ORIENTED_EDGE('',*,*,#2922,.T.);
#5562 = ORIENTED_EDGE('',*,*,#2953,.T.);
#5563 = ORIENTED_EDGE('',*,*,#2984,.T.);
#5564 = ORIENTED_EDGE('',*,*,#3015,.T.);
#5565 = ORIENTED_EDGE('',*,*,#3046,.T.);
#5566 = ORIENTED_EDGE('',*,*,#3077,.T.);
#5567 = ORIENTED_EDGE('',*,*,#3108,.T.);
#5568 = ORIENTED_EDGE('',*,*,#3139,.T.);
#5569 = ORIENTED_EDGE('',*,*,#3170,.T.);
#5570 = ORIENTED_EDGE('',*,*,#3201,.T.);
#5571 = ORIENTED_EDGE('',*,*,#3232,.T.);
#5572 = ORIENTED_EDGE('',*,*,#3263,.T.);
#5573 = ORIENTED_EDGE('',*,*,#3294,.T.);
#5574 = ORIENTED_EDGE('',*,*,#3325,.T.);
#5575 = ORIENTED_EDGE('',*,*,#3356,.T.);
#5576 = ORIENTED_EDGE('',*,*,#3387,.T.);
#5577 = ORIENTED_EDGE('',*,*,#3418,.T.);
#5578 = ORIENTED_EDGE('',*,*,#3449,.T.);
#5579 = ORIENTED_EDGE('',*,*,#3480,.T.);
#5580 = ORIENTED_EDGE('',*,*,#3511,.T.);
#5581 = ORIENTED_EDGE('',*,*,#3542,.T.);
#5582 = ORIENTED_EDGE('',*,*,#3573,.T.);
#5583 = ORIENTED_EDGE('',*,*,#3604,.T.);
#5584 = ORIENTED_EDGE('',*,*,#3635,.T.);
#5585 = ORIENTED_EDGE('',*,*,#3666,.T.);
#5586 = ORIENTED_EDGE('',*,*,#3697,.T.);
#5587 = ORIENTED_EDGE('',*,*,#3728,.T.);
#5588 = ORIENTED_EDGE('',*,*,#3759,.T.);
#5589 = ORIENTED_EDGE('',*,*,#3790,.T.);
#5590 = ORIENTED_EDGE('',*,*,#3821,.T.);
#5591 = ORIENTED_EDGE('',*,*,#3852,.T.);
#5592 = ORIENTED_EDGE('',*,*,#3883,.T.);
#5593 = ORIENTED_EDGE('',*,*,#3914,.T.);
#5594 = ORIENTED_EDGE('',*,*,#3945,.T.);
#5595 = ORIENTED_EDGE('',*,*,#3976,.T.);
#5596 = ORIENTED_EDGE('',*,*,#4007,.T.);
#5597 = ORIENTED_EDGE('',*,*,#4038,.T.);
#5598 = ORIENTED_EDGE('',*,*,#4069,.T.);
#5599 = ORIENTED_EDGE('',*,*,#4100,.T.);
#5600 = ORIENTED_EDGE('',*,*,#4131,.T.);
#5601 = ORIENTED_EDGE('',*,*,#4162,.T.);
#5602 = ORIENTED_EDGE('',*,*,#4193,.T.);
#5603 = ORIENTED_EDGE('',*,*,#4224,.T.);
#5604 = ORIENTED_EDGE('',*,*,#4255,.T.);
#5605 = ORIENTED_EDGE('',*,*,#4286,.T.);
#5606 = ORIENTED_EDGE('',*,*,#4317,.T.);
#5607 = ORIENTED_EDGE('',*,*,#4348,.T.);
#5608 = ORIENTED_EDGE('',*,*,#4379,.T.);
#5609 = ORIENTED_EDGE('',*,*,#4410,.T.);
#5610 = ORIENTED_EDGE('',*,*,#4441,.T.);
#5611 = ORIENTED_EDGE('',*,*,#4472,.T.);
#5612 = ORIENTED_EDGE('',*,*,#4503,.T.);
#5613 = ORIENTED_EDGE('',*,*,#4534,.T.);
#5614 = ORIENTED_EDGE('',*,*,#4565,.T.);
#5615 = ORIENTED_EDGE('',*,*,#4596,.T.);
#5616 = ORIENTED_EDGE('',*,*,#4627,.T.);
#5617 = ORIENTED_EDGE('',*,*,#4658,.T.);
#5618 = ORIENTED_EDGE('',*,*,#4689,.T.);
#5619 = ORIENTED_EDGE('',*,*,#4720,.T.);
#5620 = ORIENTED_EDGE('',*,*,#4751,.T.);
#5621 = ORIENTED_EDGE('',*,*,#4782,.T.);
#5622 = ORIENTED_EDGE('',*,*,#4813,.T.);
#5623 = ORIENTED_EDGE('',*,*,#4844,.T.);
#5624 = ORIENTED_EDGE('',*,*,#4875,.T.);
#5625 = ORIENTED_EDGE('',*,*,#4906,.T.);
#5626 = ORIENTED_EDGE('',*,*,#4937,.T.);
#5627 = ORIENTED_EDGE('',*,*,#4968,.T.);
#5628 = ORIENTED_EDGE('',*,*,#4999,.T.);
#5629 = ORIENTED_EDGE('',*,*,#5030,.T.);
#5630 = ORIENTED_EDGE('',*,*,#5061,.T.);
#5631 = ORIENTED_EDGE('',*,*,#5092,.T.);
#5632 = ORIENTED_EDGE('',*,*,#5123,.T.);
#5633 = ORIENTED_EDGE('',*,*,#5154,.T.);
#5634 = ORIENTED_EDGE('',*,*,#5185,.T.);
#5635 = ORIENTED_EDGE('',*,*,#5216,.T.);
#5636 = ORIENTED_EDGE('',*,*,#5247,.T.);
#5637 = ORIENTED_EDGE('',*,*,#5278,.T.);
#5638 = ORIENTED_EDGE('',*,*,#5309,.T.);
#5639 = ORIENTED_EDGE('',*,*,#5340,.T.);
#5640 = ORIENTED_EDGE('',*,*,#5371,.T.);
#5641 = ORIENTED_EDGE('',*,*,#5402,.T.);
#5642 = ORIENTED_EDGE('',*,*,#5433,.T.);
#5643 = ORIENTED_EDGE('',*,*,#5464,.T.);
#5644 = ORIENTED_EDGE('',*,*,#5495,.T.);
#5645 = ORIENTED_EDGE('',*,*,#5517,.T.);
#5646 = PLANE('',#5647);
#5647 = AXIS2_PLACEMENT_3D('',#5648,#5649,#5650);
#5648 = CARTESIAN_POINT('',(5.E-17,1.17E-15,0.));
#5649 = DIRECTION('',(0.,0.,1.));
#5650 = DIRECTION('',(1.,0.,0.));
#5651 = ADVANCED_FACE('',(#5652),#5770,.T.);
#5652 = FACE_BOUND('',#5653,.T.);
#5653 = EDGE_LOOP('',(#5654,#5655,#5656,#5657,#5658,#5659,#5660,#5661,
    #5662,#5663,#5664,#5665,#5666,#5667,#5668,#5669,#5670,#5671,#5672,
    #5673,#5674,#5675,#5676,#5677,#5678,#5679,#5680,#5681,#5682,#5683,
    #5684,#5685,#5686,#5687,#5688,#5689,#5690,#5691,#5692,#5693,#5694,
    #5695,#5696,#5697,#5698,#5699,#5700,#5701,#5702,#5703,#5704,#5705,
    #5706,#5707,#5708,#5709,#5710,#5711,#5712,#5713,#5714,#5715,#5716,
    #5717,#5718,#5719,#5720,#5721,#5722,#5723,#5724,#5725,#5726,#5727,
    #5728,#5729,#5730,#5731,#5732,#5733,#5734,#5735,#5736,#5737,#5738,
    #5739,#5740,#5741,#5742,#5743,#5744,#5745,#5746,#5747,#5748,#5749,
    #5750,#5751,#5752,#5753,#5754,#5755,#5756,#5757,#5758,#5759,#5760,
    #5761,#5762,#5763,#5764,#5765,#5766,#5767,#5768,#5769));
#5654 = ORIENTED_EDGE('',*,*,#1945,.T.);
#5655 = ORIENTED_EDGE('',*,*,#1976,.T.);
#5656 = ORIENTED_EDGE('',*,*,#2007,.T.);
#5657 = ORIENTED_EDGE('',*,*,#2038,.T.);
#5658 = ORIENTED_EDGE('',*,*,#2069,.T.);
#5659 = ORIENTED_EDGE('',*,*,#2100,.T.);
#5660 = ORIENTED_EDGE('',*,*,#2131,.T.);
#5661 = ORIENTED_EDGE('',*,*,#2162,.T.);
#5662 = ORIENTED_EDGE('',*,*,#2193,.T.);
#5663 = ORIENTED_EDGE('',*,*,#2224,.T.);
#5664 = ORIENTED_EDGE('',*,*,#2255,.T.);
#5665 = ORIENTED_EDGE('',*,*,#2286,.T.);
#5666 = ORIENTED_EDGE('',*,*,#2317,.T.);
#5667 = ORIENTED_EDGE('',*,*,#2348,.T.);
#5668 = ORIENTED_EDGE('',*,*,#2379,.T.);
#5669 = ORIENTED_EDGE('',*,*,#2410,.T.);
#5670 = ORIENTED_EDGE('',*,*,#2441,.T.);
#5671 = ORIENTED_EDGE('',*,*,#2472,.T.);
#5672 = ORIENTED_EDGE('',*,*,#2503,.T.);
#5673 = ORIENTED_EDGE('',*,*,#2534,.T.);
#5674 = ORIENTED_EDGE('',*,*,#2565,.T.);
#5675 = ORIENTED_EDGE('',*,*,#2596,.T.);
#5676 = ORIENTED_EDGE('',*,*,#2627,.T.);
#5677 = ORIENTED_EDGE('',*,*,#2658,.T.);
#5678 = ORIENTED_EDGE('',*,*,#2689,.T.);
#5679 = ORIENTED_EDGE('',*,*,#2720,.T.);
#5680 = ORIENTED_EDGE('',*,*,#2751,.T.);
#5681 = ORIENTED_EDGE('',*,*,#2782,.T.);
#5682 = ORIENTED_EDGE('',*,*,#2813,.T.);
#5683 = ORIENTED_EDGE('',*,*,#2844,.T.);
#5684 = ORIENTED_EDGE('',*,*,#2875,.T.);
#5685 = ORIENTED_EDGE('',*,*,#2906,.T.);
#5686 = ORIENTED_EDGE('',*,*,#2937,.T.);
#5687 = ORIENTED_EDGE('',*,*,#2968,.T.);
#5688 = ORIENTED_EDGE('',*,*,#2999,.T.);
#5689 = ORIENTED_EDGE('',*,*,#3030,.T.);
#5690 = ORIENTED_EDGE('',*,*,#3061,.T.);
#5691 = ORIENTED_EDGE('',*,*,#3092,.T.);
#5692 = ORIENTED_EDGE('',*,*,#3123,.T.);
#5693 = ORIENTED_EDGE('',*,*,#3154,.T.);
#5694 = ORIENTED_EDGE('',*,*,#3185,.T.);
#5695 = ORIENTED_EDGE('',*,*,#3216,.T.);
#5696 = ORIENTED_EDGE('',*,*,#3247,.T.);
#5697 = ORIENTED_EDGE('',*,*,#3278,.T.);
#5698 = ORIENTED_EDGE('',*,*,#3309,.T.);
#5699 = ORIENTED_EDGE('',*,*,#3340,.T.);
#5700 = ORIENTED_EDGE('',*,*,#3371,.T.);
#5701 = ORIENTED_EDGE('',*,*,#3402,.T.);
#5702 = ORIENTED_EDGE('',*,*,#3433,.T.);
#5703 = ORIENTED_EDGE('',*,*,#3464,.T.);
#5704 = ORIENTED_EDGE('',*,*,#3495,.T.);
#5705 = ORIENTED_EDGE('',*,*,#3526,.T.);
#5706 = ORIENTED_EDGE('',*,*,#3557,.T.);
#5707 = ORIENTED_EDGE('',*,*,#3588,.T.);
#5708 = ORIENTED_EDGE('',*,*,#3619,.T.);
#5709 = ORIENTED_EDGE('',*,*,#3650,.T.);
#5710 = ORIENTED_EDGE('',*,*,#3681,.T.);
#5711 = ORIENTED_EDGE('',*,*,#3712,.T.);
#5712 = ORIENTED_EDGE('',*,*,#3743,.T.);
#5713 = ORIENTED_EDGE('',*,*,#3774,.T.);
#5714 = ORIENTED_EDGE('',*,*,#3805,.T.);
#5715 = ORIENTED_EDGE('',*,*,#3836,.T.);
#5716 = ORIENTED_EDGE('',*,*,#3867,.T.);
#5717 = ORIENTED_EDGE('',*,*,#3898,.T.);
#5718 = ORIENTED_EDGE('',*,*,#3929,.T.);
#5719 = ORIENTED_EDGE('',*,*,#3960,.T.);
#5720 = ORIENTED_EDGE('',*,*,#3991,.T.);
#5721 = ORIENTED_EDGE('',*,*,#4022,.T.);
#5722 = ORIENTED_EDGE('',*,*,#4053,.T.);
#5723 = ORIENTED_EDGE('',*,*,#4084,.T.);
#5724 = ORIENTED_EDGE('',*,*,#4115,.T.);
#5725 = ORIENTED_EDGE('',*,*,#4146,.T.);
#5726 = ORIENTED_EDGE('',*,*,#4177,.T.);
#5727 = ORIENTED_EDGE('',*,*,#4208,.T.);
#5728 = ORIENTED_EDGE('',*,*,#4239,.T.);
#5729 = ORIENTED_EDGE('',*,*,#4270,.T.);
#5730 = ORIENTED_EDGE('',*,*,#4301,.T.);
#5731 = ORIENTED_EDGE('',*,*,#4332,.T.);
#5732 = ORIENTED_EDGE('',*,*,#4363,.T.);
#5733 = ORIENTED_EDGE('',*,*,#4394,.T.);
#5734 = ORIENTED_EDGE('',*,*,#4425,.T.);
#5735 = ORIENTED_EDGE('',*,*,#4456,.T.);
#5736 = ORIENTED_EDGE('',*,*,#4487,.T.);
#5737 = ORIENTED_EDGE('',*,*,#4518,.T.);
#5738 = ORIENTED_EDGE('',*,*,#4549,.T.);
#5739 = ORIENTED_EDGE('',*,*,#4580,.T.);
#5740 = ORIENTED_EDGE('',*,*,#4611,.T.);
#5741 = ORIENTED_EDGE('',*,*,#4642,.T.);
#5742 = ORIENTED_EDGE('',*,*,#4673,.T.);
#5743 = ORIENTED_EDGE('',*,*,#4704,.T.);
#5744 = ORIENTED_EDGE('',*,*,#4735,.T.);
#5745 = ORIENTED_EDGE('',*,*,#4766,.T.);
#5746 = ORIENTED_EDGE('',*,*,#4797,.T.);
#5747 = ORIENTED_EDGE('',*,*,#4828,.T.);
#5748 = ORIENTED_EDGE('',*,*,#4859,.T.);
#5749 = ORIENTED_EDGE('',*,*,#4890,.T.);
#5750 = ORIENTED_EDGE('',*,*,#4921,.T.);
#5751 = ORIENTED_EDGE('',*,*,#4952,.T.);
#5752 = ORIENTED_EDGE('',*,*,#4983,.T.);
#5753 = ORIENTED_EDGE('',*,*,#5014,.T.);
#5754 = ORIENTED_EDGE('',*,*,#5045,.T.);
#5755 = ORIENTED_EDGE('',*,*,#5076,.T.);
#5756 = ORIENTED_EDGE('',*,*,#5107,.T.);
#5757 = ORIENTED_EDGE('',*,*,#5138,.T.);
#5758 = ORIENTED_EDGE('',*,*,#5169,.T.);
#5759 = ORIENTED_EDGE('',*,*,#5200,.T.);
#5760 = ORIENTED_EDGE('',*,*,#5231,.T.);
#5761 = ORIENTED_EDGE('',*,*,#5262,.T.);
#5762 = ORIENTED_EDGE('',*,*,#5293,.T.);
#5763 = ORIENTED_EDGE('',*,*,#5324,.T.);
#5764 = ORIENTED_EDGE('',*,*,#5355,.T.);
#5765 = ORIENTED_EDGE('',*,*,#5386,.T.);
#5766 = ORIENTED_EDGE('',*,*,#5417,.T.);
#5767 = ORIENTED_EDGE('',*,*,#5448,.T.);
#5768 = ORIENTED_EDGE('',*,*,#5479,.T.);
#5769 = ORIENTED_EDGE('',*,*,#5510,.T.);
#5770 = PLANE('',#5771);
#5771 = AXIS2_PLACEMENT_3D('',#5772,#5773,#5774);
#5772 = CARTESIAN_POINT('',(5.E-17,1.17E-15,2.5));
#5773 = DIRECTION('',(0.,0.,1.));
#5774 = DIRECTION('',(1.,0.,0.));
#5775 = ( GEOMETRIC_REPRESENTATION_CONTEXT(3) 
GLOBAL_UNCERTAINTY_ASSIGNED_CONTEXT((#5779)) 
GLOBAL_UNIT_ASSIGNED_CONTEXT((#5776,#5777,#5778)) REPRESENTATION_CONTEXT
('Context #1','3D Context with UNIT and UNCERTAINTY') );
#5776 = ( LENGTH_UNIT() NAMED_UNIT(*) SI_UNIT(.MILLI.,.METRE.) );
#5777 = ( NAMED_UNIT(*) PLANE_ANGLE_UNIT() SI_UNIT($,.RADIAN.) );
#5778 = ( NAMED_UNIT(*) SI_UNIT($,.STERADIAN.) SOLID_ANGLE_UNIT() );
#5779 = UNCERTAINTY_MEASURE_WITH_UNIT(LENGTH_MEASURE(1.E-07),#5776,
  'distance_accuracy_value','confusion accuracy');
#5780 = CONTEXT_DEPENDENT_SHAPE_REPRESENTATION(#5781,#5783);
#5781 = ( REPRESENTATION_RELATIONSHIP('','',#1928,#1722) 
REPRESENTATION_RELATIONSHIP_WITH_TRANSFORMATION(#5782) 
SHAPE_REPRESENTATION_RELATIONSHIP() );
#5782 = ITEM_DEFINED_TRANSFORMATION('','',#11,#1727);
#5783 = PRODUCT_DEFINITION_SHAPE('Placement','Placement of an item',
  #5784);
#5784 = NEXT_ASSEMBLY_USAGE_OCCURRENCE('4','Parte plastica001','',#1717,
  #1923,$);
#5785 = PRODUCT_RELATED_PRODUCT_CATEGORY('part',$,(#1925));
#5786 = SHAPE_DEFINITION_REPRESENTATION(#5787,#5793);
#5787 = PRODUCT_DEFINITION_SHAPE('','',#5788);
#5788 = PRODUCT_DEFINITION('design','',#5789,#5792);
#5789 = PRODUCT_DEFINITION_FORMATION('','',#5790);
#5790 = PRODUCT('Metal superior','Metal superior','',(#5791));
#5791 = PRODUCT_CONTEXT('',#2,'mechanical');
#5792 = PRODUCT_DEFINITION_CONTEXT('part definition',#2,'design');
#5793 = ADVANCED_BREP_SHAPE_REPRESENTATION('',(#11,#5794),#5847);
#5794 = MANIFOLD_SOLID_BREP('',#5795);
#5795 = CLOSED_SHELL('',(#5796,#5829,#5838));
#5796 = ADVANCED_FACE('',(#5797),#5824,.T.);
#5797 = FACE_BOUND('',#5798,.F.);
#5798 = EDGE_LOOP('',(#5799,#5809,#5816,#5817));
#5799 = ORIENTED_EDGE('',*,*,#5800,.T.);
#5800 = EDGE_CURVE('',#5801,#5803,#5805,.T.);
#5801 = VERTEX_POINT('',#5802);
#5802 = CARTESIAN_POINT('',(0.32,0.,0.));
#5803 = VERTEX_POINT('',#5804);
#5804 = CARTESIAN_POINT('',(0.32,0.,6.));
#5805 = LINE('',#5806,#5807);
#5806 = CARTESIAN_POINT('',(0.32,0.,0.));
#5807 = VECTOR('',#5808,1.);
#5808 = DIRECTION('',(0.,0.,1.));
#5809 = ORIENTED_EDGE('',*,*,#5810,.T.);
#5810 = EDGE_CURVE('',#5803,#5803,#5811,.T.);
#5811 = CIRCLE('',#5812,0.32);
#5812 = AXIS2_PLACEMENT_3D('',#5813,#5814,#5815);
#5813 = CARTESIAN_POINT('',(0.,0.,6.));
#5814 = DIRECTION('',(0.,0.,1.));
#5815 = DIRECTION('',(1.,0.,0.));
#5816 = ORIENTED_EDGE('',*,*,#5800,.F.);
#5817 = ORIENTED_EDGE('',*,*,#5818,.F.);
#5818 = EDGE_CURVE('',#5801,#5801,#5819,.T.);
#5819 = CIRCLE('',#5820,0.32);
#5820 = AXIS2_PLACEMENT_3D('',#5821,#5822,#5823);
#5821 = CARTESIAN_POINT('',(0.,0.,0.));
#5822 = DIRECTION('',(0.,0.,1.));
#5823 = DIRECTION('',(1.,0.,0.));
#5824 = CYLINDRICAL_SURFACE('',#5825,0.32);
#5825 = AXIS2_PLACEMENT_3D('',#5826,#5827,#5828);
#5826 = CARTESIAN_POINT('',(0.,0.,0.));
#5827 = DIRECTION('',(-0.,-0.,-1.));
#5828 = DIRECTION('',(1.,0.,0.));
#5829 = ADVANCED_FACE('',(#5830),#5833,.F.);
#5830 = FACE_BOUND('',#5831,.F.);
#5831 = EDGE_LOOP('',(#5832));
#5832 = ORIENTED_EDGE('',*,*,#5818,.T.);
#5833 = PLANE('',#5834);
#5834 = AXIS2_PLACEMENT_3D('',#5835,#5836,#5837);
#5835 = CARTESIAN_POINT('',(-3.E-17,2.E-17,0.));
#5836 = DIRECTION('',(0.,0.,1.));
#5837 = DIRECTION('',(1.,0.,0.));
#5838 = ADVANCED_FACE('',(#5839),#5842,.T.);
#5839 = FACE_BOUND('',#5840,.T.);
#5840 = EDGE_LOOP('',(#5841));
#5841 = ORIENTED_EDGE('',*,*,#5810,.T.);
#5842 = PLANE('',#5843);
#5843 = AXIS2_PLACEMENT_3D('',#5844,#5845,#5846);
#5844 = CARTESIAN_POINT('',(-3.E-17,2.E-17,6.));
#5845 = DIRECTION('',(0.,0.,1.));
#5846 = DIRECTION('',(1.,0.,0.));
#5847 = ( GEOMETRIC_REPRESENTATION_CONTEXT(3) 
GLOBAL_UNCERTAINTY_ASSIGNED_CONTEXT((#5851)) 
GLOBAL_UNIT_ASSIGNED_CONTEXT((#5848,#5849,#5850)) REPRESENTATION_CONTEXT
('Context #1','3D Context with UNIT and UNCERTAINTY') );
#5848 = ( LENGTH_UNIT() NAMED_UNIT(*) SI_UNIT(.MILLI.,.METRE.) );
#5849 = ( NAMED_UNIT(*) PLANE_ANGLE_UNIT() SI_UNIT($,.RADIAN.) );
#5850 = ( NAMED_UNIT(*) SI_UNIT($,.STERADIAN.) SOLID_ANGLE_UNIT() );
#5851 = UNCERTAINTY_MEASURE_WITH_UNIT(LENGTH_MEASURE(1.E-07),#5848,
  'distance_accuracy_value','confusion accuracy');
#5852 = CONTEXT_DEPENDENT_SHAPE_REPRESENTATION(#5853,#5855);
#5853 = ( REPRESENTATION_RELATIONSHIP('','',#5793,#1722) 
REPRESENTATION_RELATIONSHIP_WITH_TRANSFORMATION(#5854) 
SHAPE_REPRESENTATION_RELATIONSHIP() );
#5854 = ITEM_DEFINED_TRANSFORMATION('','',#11,#1731);
#5855 = PRODUCT_DEFINITION_SHAPE('Placement','Placement of an item',
  #5856);
#5856 = NEXT_ASSEMBLY_USAGE_OCCURRENCE('5','Metal superior001','',#1717,
  #5788,$);
#5857 = PRODUCT_RELATED_PRODUCT_CATEGORY('part',$,(#5790));
#5858 = CONTEXT_DEPENDENT_SHAPE_REPRESENTATION(#5859,#5861);
#5859 = ( REPRESENTATION_RELATIONSHIP('','',#5793,#1722) 
REPRESENTATION_RELATIONSHIP_WITH_TRANSFORMATION(#5860) 
SHAPE_REPRESENTATION_RELATIONSHIP() );
#5860 = ITEM_DEFINED_TRANSFORMATION('','',#11,#1735);
#5861 = PRODUCT_DEFINITION_SHAPE('Placement','Placement of an item',
  #5862);
#5862 = NEXT_ASSEMBLY_USAGE_OCCURRENCE('6','Metal superior002','',#1717,
  #5788,$);
#5863 = CONTEXT_DEPENDENT_SHAPE_REPRESENTATION(#5864,#5866);
#5864 = ( REPRESENTATION_RELATIONSHIP('','',#5793,#1722) 
REPRESENTATION_RELATIONSHIP_WITH_TRANSFORMATION(#5865) 
SHAPE_REPRESENTATION_RELATIONSHIP() );
#5865 = ITEM_DEFINED_TRANSFORMATION('','',#11,#1739);
#5866 = PRODUCT_DEFINITION_SHAPE('Placement','Placement of an item',
  #5867);
#5867 = NEXT_ASSEMBLY_USAGE_OCCURRENCE('7','Metal superior003','',#1717,
  #5788,$);
#5868 = CONTEXT_DEPENDENT_SHAPE_REPRESENTATION(#5869,#5871);
#5869 = ( REPRESENTATION_RELATIONSHIP('','',#5793,#1722) 
REPRESENTATION_RELATIONSHIP_WITH_TRANSFORMATION(#5870) 
SHAPE_REPRESENTATION_RELATIONSHIP() );
#5870 = ITEM_DEFINED_TRANSFORMATION('','',#11,#1743);
#5871 = PRODUCT_DEFINITION_SHAPE('Placement','Placement of an item',
  #5872);
#5872 = NEXT_ASSEMBLY_USAGE_OCCURRENCE('8','Metal superior004','',#1717,
  #5788,$);
#5873 = CONTEXT_DEPENDENT_SHAPE_REPRESENTATION(#5874,#5876);
#5874 = ( REPRESENTATION_RELATIONSHIP('','',#5793,#1722) 
REPRESENTATION_RELATIONSHIP_WITH_TRANSFORMATION(#5875) 
SHAPE_REPRESENTATION_RELATIONSHIP() );
#5875 = ITEM_DEFINED_TRANSFORMATION('','',#11,#1747);
#5876 = PRODUCT_DEFINITION_SHAPE('Placement','Placement of an item',
  #5877);
#5877 = NEXT_ASSEMBLY_USAGE_OCCURRENCE('9','Metal superior005','',#1717,
  #5788,$);
#5878 = CONTEXT_DEPENDENT_SHAPE_REPRESENTATION(#5879,#5881);
#5879 = ( REPRESENTATION_RELATIONSHIP('','',#5793,#1722) 
REPRESENTATION_RELATIONSHIP_WITH_TRANSFORMATION(#5880) 
SHAPE_REPRESENTATION_RELATIONSHIP() );
#5880 = ITEM_DEFINED_TRANSFORMATION('','',#11,#1751);
#5881 = PRODUCT_DEFINITION_SHAPE('Placement','Placement of an item',
  #5882);
#5882 = NEXT_ASSEMBLY_USAGE_OCCURRENCE('10','Metal superior006','',#1717
  ,#5788,$);
#5883 = CONTEXT_DEPENDENT_SHAPE_REPRESENTATION(#5884,#5886);
#5884 = ( REPRESENTATION_RELATIONSHIP('','',#5793,#1722) 
REPRESENTATION_RELATIONSHIP_WITH_TRANSFORMATION(#5885) 
SHAPE_REPRESENTATION_RELATIONSHIP() );
#5885 = ITEM_DEFINED_TRANSFORMATION('','',#11,#1755);
#5886 = PRODUCT_DEFINITION_SHAPE('Placement','Placement of an item',
  #5887);
#5887 = NEXT_ASSEMBLY_USAGE_OCCURRENCE('11','Metal superior007','',#1717
  ,#5788,$);
#5888 = CONTEXT_DEPENDENT_SHAPE_REPRESENTATION(#5889,#5891);
#5889 = ( REPRESENTATION_RELATIONSHIP('','',#5793,#1722) 
REPRESENTATION_RELATIONSHIP_WITH_TRANSFORMATION(#5890) 
SHAPE_REPRESENTATION_RELATIONSHIP() );
#5890 = ITEM_DEFINED_TRANSFORMATION('','',#11,#1759);
#5891 = PRODUCT_DEFINITION_SHAPE('Placement','Placement of an item',
  #5892);
#5892 = NEXT_ASSEMBLY_USAGE_OCCURRENCE('12','Metal superior008','',#1717
  ,#5788,$);
#5893 = CONTEXT_DEPENDENT_SHAPE_REPRESENTATION(#5894,#5896);
#5894 = ( REPRESENTATION_RELATIONSHIP('','',#5793,#1722) 
REPRESENTATION_RELATIONSHIP_WITH_TRANSFORMATION(#5895) 
SHAPE_REPRESENTATION_RELATIONSHIP() );
#5895 = ITEM_DEFINED_TRANSFORMATION('','',#11,#1763);
#5896 = PRODUCT_DEFINITION_SHAPE('Placement','Placement of an item',
  #5897);
#5897 = NEXT_ASSEMBLY_USAGE_OCCURRENCE('13','Metal superior009','',#1717
  ,#5788,$);
#5898 = CONTEXT_DEPENDENT_SHAPE_REPRESENTATION(#5899,#5901);
#5899 = ( REPRESENTATION_RELATIONSHIP('','',#5793,#1722) 
REPRESENTATION_RELATIONSHIP_WITH_TRANSFORMATION(#5900) 
SHAPE_REPRESENTATION_RELATIONSHIP() );
#5900 = ITEM_DEFINED_TRANSFORMATION('','',#11,#1767);
#5901 = PRODUCT_DEFINITION_SHAPE('Placement','Placement of an item',
  #5902);
#5902 = NEXT_ASSEMBLY_USAGE_OCCURRENCE('14','Metal superior010','',#1717
  ,#5788,$);
#5903 = CONTEXT_DEPENDENT_SHAPE_REPRESENTATION(#5904,#5906);
#5904 = ( REPRESENTATION_RELATIONSHIP('','',#5793,#1722) 
REPRESENTATION_RELATIONSHIP_WITH_TRANSFORMATION(#5905) 
SHAPE_REPRESENTATION_RELATIONSHIP() );
#5905 = ITEM_DEFINED_TRANSFORMATION('','',#11,#1771);
#5906 = PRODUCT_DEFINITION_SHAPE('Placement','Placement of an item',
  #5907);
#5907 = NEXT_ASSEMBLY_USAGE_OCCURRENCE('15','Metal superior011','',#1717
  ,#5788,$);
#5908 = CONTEXT_DEPENDENT_SHAPE_REPRESENTATION(#5909,#5911);
#5909 = ( REPRESENTATION_RELATIONSHIP('','',#5793,#1722) 
REPRESENTATION_RELATIONSHIP_WITH_TRANSFORMATION(#5910) 
SHAPE_REPRESENTATION_RELATIONSHIP() );
#5910 = ITEM_DEFINED_TRANSFORMATION('','',#11,#1775);
#5911 = PRODUCT_DEFINITION_SHAPE('Placement','Placement of an item',
  #5912);
#5912 = NEXT_ASSEMBLY_USAGE_OCCURRENCE('16','Metal superior012','',#1717
  ,#5788,$);
#5913 = CONTEXT_DEPENDENT_SHAPE_REPRESENTATION(#5914,#5916);
#5914 = ( REPRESENTATION_RELATIONSHIP('','',#5793,#1722) 
REPRESENTATION_RELATIONSHIP_WITH_TRANSFORMATION(#5915) 
SHAPE_REPRESENTATION_RELATIONSHIP() );
#5915 = ITEM_DEFINED_TRANSFORMATION('','',#11,#1779);
#5916 = PRODUCT_DEFINITION_SHAPE('Placement','Placement of an item',
  #5917);
#5917 = NEXT_ASSEMBLY_USAGE_OCCURRENCE('17','Metal superior013','',#1717
  ,#5788,$);
#5918 = CONTEXT_DEPENDENT_SHAPE_REPRESENTATION(#5919,#5921);
#5919 = ( REPRESENTATION_RELATIONSHIP('','',#5793,#1722) 
REPRESENTATION_RELATIONSHIP_WITH_TRANSFORMATION(#5920) 
SHAPE_REPRESENTATION_RELATIONSHIP() );
#5920 = ITEM_DEFINED_TRANSFORMATION('','',#11,#1783);
#5921 = PRODUCT_DEFINITION_SHAPE('Placement','Placement of an item',
  #5922);
#5922 = NEXT_ASSEMBLY_USAGE_OCCURRENCE('18','Metal superior014','',#1717
  ,#5788,$);
#5923 = CONTEXT_DEPENDENT_SHAPE_REPRESENTATION(#5924,#5926);
#5924 = ( REPRESENTATION_RELATIONSHIP('','',#5793,#1722) 
REPRESENTATION_RELATIONSHIP_WITH_TRANSFORMATION(#5925) 
SHAPE_REPRESENTATION_RELATIONSHIP() );
#5925 = ITEM_DEFINED_TRANSFORMATION('','',#11,#1787);
#5926 = PRODUCT_DEFINITION_SHAPE('Placement','Placement of an item',
  #5927);
#5927 = NEXT_ASSEMBLY_USAGE_OCCURRENCE('19','Metal superior015','',#1717
  ,#5788,$);
#5928 = CONTEXT_DEPENDENT_SHAPE_REPRESENTATION(#5929,#5931);
#5929 = ( REPRESENTATION_RELATIONSHIP('','',#5793,#1722) 
REPRESENTATION_RELATIONSHIP_WITH_TRANSFORMATION(#5930) 
SHAPE_REPRESENTATION_RELATIONSHIP() );
#5930 = ITEM_DEFINED_TRANSFORMATION('','',#11,#1791);
#5931 = PRODUCT_DEFINITION_SHAPE('Placement','Placement of an item',
  #5932);
#5932 = NEXT_ASSEMBLY_USAGE_OCCURRENCE('20','Metal superior016','',#1717
  ,#5788,$);
#5933 = CONTEXT_DEPENDENT_SHAPE_REPRESENTATION(#5934,#5936);
#5934 = ( REPRESENTATION_RELATIONSHIP('','',#5793,#1722) 
REPRESENTATION_RELATIONSHIP_WITH_TRANSFORMATION(#5935) 
SHAPE_REPRESENTATION_RELATIONSHIP() );
#5935 = ITEM_DEFINED_TRANSFORMATION('','',#11,#1795);
#5936 = PRODUCT_DEFINITION_SHAPE('Placement','Placement of an item',
  #5937);
#5937 = NEXT_ASSEMBLY_USAGE_OCCURRENCE('21','Metal superior017','',#1717
  ,#5788,$);
#5938 = CONTEXT_DEPENDENT_SHAPE_REPRESENTATION(#5939,#5941);
#5939 = ( REPRESENTATION_RELATIONSHIP('','',#5793,#1722) 
REPRESENTATION_RELATIONSHIP_WITH_TRANSFORMATION(#5940) 
SHAPE_REPRESENTATION_RELATIONSHIP() );
#5940 = ITEM_DEFINED_TRANSFORMATION('','',#11,#1799);
#5941 = PRODUCT_DEFINITION_SHAPE('Placement','Placement of an item',
  #5942);
#5942 = NEXT_ASSEMBLY_USAGE_OCCURRENCE('22','Metal superior018','',#1717
  ,#5788,$);
#5943 = CONTEXT_DEPENDENT_SHAPE_REPRESENTATION(#5944,#5946);
#5944 = ( REPRESENTATION_RELATIONSHIP('','',#5793,#1722) 
REPRESENTATION_RELATIONSHIP_WITH_TRANSFORMATION(#5945) 
SHAPE_REPRESENTATION_RELATIONSHIP() );
#5945 = ITEM_DEFINED_TRANSFORMATION('','',#11,#1803);
#5946 = PRODUCT_DEFINITION_SHAPE('Placement','Placement of an item',
  #5947);
#5947 = NEXT_ASSEMBLY_USAGE_OCCURRENCE('23','Metal superior019','',#1717
  ,#5788,$);
#5948 = SHAPE_DEFINITION_REPRESENTATION(#5949,#5955);
#5949 = PRODUCT_DEFINITION_SHAPE('','',#5950);
#5950 = PRODUCT_DEFINITION('design','',#5951,#5954);
#5951 = PRODUCT_DEFINITION_FORMATION('','',#5952);
#5952 = PRODUCT('Metal inferior','Metal inferior','',(#5953));
#5953 = PRODUCT_CONTEXT('',#2,'mechanical');
#5954 = PRODUCT_DEFINITION_CONTEXT('part definition',#2,'design');
#5955 = ADVANCED_BREP_SHAPE_REPRESENTATION('',(#11,#5956),#6009);
#5956 = MANIFOLD_SOLID_BREP('',#5957);
#5957 = CLOSED_SHELL('',(#5958,#5991,#6000));
#5958 = ADVANCED_FACE('',(#5959),#5986,.T.);
#5959 = FACE_BOUND('',#5960,.T.);
#5960 = EDGE_LOOP('',(#5961,#5971,#5978,#5979));
#5961 = ORIENTED_EDGE('',*,*,#5962,.T.);
#5962 = EDGE_CURVE('',#5963,#5965,#5967,.T.);
#5963 = VERTEX_POINT('',#5964);
#5964 = CARTESIAN_POINT('',(0.32,0.,0.));
#5965 = VERTEX_POINT('',#5966);
#5966 = CARTESIAN_POINT('',(0.32,0.,-3.));
#5967 = LINE('',#5968,#5969);
#5968 = CARTESIAN_POINT('',(0.32,0.,0.));
#5969 = VECTOR('',#5970,1.);
#5970 = DIRECTION('',(-0.,-0.,-1.));
#5971 = ORIENTED_EDGE('',*,*,#5972,.T.);
#5972 = EDGE_CURVE('',#5965,#5965,#5973,.T.);
#5973 = CIRCLE('',#5974,0.32);
#5974 = AXIS2_PLACEMENT_3D('',#5975,#5976,#5977);
#5975 = CARTESIAN_POINT('',(0.,0.,-3.));
#5976 = DIRECTION('',(0.,0.,1.));
#5977 = DIRECTION('',(1.,0.,0.));
#5978 = ORIENTED_EDGE('',*,*,#5962,.F.);
#5979 = ORIENTED_EDGE('',*,*,#5980,.F.);
#5980 = EDGE_CURVE('',#5963,#5963,#5981,.T.);
#5981 = CIRCLE('',#5982,0.32);
#5982 = AXIS2_PLACEMENT_3D('',#5983,#5984,#5985);
#5983 = CARTESIAN_POINT('',(0.,0.,0.));
#5984 = DIRECTION('',(0.,0.,1.));
#5985 = DIRECTION('',(1.,0.,0.));
#5986 = CYLINDRICAL_SURFACE('',#5987,0.32);
#5987 = AXIS2_PLACEMENT_3D('',#5988,#5989,#5990);
#5988 = CARTESIAN_POINT('',(0.,0.,0.));
#5989 = DIRECTION('',(0.,0.,1.));
#5990 = DIRECTION('',(1.,0.,-0.));
#5991 = ADVANCED_FACE('',(#5992),#5995,.T.);
#5992 = FACE_BOUND('',#5993,.T.);
#5993 = EDGE_LOOP('',(#5994));
#5994 = ORIENTED_EDGE('',*,*,#5980,.T.);
#5995 = PLANE('',#5996);
#5996 = AXIS2_PLACEMENT_3D('',#5997,#5998,#5999);
#5997 = CARTESIAN_POINT('',(-3.E-17,2.E-17,0.));
#5998 = DIRECTION('',(0.,0.,1.));
#5999 = DIRECTION('',(1.,0.,0.));
#6000 = ADVANCED_FACE('',(#6001),#6004,.F.);
#6001 = FACE_BOUND('',#6002,.F.);
#6002 = EDGE_LOOP('',(#6003));
#6003 = ORIENTED_EDGE('',*,*,#5972,.T.);
#6004 = PLANE('',#6005);
#6005 = AXIS2_PLACEMENT_3D('',#6006,#6007,#6008);
#6006 = CARTESIAN_POINT('',(-3.E-17,2.E-17,-3.));
#6007 = DIRECTION('',(0.,0.,1.));
#6008 = DIRECTION('',(1.,0.,0.));
#6009 = ( GEOMETRIC_REPRESENTATION_CONTEXT(3) 
GLOBAL_UNCERTAINTY_ASSIGNED_CONTEXT((#6013)) 
GLOBAL_UNIT_ASSIGNED_CONTEXT((#6010,#6011,#6012)) REPRESENTATION_CONTEXT
('Context #1','3D Context with UNIT and UNCERTAINTY') );
#6010 = ( LENGTH_UNIT() NAMED_UNIT(*) SI_UNIT(.MILLI.,.METRE.) );
#6011 = ( NAMED_UNIT(*) PLANE_ANGLE_UNIT() SI_UNIT($,.RADIAN.) );
#6012 = ( NAMED_UNIT(*) SI_UNIT($,.STERADIAN.) SOLID_ANGLE_UNIT() );
#6013 = UNCERTAINTY_MEASURE_WITH_UNIT(LENGTH_MEASURE(1.E-07),#6010,
  'distance_accuracy_value','confusion accuracy');
#6014 = CONTEXT_DEPENDENT_SHAPE_REPRESENTATION(#6015,#6017);
#6015 = ( REPRESENTATION_RELATIONSHIP('','',#5955,#1722) 
REPRESENTATION_RELATIONSHIP_WITH_TRANSFORMATION(#6016) 
SHAPE_REPRESENTATION_RELATIONSHIP() );
#6016 = ITEM_DEFINED_TRANSFORMATION('','',#11,#1807);
#6017 = PRODUCT_DEFINITION_SHAPE('Placement','Placement of an item',
  #6018);
#6018 = NEXT_ASSEMBLY_USAGE_OCCURRENCE('24','Metal inferior001','',#1717
  ,#5950,$);
#6019 = PRODUCT_RELATED_PRODUCT_CATEGORY('part',$,(#5952));
#6020 = CONTEXT_DEPENDENT_SHAPE_REPRESENTATION(#6021,#6023);
#6021 = ( REPRESENTATION_RELATIONSHIP('','',#5955,#1722) 
REPRESENTATION_RELATIONSHIP_WITH_TRANSFORMATION(#6022) 
SHAPE_REPRESENTATION_RELATIONSHIP() );
#6022 = ITEM_DEFINED_TRANSFORMATION('','',#11,#1811);
#6023 = PRODUCT_DEFINITION_SHAPE('Placement','Placement of an item',
  #6024);
#6024 = NEXT_ASSEMBLY_USAGE_OCCURRENCE('25','Metal inferior002','',#1717
  ,#5950,$);
#6025 = CONTEXT_DEPENDENT_SHAPE_REPRESENTATION(#6026,#6028);
#6026 = ( REPRESENTATION_RELATIONSHIP('','',#5955,#1722) 
REPRESENTATION_RELATIONSHIP_WITH_TRANSFORMATION(#6027) 
SHAPE_REPRESENTATION_RELATIONSHIP() );
#6027 = ITEM_DEFINED_TRANSFORMATION('','',#11,#1815);
#6028 = PRODUCT_DEFINITION_SHAPE('Placement','Placement of an item',
  #6029);
#6029 = NEXT_ASSEMBLY_USAGE_OCCURRENCE('26','Metal inferior003','',#1717
  ,#5950,$);
#6030 = CONTEXT_DEPENDENT_SHAPE_REPRESENTATION(#6031,#6033);
#6031 = ( REPRESENTATION_RELATIONSHIP('','',#5955,#1722) 
REPRESENTATION_RELATIONSHIP_WITH_TRANSFORMATION(#6032) 
SHAPE_REPRESENTATION_RELATIONSHIP() );
#6032 = ITEM_DEFINED_TRANSFORMATION('','',#11,#1819);
#6033 = PRODUCT_DEFINITION_SHAPE('Placement','Placement of an item',
  #6034);
#6034 = NEXT_ASSEMBLY_USAGE_OCCURRENCE('27','Metal inferior004','',#1717
  ,#5950,$);
#6035 = CONTEXT_DEPENDENT_SHAPE_REPRESENTATION(#6036,#6038);
#6036 = ( REPRESENTATION_RELATIONSHIP('','',#5955,#1722) 
REPRESENTATION_RELATIONSHIP_WITH_TRANSFORMATION(#6037) 
SHAPE_REPRESENTATION_RELATIONSHIP() );
#6037 = ITEM_DEFINED_TRANSFORMATION('','',#11,#1823);
#6038 = PRODUCT_DEFINITION_SHAPE('Placement','Placement of an item',
  #6039);
#6039 = NEXT_ASSEMBLY_USAGE_OCCURRENCE('28','Metal inferior005','',#1717
  ,#5950,$);
#6040 = CONTEXT_DEPENDENT_SHAPE_REPRESENTATION(#6041,#6043);
#6041 = ( REPRESENTATION_RELATIONSHIP('','',#5955,#1722) 
REPRESENTATION_RELATIONSHIP_WITH_TRANSFORMATION(#6042) 
SHAPE_REPRESENTATION_RELATIONSHIP() );
#6042 = ITEM_DEFINED_TRANSFORMATION('','',#11,#1827);
#6043 = PRODUCT_DEFINITION_SHAPE('Placement','Placement of an item',
  #6044);
#6044 = NEXT_ASSEMBLY_USAGE_OCCURRENCE('29','Metal inferior006','',#1717
  ,#5950,$);
#6045 = CONTEXT_DEPENDENT_SHAPE_REPRESENTATION(#6046,#6048);
#6046 = ( REPRESENTATION_RELATIONSHIP('','',#5955,#1722) 
REPRESENTATION_RELATIONSHIP_WITH_TRANSFORMATION(#6047) 
SHAPE_REPRESENTATION_RELATIONSHIP() );
#6047 = ITEM_DEFINED_TRANSFORMATION('','',#11,#1831);
#6048 = PRODUCT_DEFINITION_SHAPE('Placement','Placement of an item',
  #6049);
#6049 = NEXT_ASSEMBLY_USAGE_OCCURRENCE('30','Metal inferior007','',#1717
  ,#5950,$);
#6050 = CONTEXT_DEPENDENT_SHAPE_REPRESENTATION(#6051,#6053);
#6051 = ( REPRESENTATION_RELATIONSHIP('','',#5955,#1722) 
REPRESENTATION_RELATIONSHIP_WITH_TRANSFORMATION(#6052) 
SHAPE_REPRESENTATION_RELATIONSHIP() );
#6052 = ITEM_DEFINED_TRANSFORMATION('','',#11,#1835);
#6053 = PRODUCT_DEFINITION_SHAPE('Placement','Placement of an item',
  #6054);
#6054 = NEXT_ASSEMBLY_USAGE_OCCURRENCE('31','Metal inferior008','',#1717
  ,#5950,$);
#6055 = CONTEXT_DEPENDENT_SHAPE_REPRESENTATION(#6056,#6058);
#6056 = ( REPRESENTATION_RELATIONSHIP('','',#5955,#1722) 
REPRESENTATION_RELATIONSHIP_WITH_TRANSFORMATION(#6057) 
SHAPE_REPRESENTATION_RELATIONSHIP() );
#6057 = ITEM_DEFINED_TRANSFORMATION('','',#11,#1839);
#6058 = PRODUCT_DEFINITION_SHAPE('Placement','Placement of an item',
  #6059);
#6059 = NEXT_ASSEMBLY_USAGE_OCCURRENCE('32','Metal inferior009','',#1717
  ,#5950,$);
#6060 = CONTEXT_DEPENDENT_SHAPE_REPRESENTATION(#6061,#6063);
#6061 = ( REPRESENTATION_RELATIONSHIP('','',#5955,#1722) 
REPRESENTATION_RELATIONSHIP_WITH_TRANSFORMATION(#6062) 
SHAPE_REPRESENTATION_RELATIONSHIP() );
#6062 = ITEM_DEFINED_TRANSFORMATION('','',#11,#1843);
#6063 = PRODUCT_DEFINITION_SHAPE('Placement','Placement of an item',
  #6064);
#6064 = NEXT_ASSEMBLY_USAGE_OCCURRENCE('33','Metal inferior010','',#1717
  ,#5950,$);
#6065 = CONTEXT_DEPENDENT_SHAPE_REPRESENTATION(#6066,#6068);
#6066 = ( REPRESENTATION_RELATIONSHIP('','',#5955,#1722) 
REPRESENTATION_RELATIONSHIP_WITH_TRANSFORMATION(#6067) 
SHAPE_REPRESENTATION_RELATIONSHIP() );
#6067 = ITEM_DEFINED_TRANSFORMATION('','',#11,#1847);
#6068 = PRODUCT_DEFINITION_SHAPE('Placement','Placement of an item',
  #6069);
#6069 = NEXT_ASSEMBLY_USAGE_OCCURRENCE('34','Parte plastica002','',#1717
  ,#5950,$);
#6070 = CONTEXT_DEPENDENT_SHAPE_REPRESENTATION(#6071,#6073);
#6071 = ( REPRESENTATION_RELATIONSHIP('','',#5955,#1722) 
REPRESENTATION_RELATIONSHIP_WITH_TRANSFORMATION(#6072) 
SHAPE_REPRESENTATION_RELATIONSHIP() );
#6072 = ITEM_DEFINED_TRANSFORMATION('','',#11,#1851);
#6073 = PRODUCT_DEFINITION_SHAPE('Placement','Placement of an item',
  #6074);
#6074 = NEXT_ASSEMBLY_USAGE_OCCURRENCE('35','Metal inferior011','',#1717
  ,#5950,$);
#6075 = CONTEXT_DEPENDENT_SHAPE_REPRESENTATION(#6076,#6078);
#6076 = ( REPRESENTATION_RELATIONSHIP('','',#5955,#1722) 
REPRESENTATION_RELATIONSHIP_WITH_TRANSFORMATION(#6077) 
SHAPE_REPRESENTATION_RELATIONSHIP() );
#6077 = ITEM_DEFINED_TRANSFORMATION('','',#11,#1855);
#6078 = PRODUCT_DEFINITION_SHAPE('Placement','Placement of an item',
  #6079);
#6079 = NEXT_ASSEMBLY_USAGE_OCCURRENCE('36','Metal inferior012','',#1717
  ,#5950,$);
#6080 = CONTEXT_DEPENDENT_SHAPE_REPRESENTATION(#6081,#6083);
#6081 = ( REPRESENTATION_RELATIONSHIP('','',#5955,#1722) 
REPRESENTATION_RELATIONSHIP_WITH_TRANSFORMATION(#6082) 
SHAPE_REPRESENTATION_RELATIONSHIP() );
#6082 = ITEM_DEFINED_TRANSFORMATION('','',#11,#1859);
#6083 = PRODUCT_DEFINITION_SHAPE('Placement','Placement of an item',
  #6084);
#6084 = NEXT_ASSEMBLY_USAGE_OCCURRENCE('37','Metal inferior013','',#1717
  ,#5950,$);
#6085 = CONTEXT_DEPENDENT_SHAPE_REPRESENTATION(#6086,#6088);
#6086 = ( REPRESENTATION_RELATIONSHIP('','',#5955,#1722) 
REPRESENTATION_RELATIONSHIP_WITH_TRANSFORMATION(#6087) 
SHAPE_REPRESENTATION_RELATIONSHIP() );
#6087 = ITEM_DEFINED_TRANSFORMATION('','',#11,#1863);
#6088 = PRODUCT_DEFINITION_SHAPE('Placement','Placement of an item',
  #6089);
#6089 = NEXT_ASSEMBLY_USAGE_OCCURRENCE('38','Metal inferior014','',#1717
  ,#5950,$);
#6090 = CONTEXT_DEPENDENT_SHAPE_REPRESENTATION(#6091,#6093);
#6091 = ( REPRESENTATION_RELATIONSHIP('','',#5955,#1722) 
REPRESENTATION_RELATIONSHIP_WITH_TRANSFORMATION(#6092) 
SHAPE_REPRESENTATION_RELATIONSHIP() );
#6092 = ITEM_DEFINED_TRANSFORMATION('','',#11,#1867);
#6093 = PRODUCT_DEFINITION_SHAPE('Placement','Placement of an item',
  #6094);
#6094 = NEXT_ASSEMBLY_USAGE_OCCURRENCE('39','Metal inferior015','',#1717
  ,#5950,$);
#6095 = CONTEXT_DEPENDENT_SHAPE_REPRESENTATION(#6096,#6098);
#6096 = ( REPRESENTATION_RELATIONSHIP('','',#5955,#1722) 
REPRESENTATION_RELATIONSHIP_WITH_TRANSFORMATION(#6097) 
SHAPE_REPRESENTATION_RELATIONSHIP() );
#6097 = ITEM_DEFINED_TRANSFORMATION('','',#11,#1871);
#6098 = PRODUCT_DEFINITION_SHAPE('Placement','Placement of an item',
  #6099);
#6099 = NEXT_ASSEMBLY_USAGE_OCCURRENCE('40','Metal inferior016','',#1717
  ,#5950,$);
#6100 = CONTEXT_DEPENDENT_SHAPE_REPRESENTATION(#6101,#6103);
#6101 = ( REPRESENTATION_RELATIONSHIP('','',#5955,#1722) 
REPRESENTATION_RELATIONSHIP_WITH_TRANSFORMATION(#6102) 
SHAPE_REPRESENTATION_RELATIONSHIP() );
#6102 = ITEM_DEFINED_TRANSFORMATION('','',#11,#1875);
#6103 = PRODUCT_DEFINITION_SHAPE('Placement','Placement of an item',
  #6104);
#6104 = NEXT_ASSEMBLY_USAGE_OCCURRENCE('41','Metal inferior017','',#1717
  ,#5950,$);
#6105 = CONTEXT_DEPENDENT_SHAPE_REPRESENTATION(#6106,#6108);
#6106 = ( REPRESENTATION_RELATIONSHIP('','',#5955,#1722) 
REPRESENTATION_RELATIONSHIP_WITH_TRANSFORMATION(#6107) 
SHAPE_REPRESENTATION_RELATIONSHIP() );
#6107 = ITEM_DEFINED_TRANSFORMATION('','',#11,#1879);
#6108 = PRODUCT_DEFINITION_SHAPE('Placement','Placement of an item',
  #6109);
#6109 = NEXT_ASSEMBLY_USAGE_OCCURRENCE('42','Metal inferior018','',#1717
  ,#5950,$);
#6110 = CONTEXT_DEPENDENT_SHAPE_REPRESENTATION(#6111,#6113);
#6111 = ( REPRESENTATION_RELATIONSHIP('','',#5955,#1722) 
REPRESENTATION_RELATIONSHIP_WITH_TRANSFORMATION(#6112) 
SHAPE_REPRESENTATION_RELATIONSHIP() );
#6112 = ITEM_DEFINED_TRANSFORMATION('','',#11,#1883);
#6113 = PRODUCT_DEFINITION_SHAPE('Placement','Placement of an item',
  #6114);
#6114 = NEXT_ASSEMBLY_USAGE_OCCURRENCE('43','Metal inferior019','',#1717
  ,#5950,$);
#6115 = SHAPE_DEFINITION_REPRESENTATION(#6116,#6122);
#6116 = PRODUCT_DEFINITION_SHAPE('','',#6117);
#6117 = PRODUCT_DEFINITION('design','',#6118,#6121);
#6118 = PRODUCT_DEFINITION_FORMATION('','',#6119);
#6119 = PRODUCT('LCS_PH1','LCS_PH1','',(#6120));
#6120 = PRODUCT_CONTEXT('',#2,'mechanical');
#6121 = PRODUCT_DEFINITION_CONTEXT('part definition',#2,'design');
#6122 = MANIFOLD_SURFACE_SHAPE_REPRESENTATION('',(#11),#6123);
#6123 = ( GEOMETRIC_REPRESENTATION_CONTEXT(3) 
GLOBAL_UNCERTAINTY_ASSIGNED_CONTEXT((#6127)) 
GLOBAL_UNIT_ASSIGNED_CONTEXT((#6124,#6125,#6126)) REPRESENTATION_CONTEXT
('Context #1','3D Context with UNIT and UNCERTAINTY') );
#6124 = ( LENGTH_UNIT() NAMED_UNIT(*) SI_UNIT(.MILLI.,.METRE.) );
#6125 = ( NAMED_UNIT(*) PLANE_ANGLE_UNIT() SI_UNIT($,.RADIAN.) );
#6126 = ( NAMED_UNIT(*) SI_UNIT($,.STERADIAN.) SOLID_ANGLE_UNIT() );
#6127 = UNCERTAINTY_MEASURE_WITH_UNIT(LENGTH_MEASURE(1.E-07),#6124,
  'distance_accuracy_value','confusion accuracy');
#6128 = CONTEXT_DEPENDENT_SHAPE_REPRESENTATION(#6129,#6131);
#6129 = ( REPRESENTATION_RELATIONSHIP('','',#6122,#1722) 
REPRESENTATION_RELATIONSHIP_WITH_TRANSFORMATION(#6130) 
SHAPE_REPRESENTATION_RELATIONSHIP() );
#6130 = ITEM_DEFINED_TRANSFORMATION('','',#11,#1887);
#6131 = PRODUCT_DEFINITION_SHAPE('Placement','Placement of an item',
  #6132);
#6132 = NEXT_ASSEMBLY_USAGE_OCCURRENCE('44','LCS_PH1','',#1717,#6117,$);
#6133 = PRODUCT_RELATED_PRODUCT_CATEGORY('part',$,(#6119));
#6134 = CONTEXT_DEPENDENT_SHAPE_REPRESENTATION(#6135,#6137);
#6135 = ( REPRESENTATION_RELATIONSHIP('','',#1722,#10) 
REPRESENTATION_RELATIONSHIP_WITH_TRANSFORMATION(#6136) 
SHAPE_REPRESENTATION_RELATIONSHIP() );
#6136 = ITEM_DEFINED_TRANSFORMATION('','',#11,#27);
#6137 = PRODUCT_DEFINITION_SHAPE('Placement','Placement of an item',
  #6138);
#6138 = NEXT_ASSEMBLY_USAGE_OCCURRENCE('46','Pin_Header001','',#5,#1717,
  $);
#6139 = SHAPE_DEFINITION_REPRESENTATION(#6140,#6146);
#6140 = PRODUCT_DEFINITION_SHAPE('','',#6141);
#6141 = PRODUCT_DEFINITION('design','',#6142,#6145);
#6142 = PRODUCT_DEFINITION_FORMATION('','',#6143);
#6143 = PRODUCT('Assembly','Assembly','',(#6144));
#6144 = PRODUCT_CONTEXT('',#2,'mechanical');
#6145 = PRODUCT_DEFINITION_CONTEXT('part definition',#2,'design');
#6146 = SHAPE_REPRESENTATION('',(#11,#6147,#6151,#6155,#6159,#6163,#6167
    ,#6171,#6175,#6179,#6183,#6187,#6191,#6195,#6199,#6203,#6207,#6211,
    #6215,#6219,#6223,#6227),#6231);
#6147 = AXIS2_PLACEMENT_3D('',#6148,#6149,#6150);
#6148 = CARTESIAN_POINT('',(0.,0.,0.));
#6149 = DIRECTION('',(0.,0.,1.));
#6150 = DIRECTION('',(1.,0.,0.));
#6151 = AXIS2_PLACEMENT_3D('',#6152,#6153,#6154);
#6152 = CARTESIAN_POINT('',(-1.25,-2.942091015257E-15,-4.25));
#6153 = DIRECTION('',(0.,0.,1.));
#6154 = DIRECTION('',(1.,0.,0.));
#6155 = AXIS2_PLACEMENT_3D('',#6156,#6157,#6158);
#6156 = CARTESIAN_POINT('',(1.021405182655E-14,-22.86,-11.5));
#6157 = DIRECTION('',(-0.,0.,1.));
#6158 = DIRECTION('',(1.,-2.22044604925E-16,0.));
#6159 = AXIS2_PLACEMENT_3D('',#6160,#6161,#6162);
#6160 = CARTESIAN_POINT('',(1.021405182655E-14,-20.32,-11.5));
#6161 = DIRECTION('',(-0.,0.,1.));
#6162 = DIRECTION('',(1.,-2.22044604925E-16,0.));
#6163 = AXIS2_PLACEMENT_3D('',#6164,#6165,#6166);
#6164 = CARTESIAN_POINT('',(1.021405182655E-14,-17.78,-11.5));
#6165 = DIRECTION('',(-0.,0.,1.));
#6166 = DIRECTION('',(1.,-2.22044604925E-16,0.));
#6167 = AXIS2_PLACEMENT_3D('',#6168,#6169,#6170);
#6168 = CARTESIAN_POINT('',(1.021405182655E-14,-15.24,-11.5));
#6169 = DIRECTION('',(-0.,0.,1.));
#6170 = DIRECTION('',(1.,-2.22044604925E-16,0.));
#6171 = AXIS2_PLACEMENT_3D('',#6172,#6173,#6174);
#6172 = CARTESIAN_POINT('',(1.021405182655E-14,-12.7,-11.5));
#6173 = DIRECTION('',(-0.,0.,1.));
#6174 = DIRECTION('',(1.,-2.22044604925E-16,0.));
#6175 = AXIS2_PLACEMENT_3D('',#6176,#6177,#6178);
#6176 = CARTESIAN_POINT('',(1.021405182655E-14,-10.16,-11.5));
#6177 = DIRECTION('',(-0.,0.,1.));
#6178 = DIRECTION('',(1.,-2.22044604925E-16,0.));
#6179 = AXIS2_PLACEMENT_3D('',#6180,#6181,#6182);
#6180 = CARTESIAN_POINT('',(1.021405182655E-14,-7.62,-11.5));
#6181 = DIRECTION('',(-0.,0.,1.));
#6182 = DIRECTION('',(1.,-2.22044604925E-16,0.));
#6183 = AXIS2_PLACEMENT_3D('',#6184,#6185,#6186);
#6184 = CARTESIAN_POINT('',(1.021405182655E-14,-5.08,-11.5));
#6185 = DIRECTION('',(-0.,0.,1.));
#6186 = DIRECTION('',(1.,-2.22044604925E-16,0.));
#6187 = AXIS2_PLACEMENT_3D('',#6188,#6189,#6190);
#6188 = CARTESIAN_POINT('',(1.021405182655E-14,-2.54,-11.5));
#6189 = DIRECTION('',(-0.,0.,1.));
#6190 = DIRECTION('',(1.,-2.22044604925E-16,0.));
#6191 = AXIS2_PLACEMENT_3D('',#6192,#6193,#6194);
#6192 = CARTESIAN_POINT('',(1.021405182655E-14,-3.552713678801E-15,-11.5
    ));
#6193 = DIRECTION('',(-0.,0.,1.));
#6194 = DIRECTION('',(1.,-2.22044604925E-16,0.));
#6195 = AXIS2_PLACEMENT_3D('',#6196,#6197,#6198);
#6196 = CARTESIAN_POINT('',(1.021405182655E-14,2.54,-11.5));
#6197 = DIRECTION('',(-0.,0.,1.));
#6198 = DIRECTION('',(1.,-2.22044604925E-16,0.));
#6199 = AXIS2_PLACEMENT_3D('',#6200,#6201,#6202);
#6200 = CARTESIAN_POINT('',(1.021405182655E-14,5.08,-11.5));
#6201 = DIRECTION('',(-0.,0.,1.));
#6202 = DIRECTION('',(1.,-2.22044604925E-16,0.));
#6203 = AXIS2_PLACEMENT_3D('',#6204,#6205,#6206);
#6204 = CARTESIAN_POINT('',(1.021405182655E-14,7.62,-11.5));
#6205 = DIRECTION('',(-0.,0.,1.));
#6206 = DIRECTION('',(1.,-2.22044604925E-16,0.));
#6207 = AXIS2_PLACEMENT_3D('',#6208,#6209,#6210);
#6208 = CARTESIAN_POINT('',(1.021405182655E-14,10.16,-11.5));
#6209 = DIRECTION('',(-0.,0.,1.));
#6210 = DIRECTION('',(1.,-2.22044604925E-16,0.));
#6211 = AXIS2_PLACEMENT_3D('',#6212,#6213,#6214);
#6212 = CARTESIAN_POINT('',(1.021405182655E-14,12.7,-11.5));
#6213 = DIRECTION('',(-0.,0.,1.));
#6214 = DIRECTION('',(1.,-2.22044604925E-16,0.));
#6215 = AXIS2_PLACEMENT_3D('',#6216,#6217,#6218);
#6216 = CARTESIAN_POINT('',(1.021405182655E-14,15.24,-11.5));
#6217 = DIRECTION('',(-0.,0.,1.));
#6218 = DIRECTION('',(1.,-2.22044604925E-16,0.));
#6219 = AXIS2_PLACEMENT_3D('',#6220,#6221,#6222);
#6220 = CARTESIAN_POINT('',(1.021405182655E-14,17.78,-11.5));
#6221 = DIRECTION('',(-0.,0.,1.));
#6222 = DIRECTION('',(1.,-2.22044604925E-16,0.));
#6223 = AXIS2_PLACEMENT_3D('',#6224,#6225,#6226);
#6224 = CARTESIAN_POINT('',(1.021405182655E-14,20.32,-11.5));
#6225 = DIRECTION('',(-0.,0.,1.));
#6226 = DIRECTION('',(1.,-2.22044604925E-16,0.));
#6227 = AXIS2_PLACEMENT_3D('',#6228,#6229,#6230);
#6228 = CARTESIAN_POINT('',(1.021405182655E-14,22.86,-11.5));
#6229 = DIRECTION('',(-0.,0.,1.));
#6230 = DIRECTION('',(1.,-2.22044604925E-16,0.));
#6231 = ( GEOMETRIC_REPRESENTATION_CONTEXT(3) 
GLOBAL_UNCERTAINTY_ASSIGNED_CONTEXT((#6235)) 
GLOBAL_UNIT_ASSIGNED_CONTEXT((#6232,#6233,#6234)) REPRESENTATION_CONTEXT
('Context #1','3D Context with UNIT and UNCERTAINTY') );
#6232 = ( LENGTH_UNIT() NAMED_UNIT(*) SI_UNIT(.MILLI.,.METRE.) );
#6233 = ( NAMED_UNIT(*) PLANE_ANGLE_UNIT() SI_UNIT($,.RADIAN.) );
#6234 = ( NAMED_UNIT(*) SI_UNIT($,.STERADIAN.) SOLID_ANGLE_UNIT() );
#6235 = UNCERTAINTY_MEASURE_WITH_UNIT(LENGTH_MEASURE(1.E-07),#6232,
  'distance_accuracy_value','confusion accuracy');
#6236 = CONTEXT_DEPENDENT_SHAPE_REPRESENTATION(#6237,#6239);
#6237 = ( REPRESENTATION_RELATIONSHIP('','',#6146,#10) 
REPRESENTATION_RELATIONSHIP_WITH_TRANSFORMATION(#6238) 
SHAPE_REPRESENTATION_RELATIONSHIP() );
#6238 = ITEM_DEFINED_TRANSFORMATION('','',#11,#31);
#6239 = PRODUCT_DEFINITION_SHAPE('Placement','Placement of an item',
  #6240);
#6240 = NEXT_ASSEMBLY_USAGE_OCCURRENCE('68','Unnamed','',#5,#6141,$);
#6241 = PRODUCT_RELATED_PRODUCT_CATEGORY('part',$,(#6143));
#6242 = SHAPE_DEFINITION_REPRESENTATION(#6243,#6249);
#6243 = PRODUCT_DEFINITION_SHAPE('','',#6244);
#6244 = PRODUCT_DEFINITION('design','',#6245,#6248);
#6245 = PRODUCT_DEFINITION_FORMATION('','',#6246);
#6246 = PRODUCT('LCS_Origin','LCS_Origin','',(#6247));
#6247 = PRODUCT_CONTEXT('',#2,'mechanical');
#6248 = PRODUCT_DEFINITION_CONTEXT('part definition',#2,'design');
#6249 = MANIFOLD_SURFACE_SHAPE_REPRESENTATION('',(#11),#6250);
#6250 = ( GEOMETRIC_REPRESENTATION_CONTEXT(3) 
GLOBAL_UNCERTAINTY_ASSIGNED_CONTEXT((#6254)) 
GLOBAL_UNIT_ASSIGNED_CONTEXT((#6251,#6252,#6253)) REPRESENTATION_CONTEXT
('Context #1','3D Context with UNIT and UNCERTAINTY') );
#6251 = ( LENGTH_UNIT() NAMED_UNIT(*) SI_UNIT(.MILLI.,.METRE.) );
#6252 = ( NAMED_UNIT(*) PLANE_ANGLE_UNIT() SI_UNIT($,.RADIAN.) );
#6253 = ( NAMED_UNIT(*) SI_UNIT($,.STERADIAN.) SOLID_ANGLE_UNIT() );
#6254 = UNCERTAINTY_MEASURE_WITH_UNIT(LENGTH_MEASURE(1.E-07),#6251,
  'distance_accuracy_value','confusion accuracy');
#6255 = CONTEXT_DEPENDENT_SHAPE_REPRESENTATION(#6256,#6258);
#6256 = ( REPRESENTATION_RELATIONSHIP('','',#6249,#6146) 
REPRESENTATION_RELATIONSHIP_WITH_TRANSFORMATION(#6257) 
SHAPE_REPRESENTATION_RELATIONSHIP() );
#6257 = ITEM_DEFINED_TRANSFORMATION('','',#11,#6147);
#6258 = PRODUCT_DEFINITION_SHAPE('Placement','Placement of an item',
  #6259);
#6259 = NEXT_ASSEMBLY_USAGE_OCCURRENCE('47','LCS_Origin','',#6141,#6244,
  $);
#6260 = PRODUCT_RELATED_PRODUCT_CATEGORY('part',$,(#6246));
#6261 = SHAPE_DEFINITION_REPRESENTATION(#6262,#6268);
#6262 = PRODUCT_DEFINITION_SHAPE('','',#6263);
#6263 = PRODUCT_DEFINITION('design','',#6264,#6267);
#6264 = PRODUCT_DEFINITION_FORMATION('','',#6265);
#6265 = PRODUCT('Parte plastica','Parte plastica','',(#6266));
#6266 = PRODUCT_CONTEXT('',#2,'mechanical');
#6267 = PRODUCT_DEFINITION_CONTEXT('part definition',#2,'design');
#6268 = ADVANCED_BREP_SHAPE_REPRESENTATION('',(#11,#6269),#7274);
#6269 = MANIFOLD_SOLID_BREP('',#6270);
#6270 = CLOSED_SHELL('',(#6271,#6311,#6342,#6373,#6390,#6407,#6628,#6653
    ,#6678,#6703,#6728,#6753,#6778,#6803,#6828,#6853,#6878,#6903,#6928,
    #6953,#6978,#7003,#7028,#7053,#7078,#7103,#7112,#7121,#7130,#7139,
    #7148,#7157,#7166,#7175,#7184,#7193,#7202,#7211,#7220,#7229,#7238,
    #7247,#7256,#7265));
#6271 = ADVANCED_FACE('',(#6272),#6306,.F.);
#6272 = FACE_BOUND('',#6273,.F.);
#6273 = EDGE_LOOP('',(#6274,#6284,#6292,#6300));
#6274 = ORIENTED_EDGE('',*,*,#6275,.T.);
#6275 = EDGE_CURVE('',#6276,#6278,#6280,.T.);
#6276 = VERTEX_POINT('',#6277);
#6277 = CARTESIAN_POINT('',(2.831068712794E-15,-24.13,-4.25));
#6278 = VERTEX_POINT('',#6279);
#6279 = CARTESIAN_POINT('',(2.5,-24.13,-4.25));
#6280 = LINE('',#6281,#6282);
#6281 = CARTESIAN_POINT('',(9.132694600567E-15,-24.13,-4.25));
#6282 = VECTOR('',#6283,1.);
#6283 = DIRECTION('',(1.,-6.661338147751E-16,3.574525976783E-31));
#6284 = ORIENTED_EDGE('',*,*,#6285,.T.);
#6285 = EDGE_CURVE('',#6278,#6286,#6288,.T.);
#6286 = VERTEX_POINT('',#6287);
#6287 = CARTESIAN_POINT('',(2.5,24.13,-4.25));
#6288 = LINE('',#6289,#6290);
#6289 = CARTESIAN_POINT('',(2.5,-24.13,-4.25));
#6290 = VECTOR('',#6291,1.);
#6291 = DIRECTION('',(-4.440892098501E-16,1.,-1.110223024625E-15));
#6292 = ORIENTED_EDGE('',*,*,#6293,.F.);
#6293 = EDGE_CURVE('',#6294,#6286,#6296,.T.);
#6294 = VERTEX_POINT('',#6295);
#6295 = CARTESIAN_POINT('',(2.831068712794E-15,24.13,-4.25));
#6296 = LINE('',#6297,#6298);
#6297 = CARTESIAN_POINT('',(-1.583178033115E-15,24.13,-4.25));
#6298 = VECTOR('',#6299,1.);
#6299 = DIRECTION('',(1.,-6.661338147751E-16,3.574525976783E-31));
#6300 = ORIENTED_EDGE('',*,*,#6301,.F.);
#6301 = EDGE_CURVE('',#6276,#6294,#6302,.T.);
#6302 = LINE('',#6303,#6304);
#6303 = CARTESIAN_POINT('',(1.543432048834E-14,-24.13,-4.25));
#6304 = VECTOR('',#6305,1.);
#6305 = DIRECTION('',(-4.440892098501E-16,1.,-1.110223024625E-15));
#6306 = PLANE('',#6307);
#6307 = AXIS2_PLACEMENT_3D('',#6308,#6309,#6310);
#6308 = CARTESIAN_POINT('',(9.132694600567E-15,-24.13,-4.25));
#6309 = DIRECTION('',(-6.661338147751E-16,2.22044604925E-16,1.));
#6310 = DIRECTION('',(-2.22044604925E-16,1.,-8.881784197001E-16));
#6311 = ADVANCED_FACE('',(#6312),#6337,.F.);
#6312 = FACE_BOUND('',#6313,.F.);
#6313 = EDGE_LOOP('',(#6314,#6324,#6330,#6331));
#6314 = ORIENTED_EDGE('',*,*,#6315,.T.);
#6315 = EDGE_CURVE('',#6316,#6318,#6320,.T.);
#6316 = VERTEX_POINT('',#6317);
#6317 = CARTESIAN_POINT('',(-2.831068712794E-15,-24.13,4.25));
#6318 = VERTEX_POINT('',#6319);
#6319 = CARTESIAN_POINT('',(2.5,-24.13,4.25));
#6320 = LINE('',#6321,#6322);
#6321 = CARTESIAN_POINT('',(1.583178033115E-15,-24.13,4.25));
#6322 = VECTOR('',#6323,1.);
#6323 = DIRECTION('',(1.,-6.661338147751E-16,3.574525976783E-31));
#6324 = ORIENTED_EDGE('',*,*,#6325,.T.);
#6325 = EDGE_CURVE('',#6318,#6278,#6326,.T.);
#6326 = LINE('',#6327,#6328);
#6327 = CARTESIAN_POINT('',(2.5,-24.13,4.25));
#6328 = VECTOR('',#6329,1.);
#6329 = DIRECTION('',(1.110223024625E-15,2.22044604925E-16,-1.));
#6330 = ORIENTED_EDGE('',*,*,#6275,.F.);
#6331 = ORIENTED_EDGE('',*,*,#6332,.F.);
#6332 = EDGE_CURVE('',#6316,#6276,#6333,.T.);
#6333 = LINE('',#6334,#6335);
#6334 = CARTESIAN_POINT('',(5.997424779025E-15,-24.13,4.25));
#6335 = VECTOR('',#6336,1.);
#6336 = DIRECTION('',(1.110223024625E-15,2.22044604925E-16,-1.));
#6337 = PLANE('',#6338);
#6338 = AXIS2_PLACEMENT_3D('',#6339,#6340,#6341);
#6339 = CARTESIAN_POINT('',(1.583178033115E-15,-24.13,4.25));
#6340 = DIRECTION('',(1.479114197289E-31,1.,-6.661338147751E-16));
#6341 = DIRECTION('',(8.881784197001E-16,-2.958228394579E-31,-1.));
#6342 = ADVANCED_FACE('',(#6343),#6368,.F.);
#6343 = FACE_BOUND('',#6344,.F.);
#6344 = EDGE_LOOP('',(#6345,#6346,#6354,#6362));
#6345 = ORIENTED_EDGE('',*,*,#6293,.T.);
#6346 = ORIENTED_EDGE('',*,*,#6347,.T.);
#6347 = EDGE_CURVE('',#6286,#6348,#6350,.T.);
#6348 = VERTEX_POINT('',#6349);
#6349 = CARTESIAN_POINT('',(2.5,24.13,4.25));
#6350 = LINE('',#6351,#6352);
#6351 = CARTESIAN_POINT('',(2.5,24.13,-4.25));
#6352 = VECTOR('',#6353,1.);
#6353 = DIRECTION('',(-1.110223024625E-15,-2.22044604925E-16,1.));
#6354 = ORIENTED_EDGE('',*,*,#6355,.F.);
#6355 = EDGE_CURVE('',#6356,#6348,#6358,.T.);
#6356 = VERTEX_POINT('',#6357);
#6357 = CARTESIAN_POINT('',(-2.831068712794E-15,24.13,4.25));
#6358 = LINE('',#6359,#6360);
#6359 = CARTESIAN_POINT('',(-9.132694600567E-15,24.13,4.25));
#6360 = VECTOR('',#6361,1.);
#6361 = DIRECTION('',(1.,-6.661338147751E-16,3.574525976783E-31));
#6362 = ORIENTED_EDGE('',*,*,#6363,.F.);
#6363 = EDGE_CURVE('',#6294,#6356,#6364,.T.);
#6364 = LINE('',#6365,#6366);
#6365 = CARTESIAN_POINT('',(-5.997424779025E-15,24.13,-4.25));
#6366 = VECTOR('',#6367,1.);
#6367 = DIRECTION('',(-1.110223024625E-15,-2.22044604925E-16,1.));
#6368 = PLANE('',#6369);
#6369 = AXIS2_PLACEMENT_3D('',#6370,#6371,#6372);
#6370 = CARTESIAN_POINT('',(-1.583178033115E-15,24.13,-4.25));
#6371 = DIRECTION('',(-1.479114197289E-31,-1.,6.661338147751E-16));
#6372 = DIRECTION('',(-8.881784197001E-16,2.958228394579E-31,1.));
#6373 = ADVANCED_FACE('',(#6374),#6385,.F.);
#6374 = FACE_BOUND('',#6375,.F.);
#6375 = EDGE_LOOP('',(#6376,#6377,#6378,#6384));
#6376 = ORIENTED_EDGE('',*,*,#6301,.T.);
#6377 = ORIENTED_EDGE('',*,*,#6363,.T.);
#6378 = ORIENTED_EDGE('',*,*,#6379,.T.);
#6379 = EDGE_CURVE('',#6356,#6316,#6380,.T.);
#6380 = LINE('',#6381,#6382);
#6381 = CARTESIAN_POINT('',(-1.543432048834E-14,24.13,4.25));
#6382 = VECTOR('',#6383,1.);
#6383 = DIRECTION('',(4.440892098501E-16,-1.,1.110223024625E-15));
#6384 = ORIENTED_EDGE('',*,*,#6332,.T.);
#6385 = PLANE('',#6386);
#6386 = AXIS2_PLACEMENT_3D('',#6387,#6388,#6389);
#6387 = CARTESIAN_POINT('',(-1.111854693758E-31,2.503674192248E-16,
    -2.779636734394E-31));
#6388 = DIRECTION('',(1.,-8.881784197001E-16,-2.22044604925E-16));
#6389 = DIRECTION('',(-1.110223024625E-15,-2.22044604925E-16,1.));
#6390 = ADVANCED_FACE('',(#6391),#6402,.T.);
#6391 = FACE_BOUND('',#6392,.T.);
#6392 = EDGE_LOOP('',(#6393,#6394,#6395,#6401));
#6393 = ORIENTED_EDGE('',*,*,#6285,.T.);
#6394 = ORIENTED_EDGE('',*,*,#6347,.T.);
#6395 = ORIENTED_EDGE('',*,*,#6396,.T.);
#6396 = EDGE_CURVE('',#6348,#6318,#6397,.T.);
#6397 = LINE('',#6398,#6399);
#6398 = CARTESIAN_POINT('',(2.5,24.13,4.25));
#6399 = VECTOR('',#6400,1.);
#6400 = DIRECTION('',(4.440892098501E-16,-1.,1.110223024625E-15));
#6401 = ORIENTED_EDGE('',*,*,#6325,.T.);
#6402 = PLANE('',#6403);
#6403 = AXIS2_PLACEMENT_3D('',#6404,#6405,#6406);
#6404 = CARTESIAN_POINT('',(2.5,-8.598556054003E-16,-3.10862446895E-15)
  );
#6405 = DIRECTION('',(1.,-8.881784197001E-16,-2.22044604925E-16));
#6406 = DIRECTION('',(-1.110223024625E-15,-2.22044604925E-16,1.));
#6407 = ADVANCED_FACE('',(#6408,#6414,#6425,#6436,#6447,#6458,#6469,
    #6480,#6491,#6502,#6513,#6524,#6535,#6546,#6557,#6568,#6579,#6590,
    #6601,#6612),#6623,.F.);
#6408 = FACE_BOUND('',#6409,.F.);
#6409 = EDGE_LOOP('',(#6410,#6411,#6412,#6413));
#6410 = ORIENTED_EDGE('',*,*,#6355,.T.);
#6411 = ORIENTED_EDGE('',*,*,#6396,.T.);
#6412 = ORIENTED_EDGE('',*,*,#6315,.F.);
#6413 = ORIENTED_EDGE('',*,*,#6379,.F.);
#6414 = FACE_BOUND('',#6415,.F.);
#6415 = EDGE_LOOP('',(#6416));
#6416 = ORIENTED_EDGE('',*,*,#6417,.T.);
#6417 = EDGE_CURVE('',#6418,#6418,#6420,.T.);
#6418 = VERTEX_POINT('',#6419);
#6419 = CARTESIAN_POINT('',(1.25,-13.02,4.25));
#6420 = CIRCLE('',#6421,0.32);
#6421 = AXIS2_PLACEMENT_3D('',#6422,#6423,#6424);
#6422 = CARTESIAN_POINT('',(1.25,-12.7,4.25));
#6423 = DIRECTION('',(1.110223024625E-16,5.551115123126E-16,1.));
#6424 = DIRECTION('',(4.440892098501E-16,-1.,5.551115123126E-16));
#6425 = FACE_BOUND('',#6426,.F.);
#6426 = EDGE_LOOP('',(#6427));
#6427 = ORIENTED_EDGE('',*,*,#6428,.T.);
#6428 = EDGE_CURVE('',#6429,#6429,#6431,.T.);
#6429 = VERTEX_POINT('',#6430);
#6430 = CARTESIAN_POINT('',(1.25,-15.56,4.25));
#6431 = CIRCLE('',#6432,0.32);
#6432 = AXIS2_PLACEMENT_3D('',#6433,#6434,#6435);
#6433 = CARTESIAN_POINT('',(1.25,-15.24,4.25));
#6434 = DIRECTION('',(1.110223024625E-16,5.551115123126E-16,1.));
#6435 = DIRECTION('',(4.440892098501E-16,-1.,5.551115123126E-16));
#6436 = FACE_BOUND('',#6437,.F.);
#6437 = EDGE_LOOP('',(#6438));
#6438 = ORIENTED_EDGE('',*,*,#6439,.T.);
#6439 = EDGE_CURVE('',#6440,#6440,#6442,.T.);
#6440 = VERTEX_POINT('',#6441);
#6441 = CARTESIAN_POINT('',(1.25,-18.1,4.25));
#6442 = CIRCLE('',#6443,0.32);
#6443 = AXIS2_PLACEMENT_3D('',#6444,#6445,#6446);
#6444 = CARTESIAN_POINT('',(1.25,-17.78,4.25));
#6445 = DIRECTION('',(1.110223024625E-16,5.551115123126E-16,1.));
#6446 = DIRECTION('',(4.440892098501E-16,-1.,5.551115123126E-16));
#6447 = FACE_BOUND('',#6448,.F.);
#6448 = EDGE_LOOP('',(#6449));
#6449 = ORIENTED_EDGE('',*,*,#6450,.T.);
#6450 = EDGE_CURVE('',#6451,#6451,#6453,.T.);
#6451 = VERTEX_POINT('',#6452);
#6452 = CARTESIAN_POINT('',(1.25,-20.64,4.25));
#6453 = CIRCLE('',#6454,0.32);
#6454 = AXIS2_PLACEMENT_3D('',#6455,#6456,#6457);
#6455 = CARTESIAN_POINT('',(1.25,-20.32,4.25));
#6456 = DIRECTION('',(1.110223024625E-16,5.551115123126E-16,1.));
#6457 = DIRECTION('',(4.440892098501E-16,-1.,5.551115123126E-16));
#6458 = FACE_BOUND('',#6459,.F.);
#6459 = EDGE_LOOP('',(#6460));
#6460 = ORIENTED_EDGE('',*,*,#6461,.T.);
#6461 = EDGE_CURVE('',#6462,#6462,#6464,.T.);
#6462 = VERTEX_POINT('',#6463);
#6463 = CARTESIAN_POINT('',(1.25,-23.18,4.25));
#6464 = CIRCLE('',#6465,0.32);
#6465 = AXIS2_PLACEMENT_3D('',#6466,#6467,#6468);
#6466 = CARTESIAN_POINT('',(1.25,-22.86,4.25));
#6467 = DIRECTION('',(1.110223024625E-16,5.551115123126E-16,1.));
#6468 = DIRECTION('',(4.440892098501E-16,-1.,5.551115123126E-16));
#6469 = FACE_BOUND('',#6470,.F.);
#6470 = EDGE_LOOP('',(#6471));
#6471 = ORIENTED_EDGE('',*,*,#6472,.T.);
#6472 = EDGE_CURVE('',#6473,#6473,#6475,.T.);
#6473 = VERTEX_POINT('',#6474);
#6474 = CARTESIAN_POINT('',(1.25,22.54,4.25));
#6475 = CIRCLE('',#6476,0.32);
#6476 = AXIS2_PLACEMENT_3D('',#6477,#6478,#6479);
#6477 = CARTESIAN_POINT('',(1.25,22.86,4.25));
#6478 = DIRECTION('',(1.110223024625E-16,5.551115123126E-16,1.));
#6479 = DIRECTION('',(4.440892098501E-16,-1.,5.551115123126E-16));
#6480 = FACE_BOUND('',#6481,.F.);
#6481 = EDGE_LOOP('',(#6482));
#6482 = ORIENTED_EDGE('',*,*,#6483,.T.);
#6483 = EDGE_CURVE('',#6484,#6484,#6486,.T.);
#6484 = VERTEX_POINT('',#6485);
#6485 = CARTESIAN_POINT('',(1.25,20.,4.25));
#6486 = CIRCLE('',#6487,0.32);
#6487 = AXIS2_PLACEMENT_3D('',#6488,#6489,#6490);
#6488 = CARTESIAN_POINT('',(1.25,20.32,4.25));
#6489 = DIRECTION('',(1.110223024625E-16,5.551115123126E-16,1.));
#6490 = DIRECTION('',(4.440892098501E-16,-1.,5.551115123126E-16));
#6491 = FACE_BOUND('',#6492,.F.);
#6492 = EDGE_LOOP('',(#6493));
#6493 = ORIENTED_EDGE('',*,*,#6494,.T.);
#6494 = EDGE_CURVE('',#6495,#6495,#6497,.T.);
#6495 = VERTEX_POINT('',#6496);
#6496 = CARTESIAN_POINT('',(1.25,17.46,4.25));
#6497 = CIRCLE('',#6498,0.32);
#6498 = AXIS2_PLACEMENT_3D('',#6499,#6500,#6501);
#6499 = CARTESIAN_POINT('',(1.25,17.78,4.25));
#6500 = DIRECTION('',(1.110223024625E-16,5.551115123126E-16,1.));
#6501 = DIRECTION('',(4.440892098501E-16,-1.,5.551115123126E-16));
#6502 = FACE_BOUND('',#6503,.F.);
#6503 = EDGE_LOOP('',(#6504));
#6504 = ORIENTED_EDGE('',*,*,#6505,.T.);
#6505 = EDGE_CURVE('',#6506,#6506,#6508,.T.);
#6506 = VERTEX_POINT('',#6507);
#6507 = CARTESIAN_POINT('',(1.25,14.92,4.25));
#6508 = CIRCLE('',#6509,0.32);
#6509 = AXIS2_PLACEMENT_3D('',#6510,#6511,#6512);
#6510 = CARTESIAN_POINT('',(1.25,15.24,4.25));
#6511 = DIRECTION('',(1.110223024625E-16,5.551115123126E-16,1.));
#6512 = DIRECTION('',(4.440892098501E-16,-1.,5.551115123126E-16));
#6513 = FACE_BOUND('',#6514,.F.);
#6514 = EDGE_LOOP('',(#6515));
#6515 = ORIENTED_EDGE('',*,*,#6516,.T.);
#6516 = EDGE_CURVE('',#6517,#6517,#6519,.T.);
#6517 = VERTEX_POINT('',#6518);
#6518 = CARTESIAN_POINT('',(1.25,12.38,4.25));
#6519 = CIRCLE('',#6520,0.32);
#6520 = AXIS2_PLACEMENT_3D('',#6521,#6522,#6523);
#6521 = CARTESIAN_POINT('',(1.25,12.7,4.25));
#6522 = DIRECTION('',(1.110223024625E-16,5.551115123126E-16,1.));
#6523 = DIRECTION('',(4.440892098501E-16,-1.,5.551115123126E-16));
#6524 = FACE_BOUND('',#6525,.F.);
#6525 = EDGE_LOOP('',(#6526));
#6526 = ORIENTED_EDGE('',*,*,#6527,.T.);
#6527 = EDGE_CURVE('',#6528,#6528,#6530,.T.);
#6528 = VERTEX_POINT('',#6529);
#6529 = CARTESIAN_POINT('',(1.25,9.84,4.25));
#6530 = CIRCLE('',#6531,0.32);
#6531 = AXIS2_PLACEMENT_3D('',#6532,#6533,#6534);
#6532 = CARTESIAN_POINT('',(1.25,10.16,4.25));
#6533 = DIRECTION('',(1.110223024625E-16,5.551115123126E-16,1.));
#6534 = DIRECTION('',(4.440892098501E-16,-1.,5.551115123126E-16));
#6535 = FACE_BOUND('',#6536,.F.);
#6536 = EDGE_LOOP('',(#6537));
#6537 = ORIENTED_EDGE('',*,*,#6538,.T.);
#6538 = EDGE_CURVE('',#6539,#6539,#6541,.T.);
#6539 = VERTEX_POINT('',#6540);
#6540 = CARTESIAN_POINT('',(1.25,7.3,4.25));
#6541 = CIRCLE('',#6542,0.32);
#6542 = AXIS2_PLACEMENT_3D('',#6543,#6544,#6545);
#6543 = CARTESIAN_POINT('',(1.25,7.62,4.25));
#6544 = DIRECTION('',(1.110223024625E-16,5.551115123126E-16,1.));
#6545 = DIRECTION('',(4.440892098501E-16,-1.,5.551115123126E-16));
#6546 = FACE_BOUND('',#6547,.F.);
#6547 = EDGE_LOOP('',(#6548));
#6548 = ORIENTED_EDGE('',*,*,#6549,.T.);
#6549 = EDGE_CURVE('',#6550,#6550,#6552,.T.);
#6550 = VERTEX_POINT('',#6551);
#6551 = CARTESIAN_POINT('',(1.25,4.76,4.25));
#6552 = CIRCLE('',#6553,0.32);
#6553 = AXIS2_PLACEMENT_3D('',#6554,#6555,#6556);
#6554 = CARTESIAN_POINT('',(1.25,5.08,4.25));
#6555 = DIRECTION('',(1.110223024625E-16,5.551115123126E-16,1.));
#6556 = DIRECTION('',(4.440892098501E-16,-1.,5.551115123126E-16));
#6557 = FACE_BOUND('',#6558,.F.);
#6558 = EDGE_LOOP('',(#6559));
#6559 = ORIENTED_EDGE('',*,*,#6560,.T.);
#6560 = EDGE_CURVE('',#6561,#6561,#6563,.T.);
#6561 = VERTEX_POINT('',#6562);
#6562 = CARTESIAN_POINT('',(1.25,2.22,4.25));
#6563 = CIRCLE('',#6564,0.32);
#6564 = AXIS2_PLACEMENT_3D('',#6565,#6566,#6567);
#6565 = CARTESIAN_POINT('',(1.25,2.54,4.25));
#6566 = DIRECTION('',(1.110223024625E-16,5.551115123126E-16,1.));
#6567 = DIRECTION('',(4.440892098501E-16,-1.,5.551115123126E-16));
#6568 = FACE_BOUND('',#6569,.F.);
#6569 = EDGE_LOOP('',(#6570));
#6570 = ORIENTED_EDGE('',*,*,#6571,.T.);
#6571 = EDGE_CURVE('',#6572,#6572,#6574,.T.);
#6572 = VERTEX_POINT('',#6573);
#6573 = CARTESIAN_POINT('',(1.25,-0.32,4.25));
#6574 = CIRCLE('',#6575,0.32);
#6575 = AXIS2_PLACEMENT_3D('',#6576,#6577,#6578);
#6576 = CARTESIAN_POINT('',(1.25,-8.881784197001E-16,4.25));
#6577 = DIRECTION('',(1.110223024625E-16,5.551115123126E-16,1.));
#6578 = DIRECTION('',(4.440892098501E-16,-1.,5.551115123126E-16));
#6579 = FACE_BOUND('',#6580,.F.);
#6580 = EDGE_LOOP('',(#6581));
#6581 = ORIENTED_EDGE('',*,*,#6582,.T.);
#6582 = EDGE_CURVE('',#6583,#6583,#6585,.T.);
#6583 = VERTEX_POINT('',#6584);
#6584 = CARTESIAN_POINT('',(1.25,-2.86,4.25));
#6585 = CIRCLE('',#6586,0.32);
#6586 = AXIS2_PLACEMENT_3D('',#6587,#6588,#6589);
#6587 = CARTESIAN_POINT('',(1.25,-2.54,4.25));
#6588 = DIRECTION('',(1.110223024625E-16,5.551115123126E-16,1.));
#6589 = DIRECTION('',(4.440892098501E-16,-1.,5.551115123126E-16));
#6590 = FACE_BOUND('',#6591,.F.);
#6591 = EDGE_LOOP('',(#6592));
#6592 = ORIENTED_EDGE('',*,*,#6593,.T.);
#6593 = EDGE_CURVE('',#6594,#6594,#6596,.T.);
#6594 = VERTEX_POINT('',#6595);
#6595 = CARTESIAN_POINT('',(1.25,-5.4,4.25));
#6596 = CIRCLE('',#6597,0.32);
#6597 = AXIS2_PLACEMENT_3D('',#6598,#6599,#6600);
#6598 = CARTESIAN_POINT('',(1.25,-5.08,4.25));
#6599 = DIRECTION('',(1.110223024625E-16,5.551115123126E-16,1.));
#6600 = DIRECTION('',(4.440892098501E-16,-1.,5.551115123126E-16));
#6601 = FACE_BOUND('',#6602,.F.);
#6602 = EDGE_LOOP('',(#6603));
#6603 = ORIENTED_EDGE('',*,*,#6604,.T.);
#6604 = EDGE_CURVE('',#6605,#6605,#6607,.T.);
#6605 = VERTEX_POINT('',#6606);
#6606 = CARTESIAN_POINT('',(1.25,-7.94,4.25));
#6607 = CIRCLE('',#6608,0.32);
#6608 = AXIS2_PLACEMENT_3D('',#6609,#6610,#6611);
#6609 = CARTESIAN_POINT('',(1.25,-7.62,4.25));
#6610 = DIRECTION('',(1.110223024625E-16,5.551115123126E-16,1.));
#6611 = DIRECTION('',(4.440892098501E-16,-1.,5.551115123126E-16));
#6612 = FACE_BOUND('',#6613,.F.);
#6613 = EDGE_LOOP('',(#6614));
#6614 = ORIENTED_EDGE('',*,*,#6615,.T.);
#6615 = EDGE_CURVE('',#6616,#6616,#6618,.T.);
#6616 = VERTEX_POINT('',#6617);
#6617 = CARTESIAN_POINT('',(1.25,-10.48,4.25));
#6618 = CIRCLE('',#6619,0.32);
#6619 = AXIS2_PLACEMENT_3D('',#6620,#6621,#6622);
#6620 = CARTESIAN_POINT('',(1.25,-10.16,4.25));
#6621 = DIRECTION('',(1.110223024625E-16,5.551115123126E-16,1.));
#6622 = DIRECTION('',(4.440892098501E-16,-1.,5.551115123126E-16));
#6623 = PLANE('',#6624);
#6624 = AXIS2_PLACEMENT_3D('',#6625,#6626,#6627);
#6625 = CARTESIAN_POINT('',(-9.132694600567E-15,24.13,4.25));
#6626 = DIRECTION('',(6.661338147751E-16,-2.22044604925E-16,-1.));
#6627 = DIRECTION('',(2.22044604925E-16,-1.,8.881784197001E-16));
#6628 = ADVANCED_FACE('',(#6629),#6648,.F.);
#6629 = FACE_BOUND('',#6630,.F.);
#6630 = EDGE_LOOP('',(#6631,#6639,#6646,#6647));
#6631 = ORIENTED_EDGE('',*,*,#6632,.T.);
#6632 = EDGE_CURVE('',#6418,#6633,#6635,.T.);
#6633 = VERTEX_POINT('',#6634);
#6634 = CARTESIAN_POINT('',(1.25,-13.02,-1.75));
#6635 = LINE('',#6636,#6637);
#6636 = CARTESIAN_POINT('',(1.25,-13.02,4.25));
#6637 = VECTOR('',#6638,1.);
#6638 = DIRECTION('',(3.330669073875E-16,-1.110223024625E-16,-1.));
#6639 = ORIENTED_EDGE('',*,*,#6640,.T.);
#6640 = EDGE_CURVE('',#6633,#6633,#6641,.T.);
#6641 = CIRCLE('',#6642,0.32);
#6642 = AXIS2_PLACEMENT_3D('',#6643,#6644,#6645);
#6643 = CARTESIAN_POINT('',(1.25,-12.7,-1.75));
#6644 = DIRECTION('',(1.110223024625E-16,5.551115123126E-16,1.));
#6645 = DIRECTION('',(4.440892098501E-16,-1.,5.551115123126E-16));
#6646 = ORIENTED_EDGE('',*,*,#6632,.F.);
#6647 = ORIENTED_EDGE('',*,*,#6417,.F.);
#6648 = CYLINDRICAL_SURFACE('',#6649,0.32);
#6649 = AXIS2_PLACEMENT_3D('',#6650,#6651,#6652);
#6650 = CARTESIAN_POINT('',(1.25,-12.7,4.25));
#6651 = DIRECTION('',(-1.110223024625E-16,3.330669073875E-16,1.));
#6652 = DIRECTION('',(2.22044604925E-16,-1.,3.330669073875E-16));
#6653 = ADVANCED_FACE('',(#6654),#6673,.F.);
#6654 = FACE_BOUND('',#6655,.F.);
#6655 = EDGE_LOOP('',(#6656,#6664,#6671,#6672));
#6656 = ORIENTED_EDGE('',*,*,#6657,.T.);
#6657 = EDGE_CURVE('',#6429,#6658,#6660,.T.);
#6658 = VERTEX_POINT('',#6659);
#6659 = CARTESIAN_POINT('',(1.25,-15.56,-1.75));
#6660 = LINE('',#6661,#6662);
#6661 = CARTESIAN_POINT('',(1.25,-15.56,4.25));
#6662 = VECTOR('',#6663,1.);
#6663 = DIRECTION('',(3.330669073875E-16,-1.110223024625E-16,-1.));
#6664 = ORIENTED_EDGE('',*,*,#6665,.T.);
#6665 = EDGE_CURVE('',#6658,#6658,#6666,.T.);
#6666 = CIRCLE('',#6667,0.32);
#6667 = AXIS2_PLACEMENT_3D('',#6668,#6669,#6670);
#6668 = CARTESIAN_POINT('',(1.25,-15.24,-1.75));
#6669 = DIRECTION('',(1.110223024625E-16,5.551115123126E-16,1.));
#6670 = DIRECTION('',(4.440892098501E-16,-1.,5.551115123126E-16));
#6671 = ORIENTED_EDGE('',*,*,#6657,.F.);
#6672 = ORIENTED_EDGE('',*,*,#6428,.F.);
#6673 = CYLINDRICAL_SURFACE('',#6674,0.32);
#6674 = AXIS2_PLACEMENT_3D('',#6675,#6676,#6677);
#6675 = CARTESIAN_POINT('',(1.25,-15.24,4.25));
#6676 = DIRECTION('',(-1.110223024625E-16,3.330669073875E-16,1.));
#6677 = DIRECTION('',(2.22044604925E-16,-1.,3.330669073875E-16));
#6678 = ADVANCED_FACE('',(#6679),#6698,.F.);
#6679 = FACE_BOUND('',#6680,.F.);
#6680 = EDGE_LOOP('',(#6681,#6689,#6696,#6697));
#6681 = ORIENTED_EDGE('',*,*,#6682,.T.);
#6682 = EDGE_CURVE('',#6440,#6683,#6685,.T.);
#6683 = VERTEX_POINT('',#6684);
#6684 = CARTESIAN_POINT('',(1.25,-18.1,-1.75));
#6685 = LINE('',#6686,#6687);
#6686 = CARTESIAN_POINT('',(1.25,-18.1,4.25));
#6687 = VECTOR('',#6688,1.);
#6688 = DIRECTION('',(3.330669073875E-16,-1.110223024625E-16,-1.));
#6689 = ORIENTED_EDGE('',*,*,#6690,.T.);
#6690 = EDGE_CURVE('',#6683,#6683,#6691,.T.);
#6691 = CIRCLE('',#6692,0.32);
#6692 = AXIS2_PLACEMENT_3D('',#6693,#6694,#6695);
#6693 = CARTESIAN_POINT('',(1.25,-17.78,-1.75));
#6694 = DIRECTION('',(1.110223024625E-16,5.551115123126E-16,1.));
#6695 = DIRECTION('',(4.440892098501E-16,-1.,5.551115123126E-16));
#6696 = ORIENTED_EDGE('',*,*,#6682,.F.);
#6697 = ORIENTED_EDGE('',*,*,#6439,.F.);
#6698 = CYLINDRICAL_SURFACE('',#6699,0.32);
#6699 = AXIS2_PLACEMENT_3D('',#6700,#6701,#6702);
#6700 = CARTESIAN_POINT('',(1.25,-17.78,4.25));
#6701 = DIRECTION('',(-1.110223024625E-16,3.330669073875E-16,1.));
#6702 = DIRECTION('',(2.22044604925E-16,-1.,3.330669073875E-16));
#6703 = ADVANCED_FACE('',(#6704),#6723,.F.);
#6704 = FACE_BOUND('',#6705,.F.);
#6705 = EDGE_LOOP('',(#6706,#6714,#6721,#6722));
#6706 = ORIENTED_EDGE('',*,*,#6707,.T.);
#6707 = EDGE_CURVE('',#6451,#6708,#6710,.T.);
#6708 = VERTEX_POINT('',#6709);
#6709 = CARTESIAN_POINT('',(1.25,-20.64,-1.75));
#6710 = LINE('',#6711,#6712);
#6711 = CARTESIAN_POINT('',(1.25,-20.64,4.25));
#6712 = VECTOR('',#6713,1.);
#6713 = DIRECTION('',(3.330669073875E-16,-1.110223024625E-16,-1.));
#6714 = ORIENTED_EDGE('',*,*,#6715,.T.);
#6715 = EDGE_CURVE('',#6708,#6708,#6716,.T.);
#6716 = CIRCLE('',#6717,0.32);
#6717 = AXIS2_PLACEMENT_3D('',#6718,#6719,#6720);
#6718 = CARTESIAN_POINT('',(1.25,-20.32,-1.75));
#6719 = DIRECTION('',(1.110223024625E-16,5.551115123126E-16,1.));
#6720 = DIRECTION('',(4.440892098501E-16,-1.,5.551115123126E-16));
#6721 = ORIENTED_EDGE('',*,*,#6707,.F.);
#6722 = ORIENTED_EDGE('',*,*,#6450,.F.);
#6723 = CYLINDRICAL_SURFACE('',#6724,0.32);
#6724 = AXIS2_PLACEMENT_3D('',#6725,#6726,#6727);
#6725 = CARTESIAN_POINT('',(1.25,-20.32,4.25));
#6726 = DIRECTION('',(-1.110223024625E-16,3.330669073875E-16,1.));
#6727 = DIRECTION('',(2.22044604925E-16,-1.,3.330669073875E-16));
#6728 = ADVANCED_FACE('',(#6729),#6748,.F.);
#6729 = FACE_BOUND('',#6730,.F.);
#6730 = EDGE_LOOP('',(#6731,#6739,#6746,#6747));
#6731 = ORIENTED_EDGE('',*,*,#6732,.T.);
#6732 = EDGE_CURVE('',#6462,#6733,#6735,.T.);
#6733 = VERTEX_POINT('',#6734);
#6734 = CARTESIAN_POINT('',(1.25,-23.18,-1.75));
#6735 = LINE('',#6736,#6737);
#6736 = CARTESIAN_POINT('',(1.25,-23.18,4.25));
#6737 = VECTOR('',#6738,1.);
#6738 = DIRECTION('',(3.330669073875E-16,-1.110223024625E-16,-1.));
#6739 = ORIENTED_EDGE('',*,*,#6740,.T.);
#6740 = EDGE_CURVE('',#6733,#6733,#6741,.T.);
#6741 = CIRCLE('',#6742,0.32);
#6742 = AXIS2_PLACEMENT_3D('',#6743,#6744,#6745);
#6743 = CARTESIAN_POINT('',(1.25,-22.86,-1.75));
#6744 = DIRECTION('',(1.110223024625E-16,5.551115123126E-16,1.));
#6745 = DIRECTION('',(4.440892098501E-16,-1.,5.551115123126E-16));
#6746 = ORIENTED_EDGE('',*,*,#6732,.F.);
#6747 = ORIENTED_EDGE('',*,*,#6461,.F.);
#6748 = CYLINDRICAL_SURFACE('',#6749,0.32);
#6749 = AXIS2_PLACEMENT_3D('',#6750,#6751,#6752);
#6750 = CARTESIAN_POINT('',(1.25,-22.86,4.25));
#6751 = DIRECTION('',(-1.110223024625E-16,3.330669073875E-16,1.));
#6752 = DIRECTION('',(2.22044604925E-16,-1.,3.330669073875E-16));
#6753 = ADVANCED_FACE('',(#6754),#6773,.F.);
#6754 = FACE_BOUND('',#6755,.F.);
#6755 = EDGE_LOOP('',(#6756,#6764,#6771,#6772));
#6756 = ORIENTED_EDGE('',*,*,#6757,.T.);
#6757 = EDGE_CURVE('',#6473,#6758,#6760,.T.);
#6758 = VERTEX_POINT('',#6759);
#6759 = CARTESIAN_POINT('',(1.25,22.54,-1.75));
#6760 = LINE('',#6761,#6762);
#6761 = CARTESIAN_POINT('',(1.25,22.54,4.25));
#6762 = VECTOR('',#6763,1.);
#6763 = DIRECTION('',(3.330669073875E-16,-1.110223024625E-16,-1.));
#6764 = ORIENTED_EDGE('',*,*,#6765,.T.);
#6765 = EDGE_CURVE('',#6758,#6758,#6766,.T.);
#6766 = CIRCLE('',#6767,0.32);
#6767 = AXIS2_PLACEMENT_3D('',#6768,#6769,#6770);
#6768 = CARTESIAN_POINT('',(1.25,22.86,-1.75));
#6769 = DIRECTION('',(1.110223024625E-16,5.551115123126E-16,1.));
#6770 = DIRECTION('',(4.440892098501E-16,-1.,5.551115123126E-16));
#6771 = ORIENTED_EDGE('',*,*,#6757,.F.);
#6772 = ORIENTED_EDGE('',*,*,#6472,.F.);
#6773 = CYLINDRICAL_SURFACE('',#6774,0.32);
#6774 = AXIS2_PLACEMENT_3D('',#6775,#6776,#6777);
#6775 = CARTESIAN_POINT('',(1.25,22.86,4.25));
#6776 = DIRECTION('',(-1.110223024625E-16,3.330669073875E-16,1.));
#6777 = DIRECTION('',(2.22044604925E-16,-1.,3.330669073875E-16));
#6778 = ADVANCED_FACE('',(#6779),#6798,.F.);
#6779 = FACE_BOUND('',#6780,.F.);
#6780 = EDGE_LOOP('',(#6781,#6789,#6796,#6797));
#6781 = ORIENTED_EDGE('',*,*,#6782,.T.);
#6782 = EDGE_CURVE('',#6484,#6783,#6785,.T.);
#6783 = VERTEX_POINT('',#6784);
#6784 = CARTESIAN_POINT('',(1.25,20.,-1.75));
#6785 = LINE('',#6786,#6787);
#6786 = CARTESIAN_POINT('',(1.25,20.,4.25));
#6787 = VECTOR('',#6788,1.);
#6788 = DIRECTION('',(3.330669073875E-16,-1.110223024625E-16,-1.));
#6789 = ORIENTED_EDGE('',*,*,#6790,.T.);
#6790 = EDGE_CURVE('',#6783,#6783,#6791,.T.);
#6791 = CIRCLE('',#6792,0.32);
#6792 = AXIS2_PLACEMENT_3D('',#6793,#6794,#6795);
#6793 = CARTESIAN_POINT('',(1.25,20.32,-1.75));
#6794 = DIRECTION('',(1.110223024625E-16,5.551115123126E-16,1.));
#6795 = DIRECTION('',(4.440892098501E-16,-1.,5.551115123126E-16));
#6796 = ORIENTED_EDGE('',*,*,#6782,.F.);
#6797 = ORIENTED_EDGE('',*,*,#6483,.F.);
#6798 = CYLINDRICAL_SURFACE('',#6799,0.32);
#6799 = AXIS2_PLACEMENT_3D('',#6800,#6801,#6802);
#6800 = CARTESIAN_POINT('',(1.25,20.32,4.25));
#6801 = DIRECTION('',(-1.110223024625E-16,3.330669073875E-16,1.));
#6802 = DIRECTION('',(2.22044604925E-16,-1.,3.330669073875E-16));
#6803 = ADVANCED_FACE('',(#6804),#6823,.F.);
#6804 = FACE_BOUND('',#6805,.F.);
#6805 = EDGE_LOOP('',(#6806,#6814,#6821,#6822));
#6806 = ORIENTED_EDGE('',*,*,#6807,.T.);
#6807 = EDGE_CURVE('',#6495,#6808,#6810,.T.);
#6808 = VERTEX_POINT('',#6809);
#6809 = CARTESIAN_POINT('',(1.25,17.46,-1.75));
#6810 = LINE('',#6811,#6812);
#6811 = CARTESIAN_POINT('',(1.25,17.46,4.25));
#6812 = VECTOR('',#6813,1.);
#6813 = DIRECTION('',(3.330669073875E-16,-1.110223024625E-16,-1.));
#6814 = ORIENTED_EDGE('',*,*,#6815,.T.);
#6815 = EDGE_CURVE('',#6808,#6808,#6816,.T.);
#6816 = CIRCLE('',#6817,0.32);
#6817 = AXIS2_PLACEMENT_3D('',#6818,#6819,#6820);
#6818 = CARTESIAN_POINT('',(1.25,17.78,-1.75));
#6819 = DIRECTION('',(1.110223024625E-16,5.551115123126E-16,1.));
#6820 = DIRECTION('',(4.440892098501E-16,-1.,5.551115123126E-16));
#6821 = ORIENTED_EDGE('',*,*,#6807,.F.);
#6822 = ORIENTED_EDGE('',*,*,#6494,.F.);
#6823 = CYLINDRICAL_SURFACE('',#6824,0.32);
#6824 = AXIS2_PLACEMENT_3D('',#6825,#6826,#6827);
#6825 = CARTESIAN_POINT('',(1.25,17.78,4.25));
#6826 = DIRECTION('',(-1.110223024625E-16,3.330669073875E-16,1.));
#6827 = DIRECTION('',(2.22044604925E-16,-1.,3.330669073875E-16));
#6828 = ADVANCED_FACE('',(#6829),#6848,.F.);
#6829 = FACE_BOUND('',#6830,.F.);
#6830 = EDGE_LOOP('',(#6831,#6839,#6846,#6847));
#6831 = ORIENTED_EDGE('',*,*,#6832,.T.);
#6832 = EDGE_CURVE('',#6506,#6833,#6835,.T.);
#6833 = VERTEX_POINT('',#6834);
#6834 = CARTESIAN_POINT('',(1.25,14.92,-1.75));
#6835 = LINE('',#6836,#6837);
#6836 = CARTESIAN_POINT('',(1.25,14.92,4.25));
#6837 = VECTOR('',#6838,1.);
#6838 = DIRECTION('',(3.330669073875E-16,-1.110223024625E-16,-1.));
#6839 = ORIENTED_EDGE('',*,*,#6840,.T.);
#6840 = EDGE_CURVE('',#6833,#6833,#6841,.T.);
#6841 = CIRCLE('',#6842,0.32);
#6842 = AXIS2_PLACEMENT_3D('',#6843,#6844,#6845);
#6843 = CARTESIAN_POINT('',(1.25,15.24,-1.75));
#6844 = DIRECTION('',(1.110223024625E-16,5.551115123126E-16,1.));
#6845 = DIRECTION('',(4.440892098501E-16,-1.,5.551115123126E-16));
#6846 = ORIENTED_EDGE('',*,*,#6832,.F.);
#6847 = ORIENTED_EDGE('',*,*,#6505,.F.);
#6848 = CYLINDRICAL_SURFACE('',#6849,0.32);
#6849 = AXIS2_PLACEMENT_3D('',#6850,#6851,#6852);
#6850 = CARTESIAN_POINT('',(1.25,15.24,4.25));
#6851 = DIRECTION('',(-1.110223024625E-16,3.330669073875E-16,1.));
#6852 = DIRECTION('',(2.22044604925E-16,-1.,3.330669073875E-16));
#6853 = ADVANCED_FACE('',(#6854),#6873,.F.);
#6854 = FACE_BOUND('',#6855,.F.);
#6855 = EDGE_LOOP('',(#6856,#6864,#6871,#6872));
#6856 = ORIENTED_EDGE('',*,*,#6857,.T.);
#6857 = EDGE_CURVE('',#6517,#6858,#6860,.T.);
#6858 = VERTEX_POINT('',#6859);
#6859 = CARTESIAN_POINT('',(1.25,12.38,-1.75));
#6860 = LINE('',#6861,#6862);
#6861 = CARTESIAN_POINT('',(1.25,12.38,4.25));
#6862 = VECTOR('',#6863,1.);
#6863 = DIRECTION('',(3.330669073875E-16,-1.110223024625E-16,-1.));
#6864 = ORIENTED_EDGE('',*,*,#6865,.T.);
#6865 = EDGE_CURVE('',#6858,#6858,#6866,.T.);
#6866 = CIRCLE('',#6867,0.32);
#6867 = AXIS2_PLACEMENT_3D('',#6868,#6869,#6870);
#6868 = CARTESIAN_POINT('',(1.25,12.7,-1.75));
#6869 = DIRECTION('',(1.110223024625E-16,5.551115123126E-16,1.));
#6870 = DIRECTION('',(4.440892098501E-16,-1.,5.551115123126E-16));
#6871 = ORIENTED_EDGE('',*,*,#6857,.F.);
#6872 = ORIENTED_EDGE('',*,*,#6516,.F.);
#6873 = CYLINDRICAL_SURFACE('',#6874,0.32);
#6874 = AXIS2_PLACEMENT_3D('',#6875,#6876,#6877);
#6875 = CARTESIAN_POINT('',(1.25,12.7,4.25));
#6876 = DIRECTION('',(-1.110223024625E-16,3.330669073875E-16,1.));
#6877 = DIRECTION('',(2.22044604925E-16,-1.,3.330669073875E-16));
#6878 = ADVANCED_FACE('',(#6879),#6898,.F.);
#6879 = FACE_BOUND('',#6880,.F.);
#6880 = EDGE_LOOP('',(#6881,#6889,#6896,#6897));
#6881 = ORIENTED_EDGE('',*,*,#6882,.T.);
#6882 = EDGE_CURVE('',#6528,#6883,#6885,.T.);
#6883 = VERTEX_POINT('',#6884);
#6884 = CARTESIAN_POINT('',(1.25,9.84,-1.75));
#6885 = LINE('',#6886,#6887);
#6886 = CARTESIAN_POINT('',(1.25,9.84,4.25));
#6887 = VECTOR('',#6888,1.);
#6888 = DIRECTION('',(3.330669073875E-16,-1.110223024625E-16,-1.));
#6889 = ORIENTED_EDGE('',*,*,#6890,.T.);
#6890 = EDGE_CURVE('',#6883,#6883,#6891,.T.);
#6891 = CIRCLE('',#6892,0.32);
#6892 = AXIS2_PLACEMENT_3D('',#6893,#6894,#6895);
#6893 = CARTESIAN_POINT('',(1.25,10.16,-1.75));
#6894 = DIRECTION('',(1.110223024625E-16,5.551115123126E-16,1.));
#6895 = DIRECTION('',(4.440892098501E-16,-1.,5.551115123126E-16));
#6896 = ORIENTED_EDGE('',*,*,#6882,.F.);
#6897 = ORIENTED_EDGE('',*,*,#6527,.F.);
#6898 = CYLINDRICAL_SURFACE('',#6899,0.32);
#6899 = AXIS2_PLACEMENT_3D('',#6900,#6901,#6902);
#6900 = CARTESIAN_POINT('',(1.25,10.16,4.25));
#6901 = DIRECTION('',(-1.110223024625E-16,3.330669073875E-16,1.));
#6902 = DIRECTION('',(2.22044604925E-16,-1.,3.330669073875E-16));
#6903 = ADVANCED_FACE('',(#6904),#6923,.F.);
#6904 = FACE_BOUND('',#6905,.F.);
#6905 = EDGE_LOOP('',(#6906,#6914,#6921,#6922));
#6906 = ORIENTED_EDGE('',*,*,#6907,.T.);
#6907 = EDGE_CURVE('',#6539,#6908,#6910,.T.);
#6908 = VERTEX_POINT('',#6909);
#6909 = CARTESIAN_POINT('',(1.25,7.3,-1.75));
#6910 = LINE('',#6911,#6912);
#6911 = CARTESIAN_POINT('',(1.25,7.3,4.25));
#6912 = VECTOR('',#6913,1.);
#6913 = DIRECTION('',(3.330669073875E-16,-1.110223024625E-16,-1.));
#6914 = ORIENTED_EDGE('',*,*,#6915,.T.);
#6915 = EDGE_CURVE('',#6908,#6908,#6916,.T.);
#6916 = CIRCLE('',#6917,0.32);
#6917 = AXIS2_PLACEMENT_3D('',#6918,#6919,#6920);
#6918 = CARTESIAN_POINT('',(1.25,7.62,-1.75));
#6919 = DIRECTION('',(1.110223024625E-16,5.551115123126E-16,1.));
#6920 = DIRECTION('',(4.440892098501E-16,-1.,5.551115123126E-16));
#6921 = ORIENTED_EDGE('',*,*,#6907,.F.);
#6922 = ORIENTED_EDGE('',*,*,#6538,.F.);
#6923 = CYLINDRICAL_SURFACE('',#6924,0.32);
#6924 = AXIS2_PLACEMENT_3D('',#6925,#6926,#6927);
#6925 = CARTESIAN_POINT('',(1.25,7.62,4.25));
#6926 = DIRECTION('',(-1.110223024625E-16,3.330669073875E-16,1.));
#6927 = DIRECTION('',(2.22044604925E-16,-1.,3.330669073875E-16));
#6928 = ADVANCED_FACE('',(#6929),#6948,.F.);
#6929 = FACE_BOUND('',#6930,.F.);
#6930 = EDGE_LOOP('',(#6931,#6939,#6946,#6947));
#6931 = ORIENTED_EDGE('',*,*,#6932,.T.);
#6932 = EDGE_CURVE('',#6550,#6933,#6935,.T.);
#6933 = VERTEX_POINT('',#6934);
#6934 = CARTESIAN_POINT('',(1.25,4.76,-1.75));
#6935 = LINE('',#6936,#6937);
#6936 = CARTESIAN_POINT('',(1.25,4.76,4.25));
#6937 = VECTOR('',#6938,1.);
#6938 = DIRECTION('',(3.330669073875E-16,-1.110223024625E-16,-1.));
#6939 = ORIENTED_EDGE('',*,*,#6940,.T.);
#6940 = EDGE_CURVE('',#6933,#6933,#6941,.T.);
#6941 = CIRCLE('',#6942,0.32);
#6942 = AXIS2_PLACEMENT_3D('',#6943,#6944,#6945);
#6943 = CARTESIAN_POINT('',(1.25,5.08,-1.75));
#6944 = DIRECTION('',(1.110223024625E-16,5.551115123126E-16,1.));
#6945 = DIRECTION('',(4.440892098501E-16,-1.,5.551115123126E-16));
#6946 = ORIENTED_EDGE('',*,*,#6932,.F.);
#6947 = ORIENTED_EDGE('',*,*,#6549,.F.);
#6948 = CYLINDRICAL_SURFACE('',#6949,0.32);
#6949 = AXIS2_PLACEMENT_3D('',#6950,#6951,#6952);
#6950 = CARTESIAN_POINT('',(1.25,5.08,4.25));
#6951 = DIRECTION('',(-1.110223024625E-16,3.330669073875E-16,1.));
#6952 = DIRECTION('',(2.22044604925E-16,-1.,3.330669073875E-16));
#6953 = ADVANCED_FACE('',(#6954),#6973,.F.);
#6954 = FACE_BOUND('',#6955,.F.);
#6955 = EDGE_LOOP('',(#6956,#6964,#6971,#6972));
#6956 = ORIENTED_EDGE('',*,*,#6957,.T.);
#6957 = EDGE_CURVE('',#6561,#6958,#6960,.T.);
#6958 = VERTEX_POINT('',#6959);
#6959 = CARTESIAN_POINT('',(1.25,2.22,-1.75));
#6960 = LINE('',#6961,#6962);
#6961 = CARTESIAN_POINT('',(1.25,2.22,4.25));
#6962 = VECTOR('',#6963,1.);
#6963 = DIRECTION('',(3.330669073875E-16,-1.110223024625E-16,-1.));
#6964 = ORIENTED_EDGE('',*,*,#6965,.T.);
#6965 = EDGE_CURVE('',#6958,#6958,#6966,.T.);
#6966 = CIRCLE('',#6967,0.32);
#6967 = AXIS2_PLACEMENT_3D('',#6968,#6969,#6970);
#6968 = CARTESIAN_POINT('',(1.25,2.54,-1.75));
#6969 = DIRECTION('',(1.110223024625E-16,5.551115123126E-16,1.));
#6970 = DIRECTION('',(4.440892098501E-16,-1.,5.551115123126E-16));
#6971 = ORIENTED_EDGE('',*,*,#6957,.F.);
#6972 = ORIENTED_EDGE('',*,*,#6560,.F.);
#6973 = CYLINDRICAL_SURFACE('',#6974,0.32);
#6974 = AXIS2_PLACEMENT_3D('',#6975,#6976,#6977);
#6975 = CARTESIAN_POINT('',(1.25,2.54,4.25));
#6976 = DIRECTION('',(-1.110223024625E-16,3.330669073875E-16,1.));
#6977 = DIRECTION('',(2.22044604925E-16,-1.,3.330669073875E-16));
#6978 = ADVANCED_FACE('',(#6979),#6998,.F.);
#6979 = FACE_BOUND('',#6980,.F.);
#6980 = EDGE_LOOP('',(#6981,#6989,#6996,#6997));
#6981 = ORIENTED_EDGE('',*,*,#6982,.T.);
#6982 = EDGE_CURVE('',#6572,#6983,#6985,.T.);
#6983 = VERTEX_POINT('',#6984);
#6984 = CARTESIAN_POINT('',(1.25,-0.32,-1.75));
#6985 = LINE('',#6986,#6987);
#6986 = CARTESIAN_POINT('',(1.25,-0.32,4.25));
#6987 = VECTOR('',#6988,1.);
#6988 = DIRECTION('',(3.330669073875E-16,-1.110223024625E-16,-1.));
#6989 = ORIENTED_EDGE('',*,*,#6990,.T.);
#6990 = EDGE_CURVE('',#6983,#6983,#6991,.T.);
#6991 = CIRCLE('',#6992,0.32);
#6992 = AXIS2_PLACEMENT_3D('',#6993,#6994,#6995);
#6993 = CARTESIAN_POINT('',(1.25,2.22044604925E-15,-1.75));
#6994 = DIRECTION('',(1.110223024625E-16,5.551115123126E-16,1.));
#6995 = DIRECTION('',(4.440892098501E-16,-1.,5.551115123126E-16));
#6996 = ORIENTED_EDGE('',*,*,#6982,.F.);
#6997 = ORIENTED_EDGE('',*,*,#6571,.F.);
#6998 = CYLINDRICAL_SURFACE('',#6999,0.32);
#6999 = AXIS2_PLACEMENT_3D('',#7000,#7001,#7002);
#7000 = CARTESIAN_POINT('',(1.25,1.887379141863E-15,4.25));
#7001 = DIRECTION('',(-1.110223024625E-16,3.330669073875E-16,1.));
#7002 = DIRECTION('',(2.22044604925E-16,-1.,3.330669073875E-16));
#7003 = ADVANCED_FACE('',(#7004),#7023,.F.);
#7004 = FACE_BOUND('',#7005,.F.);
#7005 = EDGE_LOOP('',(#7006,#7014,#7021,#7022));
#7006 = ORIENTED_EDGE('',*,*,#7007,.T.);
#7007 = EDGE_CURVE('',#6583,#7008,#7010,.T.);
#7008 = VERTEX_POINT('',#7009);
#7009 = CARTESIAN_POINT('',(1.25,-2.86,-1.75));
#7010 = LINE('',#7011,#7012);
#7011 = CARTESIAN_POINT('',(1.25,-2.86,4.25));
#7012 = VECTOR('',#7013,1.);
#7013 = DIRECTION('',(3.330669073875E-16,-1.110223024625E-16,-1.));
#7014 = ORIENTED_EDGE('',*,*,#7015,.T.);
#7015 = EDGE_CURVE('',#7008,#7008,#7016,.T.);
#7016 = CIRCLE('',#7017,0.32);
#7017 = AXIS2_PLACEMENT_3D('',#7018,#7019,#7020);
#7018 = CARTESIAN_POINT('',(1.25,-2.54,-1.75));
#7019 = DIRECTION('',(1.110223024625E-16,5.551115123126E-16,1.));
#7020 = DIRECTION('',(4.440892098501E-16,-1.,5.551115123126E-16));
#7021 = ORIENTED_EDGE('',*,*,#7007,.F.);
#7022 = ORIENTED_EDGE('',*,*,#6582,.F.);
#7023 = CYLINDRICAL_SURFACE('',#7024,0.32);
#7024 = AXIS2_PLACEMENT_3D('',#7025,#7026,#7027);
#7025 = CARTESIAN_POINT('',(1.25,-2.54,4.25));
#7026 = DIRECTION('',(-1.110223024625E-16,3.330669073875E-16,1.));
#7027 = DIRECTION('',(2.22044604925E-16,-1.,3.330669073875E-16));
#7028 = ADVANCED_FACE('',(#7029),#7048,.F.);
#7029 = FACE_BOUND('',#7030,.F.);
#7030 = EDGE_LOOP('',(#7031,#7039,#7046,#7047));
#7031 = ORIENTED_EDGE('',*,*,#7032,.T.);
#7032 = EDGE_CURVE('',#6594,#7033,#7035,.T.);
#7033 = VERTEX_POINT('',#7034);
#7034 = CARTESIAN_POINT('',(1.25,-5.4,-1.75));
#7035 = LINE('',#7036,#7037);
#7036 = CARTESIAN_POINT('',(1.25,-5.4,4.25));
#7037 = VECTOR('',#7038,1.);
#7038 = DIRECTION('',(3.330669073875E-16,-1.110223024625E-16,-1.));
#7039 = ORIENTED_EDGE('',*,*,#7040,.T.);
#7040 = EDGE_CURVE('',#7033,#7033,#7041,.T.);
#7041 = CIRCLE('',#7042,0.32);
#7042 = AXIS2_PLACEMENT_3D('',#7043,#7044,#7045);
#7043 = CARTESIAN_POINT('',(1.25,-5.08,-1.75));
#7044 = DIRECTION('',(1.110223024625E-16,5.551115123126E-16,1.));
#7045 = DIRECTION('',(4.440892098501E-16,-1.,5.551115123126E-16));
#7046 = ORIENTED_EDGE('',*,*,#7032,.F.);
#7047 = ORIENTED_EDGE('',*,*,#6593,.F.);
#7048 = CYLINDRICAL_SURFACE('',#7049,0.32);
#7049 = AXIS2_PLACEMENT_3D('',#7050,#7051,#7052);
#7050 = CARTESIAN_POINT('',(1.25,-5.08,4.25));
#7051 = DIRECTION('',(-1.110223024625E-16,3.330669073875E-16,1.));
#7052 = DIRECTION('',(2.22044604925E-16,-1.,3.330669073875E-16));
#7053 = ADVANCED_FACE('',(#7054),#7073,.F.);
#7054 = FACE_BOUND('',#7055,.F.);
#7055 = EDGE_LOOP('',(#7056,#7064,#7071,#7072));
#7056 = ORIENTED_EDGE('',*,*,#7057,.T.);
#7057 = EDGE_CURVE('',#6605,#7058,#7060,.T.);
#7058 = VERTEX_POINT('',#7059);
#7059 = CARTESIAN_POINT('',(1.25,-7.94,-1.75));
#7060 = LINE('',#7061,#7062);
#7061 = CARTESIAN_POINT('',(1.25,-7.94,4.25));
#7062 = VECTOR('',#7063,1.);
#7063 = DIRECTION('',(3.330669073875E-16,-1.110223024625E-16,-1.));
#7064 = ORIENTED_EDGE('',*,*,#7065,.T.);
#7065 = EDGE_CURVE('',#7058,#7058,#7066,.T.);
#7066 = CIRCLE('',#7067,0.32);
#7067 = AXIS2_PLACEMENT_3D('',#7068,#7069,#7070);
#7068 = CARTESIAN_POINT('',(1.25,-7.62,-1.75));
#7069 = DIRECTION('',(1.110223024625E-16,5.551115123126E-16,1.));
#7070 = DIRECTION('',(4.440892098501E-16,-1.,5.551115123126E-16));
#7071 = ORIENTED_EDGE('',*,*,#7057,.F.);
#7072 = ORIENTED_EDGE('',*,*,#6604,.F.);
#7073 = CYLINDRICAL_SURFACE('',#7074,0.32);
#7074 = AXIS2_PLACEMENT_3D('',#7075,#7076,#7077);
#7075 = CARTESIAN_POINT('',(1.25,-7.62,4.25));
#7076 = DIRECTION('',(-1.110223024625E-16,3.330669073875E-16,1.));
#7077 = DIRECTION('',(2.22044604925E-16,-1.,3.330669073875E-16));
#7078 = ADVANCED_FACE('',(#7079),#7098,.F.);
#7079 = FACE_BOUND('',#7080,.F.);
#7080 = EDGE_LOOP('',(#7081,#7089,#7096,#7097));
#7081 = ORIENTED_EDGE('',*,*,#7082,.T.);
#7082 = EDGE_CURVE('',#6616,#7083,#7085,.T.);
#7083 = VERTEX_POINT('',#7084);
#7084 = CARTESIAN_POINT('',(1.25,-10.48,-1.75));
#7085 = LINE('',#7086,#7087);
#7086 = CARTESIAN_POINT('',(1.25,-10.48,4.25));
#7087 = VECTOR('',#7088,1.);
#7088 = DIRECTION('',(3.330669073875E-16,-1.110223024625E-16,-1.));
#7089 = ORIENTED_EDGE('',*,*,#7090,.T.);
#7090 = EDGE_CURVE('',#7083,#7083,#7091,.T.);
#7091 = CIRCLE('',#7092,0.32);
#7092 = AXIS2_PLACEMENT_3D('',#7093,#7094,#7095);
#7093 = CARTESIAN_POINT('',(1.25,-10.16,-1.75));
#7094 = DIRECTION('',(1.110223024625E-16,5.551115123126E-16,1.));
#7095 = DIRECTION('',(4.440892098501E-16,-1.,5.551115123126E-16));
#7096 = ORIENTED_EDGE('',*,*,#7082,.F.);
#7097 = ORIENTED_EDGE('',*,*,#6615,.F.);
#7098 = CYLINDRICAL_SURFACE('',#7099,0.32);
#7099 = AXIS2_PLACEMENT_3D('',#7100,#7101,#7102);
#7100 = CARTESIAN_POINT('',(1.25,-10.16,4.25));
#7101 = DIRECTION('',(-1.110223024625E-16,3.330669073875E-16,1.));
#7102 = DIRECTION('',(2.22044604925E-16,-1.,3.330669073875E-16));
#7103 = ADVANCED_FACE('',(#7104),#7107,.T.);
#7104 = FACE_BOUND('',#7105,.T.);
#7105 = EDGE_LOOP('',(#7106));
#7106 = ORIENTED_EDGE('',*,*,#6640,.T.);
#7107 = PLANE('',#7108);
#7108 = AXIS2_PLACEMENT_3D('',#7109,#7110,#7111);
#7109 = CARTESIAN_POINT('',(1.25,5.329070518201E-15,-1.75));
#7110 = DIRECTION('',(-5.551115123126E-16,-1.110223024625E-16,1.));
#7111 = DIRECTION('',(1.,-4.440892098501E-16,-1.110223024625E-16));
#7112 = ADVANCED_FACE('',(#7113),#7116,.T.);
#7113 = FACE_BOUND('',#7114,.T.);
#7114 = EDGE_LOOP('',(#7115));
#7115 = ORIENTED_EDGE('',*,*,#6665,.T.);
#7116 = PLANE('',#7117);
#7117 = AXIS2_PLACEMENT_3D('',#7118,#7119,#7120);
#7118 = CARTESIAN_POINT('',(1.25,5.329070518201E-15,-1.75));
#7119 = DIRECTION('',(-5.551115123126E-16,-1.110223024625E-16,1.));
#7120 = DIRECTION('',(1.,-4.440892098501E-16,-1.110223024625E-16));
#7121 = ADVANCED_FACE('',(#7122),#7125,.T.);
#7122 = FACE_BOUND('',#7123,.T.);
#7123 = EDGE_LOOP('',(#7124));
#7124 = ORIENTED_EDGE('',*,*,#6690,.T.);
#7125 = PLANE('',#7126);
#7126 = AXIS2_PLACEMENT_3D('',#7127,#7128,#7129);
#7127 = CARTESIAN_POINT('',(1.25,5.329070518201E-15,-1.75));
#7128 = DIRECTION('',(-5.551115123126E-16,-1.110223024625E-16,1.));
#7129 = DIRECTION('',(1.,-4.440892098501E-16,-1.110223024625E-16));
#7130 = ADVANCED_FACE('',(#7131),#7134,.T.);
#7131 = FACE_BOUND('',#7132,.T.);
#7132 = EDGE_LOOP('',(#7133));
#7133 = ORIENTED_EDGE('',*,*,#6715,.T.);
#7134 = PLANE('',#7135);
#7135 = AXIS2_PLACEMENT_3D('',#7136,#7137,#7138);
#7136 = CARTESIAN_POINT('',(1.25,5.329070518201E-15,-1.75));
#7137 = DIRECTION('',(-5.551115123126E-16,-1.110223024625E-16,1.));
#7138 = DIRECTION('',(1.,-4.440892098501E-16,-1.110223024625E-16));
#7139 = ADVANCED_FACE('',(#7140),#7143,.T.);
#7140 = FACE_BOUND('',#7141,.T.);
#7141 = EDGE_LOOP('',(#7142));
#7142 = ORIENTED_EDGE('',*,*,#6740,.T.);
#7143 = PLANE('',#7144);
#7144 = AXIS2_PLACEMENT_3D('',#7145,#7146,#7147);
#7145 = CARTESIAN_POINT('',(1.25,5.329070518201E-15,-1.75));
#7146 = DIRECTION('',(-5.551115123126E-16,-1.110223024625E-16,1.));
#7147 = DIRECTION('',(1.,-4.440892098501E-16,-1.110223024625E-16));
#7148 = ADVANCED_FACE('',(#7149),#7152,.T.);
#7149 = FACE_BOUND('',#7150,.T.);
#7150 = EDGE_LOOP('',(#7151));
#7151 = ORIENTED_EDGE('',*,*,#6765,.T.);
#7152 = PLANE('',#7153);
#7153 = AXIS2_PLACEMENT_3D('',#7154,#7155,#7156);
#7154 = CARTESIAN_POINT('',(1.25,5.329070518201E-15,-1.75));
#7155 = DIRECTION('',(-5.551115123126E-16,-1.110223024625E-16,1.));
#7156 = DIRECTION('',(1.,-4.440892098501E-16,-1.110223024625E-16));
#7157 = ADVANCED_FACE('',(#7158),#7161,.T.);
#7158 = FACE_BOUND('',#7159,.T.);
#7159 = EDGE_LOOP('',(#7160));
#7160 = ORIENTED_EDGE('',*,*,#6790,.T.);
#7161 = PLANE('',#7162);
#7162 = AXIS2_PLACEMENT_3D('',#7163,#7164,#7165);
#7163 = CARTESIAN_POINT('',(1.25,5.329070518201E-15,-1.75));
#7164 = DIRECTION('',(-5.551115123126E-16,-1.110223024625E-16,1.));
#7165 = DIRECTION('',(1.,-4.440892098501E-16,-1.110223024625E-16));
#7166 = ADVANCED_FACE('',(#7167),#7170,.T.);
#7167 = FACE_BOUND('',#7168,.T.);
#7168 = EDGE_LOOP('',(#7169));
#7169 = ORIENTED_EDGE('',*,*,#6815,.T.);
#7170 = PLANE('',#7171);
#7171 = AXIS2_PLACEMENT_3D('',#7172,#7173,#7174);
#7172 = CARTESIAN_POINT('',(1.25,5.329070518201E-15,-1.75));
#7173 = DIRECTION('',(-5.551115123126E-16,-1.110223024625E-16,1.));
#7174 = DIRECTION('',(1.,-4.440892098501E-16,-1.110223024625E-16));
#7175 = ADVANCED_FACE('',(#7176),#7179,.T.);
#7176 = FACE_BOUND('',#7177,.T.);
#7177 = EDGE_LOOP('',(#7178));
#7178 = ORIENTED_EDGE('',*,*,#6840,.T.);
#7179 = PLANE('',#7180);
#7180 = AXIS2_PLACEMENT_3D('',#7181,#7182,#7183);
#7181 = CARTESIAN_POINT('',(1.25,5.329070518201E-15,-1.75));
#7182 = DIRECTION('',(-5.551115123126E-16,-1.110223024625E-16,1.));
#7183 = DIRECTION('',(1.,-4.440892098501E-16,-1.110223024625E-16));
#7184 = ADVANCED_FACE('',(#7185),#7188,.T.);
#7185 = FACE_BOUND('',#7186,.T.);
#7186 = EDGE_LOOP('',(#7187));
#7187 = ORIENTED_EDGE('',*,*,#6865,.T.);
#7188 = PLANE('',#7189);
#7189 = AXIS2_PLACEMENT_3D('',#7190,#7191,#7192);
#7190 = CARTESIAN_POINT('',(1.25,5.329070518201E-15,-1.75));
#7191 = DIRECTION('',(-5.551115123126E-16,-1.110223024625E-16,1.));
#7192 = DIRECTION('',(1.,-4.440892098501E-16,-1.110223024625E-16));
#7193 = ADVANCED_FACE('',(#7194),#7197,.T.);
#7194 = FACE_BOUND('',#7195,.T.);
#7195 = EDGE_LOOP('',(#7196));
#7196 = ORIENTED_EDGE('',*,*,#6890,.T.);
#7197 = PLANE('',#7198);
#7198 = AXIS2_PLACEMENT_3D('',#7199,#7200,#7201);
#7199 = CARTESIAN_POINT('',(1.25,5.329070518201E-15,-1.75));
#7200 = DIRECTION('',(-5.551115123126E-16,-1.110223024625E-16,1.));
#7201 = DIRECTION('',(1.,-4.440892098501E-16,-1.110223024625E-16));
#7202 = ADVANCED_FACE('',(#7203),#7206,.T.);
#7203 = FACE_BOUND('',#7204,.T.);
#7204 = EDGE_LOOP('',(#7205));
#7205 = ORIENTED_EDGE('',*,*,#6915,.T.);
#7206 = PLANE('',#7207);
#7207 = AXIS2_PLACEMENT_3D('',#7208,#7209,#7210);
#7208 = CARTESIAN_POINT('',(1.25,5.329070518201E-15,-1.75));
#7209 = DIRECTION('',(-5.551115123126E-16,-1.110223024625E-16,1.));
#7210 = DIRECTION('',(1.,-4.440892098501E-16,-1.110223024625E-16));
#7211 = ADVANCED_FACE('',(#7212),#7215,.T.);
#7212 = FACE_BOUND('',#7213,.T.);
#7213 = EDGE_LOOP('',(#7214));
#7214 = ORIENTED_EDGE('',*,*,#6940,.T.);
#7215 = PLANE('',#7216);
#7216 = AXIS2_PLACEMENT_3D('',#7217,#7218,#7219);
#7217 = CARTESIAN_POINT('',(1.25,5.329070518201E-15,-1.75));
#7218 = DIRECTION('',(-5.551115123126E-16,-1.110223024625E-16,1.));
#7219 = DIRECTION('',(1.,-4.440892098501E-16,-1.110223024625E-16));
#7220 = ADVANCED_FACE('',(#7221),#7224,.T.);
#7221 = FACE_BOUND('',#7222,.T.);
#7222 = EDGE_LOOP('',(#7223));
#7223 = ORIENTED_EDGE('',*,*,#6965,.T.);
#7224 = PLANE('',#7225);
#7225 = AXIS2_PLACEMENT_3D('',#7226,#7227,#7228);
#7226 = CARTESIAN_POINT('',(1.25,5.329070518201E-15,-1.75));
#7227 = DIRECTION('',(-5.551115123126E-16,-1.110223024625E-16,1.));
#7228 = DIRECTION('',(1.,-4.440892098501E-16,-1.110223024625E-16));
#7229 = ADVANCED_FACE('',(#7230),#7233,.T.);
#7230 = FACE_BOUND('',#7231,.T.);
#7231 = EDGE_LOOP('',(#7232));
#7232 = ORIENTED_EDGE('',*,*,#6990,.T.);
#7233 = PLANE('',#7234);
#7234 = AXIS2_PLACEMENT_3D('',#7235,#7236,#7237);
#7235 = CARTESIAN_POINT('',(1.25,5.329070518201E-15,-1.75));
#7236 = DIRECTION('',(-5.551115123126E-16,-1.110223024625E-16,1.));
#7237 = DIRECTION('',(1.,-4.440892098501E-16,-1.110223024625E-16));
#7238 = ADVANCED_FACE('',(#7239),#7242,.T.);
#7239 = FACE_BOUND('',#7240,.T.);
#7240 = EDGE_LOOP('',(#7241));
#7241 = ORIENTED_EDGE('',*,*,#7015,.T.);
#7242 = PLANE('',#7243);
#7243 = AXIS2_PLACEMENT_3D('',#7244,#7245,#7246);
#7244 = CARTESIAN_POINT('',(1.25,5.329070518201E-15,-1.75));
#7245 = DIRECTION('',(-5.551115123126E-16,-1.110223024625E-16,1.));
#7246 = DIRECTION('',(1.,-4.440892098501E-16,-1.110223024625E-16));
#7247 = ADVANCED_FACE('',(#7248),#7251,.T.);
#7248 = FACE_BOUND('',#7249,.T.);
#7249 = EDGE_LOOP('',(#7250));
#7250 = ORIENTED_EDGE('',*,*,#7040,.T.);
#7251 = PLANE('',#7252);
#7252 = AXIS2_PLACEMENT_3D('',#7253,#7254,#7255);
#7253 = CARTESIAN_POINT('',(1.25,5.329070518201E-15,-1.75));
#7254 = DIRECTION('',(-5.551115123126E-16,-1.110223024625E-16,1.));
#7255 = DIRECTION('',(1.,-4.440892098501E-16,-1.110223024625E-16));
#7256 = ADVANCED_FACE('',(#7257),#7260,.T.);
#7257 = FACE_BOUND('',#7258,.T.);
#7258 = EDGE_LOOP('',(#7259));
#7259 = ORIENTED_EDGE('',*,*,#7065,.T.);
#7260 = PLANE('',#7261);
#7261 = AXIS2_PLACEMENT_3D('',#7262,#7263,#7264);
#7262 = CARTESIAN_POINT('',(1.25,5.329070518201E-15,-1.75));
#7263 = DIRECTION('',(-5.551115123126E-16,-1.110223024625E-16,1.));
#7264 = DIRECTION('',(1.,-4.440892098501E-16,-1.110223024625E-16));
#7265 = ADVANCED_FACE('',(#7266),#7269,.T.);
#7266 = FACE_BOUND('',#7267,.T.);
#7267 = EDGE_LOOP('',(#7268));
#7268 = ORIENTED_EDGE('',*,*,#7090,.T.);
#7269 = PLANE('',#7270);
#7270 = AXIS2_PLACEMENT_3D('',#7271,#7272,#7273);
#7271 = CARTESIAN_POINT('',(1.25,5.329070518201E-15,-1.75));
#7272 = DIRECTION('',(-5.551115123126E-16,-1.110223024625E-16,1.));
#7273 = DIRECTION('',(1.,-4.440892098501E-16,-1.110223024625E-16));
#7274 = ( GEOMETRIC_REPRESENTATION_CONTEXT(3) 
GLOBAL_UNCERTAINTY_ASSIGNED_CONTEXT((#7278)) 
GLOBAL_UNIT_ASSIGNED_CONTEXT((#7275,#7276,#7277)) REPRESENTATION_CONTEXT
('Context #1','3D Context with UNIT and UNCERTAINTY') );
#7275 = ( LENGTH_UNIT() NAMED_UNIT(*) SI_UNIT(.MILLI.,.METRE.) );
#7276 = ( NAMED_UNIT(*) PLANE_ANGLE_UNIT() SI_UNIT($,.RADIAN.) );
#7277 = ( NAMED_UNIT(*) SI_UNIT($,.STERADIAN.) SOLID_ANGLE_UNIT() );
#7278 = UNCERTAINTY_MEASURE_WITH_UNIT(LENGTH_MEASURE(1.E-07),#7275,
  'distance_accuracy_value','confusion accuracy');
#7279 = CONTEXT_DEPENDENT_SHAPE_REPRESENTATION(#7280,#7282);
#7280 = ( REPRESENTATION_RELATIONSHIP('','',#6268,#6146) 
REPRESENTATION_RELATIONSHIP_WITH_TRANSFORMATION(#7281) 
SHAPE_REPRESENTATION_RELATIONSHIP() );
#7281 = ITEM_DEFINED_TRANSFORMATION('','',#11,#6151);
#7282 = PRODUCT_DEFINITION_SHAPE('Placement','Placement of an item',
  #7283);
#7283 = NEXT_ASSEMBLY_USAGE_OCCURRENCE('48','Parte plastica001','',#6141
  ,#6263,$);
#7284 = PRODUCT_RELATED_PRODUCT_CATEGORY('part',$,(#6265));
#7285 = SHAPE_DEFINITION_REPRESENTATION(#7286,#7292);
#7286 = PRODUCT_DEFINITION_SHAPE('','',#7287);
#7287 = PRODUCT_DEFINITION('design','',#7288,#7291);
#7288 = PRODUCT_DEFINITION_FORMATION('','',#7289);
#7289 = PRODUCT('Parte metalica','Parte metalica','',(#7290));
#7290 = PRODUCT_CONTEXT('',#2,'mechanical');
#7291 = PRODUCT_DEFINITION_CONTEXT('part definition',#2,'design');
#7292 = ADVANCED_BREP_SHAPE_REPRESENTATION('',(#11,#7293),#7346);
#7293 = MANIFOLD_SOLID_BREP('',#7294);
#7294 = CLOSED_SHELL('',(#7295,#7328,#7337));
#7295 = ADVANCED_FACE('',(#7296),#7323,.T.);
#7296 = FACE_BOUND('',#7297,.F.);
#7297 = EDGE_LOOP('',(#7298,#7308,#7315,#7316));
#7298 = ORIENTED_EDGE('',*,*,#7299,.T.);
#7299 = EDGE_CURVE('',#7300,#7302,#7304,.T.);
#7300 = VERTEX_POINT('',#7301);
#7301 = CARTESIAN_POINT('',(0.325,0.,0.));
#7302 = VERTEX_POINT('',#7303);
#7303 = CARTESIAN_POINT('',(0.325,0.,3.));
#7304 = LINE('',#7305,#7306);
#7305 = CARTESIAN_POINT('',(0.325,0.,0.));
#7306 = VECTOR('',#7307,1.);
#7307 = DIRECTION('',(0.,0.,1.));
#7308 = ORIENTED_EDGE('',*,*,#7309,.T.);
#7309 = EDGE_CURVE('',#7302,#7302,#7310,.T.);
#7310 = CIRCLE('',#7311,0.325);
#7311 = AXIS2_PLACEMENT_3D('',#7312,#7313,#7314);
#7312 = CARTESIAN_POINT('',(0.,0.,3.));
#7313 = DIRECTION('',(0.,0.,1.));
#7314 = DIRECTION('',(1.,0.,0.));
#7315 = ORIENTED_EDGE('',*,*,#7299,.F.);
#7316 = ORIENTED_EDGE('',*,*,#7317,.F.);
#7317 = EDGE_CURVE('',#7300,#7300,#7318,.T.);
#7318 = CIRCLE('',#7319,0.325);
#7319 = AXIS2_PLACEMENT_3D('',#7320,#7321,#7322);
#7320 = CARTESIAN_POINT('',(0.,0.,0.));
#7321 = DIRECTION('',(0.,0.,1.));
#7322 = DIRECTION('',(1.,0.,0.));
#7323 = CYLINDRICAL_SURFACE('',#7324,0.325);
#7324 = AXIS2_PLACEMENT_3D('',#7325,#7326,#7327);
#7325 = CARTESIAN_POINT('',(0.,0.,0.));
#7326 = DIRECTION('',(-0.,-0.,-1.));
#7327 = DIRECTION('',(1.,0.,0.));
#7328 = ADVANCED_FACE('',(#7329),#7332,.F.);
#7329 = FACE_BOUND('',#7330,.F.);
#7330 = EDGE_LOOP('',(#7331));
#7331 = ORIENTED_EDGE('',*,*,#7317,.T.);
#7332 = PLANE('',#7333);
#7333 = AXIS2_PLACEMENT_3D('',#7334,#7335,#7336);
#7334 = CARTESIAN_POINT('',(-2.465336777415E-17,1.960415004143E-17,0.));
#7335 = DIRECTION('',(0.,0.,1.));
#7336 = DIRECTION('',(1.,0.,0.));
#7337 = ADVANCED_FACE('',(#7338),#7341,.T.);
#7338 = FACE_BOUND('',#7339,.T.);
#7339 = EDGE_LOOP('',(#7340));
#7340 = ORIENTED_EDGE('',*,*,#7309,.T.);
#7341 = PLANE('',#7342);
#7342 = AXIS2_PLACEMENT_3D('',#7343,#7344,#7345);
#7343 = CARTESIAN_POINT('',(-2.465336777415E-17,1.960415004143E-17,3.));
#7344 = DIRECTION('',(0.,0.,1.));
#7345 = DIRECTION('',(1.,0.,0.));
#7346 = ( GEOMETRIC_REPRESENTATION_CONTEXT(3) 
GLOBAL_UNCERTAINTY_ASSIGNED_CONTEXT((#7350)) 
GLOBAL_UNIT_ASSIGNED_CONTEXT((#7347,#7348,#7349)) REPRESENTATION_CONTEXT
('Context #1','3D Context with UNIT and UNCERTAINTY') );
#7347 = ( LENGTH_UNIT() NAMED_UNIT(*) SI_UNIT(.MILLI.,.METRE.) );
#7348 = ( NAMED_UNIT(*) PLANE_ANGLE_UNIT() SI_UNIT($,.RADIAN.) );
#7349 = ( NAMED_UNIT(*) SI_UNIT($,.STERADIAN.) SOLID_ANGLE_UNIT() );
#7350 = UNCERTAINTY_MEASURE_WITH_UNIT(LENGTH_MEASURE(1.E-07),#7347,
  'distance_accuracy_value','confusion accuracy');
#7351 = CONTEXT_DEPENDENT_SHAPE_REPRESENTATION(#7352,#7354);
#7352 = ( REPRESENTATION_RELATIONSHIP('','',#7292,#6146) 
REPRESENTATION_RELATIONSHIP_WITH_TRANSFORMATION(#7353) 
SHAPE_REPRESENTATION_RELATIONSHIP() );
#7353 = ITEM_DEFINED_TRANSFORMATION('','',#11,#6155);
#7354 = PRODUCT_DEFINITION_SHAPE('Placement','Placement of an item',
  #7355);
#7355 = NEXT_ASSEMBLY_USAGE_OCCURRENCE('49','Parte metalica001','',#6141
  ,#7287,$);
#7356 = PRODUCT_RELATED_PRODUCT_CATEGORY('part',$,(#7289));
#7357 = CONTEXT_DEPENDENT_SHAPE_REPRESENTATION(#7358,#7360);
#7358 = ( REPRESENTATION_RELATIONSHIP('','',#7292,#6146) 
REPRESENTATION_RELATIONSHIP_WITH_TRANSFORMATION(#7359) 
SHAPE_REPRESENTATION_RELATIONSHIP() );
#7359 = ITEM_DEFINED_TRANSFORMATION('','',#11,#6159);
#7360 = PRODUCT_DEFINITION_SHAPE('Placement','Placement of an item',
  #7361);
#7361 = NEXT_ASSEMBLY_USAGE_OCCURRENCE('50','Parte metalica002','',#6141
  ,#7287,$);
#7362 = CONTEXT_DEPENDENT_SHAPE_REPRESENTATION(#7363,#7365);
#7363 = ( REPRESENTATION_RELATIONSHIP('','',#7292,#6146) 
REPRESENTATION_RELATIONSHIP_WITH_TRANSFORMATION(#7364) 
SHAPE_REPRESENTATION_RELATIONSHIP() );
#7364 = ITEM_DEFINED_TRANSFORMATION('','',#11,#6163);
#7365 = PRODUCT_DEFINITION_SHAPE('Placement','Placement of an item',
  #7366);
#7366 = NEXT_ASSEMBLY_USAGE_OCCURRENCE('51','Parte metalica003','',#6141
  ,#7287,$);
#7367 = CONTEXT_DEPENDENT_SHAPE_REPRESENTATION(#7368,#7370);
#7368 = ( REPRESENTATION_RELATIONSHIP('','',#7292,#6146) 
REPRESENTATION_RELATIONSHIP_WITH_TRANSFORMATION(#7369) 
SHAPE_REPRESENTATION_RELATIONSHIP() );
#7369 = ITEM_DEFINED_TRANSFORMATION('','',#11,#6167);
#7370 = PRODUCT_DEFINITION_SHAPE('Placement','Placement of an item',
  #7371);
#7371 = NEXT_ASSEMBLY_USAGE_OCCURRENCE('52','Parte metalica004','',#6141
  ,#7287,$);
#7372 = CONTEXT_DEPENDENT_SHAPE_REPRESENTATION(#7373,#7375);
#7373 = ( REPRESENTATION_RELATIONSHIP('','',#7292,#6146) 
REPRESENTATION_RELATIONSHIP_WITH_TRANSFORMATION(#7374) 
SHAPE_REPRESENTATION_RELATIONSHIP() );
#7374 = ITEM_DEFINED_TRANSFORMATION('','',#11,#6171);
#7375 = PRODUCT_DEFINITION_SHAPE('Placement','Placement of an item',
  #7376);
#7376 = NEXT_ASSEMBLY_USAGE_OCCURRENCE('53','Parte metalica005','',#6141
  ,#7287,$);
#7377 = CONTEXT_DEPENDENT_SHAPE_REPRESENTATION(#7378,#7380);
#7378 = ( REPRESENTATION_RELATIONSHIP('','',#7292,#6146) 
REPRESENTATION_RELATIONSHIP_WITH_TRANSFORMATION(#7379) 
SHAPE_REPRESENTATION_RELATIONSHIP() );
#7379 = ITEM_DEFINED_TRANSFORMATION('','',#11,#6175);
#7380 = PRODUCT_DEFINITION_SHAPE('Placement','Placement of an item',
  #7381);
#7381 = NEXT_ASSEMBLY_USAGE_OCCURRENCE('54','Parte metalica006','',#6141
  ,#7287,$);
#7382 = CONTEXT_DEPENDENT_SHAPE_REPRESENTATION(#7383,#7385);
#7383 = ( REPRESENTATION_RELATIONSHIP('','',#7292,#6146) 
REPRESENTATION_RELATIONSHIP_WITH_TRANSFORMATION(#7384) 
SHAPE_REPRESENTATION_RELATIONSHIP() );
#7384 = ITEM_DEFINED_TRANSFORMATION('','',#11,#6179);
#7385 = PRODUCT_DEFINITION_SHAPE('Placement','Placement of an item',
  #7386);
#7386 = NEXT_ASSEMBLY_USAGE_OCCURRENCE('55','Parte metalica007','',#6141
  ,#7287,$);
#7387 = CONTEXT_DEPENDENT_SHAPE_REPRESENTATION(#7388,#7390);
#7388 = ( REPRESENTATION_RELATIONSHIP('','',#7292,#6146) 
REPRESENTATION_RELATIONSHIP_WITH_TRANSFORMATION(#7389) 
SHAPE_REPRESENTATION_RELATIONSHIP() );
#7389 = ITEM_DEFINED_TRANSFORMATION('','',#11,#6183);
#7390 = PRODUCT_DEFINITION_SHAPE('Placement','Placement of an item',
  #7391);
#7391 = NEXT_ASSEMBLY_USAGE_OCCURRENCE('56','Parte metalica008','',#6141
  ,#7287,$);
#7392 = CONTEXT_DEPENDENT_SHAPE_REPRESENTATION(#7393,#7395);
#7393 = ( REPRESENTATION_RELATIONSHIP('','',#7292,#6146) 
REPRESENTATION_RELATIONSHIP_WITH_TRANSFORMATION(#7394) 
SHAPE_REPRESENTATION_RELATIONSHIP() );
#7394 = ITEM_DEFINED_TRANSFORMATION('','',#11,#6187);
#7395 = PRODUCT_DEFINITION_SHAPE('Placement','Placement of an item',
  #7396);
#7396 = NEXT_ASSEMBLY_USAGE_OCCURRENCE('57','Parte metalica009','',#6141
  ,#7287,$);
#7397 = CONTEXT_DEPENDENT_SHAPE_REPRESENTATION(#7398,#7400);
#7398 = ( REPRESENTATION_RELATIONSHIP('','',#7292,#6146) 
REPRESENTATION_RELATIONSHIP_WITH_TRANSFORMATION(#7399) 
SHAPE_REPRESENTATION_RELATIONSHIP() );
#7399 = ITEM_DEFINED_TRANSFORMATION('','',#11,#6191);
#7400 = PRODUCT_DEFINITION_SHAPE('Placement','Placement of an item',
  #7401);
#7401 = NEXT_ASSEMBLY_USAGE_OCCURRENCE('58','Parte metalica010','',#6141
  ,#7287,$);
#7402 = CONTEXT_DEPENDENT_SHAPE_REPRESENTATION(#7403,#7405);
#7403 = ( REPRESENTATION_RELATIONSHIP('','',#7292,#6146) 
REPRESENTATION_RELATIONSHIP_WITH_TRANSFORMATION(#7404) 
SHAPE_REPRESENTATION_RELATIONSHIP() );
#7404 = ITEM_DEFINED_TRANSFORMATION('','',#11,#6195);
#7405 = PRODUCT_DEFINITION_SHAPE('Placement','Placement of an item',
  #7406);
#7406 = NEXT_ASSEMBLY_USAGE_OCCURRENCE('59','Parte metalica011','',#6141
  ,#7287,$);
#7407 = CONTEXT_DEPENDENT_SHAPE_REPRESENTATION(#7408,#7410);
#7408 = ( REPRESENTATION_RELATIONSHIP('','',#7292,#6146) 
REPRESENTATION_RELATIONSHIP_WITH_TRANSFORMATION(#7409) 
SHAPE_REPRESENTATION_RELATIONSHIP() );
#7409 = ITEM_DEFINED_TRANSFORMATION('','',#11,#6199);
#7410 = PRODUCT_DEFINITION_SHAPE('Placement','Placement of an item',
  #7411);
#7411 = NEXT_ASSEMBLY_USAGE_OCCURRENCE('60','Parte metalica012','',#6141
  ,#7287,$);
#7412 = CONTEXT_DEPENDENT_SHAPE_REPRESENTATION(#7413,#7415);
#7413 = ( REPRESENTATION_RELATIONSHIP('','',#7292,#6146) 
REPRESENTATION_RELATIONSHIP_WITH_TRANSFORMATION(#7414) 
SHAPE_REPRESENTATION_RELATIONSHIP() );
#7414 = ITEM_DEFINED_TRANSFORMATION('','',#11,#6203);
#7415 = PRODUCT_DEFINITION_SHAPE('Placement','Placement of an item',
  #7416);
#7416 = NEXT_ASSEMBLY_USAGE_OCCURRENCE('61','Parte metalica013','',#6141
  ,#7287,$);
#7417 = CONTEXT_DEPENDENT_SHAPE_REPRESENTATION(#7418,#7420);
#7418 = ( REPRESENTATION_RELATIONSHIP('','',#7292,#6146) 
REPRESENTATION_RELATIONSHIP_WITH_TRANSFORMATION(#7419) 
SHAPE_REPRESENTATION_RELATIONSHIP() );
#7419 = ITEM_DEFINED_TRANSFORMATION('','',#11,#6207);
#7420 = PRODUCT_DEFINITION_SHAPE('Placement','Placement of an item',
  #7421);
#7421 = NEXT_ASSEMBLY_USAGE_OCCURRENCE('62','Parte metalica014','',#6141
  ,#7287,$);
#7422 = CONTEXT_DEPENDENT_SHAPE_REPRESENTATION(#7423,#7425);
#7423 = ( REPRESENTATION_RELATIONSHIP('','',#7292,#6146) 
REPRESENTATION_RELATIONSHIP_WITH_TRANSFORMATION(#7424) 
SHAPE_REPRESENTATION_RELATIONSHIP() );
#7424 = ITEM_DEFINED_TRANSFORMATION('','',#11,#6211);
#7425 = PRODUCT_DEFINITION_SHAPE('Placement','Placement of an item',
  #7426);
#7426 = NEXT_ASSEMBLY_USAGE_OCCURRENCE('63','Parte metalica015','',#6141
  ,#7287,$);
#7427 = CONTEXT_DEPENDENT_SHAPE_REPRESENTATION(#7428,#7430);
#7428 = ( REPRESENTATION_RELATIONSHIP('','',#7292,#6146) 
REPRESENTATION_RELATIONSHIP_WITH_TRANSFORMATION(#7429) 
SHAPE_REPRESENTATION_RELATIONSHIP() );
#7429 = ITEM_DEFINED_TRANSFORMATION('','',#11,#6215);
#7430 = PRODUCT_DEFINITION_SHAPE('Placement','Placement of an item',
  #7431);
#7431 = NEXT_ASSEMBLY_USAGE_OCCURRENCE('64','Parte metalica016','',#6141
  ,#7287,$);
#7432 = CONTEXT_DEPENDENT_SHAPE_REPRESENTATION(#7433,#7435);
#7433 = ( REPRESENTATION_RELATIONSHIP('','',#7292,#6146) 
REPRESENTATION_RELATIONSHIP_WITH_TRANSFORMATION(#7434) 
SHAPE_REPRESENTATION_RELATIONSHIP() );
#7434 = ITEM_DEFINED_TRANSFORMATION('','',#11,#6219);
#7435 = PRODUCT_DEFINITION_SHAPE('Placement','Placement of an item',
  #7436);
#7436 = NEXT_ASSEMBLY_USAGE_OCCURRENCE('65','Parte metalica017','',#6141
  ,#7287,$);
#7437 = CONTEXT_DEPENDENT_SHAPE_REPRESENTATION(#7438,#7440);
#7438 = ( REPRESENTATION_RELATIONSHIP('','',#7292,#6146) 
REPRESENTATION_RELATIONSHIP_WITH_TRANSFORMATION(#7439) 
SHAPE_REPRESENTATION_RELATIONSHIP() );
#7439 = ITEM_DEFINED_TRANSFORMATION('','',#11,#6223);
#7440 = PRODUCT_DEFINITION_SHAPE('Placement','Placement of an item',
  #7441);
#7441 = NEXT_ASSEMBLY_USAGE_OCCURRENCE('66','Parte metalica018','',#6141
  ,#7287,$);
#7442 = CONTEXT_DEPENDENT_SHAPE_REPRESENTATION(#7443,#7445);
#7443 = ( REPRESENTATION_RELATIONSHIP('','',#7292,#6146) 
REPRESENTATION_RELATIONSHIP_WITH_TRANSFORMATION(#7444) 
SHAPE_REPRESENTATION_RELATIONSHIP() );
#7444 = ITEM_DEFINED_TRANSFORMATION('','',#11,#6227);
#7445 = PRODUCT_DEFINITION_SHAPE('Placement','Placement of an item',
  #7446);
#7446 = NEXT_ASSEMBLY_USAGE_OCCURRENCE('67','Parte metalica019','',#6141
  ,#7287,$);
#7447 = CONTEXT_DEPENDENT_SHAPE_REPRESENTATION(#7448,#7450);
#7448 = ( REPRESENTATION_RELATIONSHIP('','',#6146,#10) 
REPRESENTATION_RELATIONSHIP_WITH_TRANSFORMATION(#7449) 
SHAPE_REPRESENTATION_RELATIONSHIP() );
#7449 = ITEM_DEFINED_TRANSFORMATION('','',#11,#35);
#7450 = PRODUCT_DEFINITION_SHAPE('Placement','Placement of an item',
  #7451);
#7451 = NEXT_ASSEMBLY_USAGE_OCCURRENCE('69','Unnamed001','',#5,#6141,$);
#7452 = MECHANICAL_DESIGN_GEOMETRIC_PRESENTATION_REPRESENTATION('',(
    #7453),#7346);
#7453 = STYLED_ITEM('color',(#7454),#7293);
#7454 = PRESENTATION_STYLE_ASSIGNMENT((#7455,#7461));
#7455 = SURFACE_STYLE_USAGE(.BOTH.,#7456);
#7456 = SURFACE_SIDE_STYLE('',(#7457));
#7457 = SURFACE_STYLE_FILL_AREA(#7458);
#7458 = FILL_AREA_STYLE('',(#7459));
#7459 = FILL_AREA_STYLE_COLOUR('',#7460);
#7460 = COLOUR_RGB('',0.780392170416,0.568627474046,0.113725493293);
#7461 = CURVE_STYLE('',#7462,POSITIVE_LENGTH_MEASURE(0.1),#7463);
#7462 = DRAUGHTING_PRE_DEFINED_CURVE_FONT('continuous');
#7463 = COLOUR_RGB('',9.803921802644E-02,9.803921802644E-02,
  9.803921802644E-02);
#7464 = MECHANICAL_DESIGN_GEOMETRIC_PRESENTATION_REPRESENTATION('',(
    #7465),#6009);
#7465 = STYLED_ITEM('color',(#7466),#5956);
#7466 = PRESENTATION_STYLE_ASSIGNMENT((#7467,#7472));
#7467 = SURFACE_STYLE_USAGE(.BOTH.,#7468);
#7468 = SURFACE_SIDE_STYLE('',(#7469));
#7469 = SURFACE_STYLE_FILL_AREA(#7470);
#7470 = FILL_AREA_STYLE('',(#7471));
#7471 = FILL_AREA_STYLE_COLOUR('',#7460);
#7472 = CURVE_STYLE('',#7473,POSITIVE_LENGTH_MEASURE(0.1),#7463);
#7473 = DRAUGHTING_PRE_DEFINED_CURVE_FONT('continuous');
#7474 = MECHANICAL_DESIGN_GEOMETRIC_PRESENTATION_REPRESENTATION('',(
    #7475),#7274);
#7475 = STYLED_ITEM('color',(#7476),#6269);
#7476 = PRESENTATION_STYLE_ASSIGNMENT((#7477,#7483));
#7477 = SURFACE_STYLE_USAGE(.BOTH.,#7478);
#7478 = SURFACE_SIDE_STYLE('',(#7479));
#7479 = SURFACE_STYLE_FILL_AREA(#7480);
#7480 = FILL_AREA_STYLE('',(#7481));
#7481 = FILL_AREA_STYLE_COLOUR('',#7482);
#7482 = DRAUGHTING_PRE_DEFINED_COLOUR('black');
#7483 = CURVE_STYLE('',#7484,POSITIVE_LENGTH_MEASURE(0.1),#7463);
#7484 = DRAUGHTING_PRE_DEFINED_CURVE_FONT('continuous');
#7485 = MECHANICAL_DESIGN_GEOMETRIC_PRESENTATION_REPRESENTATION('',(
    #7486),#5847);
#7486 = STYLED_ITEM('color',(#7487),#5794);
#7487 = PRESENTATION_STYLE_ASSIGNMENT((#7488,#7493));
#7488 = SURFACE_STYLE_USAGE(.BOTH.,#7489);
#7489 = SURFACE_SIDE_STYLE('',(#7490));
#7490 = SURFACE_STYLE_FILL_AREA(#7491);
#7491 = FILL_AREA_STYLE('',(#7492));
#7492 = FILL_AREA_STYLE_COLOUR('',#7460);
#7493 = CURVE_STYLE('',#7494,POSITIVE_LENGTH_MEASURE(0.1),#7463);
#7494 = DRAUGHTING_PRE_DEFINED_CURVE_FONT('continuous');
#7495 = MECHANICAL_DESIGN_GEOMETRIC_PRESENTATION_REPRESENTATION('',(
    #7496),#1704);
#7496 = STYLED_ITEM('color',(#7497),#72);
#7497 = PRESENTATION_STYLE_ASSIGNMENT((#7498,#7504));
#7498 = SURFACE_STYLE_USAGE(.BOTH.,#7499);
#7499 = SURFACE_SIDE_STYLE('',(#7500));
#7500 = SURFACE_STYLE_FILL_AREA(#7501);
#7501 = FILL_AREA_STYLE('',(#7502));
#7502 = FILL_AREA_STYLE_COLOUR('',#7503);
#7503 = COLOUR_RGB('',0.,0.333333345507,0.);
#7504 = CURVE_STYLE('',#7505,POSITIVE_LENGTH_MEASURE(0.1),#7506);
#7505 = DRAUGHTING_PRE_DEFINED_CURVE_FONT('continuous');
#7506 = COLOUR_RGB('',0.,3.921568724327E-02,9.803921802644E-02);
#7507 = MECHANICAL_DESIGN_GEOMETRIC_PRESENTATION_REPRESENTATION('',(
    #7508),#5775);
#7508 = STYLED_ITEM('color',(#7509),#1929);
#7509 = PRESENTATION_STYLE_ASSIGNMENT((#7510,#7515));
#7510 = SURFACE_STYLE_USAGE(.BOTH.,#7511);
#7511 = SURFACE_SIDE_STYLE('',(#7512));
#7512 = SURFACE_STYLE_FILL_AREA(#7513);
#7513 = FILL_AREA_STYLE('',(#7514));
#7514 = FILL_AREA_STYLE_COLOUR('',#7482);
#7515 = CURVE_STYLE('',#7516,POSITIVE_LENGTH_MEASURE(0.1),#7463);
#7516 = DRAUGHTING_PRE_DEFINED_CURVE_FONT('continuous');
ENDSEC;
END-ISO-10303-21;
